player_id,web_name,team_name,position,minutes,apps,total_points,points_per90,goals_scored,assists,clean_sheets,goals_conceded,own_goals,saves,penalties_saved,penalties_missed,yellow_cards,red_cards,bonus,bps,influence,creativity,threat,ict_index,xg,xa,xgi,xgc,selected_by_percent,status,chance_of_playing_next_round,chance_of_playing_this_round,goals_scored_per90,assists_per90,saves_per90,last_updated_utc
1,Raya,Arsenal,GK,540,6,32,5.33,0,0,4,2,0,13,0,0,1,0,3,135,120.0,10.0,0.0,12.9,0.0,0.03,0.03,3.79,27.9,a,,,0.0,0.0,2.167,2025-10-11T08:45:01Z
2,Arrizabalaga,Arsenal,GK,0,0,0,,0,0,0,0,0,0,0,0,0,0,0,0,0.0,0.0,0.0,0.0,0.0,0.0,0.0,0.0,0.5,a,,,,,,2025-10-11T08:45:01Z
3,Hein,Arsenal,GK,0,0,0,,0,0,0,0,0,0,0,0,0,0,0,0,0.0,0.0,0.0,0.0,0.0,0.0,0.0,0.0,0.3,u,0.0,0.0,,,,2025-10-11T08:45:01Z
4,Setford,Arsenal,GK,0,0,0,,0,0,0,0,0,0,0,0,0,0,0,0,0.0,0.0,0.0,0.0,0.0,0.0,0.0,0.0,0.2,a,,,,,,2025-10-11T08:45:01Z
5,Gabriel,Arsenal,DEF,540,6,34,5.67,0,0,4,2,0,0,0,0,0,0,2,135,123.80000000000001,10.6,23.0,15.8,0.26,0.07,0.33,3.79,29.7,a,100.0,75.0,0.0,0.0,0.0,2025-10-11T08:45:01Z
6,Saliba,Arsenal,DEF,364,5,24,5.93,0,0,3,1,0,0,0,0,0,0,1,101,103.0,7.4,6.0,11.7,0.13,0.05,0.18,3.0700000000000003,12.7,a,100.0,100.0,0.0,0.0,0.0,2025-10-11T08:45:01Z
7,Calafiori,Arsenal,DEF,455,6,41,8.11,1,2,4,2,0,0,0,0,2,0,3,129,101.80000000000001,49.6,108.0,25.9,1.74,0.11,1.85,2.91,14.8,a,,,0.198,0.396,0.0,2025-10-11T08:45:01Z
8,J.Timber,Arsenal,DEF,431,6,46,9.61,2,2,3,2,0,0,0,0,2,0,7,168,166.4,84.9,158.0,41.0,1.36,0.2,1.56,2.6900000000000004,17.9,a,,,0.418,0.418,0.0,2025-10-11T08:45:01Z
9,Kiwior,Arsenal,DEF,0,0,0,,0,0,0,0,0,0,0,0,0,0,0,0,0.0,0.0,0.0,0.0,0.0,0.0,0.0,0.0,0.1,u,0.0,0.0,,,,2025-10-11T08:45:01Z
10,Lewis-Skelly,Arsenal,DEF,81,4,3,3.33,0,0,0,0,0,0,0,0,1,0,0,11,7.6000000000000005,6.0,2.0,1.5,0.0,0.0,0.0,0.89,1.8,a,,,0.0,0.0,0.0,2025-10-11T08:45:01Z
11,White,Arsenal,DEF,70,1,6,7.71,0,0,1,0,0,0,0,0,0,0,0,23,15.4,11.3,1.0,2.8,0.01,0.01,0.02,0.87,0.4,a,100.0,100.0,0.0,0.0,0.0,2025-10-11T08:45:01Z
12,Zinchenko,Arsenal,DEF,90,1,2,2.0,0,0,0,1,0,0,0,0,0,0,0,19,29.6,18.0,15.0,6.3,0.04,0.07,0.11,0.85,0.3,d,25.0,25.0,0.0,0.0,0.0,2025-10-11T08:45:01Z
13,Clarke,Arsenal,DEF,0,0,0,,0,0,0,0,0,0,0,0,0,0,0,0,0.0,0.0,0.0,0.0,0.0,0.0,0.0,0.0,0.5,a,,,,,,2025-10-11T08:45:01Z
14,Kacurri,Arsenal,DEF,0,0,0,,0,0,0,0,0,0,0,0,0,0,0,0,0.0,0.0,0.0,0.0,0.0,0.0,0.0,0.0,0.2,u,0.0,0.0,,,,2025-10-11T08:45:01Z
15,Nichols,Arsenal,DEF,0,0,0,,0,0,0,0,0,0,0,0,0,0,0,0,0.0,0.0,0.0,0.0,0.0,0.0,0.0,0.0,0.2,a,,,,,,2025-10-11T08:45:01Z
16,Saka,Arsenal,MID,277,4,18,5.85,2,0,2,0,0,0,0,0,0,0,0,63,96.8,102.69999999999999,66.0,26.5,1.14,1.44,2.58,2.52,9.9,a,100.0,100.0,0.65,0.0,0.0,2025-10-11T08:45:01Z
17,Ødegaard,Arsenal,MID,193,5,9,4.2,0,0,1,1,0,0,0,0,0,0,0,31,24.0,48.6,22.0,9.5,0.14,0.5599999999999999,0.7,2.2800000000000002,1.9,d,75.0,100.0,0.0,0.0,0.0,2025-10-11T08:45:01Z
18,Madueke,Arsenal,MID,304,5,10,2.96,0,0,2,2,0,0,0,0,0,0,0,39,30.2,111.69999999999999,105.0,24.6,0.29000000000000004,0.86,1.15,2.04,0.7,i,0.0,0.0,0.0,0.0,0.0,2025-10-11T08:45:01Z
19,Martinelli,Arsenal,MID,161,5,13,7.27,1,0,1,0,0,0,0,0,0,0,1,46,44.6,29.3,46.0,12.0,0.18,0.06999999999999999,0.25,1.46,1.2,a,,,0.559,0.0,0.0,2025-10-11T08:45:01Z
20,Trossard,Arsenal,MID,205,4,10,4.39,0,1,1,1,0,0,0,0,0,0,0,45,41.0,64.8,45.0,15.100000000000001,0.33,0.45000000000000007,0.78,1.35,0.3,a,100.0,100.0,0.0,0.439,0.0,2025-10-11T08:45:01Z
21,Rice,Arsenal,MID,452,6,31,6.17,1,2,3,2,0,0,0,0,0,0,4,121,108.8,152.7,38.0,30.0,0.47,0.9600000000000001,1.4300000000000002,3.08,8.6,d,75.0,,0.199,0.398,0.0,2025-10-11T08:45:01Z
22,Merino,Arsenal,MID,222,5,9,3.65,0,0,2,1,0,0,0,0,0,0,0,29,28.4,43.6,45.0,11.4,0.29000000000000004,0.12000000000000001,0.41000000000000003,1.65,0.6,a,,,0.0,0.0,0.0,2025-10-11T08:45:01Z
23,Fábio Vieira,Arsenal,MID,0,0,0,,0,0,0,0,0,0,0,0,0,0,0,0,0.0,0.0,0.0,0.0,0.0,0.0,0.0,0.0,0.0,u,0.0,0.0,,,,2025-10-11T08:45:01Z
24,Nørgaard,Arsenal,MID,0,0,0,,0,0,0,0,0,0,0,0,0,0,0,0,0.0,0.0,0.0,0.0,0.0,0.0,0.0,0.0,0.2,a,100.0,100.0,,,,2025-10-11T08:45:01Z
25,Nwaneri,Arsenal,MID,145,4,6,3.72,0,0,1,0,0,0,0,0,0,0,0,15,8.2,22.0,21.0,5.0,0.18999999999999997,0.08,0.27,0.33,0.2,a,,,0.0,0.0,0.0,2025-10-11T08:45:01Z
26,Zubimendi,Arsenal,MID,510,6,30,5.29,2,0,4,2,0,0,0,0,1,0,3,116,123.6,63.3,45.0,23.200000000000003,0.26,0.28,0.54,3.45,4.4,a,,,0.353,0.0,0.0,2025-10-11T08:45:01Z
27,Nelson,Arsenal,MID,0,0,0,,0,0,0,0,0,0,0,0,0,0,0,0,0.0,0.0,0.0,0.0,0.0,0.0,0.0,0.0,0.1,a,100.0,100.0,,,,2025-10-11T08:45:01Z
28,Kabia,Arsenal,MID,0,0,0,,0,0,0,0,0,0,0,0,0,0,0,0,0.0,0.0,0.0,0.0,0.0,0.0,0.0,0.0,0.1,u,0.0,0.0,,,,2025-10-11T08:45:01Z
29,Sambi,Arsenal,MID,0,0,0,,0,0,0,0,0,0,0,0,0,0,0,0,0.0,0.0,0.0,0.0,0.0,0.0,0.0,0.0,0.1,u,0.0,0.0,,,,2025-10-11T08:45:01Z
30,Havertz,Arsenal,FWD,30,1,1,3.0,0,0,0,0,0,0,0,0,0,0,0,4,2.8,0.8,2.0,0.6,0.0,0.01,0.01,0.82,0.4,i,0.0,0.0,0.0,0.0,0.0,2025-10-11T08:45:01Z
31,G.Jesus,Arsenal,FWD,0,0,0,,0,0,0,0,0,0,0,0,0,0,0,0,0.0,0.0,0.0,0.0,0.0,0.0,0.0,0.0,0.0,i,0.0,0.0,,,,2025-10-11T08:45:01Z
32,Martinez,Aston Villa,GK,360,4,12,3.0,0,0,1,3,0,7,0,0,1,0,0,63,63.2,0.0,0.0,6.3,0.0,0.01,0.01,4.76,2.1,a,100.0,75.0,0.0,0.0,1.75,2025-10-11T08:45:01Z
33,M.Bizot,Aston Villa,GK,180,2,7,3.5,0,0,1,3,0,4,0,0,1,0,0,22,25.400000000000002,0.0,0.0,2.6,0.0,0.0,0.0,4.1,0.6,a,,,0.0,0.0,2.0,2025-10-11T08:45:01Z
34,Gauci,Aston Villa,GK,0,0,0,,0,0,0,0,0,0,0,0,0,0,0,0,0.0,0.0,0.0,0.0,0.0,0.0,0.0,0.0,0.1,u,0.0,0.0,,,,2025-10-11T08:45:01Z
35,Marschall,Aston Villa,GK,0,0,0,,0,0,0,0,0,0,0,0,0,0,0,0,0.0,0.0,0.0,0.0,0.0,0.0,0.0,0.0,0.0,u,0.0,0.0,,,,2025-10-11T08:45:01Z
36,Cash,Aston Villa,DEF,516,6,27,4.71,1,0,2,5,0,0,0,0,2,0,2,93,132.4,89.0,29.0,25.2,0.07,0.56,0.63,7.930000000000001,5.4,a,,,0.174,0.0,0.0,2025-10-11T08:45:01Z
37,Digne,Aston Villa,DEF,397,6,16,3.63,0,0,2,2,0,0,0,0,2,0,0,77,54.6,107.3,34.0,19.5,0.16,0.8,0.96,5.79,1.9,a,,,0.0,0.0,0.0,2025-10-11T08:45:01Z
38,Konsa,Aston Villa,DEF,425,5,14,2.96,0,0,2,5,0,0,0,0,0,1,0,71,77.6,20.5,23.0,12.1,0.04,0.08,0.12,7.33,10.4,a,100.0,100.0,0.0,0.0,0.0,2025-10-11T08:45:01Z
39,Maatsen,Aston Villa,DEF,142,4,3,1.9,0,0,0,4,0,0,0,0,1,0,0,20,36.6,57.0,13.0,10.7,0.11,0.19999999999999998,0.31,3.08,0.5,a,,,0.0,0.0,0.0,2025-10-11T08:45:01Z
40,Mings,Aston Villa,DEF,450,5,22,4.4,0,0,2,5,0,0,0,0,0,0,1,84,115.4,43.8,25.0,18.5,0.32999999999999996,0.09,0.42000000000000004,8.44,1.2,d,25.0,25.0,0.0,0.0,0.0,2025-10-11T08:45:01Z
41,Pau,Aston Villa,DEF,196,3,7,3.21,0,0,0,3,0,0,0,0,0,0,0,27,49.8,7.9,13.0,7.1,0.1,0.14,0.24000000000000002,2.53,0.3,a,,,0.0,0.0,0.0,2025-10-11T08:45:01Z
42,A.García,Aston Villa,DEF,0,0,0,,0,0,0,0,0,0,0,0,0,0,0,0,0.0,0.0,0.0,0.0,0.0,0.0,0.0,0.0,0.3,a,100.0,100.0,,,,2025-10-11T08:45:01Z
43,Alex Moreno,Aston Villa,DEF,0,0,0,,0,0,0,0,0,0,0,0,0,0,0,0,0.0,0.0,0.0,0.0,0.0,0.0,0.0,0.0,3.0,u,0.0,0.0,,,,2025-10-11T08:45:01Z
44,Bogarde,Aston Villa,DEF,201,5,13,5.82,0,0,1,1,0,0,0,0,1,0,3,45,17.0,19.3,6.0,4.1,0.0,0.06,0.06,2.48,0.7,a,,,0.0,0.0,0.0,2025-10-11T08:45:01Z
45,Sousa,Aston Villa,DEF,0,0,0,,0,0,0,0,0,0,0,0,0,0,0,0,0.0,0.0,0.0,0.0,0.0,0.0,0.0,0.0,0.3,a,,,,,,2025-10-11T08:45:01Z
46,Yasin,Aston Villa,DEF,0,0,0,,0,0,0,0,0,0,0,0,0,0,0,0,0.0,0.0,0.0,0.0,0.0,0.0,0.0,0.0,0.2,u,0.0,0.0,,,,2025-10-11T08:45:01Z
47,Rogers,Aston Villa,MID,531,6,17,2.88,0,1,2,6,0,0,0,0,0,0,0,49,63.2,87.4,92.0,24.2,0.45999999999999996,0.58,1.04,8.86,5.4,a,100.0,100.0,0.0,0.169,0.0,2025-10-11T08:45:01Z
48,Tielemans,Aston Villa,MID,315,4,8,2.29,0,0,1,4,0,0,0,0,0,0,0,46,34.199999999999996,74.2,29.0,13.8,0.13,0.37,0.5,6.4799999999999995,0.7,d,50.0,0.0,0.0,0.0,0.0,2025-10-11T08:45:01Z
49,Bailey,Aston Villa,MID,0,0,0,,0,0,0,0,0,0,0,0,0,0,0,0,0.0,0.0,0.0,0.0,0.0,0.0,0.0,0.0,0.1,u,0.0,0.0,,,,2025-10-11T08:45:01Z
50,Buendía,Aston Villa,MID,263,5,5,1.71,0,0,1,3,0,0,0,0,2,0,0,13,24.8,63.300000000000004,48.0,13.7,0.43000000000000005,0.51,0.9400000000000001,3.46,0.2,a,,,0.0,0.0,0.0,2025-10-11T08:45:01Z
51,Iling Jr,Aston Villa,MID,0,0,0,,0,0,0,0,0,0,0,0,0,0,0,0,0.0,0.0,0.0,0.0,0.0,0.0,0.0,0.0,0.0,u,0.0,0.0,,,,2025-10-11T08:45:01Z
52,J.Ramsey,Newcastle,MID,59,2,2,3.05,0,0,0,1,0,0,0,0,0,0,0,13,13.399999999999999,41.8,7.0,6.2,0.03,0.12000000000000001,0.15,0.91,0.2,a,100.0,100.0,0.0,0.0,0.0,2025-10-11T08:45:01Z
53,Malen,Aston Villa,MID,221,6,21,8.55,2,0,0,5,0,0,0,0,0,0,3,60,78.39999999999999,44.400000000000006,83.0,20.3,0.8,0.13,0.93,3.64,0.6,a,,,0.814,0.0,0.0,2025-10-11T08:45:01Z
54,McGinn,Aston Villa,MID,475,6,15,2.84,0,0,3,4,0,0,0,0,0,0,0,77,54.6,113.1,25.0,19.3,0.16,0.62,0.78,7.44,0.7,a,,,0.0,0.0,0.0,2025-10-11T08:45:01Z
55,Barkley,Aston Villa,MID,6,1,1,15.0,0,0,0,0,0,0,0,0,0,0,0,1,0.0,0.3,7.0,0.7,0.16,0.0,0.16,0.03,0.0,a,100.0,0.0,0.0,0.0,0.0,2025-10-11T08:45:01Z
56,Barrenechea,Aston Villa,MID,0,0,0,,0,0,0,0,0,0,0,0,0,0,0,0,0.0,0.0,0.0,0.0,0.0,0.0,0.0,0.0,0.0,u,0.0,0.0,,,,2025-10-11T08:45:01Z
57,Dobbin,Aston Villa,MID,0,0,0,,0,0,0,0,0,0,0,0,0,0,0,0,0.0,0.0,0.0,0.0,0.0,0.0,0.0,0.0,0.0,u,0.0,0.0,,,,2025-10-11T08:45:01Z
58,Kamara,Aston Villa,MID,276,4,14,4.57,0,2,1,3,0,0,0,0,1,0,1,68,84.8,62.4,24.0,17.1,0.07,0.3,0.36,3.73,0.2,a,100.0,100.0,0.0,0.652,0.0,2025-10-11T08:45:01Z
59,Onana,Aston Villa,MID,154,3,7,4.09,0,0,1,1,0,0,0,0,1,0,0,32,34.199999999999996,6.3,16.0,5.6,0.23,0.05,0.28,2.57,0.6,a,100.0,0.0,0.0,0.0,0.0,2025-10-11T08:45:01Z
60,Broggio,Aston Villa,MID,0,0,0,,0,0,0,0,0,0,0,0,0,0,0,0,0.0,0.0,0.0,0.0,0.0,0.0,0.0,0.0,0.3,a,,,,,,2025-10-11T08:45:01Z
61,Dendoncker,Aston Villa,MID,0,0,0,,0,0,0,0,0,0,0,0,0,0,0,0,0.0,0.0,0.0,0.0,0.0,0.0,0.0,0.0,0.1,u,0.0,0.0,,,,2025-10-11T08:45:01Z
62,Jimoh-Aloba,Aston Villa,MID,0,0,0,,0,0,0,0,0,0,0,0,0,0,0,0,0.0,0.0,0.0,0.0,0.0,0.0,0.0,0.0,0.1,a,,,,,,2025-10-11T08:45:01Z
63,Young,Aston Villa,MID,0,0,0,,0,0,0,0,0,0,0,0,0,0,0,0,0.0,0.0,0.0,0.0,0.0,0.0,0.0,0.0,0.7,a,,,,,,2025-10-11T08:45:01Z
64,Watkins,Aston Villa,FWD,508,6,12,2.13,0,0,3,5,0,0,0,0,0,0,0,32,19.4,60.0,113.0,19.1,1.3900000000000001,0.2,1.5899999999999999,8.06,9.2,a,,,0.0,0.0,0.0,2025-10-11T08:45:01Z
65,Redmond,Aston Villa,FWD,0,0,0,,0,0,0,0,0,0,0,0,0,0,0,0,0.0,0.0,0.0,0.0,0.0,0.0,0.0,0.0,0.4,u,0.0,0.0,,,,2025-10-11T08:45:01Z
66,Neto,Bournemouth,GK,0,0,0,,0,0,0,0,0,0,0,0,0,0,0,0,0.0,0.0,0.0,0.0,0.0,0.0,0.0,0.0,0.1,u,0.0,0.0,,,,2025-10-11T08:45:01Z
67,Petrović,Bournemouth,GK,540,6,24,4.0,0,0,3,6,0,13,0,0,1,0,0,95,108.19999999999999,0.0,0.0,10.8,0.0,0.0,0.0,4.5,5.7,a,,,0.0,0.0,2.167,2025-10-11T08:45:01Z
68,Dennis,Bournemouth,GK,0,0,0,,0,0,0,0,0,0,0,0,0,0,0,0,0.0,0.0,0.0,0.0,0.0,0.0,0.0,0.0,1.1,a,,,,,,2025-10-11T08:45:01Z
69,McKenna,Bournemouth,GK,0,0,0,,0,0,0,0,0,0,0,0,0,0,0,0,0.0,0.0,0.0,0.0,0.0,0.0,0.0,0.0,0.2,a,,,,,,2025-10-11T08:45:01Z
70,Paulsen,Bournemouth,GK,0,0,0,,0,0,0,0,0,0,0,0,0,0,0,0,0.0,0.0,0.0,0.0,0.0,0.0,0.0,0.0,0.1,u,0.0,0.0,,,,2025-10-11T08:45:01Z
71,Zabarnyi,Bournemouth,DEF,0,0,0,,0,0,0,0,0,0,0,0,0,0,0,0,0.0,0.0,0.0,0.0,0.0,0.0,0.0,0.0,0.0,u,0.0,0.0,,,,2025-10-11T08:45:01Z
72,Senesi,Bournemouth,DEF,527,6,39,6.66,0,1,3,6,0,0,0,0,1,0,5,119,168.0,50.9,16.0,23.5,0.14,0.87,1.01,4.22,25.1,a,,,0.0,0.171,0.0,2025-10-11T08:45:01Z
73,Smith,Bournemouth,DEF,204,3,8,3.53,0,0,1,3,0,0,0,0,0,0,0,28,17.799999999999997,14.0,4.0,3.6,0.0,0.09,0.09,2.56,0.2,d,50.0,0.0,0.0,0.0,0.0,2025-10-11T08:45:01Z
74,Truffert,Bournemouth,DEF,540,6,29,4.83,0,1,3,6,0,0,0,0,0,0,4,106,115.6,112.19999999999999,13.0,24.0,0.04,0.42000000000000004,0.46,4.5,2.1,a,,,0.0,0.167,0.0,2025-10-11T08:45:01Z
75,Akinmboni,Bournemouth,DEF,0,0,0,,0,0,0,0,0,0,0,0,0,0,0,0,0.0,0.0,0.0,0.0,0.0,0.0,0.0,0.0,0.3,a,,,,,,2025-10-11T08:45:01Z
76,Bevan,Bournemouth,DEF,0,0,0,,0,0,0,0,0,0,0,0,0,0,0,0,0.0,0.0,0.0,0.0,0.0,0.0,0.0,0.0,0.2,a,,,,,,2025-10-11T08:45:01Z
77,Hill,Bournemouth,DEF,258,6,16,5.58,0,0,2,2,0,0,0,0,1,0,0,58,33.8,5.3,41.0,8.1,0.12,0.19,0.31,1.18,0.9,a,,,0.0,0.0,0.0,2025-10-11T08:45:01Z
78,J.Araujo,Bournemouth,DEF,0,0,0,,0,0,0,0,0,0,0,0,0,0,0,0,0.0,0.0,0.0,0.0,0.0,0.0,0.0,0.0,0.8,a,100.0,100.0,,,,2025-10-11T08:45:01Z
79,Mepham,Bournemouth,DEF,0,0,0,,0,0,0,0,0,0,0,0,0,0,0,0,0.0,0.0,0.0,0.0,0.0,0.0,0.0,0.0,0.1,u,0.0,0.0,,,,2025-10-11T08:45:01Z
80,Soler,Bournemouth,DEF,1,1,1,90.0,0,0,0,0,0,0,0,0,0,0,0,2,0.0,0.0,0.0,0.0,0.0,0.0,0.0,0.0,0.2,a,,,0.0,0.0,0.0,2025-10-11T08:45:01Z
81,Kluivert,Bournemouth,MID,100,5,11,9.9,1,0,0,1,0,0,0,0,0,0,1,43,52.400000000000006,46.1,35.0,13.3,0.33,0.34,0.6699999999999999,0.8699999999999999,0.9,a,100.0,100.0,0.9,0.0,0.0,2025-10-11T08:45:01Z
82,Semenyo,Bournemouth,MID,540,6,59,9.83,5,3,3,6,0,0,0,0,1,0,9,168,262.6,115.8,203.0,58.2,3.44,0.32,3.7600000000000002,4.5,59.6,a,,,0.833,0.5,0.0,2025-10-11T08:45:01Z
83,O.Dango,Brentford,MID,237,5,17,6.46,1,0,1,3,0,0,0,0,1,0,3,38,58.6,5.1000000000000005,92.0,15.1,0.97,0.02,0.99,3.13,0.5,a,100.0,100.0,0.38,0.0,0.0,2025-10-11T08:45:01Z
84,Tavernier,Bournemouth,MID,466,6,26,5.02,1,0,4,5,0,0,0,0,0,0,3,70,90.0,95.0,101.0,28.7,0.92,0.51,1.43,3.6999999999999997,1.3,a,,,0.193,0.0,0.0,2025-10-11T08:45:01Z
85,Adams,Bournemouth,MID,524,6,16,2.75,0,0,3,5,0,0,0,0,3,0,0,91,93.0,30.8,52.0,17.6,0.12,0.16,0.28,4.0600000000000005,0.4,a,,,0.0,0.0,0.0,2025-10-11T08:45:01Z
86,Brooks,Bournemouth,MID,424,6,17,3.61,0,1,3,4,0,0,0,0,2,0,1,77,62.0,114.3,86.0,25.799999999999997,0.79,1.26,2.05,3.67,0.3,a,,,0.0,0.212,0.0,2025-10-11T08:45:01Z
87,Christie,Bournemouth,MID,90,4,4,4.0,0,0,0,0,0,0,0,0,0,0,0,20,22.200000000000003,23.5,11.0,5.8,0.06999999999999999,0.04,0.11,0.52,0.1,a,100.0,100.0,0.0,0.0,0.0,2025-10-11T08:45:01Z
88,Cook,Bournemouth,MID,4,1,1,22.5,0,0,0,0,0,0,0,0,0,0,0,2,2.0,0.1,0.0,0.2,0.0,0.0,0.0,0.0,0.0,a,100.0,75.0,0.0,0.0,0.0,2025-10-11T08:45:01Z
89,Philip,Bournemouth,MID,0,0,0,,0,0,0,0,0,0,0,0,0,0,0,0,0.0,0.0,0.0,0.0,0.0,0.0,0.0,0.0,0.0,u,0.0,0.0,,,,2025-10-11T08:45:01Z
90,Scott,Bournemouth,MID,418,6,23,4.95,1,0,3,4,0,0,0,0,1,0,2,97,90.4,76.0,28.0,19.4,0.33999999999999997,0.22,0.56,3.82,0.4,a,,,0.215,0.0,0.0,2025-10-11T08:45:01Z
91,Sinisterra,Bournemouth,MID,0,0,0,,0,0,0,0,0,0,0,0,0,0,0,0,0.0,0.0,0.0,0.0,0.0,0.0,0.0,0.0,0.0,u,0.0,0.0,,,,2025-10-11T08:45:01Z
92,Faivre,Bournemouth,MID,0,0,0,,0,0,0,0,0,0,0,0,0,0,0,0,0.0,0.0,0.0,0.0,0.0,0.0,0.0,0.0,0.1,u,0.0,0.0,,,,2025-10-11T08:45:01Z
93,H.Traorè,Bournemouth,MID,16,1,4,22.5,0,1,0,2,0,0,0,0,0,0,0,12,21.2,10.0,0.0,3.1,0.0,0.0,0.0,0.4,0.5,u,0.0,0.0,0.0,5.625,0.0,2025-10-11T08:45:01Z
94,Sadi,Bournemouth,MID,0,0,0,,0,0,0,0,0,0,0,0,0,0,0,0,0.0,0.0,0.0,0.0,0.0,0.0,0.0,0.0,0.0,u,0.0,0.0,,,,2025-10-11T08:45:01Z
95,Silcott-Duberry,Bournemouth,MID,0,0,0,,0,0,0,0,0,0,0,0,0,0,0,0,0.0,0.0,0.0,0.0,0.0,0.0,0.0,0.0,0.1,u,0.0,0.0,,,,2025-10-11T08:45:01Z
96,Winterburn,Bournemouth,MID,6,1,1,15.0,0,0,0,2,0,0,0,0,0,0,0,3,0.0,0.0,0.0,0.0,0.0,0.0,0.0,0.31,0.0,u,0.0,0.0,0.0,0.0,0.0,2025-10-11T08:45:01Z
97,Evanilson,Bournemouth,FWD,527,6,20,3.42,1,1,3,6,0,0,0,0,1,0,2,84,58.2,94.4,165.0,31.599999999999998,1.3,0.18,1.48,4.38,3.0,a,,,0.171,0.171,0.0,2025-10-11T08:45:01Z
98,Enes Ünal,Bournemouth,FWD,0,0,0,,0,0,0,0,0,0,0,0,0,0,0,0,0.0,0.0,0.0,0.0,0.0,0.0,0.0,0.0,0.0,i,0.0,0.0,,,,2025-10-11T08:45:01Z
99,Adu-Adjei,Bournemouth,FWD,0,0,0,,0,0,0,0,0,0,0,0,0,0,0,0,0.0,0.0,0.0,0.0,0.0,0.0,0.0,0.0,0.2,u,0.0,0.0,,,,2025-10-11T08:45:01Z
100,Kroupi.Jr,Bournemouth,FWD,12,3,3,22.5,0,0,0,1,0,0,0,0,0,0,0,8,0.0,0.0,2.0,0.2,0.0,0.0,0.0,0.24,1.7,a,,,0.0,0.0,0.0,2025-10-11T08:45:01Z
101,Kelleher,Brentford,GK,540,6,13,2.17,0,0,1,11,0,14,0,0,1,0,0,54,107.80000000000001,0.0,0.0,10.899999999999999,0.0,0.01,0.01,7.68,8.1,a,100.0,100.0,0.0,0.0,2.333,2025-10-11T08:45:01Z
102,Balcombe,Brentford,GK,0,0,0,,0,0,0,0,0,0,0,0,0,0,0,0,0.0,0.0,0.0,0.0,0.0,0.0,0.0,0.0,0.3,a,,,,,,2025-10-11T08:45:01Z
103,Cox,Brentford,GK,0,0,0,,0,0,0,0,0,0,0,0,0,0,0,0,0.0,0.0,0.0,0.0,0.0,0.0,0.0,0.0,0.1,a,,,,,,2025-10-11T08:45:01Z
104,Eyestone,Brentford,GK,0,0,0,,0,0,0,0,0,0,0,0,0,0,0,0,0.0,0.0,0.0,0.0,0.0,0.0,0.0,0.0,0.1,a,,,,,,2025-10-11T08:45:01Z
105,Valdimarsson,Brentford,GK,0,0,0,,0,0,0,0,0,0,0,0,0,0,0,0,0.0,0.0,0.0,0.0,0.0,0.0,0.0,0.0,0.6,a,,,,,,2025-10-11T08:45:01Z
106,Collins,Brentford,DEF,540,6,17,2.83,0,0,1,11,0,0,0,0,2,0,1,56,117.8,12.0,50.0,18.0,0.11,0.07,0.18000000000000002,7.68,1.2,a,,,0.0,0.0,0.0,2025-10-11T08:45:01Z
107,Lewis-Potter,Brentford,DEF,383,5,15,3.52,0,0,2,8,0,0,0,0,0,0,0,34,27.200000000000003,25.4,15.0,6.8,0.12,0.060000000000000005,0.18,5.7,0.4,a,,,0.0,0.0,0.0,2025-10-11T08:45:01Z
108,Ajer,Brentford,DEF,118,4,8,6.1,0,1,0,2,0,0,0,0,0,0,0,27,39.0,11.4,23.0,7.5,0.09,0.41,0.5,1.0899999999999999,0.2,a,,,0.0,0.763,0.0,2025-10-11T08:45:01Z
109,Henry,Brentford,DEF,153,5,3,1.76,0,0,0,6,0,0,0,0,1,0,0,-2,11.0,12.1,12.0,3.3000000000000003,0.13,0.06,0.19,3.5100000000000002,0.1,a,,,0.0,0.0,0.0,2025-10-11T08:45:01Z
110,Kayode,Brentford,DEF,526,6,17,2.91,0,0,1,10,0,0,0,0,0,0,2,55,99.8,52.699999999999996,10.0,16.3,0.02,0.18000000000000002,0.2,7.44,0.3,a,,,0.0,0.0,0.0,2025-10-11T08:45:01Z
111,Pinnock,Brentford,DEF,155,2,0,0.0,0,0,0,4,1,0,0,0,1,0,0,1,31.8,0.7999999999999999,10.0,4.300000000000001,0.0,0.04,0.04,2.1100000000000003,0.1,a,100.0,100.0,0.0,0.0,0.0,2025-10-11T08:45:01Z
112,Roerslev,Brentford,DEF,0,0,0,,0,0,0,0,0,0,0,0,0,0,0,0,0.0,0.0,0.0,0.0,0.0,0.0,0.0,0.0,0.0,u,0.0,0.0,,,,2025-10-11T08:45:01Z
113,Van den Berg,Brentford,DEF,540,6,18,3.0,0,0,1,11,0,0,0,0,0,0,0,60,116.2,13.0,28.0,15.700000000000001,0.21,0.09,0.3,7.68,0.6,a,,,0.0,0.0,0.0,2025-10-11T08:45:01Z
114,Arthur,Brentford,DEF,0,0,0,,0,0,0,0,0,0,0,0,0,0,0,0,0.0,0.0,0.0,0.0,0.0,0.0,0.0,0.0,0.2,a,,,,,,2025-10-11T08:45:01Z
115,Fredrick,Brentford,DEF,0,0,0,,0,0,0,0,0,0,0,0,0,0,0,0,0.0,0.0,0.0,0.0,0.0,0.0,0.0,0.0,0.1,u,0.0,0.0,,,,2025-10-11T08:45:01Z
116,Hickey,Brentford,DEF,110,4,4,3.27,0,0,0,2,0,0,0,0,1,0,0,7,9.2,1.7999999999999998,1.0,1.2000000000000002,0.02,0.04,0.06,1.23,0.4,a,,,0.0,0.0,0.0,2025-10-11T08:45:01Z
117,Ji-soo,Brentford,DEF,0,0,0,,0,0,0,0,0,0,0,0,0,0,0,0,0.0,0.0,0.0,0.0,0.0,0.0,0.0,0.0,0.1,u,0.0,0.0,,,,2025-10-11T08:45:01Z
118,Meghoma,Brentford,DEF,0,0,0,,0,0,0,0,0,0,0,0,0,0,0,0,0.0,0.0,0.0,0.0,0.0,0.0,0.0,0.0,0.1,u,0.0,0.0,,,,2025-10-11T08:45:01Z
119,Mbeumo,Man Utd,MID,505,6,25,4.46,1,1,2,7,0,0,0,0,0,0,3,90,91.4,196.9,189.0,47.7,1.95,1.4100000000000001,3.36,7.34,14.2,a,,,0.178,0.178,0.0,2025-10-11T08:45:01Z
120,Schade,Brentford,MID,482,6,14,2.61,1,0,1,7,0,0,0,1,1,0,0,43,79.0,56.6,104.0,24.0,1.72,0.32,2.04,5.82,0.5,a,100.0,100.0,0.187,0.0,0.0,2025-10-11T08:45:01Z
121,Damsgaard,Brentford,MID,333,4,17,4.59,1,0,1,6,0,0,0,0,0,0,1,69,97.2,91.5,40.0,22.9,0.25,0.56,0.81,4.57,0.6,a,,,0.27,0.0,0.0,2025-10-11T08:45:01Z
122,Milambo,Brentford,MID,45,1,1,2.0,0,0,0,3,0,0,0,0,0,0,0,5,4.0,1.8,0.0,0.6,0.0,0.01,0.01,1.49,0.0,a,,,0.0,0.0,0.0,2025-10-11T08:45:01Z
123,Carvalho,Brentford,MID,96,5,12,11.25,1,0,0,4,0,0,0,0,0,0,1,39,38.800000000000004,6.2,36.0,7.999999999999999,0.7000000000000001,0.03,0.7300000000000001,2.08,0.3,a,,,0.938,0.0,0.0,2025-10-11T08:45:01Z
124,Henderson,Brentford,MID,395,6,16,3.65,0,1,2,6,0,0,0,0,1,0,1,58,52.8,44.6,5.0,10.200000000000001,0.03,0.07,0.1,4.45,0.4,a,,,0.0,0.228,0.0,2025-10-11T08:45:01Z
125,Janelt,Brentford,MID,32,2,2,5.62,0,0,0,0,0,0,0,0,0,0,0,4,0.0,1.0,4.0,0.3,0.1,0.0,0.1,0.0,0.0,a,100.0,100.0,0.0,0.0,0.0,2025-10-11T08:45:01Z
126,Jensen,Brentford,MID,173,4,6,3.12,0,0,0,4,0,0,0,0,0,0,0,35,27.2,48.3,10.0,8.6,0.13,0.1,0.23,2.87,0.1,a,,,0.0,0.0,0.0,2025-10-11T08:45:01Z
127,Nunes,Brentford,MID,0,0,0,,0,0,0,0,0,0,0,0,0,0,0,0,0.0,0.0,0.0,0.0,0.0,0.0,0.0,0.0,0.0,d,50.0,50.0,,,,2025-10-11T08:45:01Z
128,Onyeka,Brentford,MID,78,4,10,11.54,0,2,0,2,0,0,0,0,0,0,0,34,26.0,13.200000000000001,4.0,4.3,0.0,0.36,0.36,1.37,0.1,a,,,0.0,2.308,0.0,2025-10-11T08:45:01Z
129,Yarmoliuk,Brentford,MID,510,6,16,2.82,0,0,1,11,0,0,0,0,1,0,0,69,68.6,45.0,22.0,13.5,0.14,0.16,0.3,7.44,0.1,a,,,0.0,0.0,0.0,2025-10-11T08:45:01Z
130,Donovan,Brentford,MID,0,0,0,,0,0,0,0,0,0,0,0,0,0,0,0,0.0,0.0,0.0,0.0,0.0,0.0,0.0,0.0,0.1,a,,,,,,2025-10-11T08:45:01Z
131,Konak,Brentford,MID,0,0,0,,0,0,0,0,0,0,0,0,0,0,0,0,0.0,0.0,0.0,0.0,0.0,0.0,0.0,0.0,0.2,a,,,,,,2025-10-11T08:45:01Z
132,Maghoma,Brentford,MID,0,0,0,,0,0,0,0,0,0,0,0,0,0,0,0,0.0,0.0,0.0,0.0,0.0,0.0,0.0,0.0,0.0,i,0.0,0.0,,,,2025-10-11T08:45:01Z
133,Peart-Harris,Brentford,MID,0,0,0,,0,0,0,0,0,0,0,0,0,0,0,0,0.0,0.0,0.0,0.0,0.0,0.0,0.0,0.0,0.0,a,,,,,,2025-10-11T08:45:01Z
134,Trevitt,Brentford,MID,0,0,0,,0,0,0,0,0,0,0,0,0,0,0,0,0.0,0.0,0.0,0.0,0.0,0.0,0.0,0.0,0.0,u,0.0,0.0,,,,2025-10-11T08:45:01Z
135,Wissa,Brentford,FWD,0,0,0,,0,0,0,0,0,0,0,0,0,0,0,0,0.0,0.0,0.0,0.0,0.0,0.0,0.0,0.0,0.6,i,0.0,0.0,,,,2025-10-11T08:45:01Z
136,Thiago,Brentford,FWD,472,6,19,3.62,2,0,1,10,0,0,0,0,2,0,1,69,104.8,62.8,94.0,26.2,2.02,0.16,2.18,7.2,3.3,a,,,0.381,0.0,0.0,2025-10-11T08:45:01Z
137,Morgan,Brentford,FWD,0,0,0,,0,0,0,0,0,0,0,0,0,0,0,0,0.0,0.0,0.0,0.0,0.0,0.0,0.0,0.0,0.4,a,,,,,,2025-10-11T08:45:01Z
138,Steele,Brighton,GK,0,0,0,,0,0,0,0,0,0,0,0,0,0,0,0,0.0,0.0,0.0,0.0,0.0,0.0,0.0,0.0,0.3,a,,,,,,2025-10-11T08:45:01Z
139,Verbruggen,Brighton,GK,540,6,9,1.5,0,0,0,9,1,12,0,0,0,0,0,58,110.19999999999999,10.0,0.0,11.9,0.0,0.01,0.01,7.41,4.4,a,,,0.0,0.0,2.0,2025-10-11T08:45:01Z
140,McGill,Brighton,GK,0,0,0,,0,0,0,0,0,0,0,0,0,0,0,0,0.0,0.0,0.0,0.0,0.0,0.0,0.0,0.0,0.3,a,,,,,,2025-10-11T08:45:01Z
141,Rushworth,Brighton,GK,0,0,0,,0,0,0,0,0,0,0,0,0,0,0,0,0.0,0.0,0.0,0.0,0.0,0.0,0.0,0.0,0.0,u,0.0,0.0,,,,2025-10-11T08:45:01Z
142,Scherpen,Brighton,GK,0,0,0,,0,0,0,0,0,0,0,0,0,0,0,0,0.0,0.0,0.0,0.0,0.0,0.0,0.0,0.0,0.0,u,0.0,0.0,,,,2025-10-11T08:45:01Z
143,Boscagli,Brighton,DEF,0,0,0,,0,0,0,0,0,0,0,0,0,0,0,0,0.0,0.0,0.0,0.0,0.0,0.0,0.0,0.0,0.1,a,,,,,,2025-10-11T08:45:01Z
144,Coppola,Brighton,DEF,16,2,2,11.25,0,0,0,1,0,0,0,0,0,0,0,3,5.4,0.1,0.0,0.6,0.0,0.0,0.0,0.13,0.1,a,,,0.0,0.0,0.0,2025-10-11T08:45:01Z
145,De Cuyper,Brighton,DEF,289,5,6,1.87,0,0,0,5,0,0,0,0,1,0,0,34,36.0,52.8,19.0,10.899999999999999,0.04,0.54,0.58,3.89,2.4,a,100.0,100.0,0.0,0.0,0.0,2025-10-11T08:45:01Z
146,Dunk,Brighton,DEF,540,6,14,2.33,0,1,0,9,0,0,0,0,2,0,0,65,96.6,17.1,29.0,14.399999999999999,0.27,0.03,0.30000000000000004,7.41,1.2,a,,,0.0,0.167,0.0,2025-10-11T08:45:01Z
147,Estupiñan,Brighton,DEF,0,0,0,,0,0,0,0,0,0,0,0,0,0,0,0,0.0,0.0,0.0,0.0,0.0,0.0,0.0,0.0,0.0,u,0.0,0.0,,,,2025-10-11T08:45:01Z
148,F.Kadıoğlu,Brighton,DEF,284,5,7,2.22,0,0,0,5,0,0,0,0,2,0,0,29,45.8,30.1,21.0,9.7,0.18,0.11,0.29000000000000004,3.8,0.1,a,,,0.0,0.0,0.0,2025-10-11T08:45:01Z
149,Igor,Brighton,DEF,0,0,0,,0,0,0,0,0,0,0,0,0,0,0,0,0.0,0.0,0.0,0.0,0.0,0.0,0.0,0.0,0.1,a,100.0,100.0,,,,2025-10-11T08:45:01Z
150,Lamptey,Brighton,DEF,0,0,0,,0,0,0,0,0,0,0,0,0,0,0,0,0.0,0.0,0.0,0.0,0.0,0.0,0.0,0.0,0.1,u,0.0,0.0,,,,2025-10-11T08:45:01Z
151,Van Hecke,Brighton,DEF,540,6,19,3.17,1,0,0,9,1,0,0,0,1,0,3,59,151.2,6.7,60.0,21.9,0.43,0.18,0.6,7.41,0.9,a,,,0.167,0.0,0.0,2025-10-11T08:45:01Z
152,Veltman,Brighton,DEF,270,3,7,2.33,0,0,0,5,0,0,0,0,1,0,0,29,57.599999999999994,19.8,6.0,8.4,0.0,0.01,0.01,4.49,0.2,d,75.0,0.0,0.0,0.0,0.0,2025-10-11T08:45:01Z
153,Webster,Brighton,DEF,0,0,0,,0,0,0,0,0,0,0,0,0,0,0,0,0.0,0.0,0.0,0.0,0.0,0.0,0.0,0.0,0.0,i,0.0,0.0,,,,2025-10-11T08:45:01Z
154,Cashin,Brighton,DEF,0,0,0,,0,0,0,0,0,0,0,0,0,0,0,0,0.0,0.0,0.0,0.0,0.0,0.0,0.0,0.0,0.0,u,0.0,0.0,,,,2025-10-11T08:45:01Z
155,Slater,Brighton,DEF,0,0,0,,0,0,0,0,0,0,0,0,0,0,0,0,0.0,0.0,0.0,0.0,0.0,0.0,0.0,0.0,0.1,u,0.0,0.0,,,,2025-10-11T08:45:01Z
156,Tasker,Brighton,DEF,0,0,0,,0,0,0,0,0,0,0,0,0,0,0,0,0.0,0.0,0.0,0.0,0.0,0.0,0.0,0.0,0.1,a,,,,,,2025-10-11T08:45:01Z
157,Mitoma,Brighton,MID,442,5,18,3.67,1,1,1,7,0,0,0,0,1,0,0,60,86.2,94.3,84.0,26.1,0.76,0.27,1.03,6.61,3.6,d,75.0,75.0,0.204,0.204,0.0,2025-10-11T08:45:01Z
158,Georginio,Brighton,MID,282,5,14,4.47,0,2,1,3,0,0,0,0,1,0,0,47,48.0,48.099999999999994,72.0,16.8,0.34,0.09999999999999999,0.44,3.4,0.4,a,100.0,100.0,0.0,0.638,0.0,2025-10-11T08:45:01Z
159,March,Brighton,MID,0,0,0,,0,0,0,0,0,0,0,0,0,0,0,0,0.0,0.0,0.0,0.0,0.0,0.0,0.0,0.0,0.0,i,0.0,0.0,,,,2025-10-11T08:45:01Z
160,Minteh,Brighton,MID,503,6,26,4.65,1,1,1,7,0,0,0,0,0,0,3,116,125.0,148.6,151.0,42.5,1.26,0.99,2.25,7.05,3.5,a,,,0.179,0.179,0.0,2025-10-11T08:45:01Z
161,Enciso,Brighton,MID,0,0,0,,0,0,0,0,0,0,0,0,0,0,0,0,0.0,0.0,0.0,0.0,0.0,0.0,0.0,0.0,0.0,u,0.0,0.0,,,,2025-10-11T08:45:01Z
162,Gruda,Brighton,MID,195,6,15,6.92,1,0,0,3,0,0,0,0,0,0,2,40,54.00000000000001,41.5,92.0,18.7,1.57,0.07,1.6400000000000001,2.47,0.1,a,,,0.462,0.0,0.0,2025-10-11T08:45:01Z
163,Hinshelwood,Brighton,MID,107,3,4,3.36,0,0,0,2,0,0,0,0,0,0,0,22,9.399999999999999,2.0,0.0,1.2,0.0,0.01,0.01,2.32,0.0,i,0.0,0.0,0.0,0.0,0.0,2025-10-11T08:45:01Z
164,O'Riley,Brighton,MID,177,2,12,6.1,1,0,1,2,0,0,0,0,0,0,2,36,60.8,66.6,63.0,19.0,1.21,0.17,1.3800000000000001,2.12,0.4,u,0.0,0.0,0.508,0.0,0.0,2025-10-11T08:45:01Z
165,Sima,Brighton,MID,0,0,0,,0,0,0,0,0,0,0,0,0,0,0,0,0.0,0.0,0.0,0.0,0.0,0.0,0.0,0.0,0.0,u,0.0,0.0,,,,2025-10-11T08:45:01Z
166,Ayari,Brighton,MID,452,6,18,3.58,1,0,0,8,0,0,0,0,0,0,2,99,88.39999999999999,69.80000000000001,44.0,20.3,0.41,0.28,0.69,5.359999999999999,0.3,a,,,0.199,0.0,0.0,2025-10-11T08:45:01Z
167,Baleba,Brighton,MID,286,6,6,1.89,0,0,1,4,0,0,0,0,2,0,0,29,16.6,27.6,2.0,4.7,0.04,0.01,0.05,4.45,2.3,a,,,0.0,0.0,0.0,2025-10-11T08:45:01Z
168,Buonanotte,Brighton,MID,45,1,1,2.0,0,0,0,1,0,0,0,0,0,0,0,4,5.6,25.1,8.0,3.9,0.0,0.09,0.09,0.55,0.1,a,100.0,100.0,0.0,0.0,0.0,2025-10-11T08:45:01Z
169,Gomez,Brighton,MID,225,5,5,2.0,0,0,0,4,0,0,0,0,2,0,0,35,37.8,29.5,28.0,9.6,0.18,0.11,0.29000000000000004,3.16,0.1,a,,,0.0,0.0,0.0,2025-10-11T08:45:01Z
170,Milner,Brighton,MID,137,5,10,6.57,1,0,0,4,0,0,0,0,1,0,0,41,54.0,36.900000000000006,17.0,10.8,0.79,0.12,0.91,1.9200000000000002,0.1,a,,,0.657,0.0,0.0,2025-10-11T08:45:01Z
171,Sarmiento,Brighton,MID,0,0,0,,0,0,0,0,0,0,0,0,0,0,0,0,0.0,0.0,0.0,0.0,0.0,0.0,0.0,0.0,0.0,u,0.0,0.0,,,,2025-10-11T08:45:01Z
172,Watson,Brighton,MID,0,0,0,,0,0,0,0,0,0,0,0,0,0,0,0,0.0,0.0,0.0,0.0,0.0,0.0,0.0,0.0,0.0,a,100.0,100.0,,,,2025-10-11T08:45:01Z
173,Wieffer,Brighton,MID,248,4,9,3.27,0,0,0,4,0,0,0,0,2,0,0,40,54.4,32.6,31.0,11.8,0.12000000000000001,0.16,0.28,2.5,0.1,a,100.0,100.0,0.0,0.0,0.0,2025-10-11T08:45:01Z
174,Yalcouye,Brighton,MID,0,0,0,,0,0,0,0,0,0,0,0,0,0,0,0,0.0,0.0,0.0,0.0,0.0,0.0,0.0,0.0,0.0,u,0.0,0.0,,,,2025-10-11T08:45:01Z
175,Knight,Brighton,MID,0,0,0,,0,0,0,0,0,0,0,0,0,0,0,0,0.0,0.0,0.0,0.0,0.0,0.0,0.0,0.0,0.1,a,,,,,,2025-10-11T08:45:01Z
176,Mazilu,Brighton,MID,0,0,0,,0,0,0,0,0,0,0,0,0,0,0,0,0.0,0.0,0.0,0.0,0.0,0.0,0.0,0.0,0.0,u,0.0,0.0,,,,2025-10-11T08:45:01Z
177,Moran,Brighton,MID,0,0,0,,0,0,0,0,0,0,0,0,0,0,0,0,0.0,0.0,0.0,0.0,0.0,0.0,0.0,0.0,0.0,u,0.0,0.0,,,,2025-10-11T08:45:01Z
178,Welbeck,Brighton,FWD,342,6,7,1.84,0,0,0,8,0,0,0,1,1,0,0,7,5.6000000000000005,37.8,52.0,9.3,1.69,0.37,2.06,5.32,2.4,a,,,0.0,0.0,0.0,2025-10-11T08:45:01Z
179,Ferguson,Brighton,FWD,0,0,0,,0,0,0,0,0,0,0,0,0,0,0,0,0.0,0.0,0.0,0.0,0.0,0.0,0.0,0.0,0.0,u,0.0,0.0,,,,2025-10-11T08:45:01Z
180,Tzimas,Brighton,FWD,43,2,5,10.47,0,1,0,0,0,0,0,0,0,0,0,11,19.0,20.6,11.0,5.1,0.05,0.0,0.05,0.3,0.1,a,,,0.0,2.093,0.0,2025-10-11T08:45:01Z
181,Kostoulas,Brighton,FWD,0,0,0,,0,0,0,0,0,0,0,0,0,0,0,0,0.0,0.0,0.0,0.0,0.0,0.0,0.0,0.0,0.3,a,,,,,,2025-10-11T08:45:01Z
182,Trafford,Man City,GK,270,3,11,3.67,0,0,1,4,0,11,0,0,0,0,0,62,100.2,0.0,0.0,10.1,0.0,0.0,0.0,3.9699999999999998,1.3,a,,,0.0,0.0,3.667,2025-10-11T08:45:01Z
183,Weiss,Burnley,GK,0,0,0,,0,0,0,0,0,0,0,0,0,0,0,0,0.0,0.0,0.0,0.0,0.0,0.0,0.0,0.0,0.1,a,,,,,,2025-10-11T08:45:01Z
184,Green,Burnley,GK,0,0,0,,0,0,0,0,0,0,0,0,0,0,0,0,0.0,0.0,0.0,0.0,0.0,0.0,0.0,0.0,0.3,u,0.0,0.0,,,,2025-10-11T08:45:01Z
185,Hladký,Burnley,GK,0,0,0,,0,0,0,0,0,0,0,0,0,0,0,0,0.0,0.0,0.0,0.0,0.0,0.0,0.0,0.0,0.2,a,,,,,,2025-10-11T08:45:01Z
186,Roberts,Burnley,DEF,0,0,0,,0,0,0,0,0,0,0,0,0,0,0,0,0.0,0.0,0.0,0.0,0.0,0.0,0.0,0.0,0.0,d,50.0,0.0,,,,2025-10-11T08:45:01Z
187,Walker,Burnley,DEF,540,6,12,2.0,0,0,1,10,0,0,0,0,1,0,0,35,78.39999999999999,14.2,10.0,10.3,0.09,0.17,0.26,11.64,1.5,a,,,0.0,0.0,0.0,2025-10-11T08:45:01Z
188,Delcroix,Burnley,DEF,0,0,0,,0,0,0,0,0,0,0,0,0,0,0,0,0.0,0.0,0.0,0.0,0.0,0.0,0.0,0.0,0.3,a,,,,,,2025-10-11T08:45:01Z
189,Dodgson,Burnley,DEF,0,0,0,,0,0,0,0,0,0,0,0,0,0,0,0,0.0,0.0,0.0,0.0,0.0,0.0,0.0,0.0,0.0,u,0.0,0.0,,,,2025-10-11T08:45:01Z
190,Ekdal,Burnley,DEF,442,5,19,3.87,0,0,1,7,0,0,0,0,0,0,1,53,111.60000000000001,15.8,57.0,18.4,0.15000000000000002,0.01,0.16,9.21,1.4,a,,,0.0,0.0,0.0,2025-10-11T08:45:01Z
191,Estève,Burnley,DEF,532,6,17,2.88,0,0,1,10,0,0,0,0,0,0,0,58,126.39999999999999,13.700000000000001,29.0,17.0,0.16999999999999998,0.02,0.19,11.530000000000001,13.5,a,,,0.0,0.0,0.0,2025-10-11T08:45:01Z
192,Hartman,Burnley,DEF,540,6,18,3.0,0,1,1,10,0,0,0,0,0,0,0,62,126.2,111.1,22.0,25.9,0.11,0.57,0.68,11.64,0.5,a,,,0.0,0.167,0.0,2025-10-11T08:45:01Z
193,Humphreys,Burnley,DEF,0,0,0,,0,0,0,0,0,0,0,0,0,0,0,0,0.0,0.0,0.0,0.0,0.0,0.0,0.0,0.0,0.1,a,100.0,100.0,,,,2025-10-11T08:45:01Z
194,Jordan,Burnley,DEF,0,0,0,,0,0,0,0,0,0,0,0,0,0,0,0,0.0,0.0,0.0,0.0,0.0,0.0,0.0,0.0,0.1,i,0.0,0.0,,,,2025-10-11T08:45:01Z
195,Lucas Pires,Burnley,DEF,0,0,0,,0,0,0,0,0,0,0,0,0,0,0,0,0.0,0.0,0.0,0.0,0.0,0.0,0.0,0.0,0.2,a,,,,,,2025-10-11T08:45:01Z
196,Sambo,Burnley,DEF,0,0,0,,0,0,0,0,0,0,0,0,0,0,0,0,0.0,0.0,0.0,0.0,0.0,0.0,0.0,0.0,0.1,u,0.0,0.0,,,,2025-10-11T08:45:01Z
197,Sonne,Burnley,DEF,102,3,3,2.65,0,0,0,4,0,0,0,0,0,0,0,-2,7.6,16.4,6.0,3.0,0.03,0.08,0.11,3.3099999999999996,0.1,a,,,0.0,0.0,0.0,2025-10-11T08:45:01Z
198,Tuanzebe,Burnley,DEF,90,1,1,1.0,0,0,0,2,0,0,0,0,0,0,0,6,17.6,0.9,0.0,1.9,0.0,0.01,0.01,1.37,1.8,a,100.0,100.0,0.0,0.0,0.0,2025-10-11T08:45:01Z
199,Worrall,Burnley,DEF,19,4,4,18.95,0,0,0,2,0,0,0,0,0,0,0,9,11.2,0.3,0.0,1.2,0.0,0.0,0.0,2.17,0.2,a,,,0.0,0.0,0.0,2025-10-11T08:45:01Z
200,Anthony,Burnley,MID,500,6,35,6.3,3,1,2,8,0,0,0,0,1,0,5,114,173.6,63.9,155.0,39.3,2.06,0.54,2.6,10.32,6.8,d,75.0,,0.54,0.18,0.0,2025-10-11T08:45:01Z
201,Benson,Burnley,MID,0,0,0,,0,0,0,0,0,0,0,0,0,0,0,0,0.0,0.0,0.0,0.0,0.0,0.0,0.0,0.0,0.0,u,0.0,0.0,,,,2025-10-11T08:45:01Z
202,Bruun Larsen,Burnley,MID,207,4,10,4.35,0,1,1,4,0,0,0,0,0,0,0,30,33.2,29.6,20.0,8.1,0.05,0.34,0.38999999999999996,4.4799999999999995,0.0,a,100.0,100.0,0.0,0.435,0.0,2025-10-11T08:45:01Z
203,Boateng,Burnley,MID,0,0,0,,0,0,0,0,0,0,0,0,0,0,0,0,0.0,0.0,0.0,0.0,0.0,0.0,0.0,0.0,0.0,a,,,,,,2025-10-11T08:45:01Z
204,Churlinov,Burnley,MID,0,0,0,,0,0,0,0,0,0,0,0,0,0,0,0,0.0,0.0,0.0,0.0,0.0,0.0,0.0,0.0,0.0,u,0.0,0.0,,,,2025-10-11T08:45:01Z
205,Cullen,Burnley,MID,512,6,33,5.8,1,1,2,9,1,0,0,0,0,0,5,133,162.2,93.9,28.0,28.400000000000002,0.18,0.5800000000000001,0.76,10.4,2.0,a,,,0.176,0.176,0.0,2025-10-11T08:45:01Z
206,Edwards,Burnley,MID,5,1,1,18.0,0,0,0,0,0,0,0,0,0,0,0,3,0.0,0.0,0.0,0.0,0.0,0.0,0.0,0.0,0.1,a,,,0.0,0.0,0.0,2025-10-11T08:45:01Z
207,Hannibal,Burnley,MID,244,5,11,4.06,0,0,1,5,0,0,0,0,0,0,0,29,14.0,40.7,13.0,6.7,0.16,0.21,0.37,6.029999999999999,0.1,a,,,0.0,0.0,0.0,2025-10-11T08:45:01Z
208,Koleosho,Burnley,MID,0,0,0,,0,0,0,0,0,0,0,0,0,0,0,0,0.0,0.0,0.0,0.0,0.0,0.0,0.0,0.0,0.0,u,0.0,0.0,,,,2025-10-11T08:45:01Z
209,Laurent,Burnley,MID,358,6,9,2.26,0,0,0,7,0,0,0,0,1,0,0,44,48.6,20.6,27.0,9.8,0.12,0.14,0.26,7.39,0.0,a,,,0.0,0.0,0.0,2025-10-11T08:45:01Z
210,Tchaouna,Burnley,MID,248,6,11,3.99,0,1,1,3,0,0,0,0,1,0,0,34,13.2,28.599999999999998,28.0,7.0,0.29000000000000004,0.16,0.45,4.55,0.0,a,,,0.0,0.363,0.0,2025-10-11T08:45:01Z
211,A.Ramsey,Burnley,MID,0,0,0,,0,0,0,0,0,0,0,0,0,0,0,0,0.0,0.0,0.0,0.0,0.0,0.0,0.0,0.0,2.8,u,0.0,0.0,,,,2025-10-11T08:45:01Z
212,Adewumi,Burnley,MID,0,0,0,,0,0,0,0,0,0,0,0,0,0,0,0,0.0,0.0,0.0,0.0,0.0,0.0,0.0,0.0,0.0,u,0.0,0.0,,,,2025-10-11T08:45:01Z
213,Banel,Burnley,MID,0,0,0,,0,0,0,0,0,0,0,0,0,0,0,0,0.0,0.0,0.0,0.0,0.0,0.0,0.0,0.0,0.0,a,,,,,,2025-10-11T08:45:01Z
214,Trésor,Burnley,MID,0,0,0,,0,0,0,0,0,0,0,0,0,0,0,0,0.0,0.0,0.0,0.0,0.0,0.0,0.0,0.0,0.1,a,,,,,,2025-10-11T08:45:01Z
215,Flemming,Burnley,FWD,32,4,4,11.25,0,0,0,0,0,0,0,0,0,0,0,11,2.2,10.1,9.0,2.0,0.12,0.0,0.12,0.64,0.1,a,,,0.0,0.0,0.0,2025-10-11T08:45:01Z
216,Amdouni,Burnley,FWD,0,0,0,,0,0,0,0,0,0,0,0,0,0,0,0,0.0,0.0,0.0,0.0,0.0,0.0,0.0,0.0,0.0,i,0.0,0.0,,,,2025-10-11T08:45:01Z
217,Foster,Burnley,FWD,486,6,19,3.52,1,1,2,9,0,0,0,0,2,0,2,76,80.60000000000001,54.9,54.0,18.6,0.75,0.1,0.85,9.99,2.4,a,,,0.185,0.185,0.0,2025-10-11T08:45:01Z
218,Barnes,Burnley,FWD,0,0,0,,0,0,0,0,0,0,0,0,0,0,0,0,0.0,0.0,0.0,0.0,0.0,0.0,0.0,0.0,1.4,a,,,,,,2025-10-11T08:45:01Z
219,Obafemi,Burnley,FWD,0,0,0,,0,0,0,0,0,0,0,0,0,0,0,0,0.0,0.0,0.0,0.0,0.0,0.0,0.0,0.0,0.2,u,0.0,0.0,,,,2025-10-11T08:45:01Z
220,Sánchez,Chelsea,GK,454,6,18,3.57,0,0,2,6,0,13,0,0,0,1,1,67,90.8,0.0,0.0,9.0,0.0,0.0,0.0,5.84,14.7,a,,,0.0,0.0,2.577,2025-10-11T08:45:01Z
221,Jörgensen,Chelsea,GK,84,1,1,1.07,0,0,0,2,0,1,0,0,0,0,0,4,9.4,0.0,0.0,0.9,0.0,0.0,0.0,1.79,0.2,a,,,0.0,0.0,1.071,2025-10-11T08:45:01Z
222,Penders,Chelsea,GK,0,0,0,,0,0,0,0,0,0,0,0,0,0,0,0,0.0,0.0,0.0,0.0,0.0,0.0,0.0,0.0,0.0,u,0.0,0.0,,,,2025-10-11T08:45:01Z
223,Slonina,Chelsea,GK,0,0,0,,0,0,0,0,0,0,0,0,0,0,0,0,0.0,0.0,0.0,0.0,0.0,0.0,0.0,0.0,0.1,a,,,,,,2025-10-11T08:45:01Z
224,Cucurella,Chelsea,DEF,446,6,27,5.45,0,2,2,5,0,0,0,0,1,0,4,123,122.2,119.0,46.0,28.7,0.22,1.0899999999999999,1.31,6.24,21.9,a,,,0.0,0.404,0.0,2025-10-11T08:45:01Z
225,James,Chelsea,DEF,333,6,16,4.32,0,1,1,4,0,0,0,0,1,0,0,80,82.8,121.7,13.0,21.8,0.08,0.56,0.64,6.39,4.3,a,,,0.0,0.27,0.0,2025-10-11T08:45:01Z
226,Chalobah,Chelsea,DEF,428,5,38,7.99,2,1,2,5,0,0,0,0,1,0,2,130,180.4,34.3,76.0,29.1,0.75,0.5499999999999999,1.3,5.24,7.4,a,100.0,0.0,0.421,0.21,0.0,2025-10-11T08:45:01Z
227,Colwill,Chelsea,DEF,0,0,0,,0,0,0,0,0,0,0,0,0,0,0,0,0.0,0.0,0.0,0.0,0.0,0.0,0.0,0.0,0.1,i,0.0,0.0,,,,2025-10-11T08:45:01Z
228,Gusto,Chelsea,DEF,285,5,15,4.74,0,1,1,2,0,0,0,0,0,0,0,57,48.400000000000006,36.1,12.0,9.6,0.04,0.11000000000000001,0.15,3.6999999999999997,1.2,a,,,0.0,0.316,0.0,2025-10-11T08:45:01Z
229,B.Badiashile,Chelsea,DEF,54,1,1,1.67,0,0,0,0,0,0,0,0,0,0,0,11,14.6,1.4,0.0,1.6,0.0,0.02,0.02,0.93,0.0,a,100.0,100.0,0.0,0.0,0.0,2025-10-11T08:45:01Z
230,Fofana,Chelsea,DEF,129,3,3,2.09,0,0,0,3,0,0,0,0,0,0,0,18,27.200000000000003,4.3,0.0,3.2,0.0,0.01,0.01,2.44,0.2,d,75.0,0.0,0.0,0.0,0.0,2025-10-11T08:45:01Z
231,M.Sarr,Chelsea,DEF,0,0,0,,0,0,0,0,0,0,0,0,0,0,0,0,0.0,0.0,0.0,0.0,0.0,0.0,0.0,0.0,0.0,u,0.0,0.0,,,,2025-10-11T08:45:01Z
232,Tosin,Chelsea,DEF,353,4,11,2.8,0,0,1,5,0,0,0,0,1,0,0,53,99.0,6.4,11.0,11.7,0.05,0.06999999999999999,0.11,4.97,0.5,d,50.0,0.0,0.0,0.0,0.0,2025-10-11T08:45:01Z
233,Acheampong,Chelsea,DEF,157,2,11,6.31,0,0,1,1,0,0,0,0,0,0,3,40,17.8,2.9,10.0,3.1,0.09,0.01,0.1,2.14,1.2,a,100.0,100.0,0.0,0.0,0.0,2025-10-11T08:45:01Z
234,Anselmino,Chelsea,DEF,0,0,0,,0,0,0,0,0,0,0,0,0,0,0,0,0.0,0.0,0.0,0.0,0.0,0.0,0.0,0.0,0.1,u,0.0,0.0,,,,2025-10-11T08:45:01Z
235,Palmer,Chelsea,MID,144,3,11,6.88,1,0,1,2,0,0,0,0,0,0,1,36,44.4,19.2,65.0,12.9,0.8,0.12,0.9199999999999999,2.54,11.5,d,50.0,0.0,0.625,0.0,0.0,2025-10-11T08:45:01Z
236,Neto,Chelsea,MID,430,6,18,3.77,1,0,2,4,0,0,0,0,0,0,0,86,73.0,126.0,69.0,26.799999999999997,0.56,0.93,1.49,4.76,3.9,a,,,0.209,0.0,0.0,2025-10-11T08:45:01Z
237,Enzo,Chelsea,MID,528,6,32,5.45,2,2,2,6,0,0,0,0,1,0,1,115,145.0,120.6,107.0,37.3,2.2800000000000002,0.49,2.77,7.58,15.0,a,,,0.341,0.341,0.0,2025-10-11T08:45:01Z
238,Estêvão,Chelsea,MID,199,5,17,7.69,1,1,1,1,0,0,0,0,1,0,2,61,83.4,71.1,114.0,26.9,1.4,1.22,2.62,1.21,1.9,a,,,0.452,0.452,0.0,2025-10-11T08:45:01Z
239,Gittens,Chelsea,MID,158,5,5,2.85,0,0,0,1,0,0,0,0,0,0,0,18,21.8,40.9,45.0,10.8,0.13,0.15000000000000002,0.28,2.63,0.1,a,,,0.0,0.0,0.0,2025-10-11T08:45:01Z
240,Nkunku,Chelsea,MID,0,0,0,,0,0,0,0,0,0,0,0,0,0,0,0,0.0,0.0,0.0,0.0,0.0,0.0,0.0,0.0,0.1,u,0.0,0.0,,,,2025-10-11T08:45:01Z
241,Caicedo,Chelsea,MID,540,6,43,7.17,3,0,2,6,0,0,0,0,1,0,7,169,228.0,54.8,49.0,33.1,0.5,0.22,0.7200000000000001,7.63,14.3,a,,,0.5,0.0,0.0,2025-10-11T08:45:01Z
242,Dewsbury-Hall,Everton,MID,450,5,19,3.8,1,1,2,5,0,0,0,0,4,0,3,94,92.6,183.6,45.0,32.2,0.31,1.33,1.6400000000000001,7.05,3.7,a,100.0,0.0,0.2,0.2,0.0,2025-10-11T08:45:01Z
243,George,Chelsea,MID,137,3,3,1.97,0,0,1,1,0,0,0,0,2,0,0,-2,8.2,7.0,52.0,6.699999999999999,0.25,0.08,0.33,1.53,0.1,a,,,0.0,0.0,0.0,2025-10-11T08:45:01Z
244,Lavia,Chelsea,MID,35,1,1,2.57,0,0,0,1,0,0,0,0,0,0,0,6,6.8,3.0,0.0,1.0,0.0,0.02,0.02,1.02,0.0,a,100.0,100.0,0.0,0.0,0.0,2025-10-11T08:45:01Z
245,Mudryk,Chelsea,MID,0,0,0,,0,0,0,0,0,0,0,0,0,0,0,0,0.0,0.0,0.0,0.0,0.0,0.0,0.0,0.0,0.0,s,0.0,0.0,,,,2025-10-11T08:45:01Z
246,Andrey Santos,Chelsea,MID,117,4,4,3.08,0,0,0,1,0,0,0,0,1,0,0,24,15.200000000000001,32.4,32.0,8.0,0.41000000000000003,0.04,0.45,2.1,0.3,d,50.0,0.0,0.0,0.0,0.0,2025-10-11T08:45:01Z
247,D.Essugo,Chelsea,MID,0,0,0,,0,0,0,0,0,0,0,0,0,0,0,0,0.0,0.0,0.0,0.0,0.0,0.0,0.0,0.0,0.0,i,0.0,0.0,,,,2025-10-11T08:45:01Z
248,Paez,Chelsea,MID,0,0,0,,0,0,0,0,0,0,0,0,0,0,0,0,0.0,0.0,0.0,0.0,0.0,0.0,0.0,0.0,0.0,u,0.0,0.0,,,,2025-10-11T08:45:01Z
249,João Pedro,Chelsea,FWD,493,6,37,6.75,2,3,2,5,0,0,0,0,0,0,8,143,154.6,85.10000000000001,132.0,36.7,1.53,0.2,1.7300000000000002,6.44,61.4,a,,,0.365,0.548,0.0,2025-10-11T08:45:01Z
250,Delap,Chelsea,FWD,91,3,4,3.96,0,0,0,1,0,0,0,0,0,0,0,12,8.0,3.5,43.0,5.0,0.22999999999999998,0.030000000000000002,0.26,0.31,1.0,i,0.0,0.0,0.0,0.0,0.0,2025-10-11T08:45:01Z
251,N.Jackson,Chelsea,FWD,0,0,0,,0,0,0,0,0,0,0,0,0,0,0,0,0.0,0.0,0.0,0.0,0.0,0.0,0.0,0.0,0.1,u,0.0,0.0,,,,2025-10-11T08:45:01Z
252,Marc Guiu,Sunderland,FWD,29,3,3,9.31,0,0,0,1,0,0,0,0,0,0,0,6,1.0,1.6,10.0,0.8,0.05,0.01,0.06,1.07,7.7,a,100.0,100.0,0.0,0.0,0.0,2025-10-11T08:45:01Z
253,Henderson,Crystal Palace,GK,540,6,24,4.0,0,0,3,4,0,13,0,0,1,0,0,112,123.6,10.0,0.0,13.2,0.0,0.03,0.03,6.71,7.9,a,,,0.0,0.0,2.167,2025-10-11T08:45:01Z
254,Benitez,Crystal Palace,GK,0,0,0,,0,0,0,0,0,0,0,0,0,0,0,0,0.0,0.0,0.0,0.0,0.0,0.0,0.0,0.0,0.3,a,100.0,100.0,,,,2025-10-11T08:45:01Z
255,Matthews,Crystal Palace,GK,0,0,0,,0,0,0,0,0,0,0,0,0,0,0,0,0.0,0.0,0.0,0.0,0.0,0.0,0.0,0.0,0.1,a,,,,,,2025-10-11T08:45:01Z
256,Muñoz,Crystal Palace,DEF,540,6,34,5.67,1,1,3,4,0,0,0,0,3,0,1,120,137.8,66.8,93.0,29.6,0.47,1.16,1.63,6.71,12.6,a,,,0.167,0.167,0.0,2025-10-11T08:45:01Z
257,Lacroix,Crystal Palace,DEF,540,6,33,5.5,0,1,3,4,0,0,0,0,1,0,2,115,136.4,30.1,36.0,20.2,0.30000000000000004,0.15,0.45,6.71,4.1,a,,,0.0,0.167,0.0,2025-10-11T08:45:01Z
258,Mitchell,Crystal Palace,DEF,540,6,31,5.17,1,0,3,4,0,0,0,0,2,0,2,132,148.0,110.1,58.0,31.7,0.33,0.35,0.6799999999999999,6.71,2.5,a,,,0.167,0.0,0.0,2025-10-11T08:45:01Z
259,Sosa,Crystal Palace,DEF,0,0,0,,0,0,0,0,0,0,0,0,0,0,0,0,0.0,0.0,0.0,0.0,0.0,0.0,0.0,0.0,0.1,a,,,,,,2025-10-11T08:45:01Z
260,Guéhi,Crystal Palace,DEF,540,6,39,6.5,1,1,3,4,0,0,0,0,0,0,3,133,145.0,30.1,72.0,24.7,0.5900000000000001,0.52,1.11,6.71,30.9,a,,,0.167,0.167,0.0,2025-10-11T08:45:01Z
261,Richards,Crystal Palace,DEF,540,6,29,4.83,0,0,3,4,0,0,0,0,0,0,0,123,148.60000000000002,32.2,25.0,20.700000000000003,0.36,0.64,1.0,6.71,3.1,a,,,0.0,0.0,0.0,2025-10-11T08:45:01Z
262,Chadi Riad,Crystal Palace,DEF,0,0,0,,0,0,0,0,0,0,0,0,0,0,0,0,0.0,0.0,0.0,0.0,0.0,0.0,0.0,0.0,0.0,d,50.0,0.0,,,,2025-10-11T08:45:01Z
263,Clyne,Crystal Palace,DEF,4,1,1,22.5,0,0,0,0,0,0,0,0,0,0,0,5,3.4,0.5,0.0,0.4,0.0,0.0,0.0,0.0,0.5,a,,,0.0,0.0,0.0,2025-10-11T08:45:01Z
264,Holding,Crystal Palace,DEF,0,0,0,,0,0,0,0,0,0,0,0,0,0,0,0,0.0,0.0,0.0,0.0,0.0,0.0,0.0,0.0,0.0,u,0.0,0.0,,,,2025-10-11T08:45:01Z
265,Kporha,Crystal Palace,DEF,0,0,0,,0,0,0,0,0,0,0,0,0,0,0,0,0.0,0.0,0.0,0.0,0.0,0.0,0.0,0.0,0.0,i,0.0,0.0,,,,2025-10-11T08:45:01Z
266,Eze,Crystal Palace,MID,304,5,20,5.92,0,3,3,1,0,0,0,0,0,0,0,71,59.6,45.1,95.0,20.0,0.9299999999999999,0.75,1.6800000000000002,2.27,13.4,a,,,0.0,0.888,0.0,2025-10-11T08:45:01Z
267,Sarr,Crystal Palace,MID,358,4,25,6.28,2,1,2,2,0,0,0,0,1,0,3,78,119.0,52.7,65.0,23.799999999999997,2.18,0.13,2.31,4.95,6.3,a,100.0,100.0,0.503,0.251,0.0,2025-10-11T08:45:01Z
268,Doucouré,Crystal Palace,MID,0,0,0,,0,0,0,0,0,0,0,0,0,0,0,0,0.0,0.0,0.0,0.0,0.0,0.0,0.0,0.0,0.0,i,0.0,0.0,,,,2025-10-11T08:45:01Z
269,Esse,Crystal Palace,MID,24,1,1,3.75,0,0,0,0,0,0,0,0,0,0,0,6,4.6,0.4,2.0,0.7,0.0,0.01,0.01,0.27,0.2,a,,,0.0,0.0,0.0,2025-10-11T08:45:01Z
270,Hughes,Crystal Palace,MID,383,5,10,2.35,0,0,3,2,0,0,0,0,3,0,0,42,50.8,73.6,14.0,13.9,0.15,0.51,0.66,3.81,0.1,a,100.0,75.0,0.0,0.0,0.0,2025-10-11T08:45:01Z
271,Kamada,Crystal Palace,MID,346,4,15,3.9,0,1,2,2,0,0,0,0,0,0,0,74,58.4,69.7,36.0,16.4,0.42000000000000004,0.63,1.05,3.44,0.1,a,100.0,100.0,0.0,0.26,0.0,2025-10-11T08:45:01Z
272,Lerma,Crystal Palace,MID,163,6,7,3.87,0,0,1,1,0,0,0,0,1,0,0,22,21.6,18.700000000000003,40.0,8.0,0.47,0.03,0.5,2.3200000000000003,0.1,a,,,0.0,0.0,0.0,2025-10-11T08:45:01Z
273,Wharton,Crystal Palace,MID,390,5,16,3.69,0,1,1,4,0,0,0,0,1,0,2,85,48.8,120.2,4.0,17.2,0.07,0.9,0.9700000000000001,5.5600000000000005,0.5,a,100.0,100.0,0.0,0.231,0.0,2025-10-11T08:45:01Z
274,Agbinone,Crystal Palace,MID,0,0,0,,0,0,0,0,0,0,0,0,0,0,0,0,0.0,0.0,0.0,0.0,0.0,0.0,0.0,0.0,0.1,a,,,,,,2025-10-11T08:45:01Z
275,Ahamada,Crystal Palace,MID,0,0,0,,0,0,0,0,0,0,0,0,0,0,0,0,0.0,0.0,0.0,0.0,0.0,0.0,0.0,0.0,0.0,a,,,,,,2025-10-11T08:45:01Z
276,Devenny,Crystal Palace,MID,144,6,7,4.38,0,0,0,3,0,0,0,0,0,0,0,26,15.0,31.3,73.0,12.0,0.43,0.18,0.61,2.24,1.3,a,,,0.0,0.0,0.0,2025-10-11T08:45:01Z
277,Ebiowei,Crystal Palace,MID,0,0,0,,0,0,0,0,0,0,0,0,0,0,0,0,0.0,0.0,0.0,0.0,0.0,0.0,0.0,0.0,0.0,u,0.0,0.0,,,,2025-10-11T08:45:01Z
278,J.Rak-Sakyi,Crystal Palace,MID,0,0,0,,0,0,0,0,0,0,0,0,0,0,0,0,0.0,0.0,0.0,0.0,0.0,0.0,0.0,0.0,0.0,u,0.0,0.0,,,,2025-10-11T08:45:01Z
279,M.França,Crystal Palace,MID,0,0,0,,0,0,0,0,0,0,0,0,0,0,0,0,0.0,0.0,0.0,0.0,0.0,0.0,0.0,0.0,0.0,u,0.0,0.0,,,,2025-10-11T08:45:01Z
280,Ozoh,Crystal Palace,MID,0,0,0,,0,0,0,0,0,0,0,0,0,0,0,0,0.0,0.0,0.0,0.0,0.0,0.0,0.0,0.0,0.0,u,0.0,0.0,,,,2025-10-11T08:45:01Z
281,Rodney,Crystal Palace,MID,0,0,0,,0,0,0,0,0,0,0,0,0,0,0,0,0.0,0.0,0.0,0.0,0.0,0.0,0.0,0.0,0.0,a,,,,,,2025-10-11T08:45:01Z
282,Umeh,Crystal Palace,MID,0,0,0,,0,0,0,0,0,0,0,0,0,0,0,0,0.0,0.0,0.0,0.0,0.0,0.0,0.0,0.0,0.0,u,0.0,0.0,,,,2025-10-11T08:45:01Z
283,Mateta,Crystal Palace,FWD,510,6,18,3.18,2,0,4,2,0,0,0,0,2,0,0,71,109.0,11.2,179.0,30.0,3.26,0.34,3.6,4.84,10.0,a,,,0.353,0.0,0.0,2025-10-11T08:45:01Z
284,Nketiah,Crystal Palace,FWD,35,2,2,5.14,0,0,0,2,0,0,0,0,0,0,0,5,3.4,10.5,7.0,2.1,0.04,0.0,0.04,1.75,0.5,a,100.0,100.0,0.0,0.0,0.0,2025-10-11T08:45:01Z
285,Édouard,Crystal Palace,FWD,2,1,1,45.0,0,0,0,0,0,0,0,0,0,0,0,6,2.0,0.0,0.0,0.2,0.0,0.0,0.0,0.27,0.3,u,0.0,0.0,0.0,0.0,0.0,2025-10-11T08:45:01Z
286,Marsh,Crystal Palace,FWD,0,0,0,,0,0,0,0,0,0,0,0,0,0,0,0,0.0,0.0,0.0,0.0,0.0,0.0,0.0,0.0,0.3,a,,,,,,2025-10-11T08:45:01Z
287,Pickford,Everton,GK,540,6,28,4.67,0,0,2,6,0,15,1,0,0,0,3,103,150.60000000000002,0.0,0.0,15.1,0.0,0.04,0.04,8.7,10.5,a,,,0.0,0.0,2.5,2025-10-11T08:45:01Z
288,Travers,Everton,GK,0,0,0,,0,0,0,0,0,0,0,0,0,0,0,0,0.0,0.0,0.0,0.0,0.0,0.0,0.0,0.0,0.1,a,,,,,,2025-10-11T08:45:01Z
289,Tyrer,Everton,GK,0,0,0,,0,0,0,0,0,0,0,0,0,0,0,0,0.0,0.0,0.0,0.0,0.0,0.0,0.0,0.0,0.1,a,,,,,,2025-10-11T08:45:01Z
290,Branthwaite,Everton,DEF,0,0,0,,0,0,0,0,0,0,0,0,0,0,0,0,0.0,0.0,0.0,0.0,0.0,0.0,0.0,0.0,0.2,i,0.0,0.0,,,,2025-10-11T08:45:01Z
291,Tarkowski,Everton,DEF,540,6,31,5.17,0,0,2,6,0,0,0,0,0,0,1,100,165.8,38.2,25.0,23.0,0.2,0.33,0.53,8.7,7.7,a,,,0.0,0.0,0.0,2025-10-11T08:45:01Z
292,Mykolenko,Everton,DEF,265,3,6,2.04,0,0,0,5,0,0,0,0,0,0,0,14,39.2,29.9,15.0,8.4,0.02,0.27,0.29000000000000004,3.66,0.4,a,100.0,100.0,0.0,0.0,0.0,2025-10-11T08:45:01Z
293,O'Brien,Everton,DEF,540,6,21,3.5,0,0,2,6,0,0,0,0,0,0,1,66,82.6,55.1,41.0,18.0,0.37,0.18,0.55,8.7,0.5,a,,,0.0,0.0,0.0,2025-10-11T08:45:01Z
294,Coleman,Everton,DEF,2,2,2,90.0,0,0,0,0,0,0,0,0,0,0,0,7,0.0,0.0,0.0,0.0,0.0,0.0,0.0,0.24,0.1,a,,,0.0,0.0,0.0,2025-10-11T08:45:01Z
295,Keane,Everton,DEF,514,6,24,4.2,0,0,2,6,0,0,0,0,0,0,0,77,115.4,12.8,51.0,17.9,0.78,0.060000000000000005,0.84,8.370000000000001,1.0,d,75.0,,0.0,0.0,0.0,2025-10-11T08:45:01Z
296,Patterson,Everton,DEF,0,0,0,,0,0,0,0,0,0,0,0,0,0,0,0,0.0,0.0,0.0,0.0,0.0,0.0,0.0,0.0,0.0,a,100.0,100.0,,,,2025-10-11T08:45:01Z
297,Dixon,Everton,DEF,0,0,0,,0,0,0,0,0,0,0,0,0,0,0,0,0.0,0.0,0.0,0.0,0.0,0.0,0.0,0.0,0.2,a,,,,,,2025-10-11T08:45:01Z
298,Welch,Everton,DEF,0,0,0,,0,0,0,0,0,0,0,0,0,0,0,0,0.0,0.0,0.0,0.0,0.0,0.0,0.0,0.0,0.1,a,,,,,,2025-10-11T08:45:01Z
299,Ndiaye,Everton,MID,508,6,35,6.2,3,1,2,6,0,0,0,0,2,0,1,130,186.0,112.5,104.0,40.3,2.1,0.91,3.01,7.51,10.7,a,100.0,100.0,0.531,0.177,0.0,2025-10-11T08:45:01Z
300,McNeil,Everton,MID,19,1,1,4.74,0,0,0,0,0,0,0,0,0,0,0,2,0.0,11.3,8.0,1.8,0.24,0.0,0.24,0.95,0.1,a,,,0.0,0.0,0.0,2025-10-11T08:45:01Z
301,Alcaraz,Everton,MID,162,5,5,2.78,0,0,0,1,0,0,0,0,1,0,0,27,23.2,20.7,41.0,8.5,0.15,0.03,0.18000000000000002,3.96,0.1,a,,,0.0,0.0,0.0,2025-10-11T08:45:01Z
302,Gana,Everton,MID,525,6,22,3.77,1,0,2,5,0,0,0,0,0,0,1,107,85.8,55.2,58.0,19.9,0.72,0.33999999999999997,1.06,8.24,0.1,a,,,0.171,0.0,0.0,2025-10-11T08:45:01Z
303,Garner,Everton,MID,540,6,26,4.33,1,0,2,6,0,0,0,0,2,0,3,136,152.4,127.80000000000001,19.0,29.9,0.31,0.95,1.26,8.7,1.0,a,,,0.167,0.0,0.0,2025-10-11T08:45:01Z
304,Iroegbunam,Everton,MID,244,5,11,4.06,0,1,3,1,0,0,0,0,3,0,0,34,35.0,5.6000000000000005,7.0,4.8,0.15,0.0,0.15,3.74,0.0,a,,,0.0,0.369,0.0,2025-10-11T08:45:01Z
305,Armstrong,Everton,MID,1,1,1,90.0,0,0,0,0,0,0,0,0,0,0,0,3,0.0,0.0,0.0,0.0,0.0,0.0,0.0,0.0,0.1,u,0.0,0.0,0.0,0.0,0.0,2025-10-11T08:45:01Z
306,Bates,Everton,MID,0,0,0,,0,0,0,0,0,0,0,0,0,0,0,0,0.0,0.0,0.0,0.0,0.0,0.0,0.0,0.0,0.1,a,,,,,,2025-10-11T08:45:01Z
307,Ebere,Everton,MID,0,0,0,,0,0,0,0,0,0,0,0,0,0,0,0,0.0,0.0,0.0,0.0,0.0,0.0,0.0,0.0,0.0,a,,,,,,2025-10-11T08:45:01Z
308,Heath,Everton,MID,0,0,0,,0,0,0,0,0,0,0,0,0,0,0,0,0.0,0.0,0.0,0.0,0.0,0.0,0.0,0.0,0.0,u,0.0,0.0,,,,2025-10-11T08:45:01Z
309,Metcalfe,Everton,MID,0,0,0,,0,0,0,0,0,0,0,0,0,0,0,0,0.0,0.0,0.0,0.0,0.0,0.0,0.0,0.0,0.0,u,0.0,0.0,,,,2025-10-11T08:45:01Z
310,Barry,Everton,FWD,186,6,7,3.39,0,0,1,2,0,0,0,0,0,0,0,7,10.6,19.4,29.0,5.2,0.45999999999999996,0.02,0.48,2.98,0.4,a,,,0.0,0.0,0.0,2025-10-11T08:45:01Z
311,Beto,Everton,FWD,355,6,13,3.3,1,0,1,4,0,0,0,0,1,0,1,33,52.800000000000004,31.4,130.0,20.3,2.34,0.09999999999999999,2.44,5.92,4.1,a,,,0.254,0.0,0.0,2025-10-11T08:45:01Z
312,Y.Chermiti,Everton,FWD,0,0,0,,0,0,0,0,0,0,0,0,0,0,0,0,0.0,0.0,0.0,0.0,0.0,0.0,0.0,0.0,0.1,u,0.0,0.0,,,,2025-10-11T08:45:01Z
313,Sherif,Everton,FWD,0,0,0,,0,0,0,0,0,0,0,0,0,0,0,0,0.0,0.0,0.0,0.0,0.0,0.0,0.0,0.0,0.2,u,0.0,0.0,,,,2025-10-11T08:45:01Z
314,Leno,Fulham,GK,540,6,19,3.17,0,0,1,8,0,18,0,0,1,0,1,81,142.2,0.0,0.0,14.2,0.0,0.0,0.0,7.970000000000001,1.5,a,,,0.0,0.0,3.0,2025-10-11T08:45:01Z
315,Benda,Fulham,GK,0,0,0,,0,0,0,0,0,0,0,0,0,0,0,0,0.0,0.0,0.0,0.0,0.0,0.0,0.0,0.0,0.0,u,0.0,0.0,,,,2025-10-11T08:45:01Z
316,Robinson,Fulham,DEF,51,2,2,3.53,0,0,0,0,0,0,0,0,0,0,0,9,11.8,21.5,4.0,3.8,0.0,0.060000000000000005,0.060000000000000005,0.22999999999999998,0.7,a,100.0,100.0,0.0,0.0,0.0,2025-10-11T08:45:01Z
317,Andersen,Fulham,DEF,540,6,26,4.33,0,0,1,8,0,0,0,0,0,0,2,94,157.6,28.3,29.0,21.4,0.43,0.73,1.1600000000000001,7.970000000000001,4.1,a,,,0.0,0.0,0.0,2025-10-11T08:45:01Z
318,Bassey,Fulham,DEF,540,6,18,3.0,0,0,1,8,0,0,0,0,1,0,3,66,97.4,8.7,9.0,11.6,0.16,0.05,0.21,7.970000000000001,0.5,a,,,0.0,0.0,0.0,2025-10-11T08:45:01Z
319,Castagne,Fulham,DEF,216,4,4,1.67,0,0,0,6,0,0,0,0,0,0,0,8,27.4,31.6,33.0,9.2,0.42,0.09,0.51,5.23,0.1,a,,,0.0,0.0,0.0,2025-10-11T08:45:01Z
320,Diop,Fulham,DEF,85,1,2,2.12,0,0,0,2,0,0,0,0,1,0,0,5,18.2,0.8,0.0,1.9,0.0,0.01,0.01,0.6,0.1,a,,,0.0,0.0,0.0,2025-10-11T08:45:01Z
321,J.Cuenca,Fulham,DEF,87,2,3,3.1,0,0,0,1,0,0,0,0,0,0,0,16,14.6,1.2,4.0,2.0,0.0,0.01,0.01,1.12,0.0,a,,,0.0,0.0,0.0,2025-10-11T08:45:01Z
322,Tete,Fulham,DEF,450,5,15,3.0,0,0,1,5,0,0,0,0,0,0,0,76,86.80000000000001,40.5,14.0,14.2,0.07,0.43,0.5,6.85,0.2,i,0.0,0.0,0.0,0.0,0.0,2025-10-11T08:45:01Z
323,Amissah,Fulham,DEF,0,0,0,,0,0,0,0,0,0,0,0,0,0,0,0,0.0,0.0,0.0,0.0,0.0,0.0,0.0,0.0,0.1,a,,,,,,2025-10-11T08:45:01Z
324,Iwobi,Fulham,MID,477,6,28,5.28,1,2,1,7,0,0,0,0,1,0,5,105,114.4,152.2,49.0,31.599999999999998,0.39999999999999997,0.92,1.32,6.87,1.7,a,,,0.189,0.377,0.0,2025-10-11T08:45:01Z
325,Smith Rowe,Fulham,MID,99,6,11,10.0,1,0,0,1,0,0,0,0,0,0,0,36,40.6,25.3,40.0,10.600000000000001,0.7899999999999999,0.06,0.85,1.28,0.5,a,,,0.909,0.0,0.0,2025-10-11T08:45:01Z
326,Adama,Fulham,MID,64,4,4,5.62,0,0,0,1,0,0,0,0,0,0,0,10,6.4,17.0,14.0,3.4,0.04,0.09000000000000001,0.13,1.04,0.2,a,,,0.0,0.0,0.0,2025-10-11T08:45:01Z
327,Andreas,Fulham,MID,0,0,0,,0,0,0,0,0,0,0,0,0,0,0,0,0.0,0.0,0.0,0.0,0.0,0.0,0.0,0.0,0.1,u,0.0,0.0,,,,2025-10-11T08:45:01Z
328,Sessegnon,Fulham,MID,397,5,21,4.76,1,1,1,7,0,0,0,0,0,0,2,88,105.4,62.1,66.0,23.3,0.45,0.64,1.09,6.26,0.1,a,100.0,100.0,0.227,0.227,0.0,2025-10-11T08:45:01Z
329,Wilson,Fulham,MID,358,6,20,5.03,1,1,1,2,0,0,0,0,0,0,2,82,73.60000000000001,68.1,84.0,22.5,0.5,0.29,0.7899999999999999,3.49,0.4,a,100.0,100.0,0.251,0.251,0.0,2025-10-11T08:45:01Z
330,Berge,Fulham,MID,508,6,14,2.48,0,0,1,8,0,0,0,0,1,0,0,70,64.0,42.0,13.0,11.9,0.41,0.26,0.6699999999999999,7.540000000000001,0.1,a,,,0.0,0.0,0.0,2025-10-11T08:45:01Z
331,Cairney,Fulham,MID,110,4,4,3.27,0,0,0,3,0,0,0,0,1,0,0,15,1.6,21.7,13.0,3.7,0.25,0.07,0.32,1.55,0.0,a,,,0.0,0.0,0.0,2025-10-11T08:45:01Z
332,Lukić,Fulham,MID,458,6,14,2.75,0,1,1,5,0,0,0,0,3,0,0,71,56.0,160.3,22.0,23.8,0.59,0.8200000000000001,1.4100000000000001,6.85,0.1,d,75.0,,0.0,0.197,0.0,2025-10-11T08:45:01Z
333,Godo,Fulham,MID,0,0,0,,0,0,0,0,0,0,0,0,0,0,0,0,0.0,0.0,0.0,0.0,0.0,0.0,0.0,0.0,0.0,u,0.0,0.0,,,,2025-10-11T08:45:01Z
334,Harris,Fulham,MID,0,0,0,,0,0,0,0,0,0,0,0,0,0,0,0,0.0,0.0,0.0,0.0,0.0,0.0,0.0,0.0,0.0,u,0.0,0.0,,,,2025-10-11T08:45:01Z
335,King,Fulham,MID,403,6,11,2.46,0,0,1,5,0,0,0,0,1,0,0,38,29.8,33.9,76.0,13.299999999999999,0.49,0.27,0.76,6.44,4.0,a,,,0.0,0.0,0.0,2025-10-11T08:45:01Z
336,Reed,Fulham,MID,0,0,0,,0,0,0,0,0,0,0,0,0,0,0,0,0.0,0.0,0.0,0.0,0.0,0.0,0.0,0.0,0.3,a,,,,,,2025-10-11T08:45:01Z
337,Raúl,Fulham,FWD,131,5,6,4.12,0,0,0,1,0,0,0,0,0,0,0,4,5.2,7.8999999999999995,20.0,2.6,0.39999999999999997,0.0,0.39999999999999997,1.4000000000000001,0.8,d,75.0,75.0,0.0,0.0,0.0,2025-10-11T08:45:01Z
338,Muniz,Fulham,FWD,314,5,15,4.3,1,1,1,4,1,0,0,0,1,0,3,38,58.8,41.7,103.0,20.0,0.86,0.01,0.87,5.45,1.6,i,0.0,0.0,0.287,0.287,0.0,2025-10-11T08:45:01Z
339,Meslier,Leeds,GK,0,0,0,,0,0,0,0,0,0,0,0,0,0,0,0,0.0,0.0,0.0,0.0,0.0,0.0,0.0,0.0,0.4,a,,,,,,2025-10-11T08:45:01Z
340,Cairns,Leeds,GK,0,0,0,,0,0,0,0,0,0,0,0,0,0,0,0,0.0,0.0,0.0,0.0,0.0,0.0,0.0,0.0,0.2,a,,,,,,2025-10-11T08:45:01Z
341,Darlow,Leeds,GK,270,3,7,2.33,0,0,0,4,0,9,0,0,0,0,0,42,69.2,0.0,0.0,7.0,0.0,0.01,0.01,3.16,2.5,a,,,0.0,0.0,3.0,2025-10-11T08:45:01Z
342,Bogle,Leeds,DEF,522,6,20,3.45,0,1,2,8,0,0,0,0,2,0,0,58,72.4,23.1,30.0,12.5,0.16,0.1,0.26,5.99,0.2,a,100.0,100.0,0.0,0.172,0.0,2025-10-11T08:45:01Z
343,Struijk,Leeds,DEF,540,6,21,3.5,0,0,2,9,0,0,0,0,0,0,2,79,105.39999999999999,15.7,41.0,16.3,0.53,0.04,0.5700000000000001,7.05,0.4,a,,,0.0,0.0,0.0,2025-10-11T08:45:01Z
344,Bijol,Leeds,DEF,0,0,0,,0,0,0,0,0,0,0,0,0,0,0,0,0.0,0.0,0.0,0.0,0.0,0.0,0.0,0.0,0.1,a,100.0,100.0,,,,2025-10-11T08:45:01Z
345,Bornauw,Leeds,DEF,0,0,0,,0,0,0,0,0,0,0,0,0,0,0,0,0.0,0.0,0.0,0.0,0.0,0.0,0.0,0.0,0.1,a,100.0,100.0,,,,2025-10-11T08:45:01Z
346,Byram,Leeds,DEF,7,1,1,12.86,0,0,0,1,0,0,0,0,0,0,0,-2,0.0,0.0,0.0,0.0,0.0,0.0,0.0,0.79,0.3,a,,,0.0,0.0,0.0,2025-10-11T08:45:01Z
347,Gudmundsson,Leeds,DEF,517,6,22,3.83,0,0,2,9,1,0,0,0,1,0,6,72,95.8,79.3,27.0,20.2,0.17,0.36,0.53,6.99,5.6,a,100.0,100.0,0.0,0.0,0.0,2025-10-11T08:45:01Z
348,Rodon,Leeds,DEF,540,6,23,3.83,0,0,2,9,0,0,0,0,0,0,2,79,112.6,4.3,19.0,13.600000000000001,0.09,0.03,0.12,7.05,5.4,a,100.0,100.0,0.0,0.0,0.0,2025-10-11T08:45:01Z
349,Schmidt,Leeds,DEF,0,0,0,,0,0,0,0,0,0,0,0,0,0,0,0,0.0,0.0,0.0,0.0,0.0,0.0,0.0,0.0,0.1,u,0.0,0.0,,,,2025-10-11T08:45:01Z
350,Aaronson,Leeds,MID,309,6,15,4.37,0,1,1,4,0,0,0,0,0,0,0,71,45.2,58.9,47.0,15.100000000000001,0.27,0.8,1.07,3.98,0.1,a,,,0.0,0.291,0.0,2025-10-11T08:45:01Z
351,Gnonto,Leeds,MID,191,4,6,2.83,0,0,1,5,0,0,0,0,1,0,0,27,15.8,21.4,16.0,5.3,0.18000000000000002,0.060000000000000005,0.24,2.4899999999999998,0.1,d,75.0,0.0,0.0,0.0,0.0,2025-10-11T08:45:01Z
352,Harrison,Leeds,MID,107,5,5,4.21,0,0,0,1,0,0,0,0,0,0,0,24,12.8,14.4,6.0,3.4000000000000004,0.0,0.11,0.11,1.61,0.1,a,,,0.0,0.0,0.0,2025-10-11T08:45:01Z
353,James,Leeds,MID,212,4,7,2.97,0,0,1,4,0,0,0,0,0,0,0,23,11.8,31.1,29.0,7.199999999999999,0.43000000000000005,0.16999999999999998,0.6000000000000001,3.22,0.1,i,0.0,0.0,0.0,0.0,0.0,2025-10-11T08:45:01Z
354,Ampadu,Leeds,MID,347,4,14,3.63,0,0,1,4,0,0,0,0,1,0,0,61,61.6,35.5,5.0,10.2,0.02,0.1,0.12,3.4400000000000004,0.1,a,100.0,100.0,0.0,0.0,0.0,2025-10-11T08:45:01Z
355,Greenwood,Leeds,MID,0,0,0,,0,0,0,0,0,0,0,0,0,0,0,0,0.0,0.0,0.0,0.0,0.0,0.0,0.0,0.0,0.0,u,0.0,0.0,,,,2025-10-11T08:45:01Z
356,Gruev,Leeds,MID,193,4,7,3.26,0,0,1,5,0,0,0,0,0,0,0,40,24.6,8.6,2.0,3.5,0.0,0.01,0.01,3.64,0.0,a,,,0.0,0.0,0.0,2025-10-11T08:45:01Z
357,Ramazani,Leeds,MID,0,0,0,,0,0,0,0,0,0,0,0,0,0,0,0,0.0,0.0,0.0,0.0,0.0,0.0,0.0,0.0,0.0,u,0.0,0.0,,,,2025-10-11T08:45:01Z
358,Tanaka,Leeds,MID,177,4,6,3.05,0,0,1,4,0,0,0,0,0,0,0,29,8.8,41.1,9.0,5.9,0.09,0.05,0.13999999999999999,2.71,0.1,a,100.0,100.0,0.0,0.0,0.0,2025-10-11T08:45:01Z
359,Crew,Leeds,MID,0,0,0,,0,0,0,0,0,0,0,0,0,0,0,0,0.0,0.0,0.0,0.0,0.0,0.0,0.0,0.0,0.0,u,0.0,0.0,,,,2025-10-11T08:45:01Z
360,Gelhardt,Leeds,MID,0,0,0,,0,0,0,0,0,0,0,0,0,0,0,0,0.0,0.0,0.0,0.0,0.0,0.0,0.0,0.0,0.0,u,0.0,0.0,,,,2025-10-11T08:45:01Z
361,Gyabi,Leeds,MID,0,0,0,,0,0,0,0,0,0,0,0,0,0,0,0,0.0,0.0,0.0,0.0,0.0,0.0,0.0,0.0,0.0,u,0.0,0.0,,,,2025-10-11T08:45:01Z
362,Piroe,Leeds,FWD,145,3,4,2.48,0,0,1,4,0,0,0,0,0,0,0,11,5.0,10.7,63.0,7.9,0.33,0.05,0.38,2.16,0.5,a,100.0,100.0,0.0,0.0,0.0,2025-10-11T08:45:01Z
363,Bamford,Leeds,FWD,0,0,0,,0,0,0,0,0,0,0,0,0,0,0,0,0.0,0.0,0.0,0.0,0.0,0.0,0.0,0.0,0.5,u,0.0,0.0,,,,2025-10-11T08:45:01Z
364,Mateo Joseph,Leeds,FWD,0,0,0,,0,0,0,0,0,0,0,0,0,0,0,0,0.0,0.0,0.0,0.0,0.0,0.0,0.0,0.0,0.0,u,0.0,0.0,,,,2025-10-11T08:45:01Z
365,Nmecha,Leeds,FWD,146,6,11,6.78,1,0,1,2,0,0,0,0,0,0,0,37,45.6,9.2,35.0,8.9,0.95,0.030000000000000002,0.98,2.48,0.7,a,100.0,100.0,0.616,0.0,0.0,2025-10-11T08:45:01Z
366,A.Becker,Liverpool,GK,450,5,18,3.6,0,0,2,5,0,4,0,0,0,0,2,74,60.6,0.1,0.0,6.1,0.0,0.01,0.01,3.95,7.9,i,0.0,0.0,0.0,0.0,0.8,2025-10-11T08:45:01Z
367,Mamardashvili,Liverpool,GK,90,1,2,2.0,0,0,0,2,0,4,0,0,0,0,0,16,31.2,0.0,0.0,3.1,0.0,0.0,0.0,1.0,0.7,a,,,0.0,0.0,4.0,2025-10-11T08:45:01Z
368,Pécsi,Liverpool,GK,0,0,0,,0,0,0,0,0,0,0,0,0,0,0,0,0.0,0.0,0.0,0.0,0.0,0.0,0.0,0.0,0.4,a,,,,,,2025-10-11T08:45:01Z
369,Woodman,Liverpool,GK,0,0,0,,0,0,0,0,0,0,0,0,0,0,0,0,0.0,0.0,0.0,0.0,0.0,0.0,0.0,0.0,0.2,a,,,,,,2025-10-11T08:45:01Z
370,Frimpong,Liverpool,DEF,62,2,5,7.26,0,1,0,0,0,0,0,0,0,0,0,22,8.4,1.9,21.0,3.1999999999999997,0.09,0.02,0.11,0.81,7.2,a,100.0,100.0,0.0,1.452,0.0,2025-10-11T08:45:01Z
371,Kerkez,Liverpool,DEF,420,6,12,2.57,0,0,1,4,0,0,0,0,2,0,0,57,79.8,44.199999999999996,14.0,13.9,0.08,0.08,0.16,3.19,4.3,a,,,0.0,0.0,0.0,2025-10-11T08:45:01Z
372,Robertson,Liverpool,DEF,117,3,2,1.54,0,0,0,3,0,0,0,0,0,0,0,21,43.8,82.69999999999999,38.0,16.5,0.13,0.42,0.5499999999999999,1.76,1.0,a,,,0.0,0.0,0.0,2025-10-11T08:45:01Z
373,Virgil,Liverpool,DEF,540,6,27,4.5,0,0,2,7,0,0,0,0,0,0,4,99,185.6,23.3,29.0,23.8,0.18,0.09999999999999999,0.28,4.95,27.9,a,,,0.0,0.0,0.0,2025-10-11T08:45:01Z
374,Konaté,Liverpool,DEF,489,6,21,3.87,0,0,2,6,0,0,0,0,1,0,3,85,107.0,30.299999999999997,14.0,15.2,0.53,0.060000000000000005,0.5900000000000001,4.0,3.2,d,75.0,,0.0,0.0,0.0,2025-10-11T08:45:01Z
375,Bradley,Liverpool,DEF,190,4,2,0.95,0,0,0,3,0,0,0,0,3,0,0,-2,17.2,17.8,18.0,5.2,0.060000000000000005,0.13,0.19,0.98,0.1,a,100.0,100.0,0.0,0.0,0.0,2025-10-11T08:45:01Z
376,Gomez,Liverpool,DEF,29,2,2,6.21,0,0,0,1,0,0,0,0,0,0,0,5,14.6,0.5,0.0,1.5,0.0,0.0,0.0,0.3,0.1,a,100.0,100.0,0.0,0.0,0.0,2025-10-11T08:45:01Z
377,Tsimikas,Liverpool,DEF,0,0,0,,0,0,0,0,0,0,0,0,0,0,0,0,0.0,0.0,0.0,0.0,0.0,0.0,0.0,0.0,0.1,u,0.0,0.0,,,,2025-10-11T08:45:01Z
378,Nallo,Liverpool,DEF,0,0,0,,0,0,0,0,0,0,0,0,0,0,0,0,0.0,0.0,0.0,0.0,0.0,0.0,0.0,0.0,0.1,a,,,,,,2025-10-11T08:45:01Z
379,R.Williams,Liverpool,DEF,0,0,0,,0,0,0,0,0,0,0,0,0,0,0,0,0.0,0.0,0.0,0.0,0.0,0.0,0.0,0.0,0.2,a,,,,,,2025-10-11T08:45:01Z
380,Ramsay,Liverpool,DEF,0,0,0,,0,0,0,0,0,0,0,0,0,0,0,0,0.0,0.0,0.0,0.0,0.0,0.0,0.0,0.0,0.2,a,,,,,,2025-10-11T08:45:01Z
381,M.Salah,Liverpool,MID,540,6,32,5.33,2,2,2,7,0,0,0,0,0,0,2,109,132.6,158.0,138.0,42.800000000000004,1.48,0.96,2.44,4.95,38.6,a,,,0.333,0.333,0.0,2025-10-11T08:45:01Z
382,Wirtz,Liverpool,MID,408,6,11,2.43,0,0,2,4,0,0,0,0,1,0,0,54,47.4,150.4,84.0,28.2,0.52,0.8300000000000001,1.3399999999999999,3.94,9.0,a,,,0.0,0.0,0.0,2025-10-11T08:45:01Z
383,Luis Díaz,Liverpool,MID,0,0,0,,0,0,0,0,0,0,0,0,0,0,0,0,0.0,0.0,0.0,0.0,0.0,0.0,0.0,0.0,0.0,u,0.0,0.0,,,,2025-10-11T08:45:01Z
384,Gakpo,Liverpool,MID,510,6,32,5.65,2,2,2,7,0,0,0,0,0,0,2,129,155.60000000000002,175.8,165.0,49.7,1.15,1.32,2.47,4.91,11.9,a,,,0.353,0.353,0.0,2025-10-11T08:45:01Z
385,Chiesa,Liverpool,MID,47,4,9,17.23,1,0,0,1,0,0,0,0,0,0,0,32,36.6,1.2999999999999998,27.0,6.3999999999999995,0.36,0.03,0.39,0.26,0.3,a,100.0,75.0,1.915,0.0,0.0,2025-10-11T08:45:01Z
386,Mac Allister,Liverpool,MID,321,5,13,3.64,0,1,1,3,0,0,0,0,0,0,0,71,51.4,59.1,23.0,13.4,0.21000000000000002,0.17,0.38,2.85,1.3,a,100.0,100.0,0.0,0.28,0.0,2025-10-11T08:45:01Z
387,Szoboszlai,Liverpool,MID,540,6,22,3.67,1,0,2,7,0,0,0,0,2,0,3,107,115.6,90.3,79.0,28.599999999999998,0.9700000000000001,0.25,1.22,4.95,3.7,a,,,0.167,0.0,0.0,2025-10-11T08:45:01Z
388,C.Jones,Liverpool,MID,200,5,9,4.05,0,1,0,4,0,0,0,0,0,0,0,45,32.199999999999996,36.2,4.0,7.199999999999999,0.17,0.13,0.3,2.2199999999999998,0.1,a,100.0,100.0,0.0,0.45,0.0,2025-10-11T08:45:01Z
389,Elliott,Liverpool,MID,52,3,3,5.19,0,0,0,1,0,0,0,0,0,0,0,9,3.8,11.600000000000001,11.0,2.6,0.17,0.05,0.22,1.23,0.5,a,,,0.0,0.0,0.0,2025-10-11T08:45:01Z
390,Gravenberch,Liverpool,MID,450,5,29,5.8,2,1,2,5,0,0,0,0,2,0,4,124,148.20000000000002,93.2,44.0,28.6,0.32,0.33,0.65,3.25,6.0,a,100.0,100.0,0.4,0.2,0.0,2025-10-11T08:45:01Z
391,Gannon-Doak,Bournemouth,MID,12,1,4,30.0,0,1,0,0,0,0,0,0,0,0,0,16,19.0,11.0,4.0,3.4,0.0,0.06,0.06,0.28,0.0,a,,,0.0,7.5,0.0,2025-10-11T08:45:01Z
392,Endo,Liverpool,MID,36,4,6,15.0,0,1,0,3,0,0,0,0,1,0,0,20,28.8,10.899999999999999,0.0,3.9,0.0,0.0,0.0,1.71,0.1,a,,,0.0,2.5,0.0,2025-10-11T08:45:01Z
393,Bajcetic,Liverpool,MID,0,0,0,,0,0,0,0,0,0,0,0,0,0,0,0,0.0,0.0,0.0,0.0,0.0,0.0,0.0,0.0,0.0,i,0.0,0.0,,,,2025-10-11T08:45:01Z
394,McConnell,Liverpool,MID,0,0,0,,0,0,0,0,0,0,0,0,0,0,0,0,0.0,0.0,0.0,0.0,0.0,0.0,0.0,0.0,0.0,u,0.0,0.0,,,,2025-10-11T08:45:01Z
395,Morton,Liverpool,MID,0,0,0,,0,0,0,0,0,0,0,0,0,0,0,0,0.0,0.0,0.0,0.0,0.0,0.0,0.0,0.0,0.0,u,0.0,0.0,,,,2025-10-11T08:45:01Z
396,Nyoni,Liverpool,MID,0,0,0,,0,0,0,0,0,0,0,0,0,0,0,0,0.0,0.0,0.0,0.0,0.0,0.0,0.0,0.0,0.2,a,,,,,,2025-10-11T08:45:01Z
397,Darwin,Liverpool,FWD,0,0,0,,0,0,0,0,0,0,0,0,0,0,0,0,0.0,0.0,0.0,0.0,0.0,0.0,0.0,0.0,0.1,u,0.0,0.0,,,,2025-10-11T08:45:01Z
398,Danns,Liverpool,FWD,0,0,0,,0,0,0,0,0,0,0,0,0,0,0,0,0.0,0.0,0.0,0.0,0.0,0.0,0.0,0.0,0.1,a,,,,,,2025-10-11T08:45:01Z
399,Ederson M.,Man City,GK,0,0,0,,0,0,0,0,0,0,0,0,0,0,0,0,0.0,0.0,0.0,0.0,0.0,0.0,0.0,0.0,1.0,u,0.0,0.0,,,,2025-10-11T08:45:01Z
400,Ortega Moreno,Man City,GK,0,0,0,,0,0,0,0,0,0,0,0,0,0,0,0,0.0,0.0,0.0,0.0,0.0,0.0,0.0,0.0,0.2,a,,,,,,2025-10-11T08:45:01Z
401,Bettinelli,Man City,GK,0,0,0,,0,0,0,0,0,0,0,0,0,0,0,0,0.0,0.0,0.0,0.0,0.0,0.0,0.0,0.0,0.1,a,100.0,100.0,,,,2025-10-11T08:45:01Z
402,Aït-Nouri,Man City,DEF,202,3,10,4.46,0,0,1,2,0,0,0,0,1,0,1,34,43.0,26.700000000000003,7.0,7.6,0.04,0.48000000000000004,0.52,2.94,5.6,d,50.0,0.0,0.0,0.0,0.0,2025-10-11T08:45:01Z
403,Gvardiol,Man City,DEF,270,3,22,7.33,0,1,2,1,0,0,0,0,0,0,3,79,80.6,15.8,17.0,11.3,0.06,0.04,0.1,3.3,5.6,a,100.0,100.0,0.0,0.333,0.0,2025-10-11T08:45:01Z
404,Akanji,Man City,DEF,0,0,0,,0,0,0,0,0,0,0,0,0,0,0,0,0.0,0.0,0.0,0.0,0.0,0.0,0.0,0.0,0.3,u,0.0,0.0,,,,2025-10-11T08:45:01Z
405,Aké,Man City,DEF,91,3,3,2.97,0,0,0,3,0,0,0,0,0,0,0,13,18.2,10.3,5.0,3.4,0.14,0.15,0.29000000000000004,1.35,0.7,a,,,0.0,0.0,0.0,2025-10-11T08:45:01Z
406,Khusanov,Man City,DEF,227,4,11,4.36,0,0,1,1,0,0,0,0,1,0,0,46,42.4,5.2,0.0,4.8,0.0,0.02,0.02,3.13,0.3,d,50.0,0.0,0.0,0.0,0.0,2025-10-11T08:45:01Z
407,Matheus N.,Man City,DEF,243,4,9,3.33,0,0,1,2,0,0,0,0,1,0,0,43,41.8,15.600000000000001,0.0,5.7,0.0,0.05,0.05,2.84,0.5,a,,,0.0,0.0,0.0,2025-10-11T08:45:01Z
408,Rúben,Man City,DEF,455,6,25,4.95,0,0,3,4,0,0,0,0,0,0,1,92,95.6,12.2,2.0,11.0,0.0,0.13,0.13,6.08,4.3,a,,,0.0,0.0,0.0,2025-10-11T08:45:01Z
409,Stones,Man City,DEF,264,4,9,3.07,0,0,1,5,0,0,0,0,0,0,0,43,53.8,5.800000000000001,2.0,6.2,0.0,0.04,0.04,4.04,0.8,a,100.0,100.0,0.0,0.0,0.0,2025-10-11T08:45:01Z
410,Lewis,Man City,DEF,160,3,13,7.31,0,1,1,3,0,0,0,0,0,0,2,44,46.4,28.2,13.0,8.7,0.02,0.6699999999999999,0.69,2.5700000000000003,2.1,a,100.0,100.0,0.0,0.562,0.0,2025-10-11T08:45:01Z
411,O’Reilly,Man City,DEF,308,5,18,5.26,0,0,3,1,0,0,0,0,2,0,0,72,64.4,41.4,7.0,11.2,0.05,0.07,0.12000000000000001,4.58,0.7,a,100.0,100.0,0.0,0.0,0.0,2025-10-11T08:45:01Z
412,Vitor Reis,Man City,DEF,0,0,0,,0,0,0,0,0,0,0,0,0,0,0,0,0.0,0.0,0.0,0.0,0.0,0.0,0.0,0.0,0.0,u,0.0,0.0,,,,2025-10-11T08:45:01Z
413,Marmoush,Man City,MID,148,3,9,5.47,0,1,0,3,0,0,0,0,0,0,2,37,38.2,36.1,58.0,13.3,0.8200000000000001,0.45,1.27,1.9000000000000001,2.6,d,50.0,0.0,0.0,0.608,0.0,2025-10-11T08:45:01Z
414,Foden,Man City,MID,262,4,19,6.53,1,0,3,0,0,0,0,0,0,0,2,73,64.4,70.7,55.0,19.0,0.74,0.27,1.01,3.42,6.3,a,100.0,100.0,0.344,0.0,0.0,2025-10-11T08:45:01Z
415,Savinho,Man City,MID,106,3,5,4.25,0,0,1,1,0,0,0,0,0,0,0,18,6.4,10.3,35.0,5.1,0.04,0.04,0.08,2.3600000000000003,0.4,a,100.0,100.0,0.0,0.0,0.0,2025-10-11T08:45:01Z
416,Bernardo,Man City,MID,363,6,14,3.47,0,1,2,2,0,0,0,0,1,0,0,65,63.0,118.2,20.0,20.1,0.1,1.07,1.17,4.41,0.6,a,,,0.0,0.248,0.0,2025-10-11T08:45:01Z
417,Cherki,Man City,MID,70,2,7,9.0,1,0,0,2,0,0,0,0,0,0,0,32,50.199999999999996,28.3,15.0,9.399999999999999,0.06,0.47000000000000003,0.53,0.83,2.0,a,100.0,0.0,1.286,0.0,0.0,2025-10-11T08:45:01Z
418,Doku,Man City,MID,295,6,19,5.8,0,2,3,1,0,0,0,0,0,0,1,53,61.400000000000006,112.6,35.0,20.8,0.25,1.05,1.3,3.13,7.8,a,,,0.0,0.61,0.0,2025-10-11T08:45:01Z
419,Grealish,Everton,MID,466,6,35,6.76,1,4,2,6,0,0,0,0,2,0,7,161,193.8,182.29999999999998,188.0,56.5,0.8500000000000001,1.74,2.59,7.65,20.5,n,0.0,,0.193,0.773,0.0,2025-10-11T08:45:01Z
420,Gündoğan,Man City,MID,0,0,0,,0,0,0,0,0,0,0,0,0,0,0,0,0.0,0.0,0.0,0.0,0.0,0.0,0.0,0.0,0.1,u,0.0,0.0,,,,2025-10-11T08:45:01Z
421,Rodrigo,Man City,MID,291,5,11,3.4,0,0,1,3,0,0,0,0,0,0,0,55,50.0,50.4,19.0,11.9,0.14,0.22,0.36000000000000004,3.76,0.6,d,75.0,100.0,0.0,0.0,0.0,2025-10-11T08:45:01Z
422,Kovačić,Man City,MID,0,0,0,,0,0,0,0,0,0,0,0,0,0,0,0,0.0,0.0,0.0,0.0,0.0,0.0,0.0,0.0,0.0,a,100.0,100.0,,,,2025-10-11T08:45:01Z
423,N.Gonzalez,Man City,MID,260,5,9,3.12,0,0,2,3,0,0,0,0,1,0,0,68,59.8,17.6,6.0,8.2,0.05,0.09,0.14,3.6900000000000004,0.1,a,,,0.0,0.0,0.0,2025-10-11T08:45:01Z
424,Bobb,Man City,MID,332,5,14,3.8,0,1,2,4,0,0,0,0,0,0,0,67,54.400000000000006,117.3,61.0,23.299999999999997,0.32999999999999996,0.71,1.04,4.41,0.3,a,,,0.0,0.271,0.0,2025-10-11T08:45:01Z
425,Echeverri,Man City,MID,0,0,0,,0,0,0,0,0,0,0,0,0,0,0,0,0.0,0.0,0.0,0.0,0.0,0.0,0.0,0.0,0.0,u,0.0,0.0,,,,2025-10-11T08:45:01Z
426,McAtee,Nott'm Forest,MID,67,3,3,4.03,0,0,0,4,0,0,0,0,0,0,0,13,9.600000000000001,35.7,4.0,5.0,0.0,0.13,0.13,2.03,0.1,a,,,0.0,0.0,0.0,2025-10-11T08:45:01Z
427,Reijnders,Man City,MID,525,6,29,4.97,1,2,3,5,0,0,0,0,1,0,2,109,117.0,120.5,101.0,33.9,0.85,0.42000000000000004,1.27,7.1499999999999995,32.9,a,,,0.171,0.343,0.0,2025-10-11T08:45:01Z
428,Nypan,Man City,MID,0,0,0,,0,0,0,0,0,0,0,0,0,0,0,0,0.0,0.0,0.0,0.0,0.0,0.0,0.0,0.0,0.0,u,0.0,0.0,,,,2025-10-11T08:45:01Z
429,Phillips,Man City,MID,0,0,0,,0,0,0,0,0,0,0,0,0,0,0,0,0.0,0.0,0.0,0.0,0.0,0.0,0.0,0.0,0.1,a,,,,,,2025-10-11T08:45:01Z
430,Haaland,Man City,FWD,503,6,54,9.66,7,0,4,4,0,0,0,0,0,0,14,215,239.39999999999998,34.3,309.0,58.4,6.47,0.33,6.8,6.779999999999999,61.2,a,100.0,100.0,1.252,0.0,0.0,2025-10-11T08:45:01Z
431,Bayindir,Man Utd,GK,450,5,9,1.8,0,0,0,8,0,8,0,0,0,0,0,38,74.0,10.0,0.0,8.4,0.0,0.04,0.04,7.22,0.4,a,,,0.0,0.0,1.6,2025-10-11T08:45:01Z
432,Onana,Man Utd,GK,0,0,0,,0,0,0,0,0,0,0,0,0,0,0,0,0.0,0.0,0.0,0.0,0.0,0.0,0.0,0.0,0.2,u,0.0,0.0,,,,2025-10-11T08:45:01Z
433,Harrison,Man Utd,GK,0,0,0,,0,0,0,0,0,0,0,0,0,0,0,0,0.0,0.0,0.0,0.0,0.0,0.0,0.0,0.0,0.0,u,0.0,0.0,,,,2025-10-11T08:45:01Z
434,Heaton,Man Utd,GK,0,0,0,,0,0,0,0,0,0,0,0,0,0,0,0,0.0,0.0,0.0,0.0,0.0,0.0,0.0,0.0,0.3,a,,,,,,2025-10-11T08:45:01Z
435,Mee,Man Utd,GK,0,0,0,,0,0,0,0,0,0,0,0,0,0,0,0,0.0,0.0,0.0,0.0,0.0,0.0,0.0,0.0,0.1,a,,,,,,2025-10-11T08:45:01Z
436,De Ligt,Man Utd,DEF,540,6,23,3.83,0,0,1,8,0,0,0,0,0,0,5,99,128.8,41.0,33.0,20.2,0.31,0.45,0.76,7.93,2.8,a,,,0.0,0.0,0.0,2025-10-11T08:45:01Z
437,Martinez,Man Utd,DEF,0,0,0,,0,0,0,0,0,0,0,0,0,0,0,0,0.0,0.0,0.0,0.0,0.0,0.0,0.0,0.0,0.1,i,0.0,0.0,,,,2025-10-11T08:45:01Z
438,Mazraoui,Man Utd,DEF,130,3,9,6.23,0,0,1,2,0,0,0,0,0,0,1,40,31.2,14.2,4.0,4.9,0.0,0.13,0.13,1.5899999999999999,0.2,d,50.0,0.0,0.0,0.0,0.0,2025-10-11T08:45:01Z
439,D.Leon,Man Utd,DEF,0,0,0,,0,0,0,0,0,0,0,0,0,0,0,0,0.0,0.0,0.0,0.0,0.0,0.0,0.0,0.0,0.1,a,,,,,,2025-10-11T08:45:01Z
440,Dalot,Man Utd,DEF,245,4,15,5.51,0,2,1,4,0,0,0,0,0,0,0,45,47.8,58.4,26.0,13.2,0.060000000000000005,0.65,0.71,3.46,0.9,a,100.0,100.0,0.0,0.735,0.0,2025-10-11T08:45:01Z
441,Dorgu,Man Utd,DEF,386,5,10,2.33,0,1,0,6,0,0,0,0,1,0,0,43,74.60000000000001,93.1,54.0,22.2,0.24000000000000002,0.55,0.79,6.359999999999999,4.4,a,,,0.0,0.233,0.0,2025-10-11T08:45:01Z
442,Maguire,Man Utd,DEF,115,5,15,11.74,0,1,1,1,0,0,0,0,0,0,2,37,24.799999999999997,11.600000000000001,10.0,4.6,0.21000000000000002,0.01,0.22,1.6400000000000001,0.7,a,,,0.0,0.783,0.0,2025-10-11T08:45:01Z
443,Shaw,Man Utd,DEF,525,6,14,2.4,0,0,1,8,0,0,0,0,0,0,0,52,65.2,26.1,5.0,9.6,0.08,0.12000000000000001,0.2,7.6899999999999995,0.3,a,,,0.0,0.0,0.0,2025-10-11T08:45:01Z
444,Yoro,Man Utd,DEF,425,6,19,4.02,0,1,1,7,0,0,0,0,0,0,1,56,54.0,19.6,24.0,9.7,0.29,0.04,0.33,6.5,2.0,a,,,0.0,0.212,0.0,2025-10-11T08:45:01Z
445,Amass,Man Utd,DEF,0,0,0,,0,0,0,0,0,0,0,0,0,0,0,0,0.0,0.0,0.0,0.0,0.0,0.0,0.0,0.0,0.1,u,0.0,0.0,,,,2025-10-11T08:45:01Z
446,Fredricson,Man Utd,DEF,0,0,0,,0,0,0,0,0,0,0,0,0,0,0,0,0.0,0.0,0.0,0.0,0.0,0.0,0.0,0.0,0.1,a,,,,,,2025-10-11T08:45:01Z
447,Heaven,Man Utd,DEF,3,1,1,30.0,0,0,0,0,0,0,0,0,0,0,0,3,2.0,0.0,0.0,0.2,0.0,0.0,0.0,0.03,1.1,a,,,0.0,0.0,0.0,2025-10-11T08:45:01Z
448,Malacia,Man Utd,DEF,0,0,0,,0,0,0,0,0,0,0,0,0,0,0,0,0.0,0.0,0.0,0.0,0.0,0.0,0.0,0.0,0.4,a,,,,,,2025-10-11T08:45:01Z
449,B.Fernandes,Man Utd,MID,536,6,29,4.87,2,0,1,8,0,0,0,1,1,0,5,140,182.2,257.7,109.0,55.0,2.9,1.29,4.1899999999999995,7.82,18.5,a,,,0.336,0.0,0.0,2025-10-11T08:45:01Z
450,Cunha,Man Utd,MID,261,5,7,2.41,0,0,0,3,0,0,0,0,0,0,0,37,38.4,48.9,113.0,20.1,1.21,0.25,1.46,3.71,4.0,a,100.0,100.0,0.0,0.0,0.0,2025-10-11T08:45:01Z
451,Rashford,Man Utd,MID,0,0,0,,0,0,0,0,0,0,0,0,0,0,0,0,0.0,0.0,0.0,0.0,0.0,0.0,0.0,0.0,0.0,u,0.0,0.0,,,,2025-10-11T08:45:01Z
452,Amad,Man Utd,MID,446,6,14,2.83,0,1,1,6,0,0,0,0,0,0,0,89,78.2,112.4,125.0,31.6,1.8900000000000001,0.84,2.73,6.03,1.2,a,100.0,100.0,0.0,0.202,0.0,2025-10-11T08:45:01Z
453,Garnacho,Man Utd,MID,85,2,3,3.18,0,0,0,2,0,0,0,0,0,0,0,12,3.8,15.5,15.0,3.5,0.05,0.09,0.14,2.25,0.3,a,,,0.0,0.0,0.0,2025-10-11T08:45:01Z
454,Antony,Man Utd,MID,0,0,0,,0,0,0,0,0,0,0,0,0,0,0,0,0.0,0.0,0.0,0.0,0.0,0.0,0.0,0.0,0.1,u,0.0,0.0,,,,2025-10-11T08:45:01Z
455,Mount,Man Utd,MID,262,5,17,5.84,1,0,2,2,0,0,0,0,0,0,2,57,55.8,82.7,54.0,19.3,0.33999999999999997,0.5,0.8400000000000001,3.0300000000000002,0.2,a,100.0,100.0,0.344,0.0,0.0,2025-10-11T08:45:01Z
456,Sancho,Man Utd,MID,8,1,1,11.25,0,0,0,0,0,0,0,0,0,0,0,2,0.8,2.8,7.0,1.1,0.02,0.04,0.06,0.0,0.2,d,75.0,75.0,0.0,0.0,0.0,2025-10-11T08:45:01Z
457,Casemiro,Man Utd,MID,330,6,15,4.09,1,1,1,4,0,0,0,0,2,1,0,65,68.6,37.3,53.0,15.9,1.04,0.09,1.13,3.91,0.2,a,100.0,100.0,0.273,0.273,0.0,2025-10-11T08:45:01Z
458,Mainoo,Man Utd,MID,89,4,4,4.04,0,0,0,3,0,0,0,0,0,0,0,18,18.4,39.7,3.0,6.1000000000000005,0.07,0.11,0.18,2.45,0.5,a,,,0.0,0.0,0.0,2025-10-11T08:45:01Z
459,Ugarte,Man Utd,MID,175,5,8,4.11,0,0,0,5,0,0,0,0,0,0,0,33,28.0,21.5,2.0,5.1,0.05,0.02,0.07,3.8,0.1,a,,,0.0,0.0,0.0,2025-10-11T08:45:01Z
460,Collyer,Man Utd,MID,0,0,0,,0,0,0,0,0,0,0,0,0,0,0,0,0.0,0.0,0.0,0.0,0.0,0.0,0.0,0.0,0.0,u,0.0,0.0,,,,2025-10-11T08:45:01Z
461,Fitzgerald,Man Utd,MID,0,0,0,,0,0,0,0,0,0,0,0,0,0,0,0,0.0,0.0,0.0,0.0,0.0,0.0,0.0,0.0,0.0,a,,,,,,2025-10-11T08:45:01Z
462,J.Fletcher,Man Utd,MID,0,0,0,,0,0,0,0,0,0,0,0,0,0,0,0,0.0,0.0,0.0,0.0,0.0,0.0,0.0,0.0,0.1,a,,,,,,2025-10-11T08:45:01Z
463,Kone,Man Utd,MID,0,0,0,,0,0,0,0,0,0,0,0,0,0,0,0,0.0,0.0,0.0,0.0,0.0,0.0,0.0,0.0,0.1,a,,,,,,2025-10-11T08:45:01Z
464,Moorhouse,Man Utd,MID,0,0,0,,0,0,0,0,0,0,0,0,0,0,0,0,0.0,0.0,0.0,0.0,0.0,0.0,0.0,0.0,0.0,u,0.0,0.0,,,,2025-10-11T08:45:01Z
465,Højlund,Man Utd,FWD,0,0,0,,0,0,0,0,0,0,0,0,0,0,0,0,0.0,0.0,0.0,0.0,0.0,0.0,0.0,0.0,0.3,u,0.0,0.0,,,,2025-10-11T08:45:01Z
466,Zirkzee,Man Utd,FWD,69,2,2,2.61,0,0,0,2,0,0,0,0,0,0,0,2,8.399999999999999,15.700000000000001,54.0,7.8999999999999995,0.67,0.03,0.7,1.38,0.4,a,100.0,100.0,0.0,0.0,0.0,2025-10-11T08:45:01Z
467,Obi,Man Utd,FWD,0,0,0,,0,0,0,0,0,0,0,0,0,0,0,0,0.0,0.0,0.0,0.0,0.0,0.0,0.0,0.0,1.6,a,,,,,,2025-10-11T08:45:01Z
468,Wheatley,Man Utd,FWD,0,0,0,,0,0,0,0,0,0,0,0,0,0,0,0,0.0,0.0,0.0,0.0,0.0,0.0,0.0,0.0,0.1,u,0.0,0.0,,,,2025-10-11T08:45:01Z
469,Pope,Newcastle,GK,540,6,39,6.5,0,1,5,3,0,14,0,0,1,0,3,146,117.4,0.0,0.0,11.7,0.0,0.0,0.0,2.94,9.8,a,,,0.0,0.167,2.333,2025-10-11T08:45:01Z
470,Dúbravka,Burnley,GK,540,6,19,3.17,0,0,1,10,0,24,0,0,0,0,0,89,177.2,0.0,0.0,17.8,0.0,0.0,0.0,11.64,34.1,a,100.0,100.0,0.0,0.0,4.0,2025-10-11T08:45:01Z
471,Gillespie,Newcastle,GK,0,0,0,,0,0,0,0,0,0,0,0,0,0,0,0,0.0,0.0,0.0,0.0,0.0,0.0,0.0,0.0,0.1,a,,,,,,2025-10-11T08:45:01Z
472,Odysseas,Newcastle,GK,0,0,0,,0,0,0,0,0,0,0,0,0,0,0,0,0.0,0.0,0.0,0.0,0.0,0.0,0.0,0.0,0.0,u,0.0,0.0,,,,2025-10-11T08:45:01Z
473,Hall,Newcastle,DEF,133,3,9,6.09,0,0,1,1,0,0,0,0,0,0,1,31,27.4,4.0,7.0,3.9,0.04,0.05,0.09,1.0,1.1,d,25.0,,0.0,0.0,0.0,2025-10-11T08:45:01Z
474,Schär,Newcastle,DEF,350,4,23,5.91,0,0,3,2,0,0,0,0,0,0,0,82,80.0,25.0,15.0,12.100000000000001,0.08,0.07,0.15000000000000002,1.72,2.0,a,100.0,100.0,0.0,0.0,0.0,2025-10-11T08:45:01Z
475,Botman,Newcastle,DEF,248,4,23,8.35,0,0,3,0,0,0,0,0,0,0,4,91,65.2,11.4,19.0,9.5,0.08,0.23,0.31,1.47,0.6,a,,,0.0,0.0,0.0,2025-10-11T08:45:01Z
476,Burn,Newcastle,DEF,540,6,43,7.17,0,1,5,3,0,0,0,0,1,0,4,135,116.2,29.8,27.0,17.3,0.05,0.13,0.18,2.94,8.4,a,,,0.0,0.167,0.0,2025-10-11T08:45:01Z
477,Livramento,Newcastle,DEF,450,5,31,6.2,0,1,4,3,0,0,0,0,0,0,3,114,68.2,55.2,16.0,13.9,0.0,0.32,0.32,2.65,5.8,i,0.0,0.0,0.0,0.2,0.0,2025-10-11T08:45:01Z
478,Trippier,Newcastle,DEF,406,5,27,5.99,0,0,4,2,0,0,0,0,0,0,2,100,55.400000000000006,173.7,4.0,23.2,0.0,0.48,0.48,1.94,2.6,a,100.0,100.0,0.0,0.0,0.0,2025-10-11T08:45:01Z
479,Krafth,Newcastle,DEF,0,0,0,,0,0,0,0,0,0,0,0,0,0,0,0,0.0,0.0,0.0,0.0,0.0,0.0,0.0,0.0,0.0,a,,,,,,2025-10-11T08:45:01Z
480,Lascelles,Newcastle,DEF,6,1,1,15.0,0,0,0,0,0,0,0,0,0,0,0,4,3.0,0.0,0.0,0.3,0.0,0.0,0.0,0.13,0.1,a,,,0.0,0.0,0.0,2025-10-11T08:45:01Z
481,A.Murphy,Newcastle,DEF,0,0,0,,0,0,0,0,0,0,0,0,0,0,0,0,0.0,0.0,0.0,0.0,0.0,0.0,0.0,0.0,0.7,a,,,,,,2025-10-11T08:45:01Z
482,Ashby,Newcastle,DEF,0,0,0,,0,0,0,0,0,0,0,0,0,0,0,0,0.0,0.0,0.0,0.0,0.0,0.0,0.0,0.0,0.2,a,,,,,,2025-10-11T08:45:01Z
483,Pivas,Newcastle,DEF,0,0,0,,0,0,0,0,0,0,0,0,0,0,0,0,0.0,0.0,0.0,0.0,0.0,0.0,0.0,0.0,0.2,a,,,,,,2025-10-11T08:45:01Z
484,Targett,Newcastle,DEF,0,0,0,,0,0,0,0,0,0,0,0,0,0,0,0,0.0,0.0,0.0,0.0,0.0,0.0,0.0,0.0,0.2,u,0.0,0.0,,,,2025-10-11T08:45:01Z
485,Gordon,Newcastle,MID,206,3,4,1.75,0,0,2,3,0,0,0,0,0,1,0,7,9.2,26.0,93.0,12.600000000000001,1.1600000000000001,0.07,1.23,0.44000000000000006,2.4,a,100.0,100.0,0.0,0.0,0.0,2025-10-11T08:45:01Z
486,Elanga,Newcastle,MID,302,6,11,3.28,0,0,2,3,0,0,0,0,0,0,0,34,30.2,76.2,53.0,15.9,0.57,0.16,0.73,1.33,4.7,a,,,0.0,0.0,0.0,2025-10-11T08:45:01Z
487,Barnes,Newcastle,MID,313,6,11,3.16,0,0,2,2,0,0,0,0,0,0,0,34,23.200000000000003,79.1,68.0,16.9,0.6799999999999999,0.8,1.48,1.27,0.5,a,,,0.0,0.0,0.0,2025-10-11T08:45:01Z
488,Bruno G.,Newcastle,MID,450,5,28,5.6,2,1,4,3,0,0,0,0,2,0,3,108,104.0,89.1,42.0,23.5,0.32,0.34,0.66,2.38,2.1,a,,,0.4,0.2,0.0,2025-10-11T08:45:01Z
489,J.Murphy,Newcastle,MID,244,5,14,5.16,0,1,3,0,0,0,0,0,0,0,0,49,47.4,55.599999999999994,114.0,21.599999999999998,1.17,0.65,1.8200000000000003,1.71,1.0,a,,,0.0,0.369,0.0,2025-10-11T08:45:01Z
490,Joelinton,Newcastle,MID,311,4,10,2.89,0,0,3,2,0,0,0,0,1,0,0,38,26.0,35.900000000000006,82.0,14.5,0.52,0.35000000000000003,0.87,1.2,0.3,a,100.0,100.0,0.0,0.0,0.0,2025-10-11T08:45:01Z
491,Tonali,Newcastle,MID,515,6,17,2.97,0,0,5,2,0,0,0,0,0,0,0,100,73.8,136.4,66.0,27.6,0.34,0.49,0.83,2.57,1.4,a,100.0,100.0,0.0,0.0,0.0,2025-10-11T08:45:01Z
492,Antoñito C.,Newcastle,MID,0,0,0,,0,0,0,0,0,0,0,0,0,0,0,0,0.0,0.0,0.0,0.0,0.0,0.0,0.0,0.0,0.0,u,0.0,0.0,,,,2025-10-11T08:45:01Z
493,Longstaff,Leeds,MID,385,6,13,3.04,0,0,1,5,0,0,0,0,0,0,0,73,56.4,90.2,17.0,16.4,0.33,0.23,0.56,4.38,0.6,a,,,0.0,0.0,0.0,2025-10-11T08:45:01Z
494,Willock,Newcastle,MID,86,2,4,4.19,0,0,1,0,0,0,0,0,0,0,0,16,10.6,2.2,6.0,1.8,0.09,0.01,0.09999999999999999,0.52,0.1,a,100.0,100.0,0.0,0.0,0.0,2025-10-11T08:45:01Z
495,Hayden,Newcastle,MID,0,0,0,,0,0,0,0,0,0,0,0,0,0,0,0,0.0,0.0,0.0,0.0,0.0,0.0,0.0,0.0,0.0,u,0.0,0.0,,,,2025-10-11T08:45:01Z
496,Kuol,Newcastle,MID,0,0,0,,0,0,0,0,0,0,0,0,0,0,0,0,0.0,0.0,0.0,0.0,0.0,0.0,0.0,0.0,0.0,u,0.0,0.0,,,,2025-10-11T08:45:01Z
497,L.Miley,Newcastle,MID,167,5,7,3.77,0,0,1,1,0,0,0,0,0,0,0,32,21.799999999999997,27.2,6.0,5.6,0.03,0.04,0.07,1.11,2.2,a,,,0.0,0.0,0.0,2025-10-11T08:45:01Z
498,White,Newcastle,MID,0,0,0,,0,0,0,0,0,0,0,0,0,0,0,0,0.0,0.0,0.0,0.0,0.0,0.0,0.0,0.0,0.0,u,0.0,0.0,,,,2025-10-11T08:45:01Z
499,Isak,Newcastle,FWD,96,2,6,5.62,0,1,0,1,0,0,0,0,0,0,0,20,19.2,18.2,10.0,4.8,0.18,0.02,0.2,0.22,10.8,a,100.0,100.0,0.0,0.938,0.0,2025-10-11T08:45:01Z
500,Osula,Newcastle,FWD,137,6,11,7.23,1,0,1,1,0,0,0,0,0,0,0,41,37.2,13.6,31.0,7.9,0.4,0.02,0.42,1.28,0.3,a,,,0.657,0.0,0.0,2025-10-11T08:45:01Z
501,Neave,Newcastle,FWD,0,0,0,,0,0,0,0,0,0,0,0,0,0,0,0,0.0,0.0,0.0,0.0,0.0,0.0,0.0,0.0,0.2,a,,,,,,2025-10-11T08:45:01Z
502,Sels,Nott'm Forest,GK,540,6,13,2.17,0,0,0,11,0,23,0,0,1,0,0,65,178.0,0.0,0.0,17.9,0.0,0.0,0.0,10.99,10.5,a,,,0.0,0.0,3.833,2025-10-11T08:45:01Z
503,C.Miguel,Nott'm Forest,GK,0,0,0,,0,0,0,0,0,0,0,0,0,0,0,0,0.0,0.0,0.0,0.0,0.0,0.0,0.0,0.0,0.1,u,0.0,0.0,,,,2025-10-11T08:45:01Z
504,Turner,Nott'm Forest,GK,0,0,0,,0,0,0,0,0,0,0,0,0,0,0,0,0.0,0.0,0.0,0.0,0.0,0.0,0.0,0.0,0.1,u,0.0,0.0,,,,2025-10-11T08:45:01Z
505,Milenković,Nott'm Forest,DEF,540,6,11,1.83,0,0,0,11,0,0,0,0,0,0,0,43,88.2,18.7,10.0,11.8,0.05,0.16,0.21000000000000002,10.99,5.2,a,,,0.0,0.0,0.0,2025-10-11T08:45:01Z
506,Murillo,Nott'm Forest,DEF,306,4,7,2.06,0,0,0,6,0,0,0,0,1,0,0,23,54.0,11.899999999999999,0.0,6.6,0.0,0.19999999999999998,0.19999999999999998,5.97,2.3,a,100.0,75.0,0.0,0.0,0.0,2025-10-11T08:45:01Z
507,Aina,Nott'm Forest,DEF,270,3,6,2.0,0,0,0,5,0,0,0,0,1,0,0,20,53.8,33.300000000000004,11.0,9.8,0.04,0.32,0.36,5.02,3.4,i,0.0,0.0,0.0,0.0,0.0,2025-10-11T08:45:01Z
508,N.Williams,Nott'm Forest,DEF,540,6,14,2.33,1,0,0,11,0,0,0,0,3,0,2,62,129.2,58.900000000000006,77.0,26.5,0.22,0.16,0.38,10.99,4.7,a,,,0.167,0.0,0.0,2025-10-11T08:45:01Z
509,David Carmo,Nott'm Forest,DEF,0,0,0,,0,0,0,0,0,0,0,0,0,0,0,0,0.0,0.0,0.0,0.0,0.0,0.0,0.0,0.0,0.0,u,0.0,0.0,,,,2025-10-11T08:45:01Z
510,Jair Cunha,Nott'm Forest,DEF,90,1,3,3.0,0,0,0,2,0,0,0,0,0,0,0,9,26.0,0.4,0.0,2.6,0.0,0.0,0.0,3.28,0.1,a,,,0.0,0.0,0.0,2025-10-11T08:45:01Z
511,Morato,Nott'm Forest,DEF,256,3,5,1.76,0,0,0,5,0,0,0,0,2,0,0,16,54.0,3.1,0.0,5.7,0.0,0.02,0.02,4.12,0.1,a,,,0.0,0.0,0.0,2025-10-11T08:45:01Z
512,O.Richards,Nott'm Forest,DEF,0,0,0,,0,0,0,0,0,0,0,0,0,0,0,0,0.0,0.0,0.0,0.0,0.0,0.0,0.0,0.0,0.0,u,0.0,0.0,,,,2025-10-11T08:45:01Z
513,Abbott,Nott'm Forest,DEF,0,0,0,,0,0,0,0,0,0,0,0,0,0,0,0,0.0,0.0,0.0,0.0,0.0,0.0,0.0,0.0,0.2,a,,,,,,2025-10-11T08:45:01Z
514,Boly,Nott'm Forest,DEF,0,0,0,,0,0,0,0,0,0,0,0,0,0,0,0,0.0,0.0,0.0,0.0,0.0,0.0,0.0,0.0,0.5,a,,,,,,2025-10-11T08:45:01Z
515,Gibbs-White,Nott'm Forest,MID,506,6,17,3.02,0,1,0,10,0,0,0,0,0,0,0,82,65.6,126.89999999999999,102.0,29.2,0.88,0.6000000000000001,1.48,10.9,3.6,a,,,0.0,0.178,0.0,2025-10-11T08:45:01Z
516,Hudson-Odoi,Nott'm Forest,MID,365,6,17,4.19,1,0,0,7,0,0,0,0,0,0,3,72,70.0,106.89999999999999,79.0,25.7,0.45,0.39999999999999997,0.8500000000000001,8.4,1.0,a,,,0.247,0.0,0.0,2025-10-11T08:45:01Z
517,Anderson,Nott'm Forest,MID,540,6,19,3.17,0,1,0,11,0,0,0,0,1,0,1,116,127.39999999999999,147.2,39.0,31.4,0.45,0.75,1.2,10.99,3.8,a,,,0.0,0.167,0.0,2025-10-11T08:45:01Z
518,Jota,Nott'm Forest,MID,11,1,1,8.18,0,0,0,0,0,0,0,0,0,0,0,6,5.0,0.5,4.0,1.0,0.0,0.0,0.0,0.0,0.0,u,0.0,0.0,0.0,0.0,0.0,2025-10-11T08:45:01Z
519,Dominguez,Nott'm Forest,MID,0,0,0,,0,0,0,0,0,0,0,0,0,0,0,0,0.0,0.0,0.0,0.0,0.0,0.0,0.0,0.0,0.0,a,100.0,100.0,,,,2025-10-11T08:45:01Z
520,O'Brien,Nott'm Forest,MID,0,0,0,,0,0,0,0,0,0,0,0,0,0,0,0,0.0,0.0,0.0,0.0,0.0,0.0,0.0,0.0,0.0,u,0.0,0.0,,,,2025-10-11T08:45:01Z
521,Sangaré,Nott'm Forest,MID,351,5,11,2.82,0,0,0,6,0,0,0,0,0,0,0,53,33.2,19.0,2.0,5.5,0.03,0.08,0.11,5.98,0.1,a,,,0.0,0.0,0.0,2025-10-11T08:45:01Z
522,Yates,Nott'm Forest,MID,88,4,4,4.09,0,0,0,2,0,0,0,0,1,0,0,14,19.799999999999997,5.300000000000001,19.0,4.300000000000001,0.07,0.01,0.08,1.11,0.1,a,,,0.0,0.0,0.0,2025-10-11T08:45:01Z
523,Da Silva Moreira,Nott'm Forest,MID,0,0,0,,0,0,0,0,0,0,0,0,0,0,0,0,0.0,0.0,0.0,0.0,0.0,0.0,0.0,0.0,0.1,u,0.0,0.0,,,,2025-10-11T08:45:01Z
524,Stamenic,Nott'm Forest,MID,0,0,0,,0,0,0,0,0,0,0,0,0,0,0,0,0.0,0.0,0.0,0.0,0.0,0.0,0.0,0.0,0.0,u,0.0,0.0,,,,2025-10-11T08:45:01Z
525,Wood,Nott'm Forest,FWD,433,6,22,4.57,2,0,1,6,0,0,0,0,0,0,3,80,75.60000000000001,47.6,135.0,25.4,2.03,0.11,2.1399999999999997,6.65,12.0,a,,,0.416,0.0,0.0,2025-10-11T08:45:01Z
526,Igor Jesus,Nott'm Forest,FWD,71,5,5,6.34,0,0,0,4,0,0,0,0,0,0,0,19,13.2,13.1,27.0,5.1,0.11000000000000001,0.03,0.14,4.25,0.7,a,,,0.0,0.0,0.0,2025-10-11T08:45:01Z
527,Awoniyi,Nott'm Forest,FWD,0,0,0,,0,0,0,0,0,0,0,0,0,0,0,0,0.0,0.0,0.0,0.0,0.0,0.0,0.0,0.0,0.4,a,,,,,,2025-10-11T08:45:01Z
528,Patterson,Sunderland,GK,0,0,0,,0,0,0,0,0,0,0,0,0,0,0,0,0.0,0.0,0.0,0.0,0.0,0.0,0.0,0.0,0.2,a,,,,,,2025-10-11T08:45:01Z
529,Moore,Sunderland,GK,0,0,0,,0,0,0,0,0,0,0,0,0,0,0,0,0.0,0.0,0.0,0.0,0.0,0.0,0.0,0.0,0.4,a,,,,,,2025-10-11T08:45:01Z
530,Nna Noukeu,Sunderland,GK,0,0,0,,0,0,0,0,0,0,0,0,0,0,0,0,0.0,0.0,0.0,0.0,0.0,0.0,0.0,0.0,0.1,a,,,,,,2025-10-11T08:45:01Z
531,Ballard,Sunderland,DEF,204,4,22,9.71,1,0,1,1,0,0,0,0,0,0,3,75,124.19999999999999,21.4,74.0,22.0,0.36,0.18000000000000002,0.54,1.6500000000000001,2.4,a,100.0,100.0,0.441,0.0,0.0,2025-10-11T08:45:01Z
532,Hume,Sunderland,DEF,528,6,20,3.41,0,0,2,6,0,0,0,0,0,0,0,80,90.2,73.8,15.0,17.9,0.1,0.23,0.33,6.7,0.3,a,,,0.0,0.0,0.0,2025-10-11T08:45:01Z
533,Alese,Sunderland,DEF,0,0,0,,0,0,0,0,0,0,0,0,0,0,0,0,0.0,0.0,0.0,0.0,0.0,0.0,0.0,0.0,0.0,i,0.0,0.0,,,,2025-10-11T08:45:01Z
534,Anderson,Sunderland,DEF,0,0,0,,0,0,0,0,0,0,0,0,0,0,0,0,0.0,0.0,0.0,0.0,0.0,0.0,0.0,0.0,0.5,a,,,,,,2025-10-11T08:45:01Z
535,Cirkin,Sunderland,DEF,0,0,0,,0,0,0,0,0,0,0,0,0,0,0,0,0.0,0.0,0.0,0.0,0.0,0.0,0.0,0.0,0.0,i,0.0,0.0,,,,2025-10-11T08:45:01Z
536,Hjelde,Sunderland,DEF,0,0,0,,0,0,0,0,0,0,0,0,0,0,0,0,0.0,0.0,0.0,0.0,0.0,0.0,0.0,0.0,0.0,i,0.0,0.0,,,,2025-10-11T08:45:01Z
537,Huggins,Sunderland,DEF,0,0,0,,0,0,0,0,0,0,0,0,0,0,0,0,0.0,0.0,0.0,0.0,0.0,0.0,0.0,0.0,0.1,u,0.0,0.0,,,,2025-10-11T08:45:01Z
538,Johnson,Sunderland,DEF,0,0,0,,0,0,0,0,0,0,0,0,0,0,0,0,0.0,0.0,0.0,0.0,0.0,0.0,0.0,0.0,0.3,a,,,,,,2025-10-11T08:45:01Z
539,O'Nien,Sunderland,DEF,0,0,0,,0,0,0,0,0,0,0,0,0,0,0,0,0.0,0.0,0.0,0.0,0.0,0.0,0.0,0.0,0.0,a,100.0,100.0,,,,2025-10-11T08:45:01Z
540,Pembele,Sunderland,DEF,0,0,0,,0,0,0,0,0,0,0,0,0,0,0,0,0.0,0.0,0.0,0.0,0.0,0.0,0.0,0.0,0.5,a,,,,,,2025-10-11T08:45:01Z
541,Reinildo,Sunderland,DEF,392,5,14,3.21,0,0,2,4,0,0,0,0,1,1,0,66,74.2,18.3,6.0,9.9,0.02,0.04,0.06,4.78,5.2,s,0.0,0.0,0.0,0.0,0.0,2025-10-11T08:45:01Z
542,Seelt,Sunderland,DEF,133,2,2,1.35,0,0,0,2,0,0,0,0,0,0,0,11,33.599999999999994,2.4000000000000004,0.0,3.6,0.0,0.01,0.01,1.33,0.1,u,0.0,0.0,0.0,0.0,0.0,2025-10-11T08:45:01Z
543,Adingra,Sunderland,MID,266,5,12,4.06,0,1,2,4,0,0,0,0,1,0,0,34,28.4,77.8,6.0,11.2,0.14,0.25,0.39,2.96,0.7,a,,,0.0,0.338,0.0,2025-10-11T08:45:01Z
544,Diarra,Sunderland,MID,345,4,12,3.13,0,1,2,2,0,0,0,0,1,0,0,23,10.6,31.0,45.0,8.0,0.5,0.08,0.58,3.87,0.1,i,0.0,0.0,0.0,0.261,0.0,2025-10-11T08:45:01Z
545,Roberts,Sunderland,MID,27,1,1,3.33,0,0,0,1,0,0,0,0,0,0,0,4,1.8,7.3,5.0,1.4,0.03,0.02,0.05,0.66,0.0,u,0.0,0.0,0.0,0.0,0.0,2025-10-11T08:45:01Z
546,Aleksić,Sunderland,MID,0,0,0,,0,0,0,0,0,0,0,0,0,0,0,0,0.0,0.0,0.0,0.0,0.0,0.0,0.0,0.0,0.0,u,0.0,0.0,,,,2025-10-11T08:45:01Z
547,E.Le Fée,Sunderland,MID,301,5,17,5.08,1,0,0,5,0,0,0,0,0,0,2,61,81.60000000000001,50.4,25.0,15.7,0.8300000000000001,0.09,0.9199999999999999,4.390000000000001,0.4,a,100.0,100.0,0.299,0.0,0.0,2025-10-11T08:45:01Z
548,Mundle,Sunderland,MID,0,0,0,,0,0,0,0,0,0,0,0,0,0,0,0,0.0,0.0,0.0,0.0,0.0,0.0,0.0,0.0,0.0,i,0.0,0.0,,,,2025-10-11T08:45:01Z
549,Neil,Sunderland,MID,1,1,1,90.0,0,0,0,0,0,0,0,0,0,0,0,4,1.0,0.0,0.0,0.1,0.0,0.0,0.0,0.1,0.0,a,,,0.0,0.0,0.0,2025-10-11T08:45:01Z
550,Poveda,Sunderland,MID,0,0,0,,0,0,0,0,0,0,0,0,0,0,0,0,0.0,0.0,0.0,0.0,0.0,0.0,0.0,0.0,0.0,a,,,,,,2025-10-11T08:45:01Z
551,Rigg,Sunderland,MID,38,3,3,7.11,0,0,0,0,0,0,0,0,0,0,0,11,1.4,12.1,4.0,1.8,0.06,0.03,0.09,0.38,0.0,a,,,0.0,0.0,0.0,2025-10-11T08:45:01Z
552,Sadiki,Sunderland,MID,533,6,12,2.03,0,0,2,6,0,0,0,0,2,0,0,59,55.8,66.9,10.0,13.4,0.02,0.31,0.33,6.6,0.1,a,,,0.0,0.0,0.0,2025-10-11T08:45:01Z
553,Talbi,Sunderland,MID,417,6,17,3.67,0,1,3,2,0,0,0,0,0,0,0,46,44.2,87.0,55.0,18.6,0.8500000000000001,0.26,1.1099999999999999,4.51,0.2,a,,,0.0,0.216,0.0,2025-10-11T08:45:01Z
554,Ba,Sunderland,MID,0,0,0,,0,0,0,0,0,0,0,0,0,0,0,0,0.0,0.0,0.0,0.0,0.0,0.0,0.0,0.0,0.2,a,,,,,,2025-10-11T08:45:01Z
555,Browne,Sunderland,MID,0,0,0,,0,0,0,0,0,0,0,0,0,0,0,0,0.0,0.0,0.0,0.0,0.0,0.0,0.0,0.0,0.0,u,0.0,0.0,,,,2025-10-11T08:45:01Z
556,Ekwah,Sunderland,MID,0,0,0,,0,0,0,0,0,0,0,0,0,0,0,0,0.0,0.0,0.0,0.0,0.0,0.0,0.0,0.0,0.0,u,0.0,0.0,,,,2025-10-11T08:45:01Z
557,H.Jones,Sunderland,MID,0,0,0,,0,0,0,0,0,0,0,0,0,0,0,0,0.0,0.0,0.0,0.0,0.0,0.0,0.0,0.0,0.1,a,,,,,,2025-10-11T08:45:01Z
558,Matete,Sunderland,MID,0,0,0,,0,0,0,0,0,0,0,0,0,0,0,0,0.0,0.0,0.0,0.0,0.0,0.0,0.0,0.0,0.2,a,,,,,,2025-10-11T08:45:01Z
559,Triantis,Sunderland,MID,0,0,0,,0,0,0,0,0,0,0,0,0,0,0,0,0.0,0.0,0.0,0.0,0.0,0.0,0.0,0.0,0.1,u,0.0,0.0,,,,2025-10-11T08:45:01Z
560,Isidor,Sunderland,FWD,293,6,26,7.99,3,0,1,5,0,0,0,0,0,0,6,98,107.60000000000001,2.5999999999999996,120.0,23.0,1.01,0.0,1.01,4.6499999999999995,3.3,a,,,0.922,0.0,0.0,2025-10-11T08:45:01Z
561,Mayenda,Sunderland,FWD,243,5,14,5.19,1,0,2,1,0,0,0,0,0,0,2,51,48.0,24.6,50.0,12.1,0.47,0.06,0.53,2.33,0.9,a,,,0.37,0.0,0.0,2025-10-11T08:45:01Z
562,Abdullahi,Sunderland,FWD,0,0,0,,0,0,0,0,0,0,0,0,0,0,0,0,0.0,0.0,0.0,0.0,0.0,0.0,0.0,0.0,0.4,a,,,,,,2025-10-11T08:45:01Z
563,Luís Hemir,Sunderland,FWD,0,0,0,,0,0,0,0,0,0,0,0,0,0,0,0,0.0,0.0,0.0,0.0,0.0,0.0,0.0,0.0,0.1,u,0.0,0.0,,,,2025-10-11T08:45:01Z
564,Rusyn,Sunderland,FWD,0,0,0,,0,0,0,0,0,0,0,0,0,0,0,0,0.0,0.0,0.0,0.0,0.0,0.0,0.0,0.0,0.1,u,0.0,0.0,,,,2025-10-11T08:45:01Z
565,Vicario,Spurs,GK,540,6,33,5.5,0,0,3,4,0,22,0,0,0,0,5,150,176.8,0.1,0.0,17.7,0.0,0.01,0.01,7.68,11.9,a,,,0.0,0.0,3.667,2025-10-11T08:45:01Z
566,Austin,Spurs,GK,0,0,0,,0,0,0,0,0,0,0,0,0,0,0,0,0.0,0.0,0.0,0.0,0.0,0.0,0.0,0.0,0.3,a,,,,,,2025-10-11T08:45:01Z
567,Kinsky,Spurs,GK,0,0,0,,0,0,0,0,0,0,0,0,0,0,0,0,0.0,0.0,0.0,0.0,0.0,0.0,0.0,0.0,1.8,a,,,,,,2025-10-11T08:45:01Z
568,Pedro Porro,Spurs,DEF,518,6,29,5.04,0,1,3,4,0,0,0,0,1,0,0,115,112.6,143.2,23.0,28.0,0.11,0.86,0.97,7.65,21.5,a,,,0.0,0.174,0.0,2025-10-11T08:45:01Z
569,Romero,Spurs,DEF,540,6,30,5.0,0,1,3,4,0,0,0,0,3,0,3,127,141.6,27.3,45.0,21.3,0.07,0.2,0.27,7.68,7.3,a,,,0.0,0.167,0.0,2025-10-11T08:45:01Z
570,Danso,Spurs,DEF,16,3,3,16.88,0,0,0,0,0,0,0,0,0,0,0,10,8.4,0.8,0.0,0.9,0.0,0.0,0.0,0.24,0.1,a,,,0.0,0.0,0.0,2025-10-11T08:45:01Z
571,Davies,Spurs,DEF,0,0,0,,0,0,0,0,0,0,0,0,0,0,0,0,0.0,0.0,0.0,0.0,0.0,0.0,0.0,0.0,0.1,a,100.0,100.0,,,,2025-10-11T08:45:01Z
572,Dragusin,Spurs,DEF,0,0,0,,0,0,0,0,0,0,0,0,0,0,0,0,0.0,0.0,0.0,0.0,0.0,0.0,0.0,0.0,0.0,i,0.0,0.0,,,,2025-10-11T08:45:01Z
573,Spence,Spurs,DEF,341,5,19,5.01,0,0,3,1,0,0,0,0,2,0,0,68,41.800000000000004,31.799999999999997,26.0,9.9,0.18,0.12000000000000001,0.3,4.68,2.1,a,,,0.0,0.0,0.0,2025-10-11T08:45:01Z
574,Udogie,Spurs,DEF,218,4,5,2.06,0,0,0,3,0,0,0,0,0,0,0,28,37.4,42.2,36.0,11.600000000000001,0.02,0.22,0.24,3.0300000000000002,0.6,a,100.0,100.0,0.0,0.0,0.0,2025-10-11T08:45:01Z
575,Van de Ven,Spurs,DEF,529,6,30,5.1,1,0,3,4,0,0,0,0,1,0,2,122,121.60000000000001,17.400000000000002,39.0,17.8,0.6799999999999999,0.03,0.71,7.68,33.9,a,,,0.17,0.0,0.0,2025-10-11T08:45:01Z
576,Phillips,Spurs,DEF,0,0,0,,0,0,0,0,0,0,0,0,0,0,0,0,0.0,0.0,0.0,0.0,0.0,0.0,0.0,0.0,0.0,u,0.0,0.0,,,,2025-10-11T08:45:01Z
577,Takai,Spurs,DEF,0,0,0,,0,0,0,0,0,0,0,0,0,0,0,0,0.0,0.0,0.0,0.0,0.0,0.0,0.0,0.0,0.1,d,50.0,50.0,,,,2025-10-11T08:45:01Z
578,Vuskovic,Spurs,DEF,0,0,0,,0,0,0,0,0,0,0,0,0,0,0,0,0.0,0.0,0.0,0.0,0.0,0.0,0.0,0.0,0.5,u,0.0,0.0,,,,2025-10-11T08:45:01Z
579,Son,Spurs,MID,0,0,0,,0,0,0,0,0,0,0,0,0,0,0,0,0.0,0.0,0.0,0.0,0.0,0.0,0.0,0.0,0.1,u,0.0,0.0,,,,2025-10-11T08:45:01Z
580,Johnson,Spurs,MID,238,6,21,7.94,2,0,2,1,0,0,0,0,1,0,2,70,89.0,44.800000000000004,50.0,18.5,0.9,0.15,1.05,4.17,4.5,a,,,0.756,0.0,0.0,2025-10-11T08:45:01Z
581,Maddison,Spurs,MID,0,0,0,,0,0,0,0,0,0,0,0,0,0,0,0,0.0,0.0,0.0,0.0,0.0,0.0,0.0,0.0,0.1,i,0.0,0.0,,,,2025-10-11T08:45:01Z
582,Kudus,Spurs,MID,528,6,37,6.31,1,5,3,4,0,0,0,0,2,0,4,116,164.8,191.7,101.0,45.7,0.9099999999999999,1.06,1.97,7.43,33.2,a,,,0.17,0.852,0.0,2025-10-11T08:45:01Z
583,Kulusevski,Spurs,MID,0,0,0,,0,0,0,0,0,0,0,0,0,0,0,0,0.0,0.0,0.0,0.0,0.0,0.0,0.0,0.0,0.0,i,0.0,0.0,,,,2025-10-11T08:45:01Z
584,Tel,Spurs,MID,169,4,14,7.46,1,0,1,1,0,0,0,0,0,0,2,37,38.6,4.7,30.0,7.3999999999999995,0.19,0.01,0.2,2.01,0.1,a,,,0.533,0.0,0.0,2025-10-11T08:45:01Z
585,Bentancur,Spurs,MID,349,5,12,3.09,0,0,1,4,0,0,0,0,0,0,0,65,46.4,47.0,11.0,10.5,0.02,0.34,0.36,5.76,0.1,a,,,0.0,0.0,0.0,2025-10-11T08:45:01Z
586,Bergvall,Spurs,MID,286,5,20,6.29,1,1,2,2,0,0,0,0,0,0,0,69,86.4,34.2,81.0,20.2,0.3,0.14,0.44,3.16,0.6,a,,,0.315,0.315,0.0,2025-10-11T08:45:01Z
587,Bissouma,Spurs,MID,0,0,0,,0,0,0,0,0,0,0,0,0,0,0,0,0.0,0.0,0.0,0.0,0.0,0.0,0.0,0.0,0.0,d,50.0,50.0,,,,2025-10-11T08:45:01Z
588,Odobert,Spurs,MID,224,6,8,3.21,0,0,0,3,0,0,0,0,0,0,0,26,17.0,39.7,45.0,10.1,0.41000000000000003,0.26,0.67,2.8899999999999997,0.0,a,,,0.0,0.0,0.0,2025-10-11T08:45:01Z
589,Solomon,Spurs,MID,0,0,0,,0,0,0,0,0,0,0,0,0,0,0,0,0.0,0.0,0.0,0.0,0.0,0.0,0.0,0.0,0.0,u,0.0,0.0,,,,2025-10-11T08:45:01Z
590,Bryan,Spurs,MID,0,0,0,,0,0,0,0,0,0,0,0,0,0,0,0,0.0,0.0,0.0,0.0,0.0,0.0,0.0,0.0,0.0,u,0.0,0.0,,,,2025-10-11T08:45:01Z
591,Gray,Spurs,MID,71,2,4,5.07,0,0,1,0,0,0,0,0,0,0,0,17,6.0,13.2,2.0,2.2,0.0,0.05,0.05,0.89,0.1,a,,,0.0,0.0,0.0,2025-10-11T08:45:01Z
592,Moore,Spurs,MID,0,0,0,,0,0,0,0,0,0,0,0,0,0,0,0,0.0,0.0,0.0,0.0,0.0,0.0,0.0,0.0,0.0,u,0.0,0.0,,,,2025-10-11T08:45:01Z
593,P.M.Sarr,Spurs,MID,362,5,20,4.97,1,1,3,1,0,0,0,0,0,0,0,79,87.60000000000001,26.2,68.0,18.2,0.31000000000000005,0.26,0.5700000000000001,4.95,2.3,a,100.0,100.0,0.249,0.249,0.0,2025-10-11T08:45:01Z
594,Min-hyeok,Spurs,MID,0,0,0,,0,0,0,0,0,0,0,0,0,0,0,0,0.0,0.0,0.0,0.0,0.0,0.0,0.0,0.0,0.0,u,0.0,0.0,,,,2025-10-11T08:45:01Z
595,Olusesi,Spurs,MID,0,0,0,,0,0,0,0,0,0,0,0,0,0,0,0,0.0,0.0,0.0,0.0,0.0,0.0,0.0,0.0,0.2,a,,,,,,2025-10-11T08:45:01Z
596,Solanke,Spurs,FWD,31,2,2,5.81,0,0,0,0,0,0,0,0,0,0,0,10,6.0,0.3,25.0,3.0999999999999996,0.2,0.0,0.2,0.22,1.0,i,0.0,0.0,0.0,0.0,0.0,2025-10-11T08:45:01Z
597,Richarlison,Spurs,FWD,363,6,30,7.44,3,1,2,3,0,0,0,0,1,0,6,128,141.6,48.400000000000006,195.0,38.5,1.67,0.18,1.85,5.44,15.5,a,,,0.744,0.248,0.0,2025-10-11T08:45:01Z
598,Lankshear,Spurs,FWD,0,0,0,,0,0,0,0,0,0,0,0,0,0,0,0,0.0,0.0,0.0,0.0,0.0,0.0,0.0,0.0,0.0,u,0.0,0.0,,,,2025-10-11T08:45:01Z
599,Scarlett,Spurs,FWD,0,0,0,,0,0,0,0,0,0,0,0,0,0,0,0,0.0,0.0,0.0,0.0,0.0,0.0,0.0,0.0,0.7,a,,,,,,2025-10-11T08:45:01Z
600,Areola,West Ham,GK,180,2,3,1.5,0,0,0,4,0,4,0,0,0,0,0,13,39.0,0.0,0.0,3.9000000000000004,0.0,0.0,0.0,5.08,2.2,a,,,0.0,0.0,2.0,2025-10-11T08:45:01Z
601,Foderingham,West Ham,GK,0,0,0,,0,0,0,0,0,0,0,0,0,0,0,0,0.0,0.0,0.0,0.0,0.0,0.0,0.0,0.0,0.4,u,0.0,0.0,,,,2025-10-11T08:45:01Z
602,Hegyi,West Ham,GK,0,0,0,,0,0,0,0,0,0,0,0,0,0,0,0,0.0,0.0,0.0,0.0,0.0,0.0,0.0,0.0,0.2,a,,,,,,2025-10-11T08:45:01Z
603,Diouf,West Ham,DEF,540,6,21,3.5,0,3,1,15,0,0,0,0,1,0,1,50,147.4,114.4,37.0,29.9,0.17,0.6799999999999999,0.85,10.52,3.7,a,,,0.0,0.5,0.0,2025-10-11T08:45:01Z
604,Emerson,West Ham,DEF,0,0,0,,0,0,0,0,0,0,0,0,0,0,0,0,0.0,0.0,0.0,0.0,0.0,0.0,0.0,0.0,0.1,u,0.0,0.0,,,,2025-10-11T08:45:01Z
605,Kilman,West Ham,DEF,540,6,10,1.67,0,0,1,15,0,0,0,0,2,0,0,22,120.8,18.599999999999998,14.0,15.3,0.39,0.03,0.42000000000000004,10.52,0.2,a,,,0.0,0.0,0.0,2025-10-11T08:45:01Z
606,Mavropanos,West Ham,DEF,360,4,15,3.75,0,0,1,7,0,0,0,0,0,0,0,46,106.6,1.9,39.0,14.7,0.28,0.04,0.32,7.1,0.1,a,,,0.0,0.0,0.0,2025-10-11T08:45:01Z
607,N.Aguerd,West Ham,DEF,180,2,3,1.5,0,0,0,8,0,0,0,0,0,0,0,-1,39.0,3.9,8.0,5.1,0.1,0.03,0.13,3.4200000000000004,0.1,u,0.0,0.0,0.0,0.0,0.0,2025-10-11T08:45:01Z
608,Scarles,West Ham,DEF,0,0,0,,0,0,0,0,0,0,0,0,0,0,0,0,0.0,0.0,0.0,0.0,0.0,0.0,0.0,0.0,0.0,a,,,,,,2025-10-11T08:45:01Z
609,Todibo,West Ham,DEF,126,2,1,0.71,0,0,0,5,0,0,0,0,0,0,0,0,25.200000000000003,3.4,0.0,2.9,0.0,0.01,0.01,2.2600000000000002,0.1,a,,,0.0,0.0,0.0,2025-10-11T08:45:01Z
610,Wan-Bissaka,West Ham,DEF,258,3,2,0.7,0,0,0,10,0,0,0,0,0,0,0,-2,42.0,45.9,10.0,9.9,0.0,0.14,0.14,6.0200000000000005,6.8,a,100.0,100.0,0.0,0.0,0.0,2025-10-11T08:45:01Z
611,Casey,West Ham,DEF,0,0,0,,0,0,0,0,0,0,0,0,0,0,0,0,0.0,0.0,0.0,0.0,0.0,0.0,0.0,0.0,0.1,u,0.0,0.0,,,,2025-10-11T08:45:01Z
612,L.Paquetá,West Ham,MID,517,6,25,4.35,2,0,1,15,0,0,0,0,2,0,2,103,155.2,140.8,79.0,37.6,1.4700000000000002,0.65,2.12,10.01,2.8,a,,,0.348,0.0,0.0,2025-10-11T08:45:01Z
613,Souček,West Ham,MID,231,4,4,1.56,0,0,1,10,0,0,0,0,0,1,0,24,38.0,3.7,58.0,10.1,0.17,0.0,0.17,3.66,0.2,a,100.0,0.0,0.0,0.0,0.0,2025-10-11T08:45:01Z
614,Ward-Prowse,West Ham,MID,414,5,11,2.39,0,0,1,11,0,0,0,0,0,0,0,82,56.6,176.3,6.0,23.9,0.13,0.91,1.04,7.2700000000000005,0.2,a,,,0.0,0.0,0.0,2025-10-11T08:45:01Z
615,Summerville,West Ham,MID,235,4,12,4.6,0,2,0,6,0,0,0,0,1,0,0,45,42.2,28.9,15.0,8.6,0.02,0.24000000000000002,0.26,5.62,0.1,a,100.0,100.0,0.0,0.766,0.0,2025-10-11T08:45:01Z
616,Álvarez,West Ham,MID,0,0,0,,0,0,0,0,0,0,0,0,0,0,0,0,0.0,0.0,0.0,0.0,0.0,0.0,0.0,0.0,0.1,u,0.0,0.0,,,,2025-10-11T08:45:01Z
617,Cornet,West Ham,MID,0,0,0,,0,0,0,0,0,0,0,0,0,0,0,0,0.0,0.0,0.0,0.0,0.0,0.0,0.0,0.0,0.0,u,0.0,0.0,,,,2025-10-11T08:45:01Z
618,G.Rodriguez,West Ham,MID,70,1,2,2.57,0,0,0,1,0,0,0,0,0,0,0,11,2.2,2.3,2.0,0.7,0.03,0.03,0.06,0.6,0.0,a,,,0.0,0.0,0.0,2025-10-11T08:45:01Z
619,L.Guilherme,West Ham,MID,41,2,2,4.39,0,0,0,1,0,0,0,0,0,0,0,3,1.4,0.0,4.0,0.30000000000000004,0.07,0.0,0.07,0.79,0.0,a,100.0,100.0,0.0,0.0,0.0,2025-10-11T08:45:01Z
620,Earthy,West Ham,MID,0,0,0,,0,0,0,0,0,0,0,0,0,0,0,0,0.0,0.0,0.0,0.0,0.0,0.0,0.0,0.0,0.1,i,0.0,0.0,,,,2025-10-11T08:45:01Z
621,Irving,West Ham,MID,24,3,3,11.25,0,0,0,1,0,0,0,0,0,0,0,14,14.8,17.2,0.0,3.2,0.0,0.06,0.06,0.45,0.3,a,,,0.0,0.0,0.0,2025-10-11T08:45:01Z
622,Orford,West Ham,MID,0,0,0,,0,0,0,0,0,0,0,0,0,0,0,0,0.0,0.0,0.0,0.0,0.0,0.0,0.0,0.0,0.1,u,0.0,0.0,,,,2025-10-11T08:45:01Z
623,Potts,West Ham,MID,74,2,2,2.43,0,0,0,3,0,0,0,0,0,0,0,5,7.800000000000001,2.4000000000000004,2.0,1.2,0.0,0.0,0.0,2.08,0.7,a,,,0.0,0.0,0.0,2025-10-11T08:45:01Z
624,Bowen,West Ham,FWD,540,6,26,4.33,2,0,1,15,0,0,0,0,0,0,6,119,129.6,94.7,139.0,36.4,0.6699999999999999,0.46,1.13,10.52,7.2,a,,,0.333,0.0,0.0,2025-10-11T08:45:01Z
625,Füllkrug,West Ham,FWD,289,5,8,2.49,0,0,1,8,0,0,0,0,0,0,0,10,8.0,37.3,78.0,12.0,0.62,0.13,0.75,5.2,1.0,a,100.0,100.0,0.0,0.0,0.0,2025-10-11T08:45:01Z
626,Marshall,West Ham,FWD,29,1,1,3.1,0,0,0,1,0,0,0,0,0,0,0,-2,1.2,0.0,7.0,0.8,0.13,0.0,0.13,0.96,0.7,a,,,0.0,0.0,0.0,2025-10-11T08:45:01Z
627,Johnstone,Wolves,GK,180,2,6,3.0,0,0,0,2,0,8,0,0,0,0,0,36,67.6,0.0,0.0,6.7,0.0,0.0,0.0,2.7,0.1,a,,,0.0,0.0,4.0,2025-10-11T08:45:01Z
628,José Sá,Wolves,GK,360,4,5,1.25,0,0,0,11,0,5,0,0,0,0,0,7,44.0,10.0,0.0,5.5,0.0,0.03,0.03,6.17,1.4,a,,,0.0,0.0,1.25,2025-10-11T08:45:01Z
629,Bentley,Wolves,GK,0,0,0,,0,0,0,0,0,0,0,0,0,0,0,0,0.0,0.0,0.0,0.0,0.0,0.0,0.0,0.0,0.6,a,,,,,,2025-10-11T08:45:01Z
630,King,Everton,GK,0,0,0,,0,0,0,0,0,0,0,0,0,0,0,0,0.0,0.0,0.0,0.0,0.0,0.0,0.0,0.0,1.2,a,,,,,,2025-10-11T08:45:01Z
631,Agbadou,Wolves,DEF,480,6,13,2.44,0,0,0,13,0,0,0,0,0,0,0,44,156.4,39.699999999999996,39.0,23.599999999999998,0.38,0.26,0.64,8.17,0.3,a,,,0.0,0.0,0.0,2025-10-11T08:45:01Z
632,Doherty,Wolves,DEF,180,2,0,0.0,0,0,0,5,0,0,0,0,2,0,0,4,29.0,7.7,0.0,3.7,0.0,0.030000000000000002,0.030000000000000002,3.7600000000000002,0.1,d,25.0,25.0,0.0,0.0,0.0,2025-10-11T08:45:01Z
633,H.Bueno,Wolves,DEF,348,6,15,3.88,0,0,1,5,0,0,0,0,1,0,2,55,98.2,157.8,33.0,29.0,0.06,0.73,0.79,5.21,0.1,a,100.0,100.0,0.0,0.0,0.0,2025-10-11T08:45:01Z
634,Mosquera,Wolves,DEF,137,3,4,2.63,0,0,0,4,0,0,0,0,0,0,0,13,20.200000000000003,0.5,21.0,4.2,0.05,0.0,0.05,1.83,0.1,a,,,0.0,0.0,0.0,2025-10-11T08:45:01Z
635,R.Gomes,Wolves,DEF,165,4,10,5.45,1,0,0,5,0,0,0,0,0,0,0,20,51.800000000000004,19.8,64.0,13.6,0.66,0.14,0.8,2.2199999999999998,0.1,a,,,0.545,0.0,0.0,2025-10-11T08:45:01Z
636,S.Bueno,Wolves,DEF,214,3,5,2.1,0,0,0,4,0,0,0,0,1,0,0,14,43.0,20.099999999999998,2.0,6.5,0.0,0.060000000000000005,0.060000000000000005,3.54,0.1,a,,,0.0,0.0,0.0,2025-10-11T08:45:01Z
637,Toti,Wolves,DEF,389,5,4,0.93,0,0,0,12,0,0,0,0,0,1,0,16,74.6,26.5,27.0,12.8,0.04,0.03,0.07,7.15,0.1,d,75.0,75.0,0.0,0.0,0.0,2025-10-11T08:45:01Z
638,Hoever,Wolves,DEF,106,2,2,1.7,0,0,0,4,0,0,0,0,0,0,0,1,22.8,34.2,2.0,5.9,0.0,0.24000000000000002,0.24000000000000002,2.85,1.1,a,100.0,100.0,0.0,0.0,0.0,2025-10-11T08:45:01Z
639,Meupiyou,Wolves,DEF,0,0,0,,0,0,0,0,0,0,0,0,0,0,0,0,0.0,0.0,0.0,0.0,0.0,0.0,0.0,0.0,0.0,u,0.0,0.0,,,,2025-10-11T08:45:01Z
640,Pedro Lima,Wolves,DEF,0,0,0,,0,0,0,0,0,0,0,0,0,0,0,0,0.0,0.0,0.0,0.0,0.0,0.0,0.0,0.0,0.6,u,0.0,0.0,,,,2025-10-11T08:45:01Z
641,Pond,Wolves,DEF,0,0,0,,0,0,0,0,0,0,0,0,0,0,0,0,0.0,0.0,0.0,0.0,0.0,0.0,0.0,0.0,1.5,a,,,,,,2025-10-11T08:45:01Z
642,Hee Chan,Wolves,MID,230,5,12,4.7,1,0,0,4,0,0,0,0,0,0,0,41,44.800000000000004,16.700000000000003,48.0,10.899999999999999,0.63,0.1,0.73,4.28,0.2,a,,,0.391,0.0,0.0,2025-10-11T08:45:01Z
643,André,Wolves,MID,352,6,12,3.07,0,0,0,8,0,0,0,0,2,0,0,59,40.2,15.600000000000001,2.0,5.8,0.02,0.07,0.09,7.04,0.1,a,100.0,100.0,0.0,0.0,0.0,2025-10-11T08:45:01Z
644,Bellegarde,Wolves,MID,226,6,7,2.79,0,0,0,8,0,0,0,0,0,0,0,27,19.2,53.9,20.0,9.2,0.13,0.2,0.33,3.95,0.1,a,,,0.0,0.0,0.0,2025-10-11T08:45:01Z
645,Fer López,Wolves,MID,102,4,6,5.29,0,1,0,4,0,0,0,0,1,0,0,23,27.0,50.7,25.0,10.2,0.11,0.5,0.6100000000000001,1.01,0.0,a,,,0.0,0.882,0.0,2025-10-11T08:45:01Z
646,Gomes,Wolves,MID,540,6,16,2.67,0,0,0,13,0,0,0,0,2,0,0,95,89.0,76.4,25.0,19.1,0.24000000000000002,0.29,0.53,8.870000000000001,0.1,a,,,0.0,0.0,0.0,2025-10-11T08:45:01Z
647,Guedes,Wolves,MID,0,0,0,,0,0,0,0,0,0,0,0,0,0,0,0,0.0,0.0,0.0,0.0,0.0,0.0,0.0,0.0,0.0,u,0.0,0.0,,,,2025-10-11T08:45:01Z
648,Munetsi,Wolves,MID,429,6,15,3.15,0,2,0,9,0,0,0,0,1,0,0,55,51.2,37.3,70.0,15.7,0.61,0.09999999999999999,0.71,7.11,0.1,a,,,0.0,0.42,0.0,2025-10-11T08:45:01Z
649,B.Traore,Wolves,MID,0,0,0,,0,0,0,0,0,0,0,0,0,0,0,0,0.0,0.0,0.0,0.0,0.0,0.0,0.0,0.0,0.0,u,0.0,0.0,,,,2025-10-11T08:45:01Z
650,Chirewa,Wolves,MID,0,0,0,,0,0,0,0,0,0,0,0,0,0,0,0,0.0,0.0,0.0,0.0,0.0,0.0,0.0,0.0,0.3,a,,,,,,2025-10-11T08:45:01Z
651,Edozie,Wolves,MID,0,0,0,,0,0,0,0,0,0,0,0,0,0,0,0,0.0,0.0,0.0,0.0,0.0,0.0,0.0,0.0,0.4,a,,,,,,2025-10-11T08:45:01Z
652,Gonzalez,Wolves,MID,0,0,0,,0,0,0,0,0,0,0,0,0,0,0,0,0.0,0.0,0.0,0.0,0.0,0.0,0.0,0.0,1.6,a,,,,,,2025-10-11T08:45:01Z
653,Hodge,Wolves,MID,0,0,0,,0,0,0,0,0,0,0,0,0,0,0,0,0.0,0.0,0.0,0.0,0.0,0.0,0.0,0.0,0.0,u,0.0,0.0,,,,2025-10-11T08:45:01Z
654,Strand Larsen,Wolves,FWD,279,4,7,2.26,0,0,1,5,0,0,0,0,0,0,0,17,14.4,9.5,82.0,10.3,0.5700000000000001,0.15,0.72,4.42,1.4,a,100.0,75.0,0.0,0.0,0.0,2025-10-11T08:45:01Z
655,Fábio Silva,Wolves,FWD,0,0,0,,0,0,0,0,0,0,0,0,0,0,0,0,0.0,0.0,0.0,0.0,0.0,0.0,0.0,0.0,0.2,u,0.0,0.0,,,,2025-10-11T08:45:01Z
656,Kalajdžić,Wolves,FWD,14,1,1,6.43,0,0,0,0,0,0,0,0,0,0,0,1,1.0,4.3,2.0,0.7,0.0,0.01,0.01,0.1,0.1,u,0.0,0.0,0.0,0.0,0.0,2025-10-11T08:45:01Z
657,Chiwome,Wolves,FWD,0,0,0,,0,0,0,0,0,0,0,0,0,0,0,0,0.0,0.0,0.0,0.0,0.0,0.0,0.0,0.0,0.0,i,0.0,0.0,,,,2025-10-11T08:45:01Z
658,Fraser,Wolves,FWD,0,0,0,,0,0,0,0,0,0,0,0,0,0,0,0,0.0,0.0,0.0,0.0,0.0,0.0,0.0,0.0,2.2,a,,,,,,2025-10-11T08:45:01Z
659,Walker-Peters,West Ham,DEF,301,5,10,2.99,0,0,1,5,0,0,0,0,0,0,0,50,51.0,22.8,32.0,10.6,0.14,0.04,0.18,4.82,0.3,a,,,0.0,0.0,0.0,2025-10-11T08:45:01Z
660,Stach,Leeds,MID,516,6,31,5.41,1,2,2,9,0,0,0,0,1,0,3,109,122.80000000000001,184.4,63.0,37.1,0.65,0.58,1.23,7.02,3.2,a,,,0.174,0.349,0.0,2025-10-11T08:45:01Z
661,Ekitiké,Liverpool,FWD,381,6,33,7.8,3,1,2,4,0,0,0,0,0,0,7,123,151.39999999999998,52.5,100.0,30.3,1.91,0.22,2.13,4.28,16.8,a,100.0,75.0,0.709,0.236,0.0,2025-10-11T08:45:01Z
662,Mosquera,Arsenal,DEF,202,4,11,4.9,0,0,1,1,0,0,0,0,0,0,1,56,51.4,2.4000000000000004,4.0,5.8,0.0,0.04,0.04,0.72,0.2,a,,,0.0,0.0,0.0,2025-10-11T08:45:01Z
663,J.Arias,Wolves,MID,267,6,9,3.03,0,0,0,6,0,0,0,0,0,0,1,47,45.8,67.3,49.0,16.1,0.54,0.13,0.6699999999999999,4.17,0.2,a,,,0.0,0.0,0.0,2025-10-11T08:45:01Z
664,Lecomte,Fulham,GK,0,0,0,,0,0,0,0,0,0,0,0,0,0,0,0,0.0,0.0,0.0,0.0,0.0,0.0,0.0,0.0,0.7,a,,,,,,2025-10-11T08:45:01Z
665,Perri,Leeds,GK,270,3,12,4.0,0,0,2,5,0,3,0,0,0,0,0,36,29.2,0.0,0.0,2.9000000000000004,0.0,0.0,0.0,3.8899999999999997,0.2,d,75.0,0.0,0.0,0.0,1.0,2025-10-11T08:45:01Z
666,Gyökeres,Arsenal,FWD,486,6,24,4.44,3,0,3,2,0,0,0,0,1,0,2,84,110.60000000000001,47.5,162.0,32.1,2.75,0.33,3.08,2.87,26.6,a,,,0.556,0.0,0.0,2025-10-11T08:45:01Z
667,Aznou,Everton,DEF,0,0,0,,0,0,0,0,0,0,0,0,0,0,0,0,0.0,0.0,0.0,0.0,0.0,0.0,0.0,0.0,0.1,a,100.0,100.0,,,,2025-10-11T08:45:01Z
668,Xhaka,Sunderland,MID,540,6,23,3.83,0,2,2,6,0,0,0,0,3,0,0,110,138.6,128.3,21.0,28.7,0.14,0.49,0.63,7.08,4.0,a,,,0.0,0.333,0.0,2025-10-11T08:45:01Z
669,Ndoye,Nott'm Forest,MID,434,6,23,4.77,1,1,0,7,0,0,0,0,0,0,4,86,93.4,100.10000000000001,57.0,25.1,0.1,0.63,0.73,6.62,2.0,a,,,0.207,0.207,0.0,2025-10-11T08:45:01Z
670,Roefs,Sunderland,GK,540,6,31,5.17,0,0,2,6,0,18,1,0,1,0,4,108,159.4,0.0,0.0,15.8,0.0,0.0,0.0,7.08,4.8,a,,,0.0,0.0,3.0,2025-10-11T08:45:01Z
671,Wilson,West Ham,FWD,170,5,11,5.82,1,0,0,5,0,0,0,0,0,0,2,42,50.8,13.5,82.0,14.299999999999999,1.09,0.04,1.1300000000000001,3.66,0.4,a,,,0.529,0.0,0.0,2025-10-11T08:45:01Z
672,Hato,Chelsea,DEF,88,3,1,1.02,0,0,0,1,0,0,0,0,2,0,0,-2,12.0,2.9,4.0,1.8,0.0,0.01,0.01,1.46,0.2,a,,,0.0,0.0,0.0,2025-10-11T08:45:01Z
673,J.Palhinha,Spurs,MID,423,6,21,4.47,1,0,2,4,0,0,0,0,1,0,3,82,100.4,16.6,44.0,16.1,0.46,0.07,0.53,6.43,1.1,a,,,0.213,0.0,0.0,2025-10-11T08:45:01Z
674,Ramsdale,Newcastle,GK,0,0,0,,0,0,0,0,0,0,0,0,0,0,0,0,0.0,0.0,0.0,0.0,0.0,0.0,0.0,0.0,0.6,a,,,,,,2025-10-11T08:45:01Z
675,Gunn,Nott'm Forest,GK,0,0,0,,0,0,0,0,0,0,0,0,0,0,0,0,0.0,0.0,0.0,0.0,0.0,0.0,0.0,0.0,1.6,a,,,,,,2025-10-11T08:45:01Z
676,Ugochukwu,Burnley,MID,274,5,12,3.94,1,0,1,4,0,0,0,0,0,1,1,46,62.0,20.7,29.0,11.0,0.30000000000000004,0.02,0.32,5.73,0.0,a,100.0,100.0,0.328,0.0,0.0,2025-10-11T08:45:01Z
677,Guessand,Aston Villa,MID,200,5,7,3.15,0,0,1,2,0,0,0,0,0,0,0,13,31.0,8.1,46.0,8.5,0.32,0.29000000000000004,0.61,3.85,0.0,a,,,0.0,0.0,0.0,2025-10-11T08:45:01Z
678,Masuaku,Sunderland,DEF,67,2,1,1.34,0,0,0,2,0,0,0,0,0,0,0,1,13.0,15.299999999999999,0.0,2.8000000000000003,0.0,0.07,0.07,1.64,0.6,a,100.0,100.0,0.0,0.0,0.0,2025-10-11T08:45:01Z
679,Hermansen,West Ham,GK,360,4,9,2.25,0,0,1,11,0,9,0,0,0,0,0,27,84.8,0.0,0.0,8.5,0.0,0.01,0.01,5.44,0.3,a,,,0.0,0.0,2.25,2025-10-11T08:45:01Z
680,Broja,Burnley,FWD,32,2,2,5.62,0,0,0,2,0,0,0,0,0,0,0,4,6.2,0.4,0.0,0.7,0.0,0.0,0.0,1.33,0.1,a,100.0,100.0,0.0,0.0,0.0,2025-10-11T08:45:01Z
681,Šeško,Man Utd,FWD,294,6,15,4.59,1,0,1,4,0,0,0,0,0,0,3,43,48.2,52.9,70.0,16.6,0.7,0.12,0.8200000000000001,4.199999999999999,5.1,a,,,0.306,0.0,0.0,2025-10-11T08:45:01Z
682,Møller Wolfe,Wolves,DEF,144,4,7,4.38,0,1,0,5,0,0,0,0,0,0,0,15,32.8,16.4,4.0,5.4,0.0,0.12,0.12,3.25,0.1,a,,,0.0,0.625,0.0,2025-10-11T08:45:01Z
683,Alderete,Sunderland,DEF,487,6,22,4.07,0,1,1,6,0,0,0,0,1,0,1,78,148.8,24.3,42.0,21.5,0.27,0.18,0.45,6.75,6.9,a,,,0.0,0.185,0.0,2025-10-11T08:45:01Z
684,Thiaw,Newcastle,DEF,182,3,16,7.91,0,0,2,1,0,0,0,0,1,0,2,53,41.0,12.3,25.0,7.9,0.58,0.03,0.61,1.0899999999999999,0.2,a,,,0.0,0.0,0.0,2025-10-11T08:45:01Z
685,Diakité,Bournemouth,DEF,450,5,23,4.6,0,0,3,5,0,0,0,0,1,0,2,94,94.2,25.2,10.0,13.0,0.0,0.06,0.06,3.88,0.5,a,100.0,100.0,0.0,0.0,0.0,2025-10-11T08:45:01Z
686,Ngumoha,Liverpool,MID,4,2,7,157.5,1,0,0,0,0,0,0,0,0,0,0,31,36.2,11.4,23.0,7.1,0.37,0.1,0.47,0.0,0.6,a,,,22.5,0.0,0.0,2025-10-11T08:45:01Z
687,Rees-Dottin,Bournemouth,MID,0,0,0,,0,0,0,0,0,0,0,0,0,0,0,0,0.0,0.0,0.0,0.0,0.0,0.0,0.0,0.0,0.1,a,,,,,,2025-10-11T08:45:01Z
688,Wright,Aston Villa,GK,0,0,0,,0,0,0,0,0,0,0,0,0,0,0,0,0.0,0.0,0.0,0.0,0.0,0.0,0.0,0.0,0.5,a,,,,,,2025-10-11T08:45:01Z
689,Seung soo,Newcastle,MID,0,0,0,,0,0,0,0,0,0,0,0,0,0,0,0,0.0,0.0,0.0,0.0,0.0,0.0,0.0,0.0,0.3,a,,,,,,2025-10-11T08:45:01Z
690,Cardines,Crystal Palace,MID,0,0,0,,0,0,0,0,0,0,0,0,0,0,0,0,0.0,0.0,0.0,0.0,0.0,0.0,0.0,0.0,0.5,a,,,,,,2025-10-11T08:45:01Z
691,Calvert-Lewin,Leeds,FWD,268,4,16,5.37,1,1,1,3,0,0,0,0,0,0,2,49,48.599999999999994,70.5,87.0,20.7,0.64,0.39,1.03,2.49,1.3,a,100.0,100.0,0.336,0.336,0.0,2025-10-11T08:45:01Z
692,Leoni,Liverpool,DEF,0,0,0,,0,0,0,0,0,0,0,0,0,0,0,0,0.0,0.0,0.0,0.0,0.0,0.0,0.0,0.0,0.0,i,0.0,0.0,,,,2025-10-11T08:45:01Z
693,Hutchinson,Nott'm Forest,MID,34,3,3,7.94,0,0,0,2,0,0,0,0,0,0,0,1,0.6000000000000001,4.4,12.0,1.4,0.2,0.01,0.21000000000000002,3.21,0.0,a,,,0.0,0.0,0.0,2025-10-11T08:45:01Z
694,Mukiele,Sunderland,DEF,360,4,21,5.25,0,0,1,4,0,0,0,0,0,0,2,78,110.0,43.7,20.0,17.4,0.14,0.24,0.38,5.52,2.1,a,,,0.0,0.0,0.0,2025-10-11T08:45:01Z
695,Tchatchoua,Wolves,DEF,310,5,8,2.32,0,0,0,7,0,0,0,0,0,0,0,21,60.8,56.1,14.0,13.0,0.0,0.04,0.04,4.21,0.0,a,,,0.0,0.0,0.0,2025-10-11T08:45:01Z
696,Kalimuendo,Nott'm Forest,FWD,64,4,4,5.62,0,0,0,2,0,0,0,0,0,0,0,8,2.8000000000000003,16.099999999999998,22.0,4.1,0.35,0.02,0.37,1.21,0.1,a,,,0.0,0.0,0.0,2025-10-11T08:45:01Z
697,Adli,Bournemouth,MID,88,4,4,4.09,0,0,0,0,0,0,0,0,0,0,0,25,32.0,27.1,9.0,6.8,0.04,0.03,0.07,0.29,0.0,a,,,0.0,0.0,0.0,2025-10-11T08:45:01Z
698,Okafor,Leeds,MID,238,4,19,7.18,2,0,1,4,0,0,0,0,2,0,3,58,87.19999999999999,42.2,73.0,20.3,1.1,0.08,1.1800000000000002,2.77,0.2,a,100.0,100.0,0.756,0.0,0.0,2025-10-11T08:45:01Z
699,Douglas Luiz,Nott'm Forest,MID,75,1,5,6.0,0,1,0,1,0,0,0,0,0,0,0,23,4.4,18.1,8.0,3.1,0.02,0.02,0.04,0.68,0.0,d,50.0,0.0,0.0,1.2,0.0,2025-10-11T08:45:01Z
700,Dowman,Arsenal,MID,27,2,5,16.67,0,1,0,0,0,0,0,0,0,0,0,13,1.0,0.8,26.0,2.8,0.14,0.02,0.16,0.12,0.3,a,,,0.0,3.333,0.0,2025-10-11T08:45:01Z
701,Rowe,Aston Villa,DEF,0,0,0,,0,0,0,0,0,0,0,0,0,0,0,0,0.0,0.0,0.0,0.0,0.0,0.0,0.0,0.0,0.1,u,0.0,0.0,,,,2025-10-11T08:45:01Z
702,Burrowes,Aston Villa,MID,16,1,1,5.62,0,0,0,1,0,0,0,0,0,0,0,3,0.0,0.3,0.0,0.0,0.0,0.0,0.0,0.9,0.1,a,,,0.0,0.0,0.0,2025-10-11T08:45:01Z
703,Proctor,Aston Villa,GK,0,0,0,,0,0,0,0,0,0,0,0,0,0,0,0,0.0,0.0,0.0,0.0,0.0,0.0,0.0,0.0,0.3,a,,,,,,2025-10-11T08:45:01Z
704,Onyango,Everton,MID,0,0,0,,0,0,0,0,0,0,0,0,0,0,0,0,0.0,0.0,0.0,0.0,0.0,0.0,0.0,0.0,0.1,u,0.0,0.0,,,,2025-10-11T08:45:01Z
705,Campbell,Everton,DEF,0,0,0,,0,0,0,0,0,0,0,0,0,0,0,0,0.0,0.0,0.0,0.0,0.0,0.0,0.0,0.0,0.2,a,,,,,,2025-10-11T08:45:01Z
706,Justin,Leeds,DEF,18,3,3,15.0,0,0,0,0,0,0,0,0,0,0,0,11,4.2,0.0,2.0,0.6000000000000001,0.0,0.0,0.0,0.31000000000000005,0.2,a,,,0.0,0.0,0.0,2025-10-11T08:45:01Z
707,Dibling,Everton,MID,49,2,2,3.67,0,0,0,1,0,0,0,0,0,0,0,3,0.0,0.8,2.0,0.2,0.0,0.0,0.0,0.63,0.0,a,,,0.0,0.0,0.0,2025-10-11T08:45:01Z
708,M.Fernandes,West Ham,MID,308,4,11,3.21,0,0,1,6,0,0,0,0,0,0,0,50,43.4,61.6,8.0,11.3,0.0,0.27,0.27,6.28,0.0,a,,,0.0,0.0,0.0,2025-10-11T08:45:01Z
709,Krejčí,Wolves,DEF,270,3,10,3.33,1,0,0,5,0,0,0,0,1,0,0,31,78.6,30.4,36.0,14.5,0.6900000000000001,0.21,0.9,3.1799999999999997,0.0,a,,,0.333,0.0,0.0,2025-10-11T08:45:01Z
710,Patterson,Aston Villa,DEF,0,0,0,,0,0,0,0,0,0,0,0,0,0,0,0,0.0,0.0,0.0,0.0,0.0,0.0,0.0,0.0,0.1,a,,,,,,2025-10-11T08:45:01Z
711,Harriman-Annous,Arsenal,MID,0,0,0,,0,0,0,0,0,0,0,0,0,0,0,0,0.0,0.0,0.0,0.0,0.0,0.0,0.0,0.0,0.0,a,,,,,,2025-10-11T08:45:01Z
712,Yeremy,Crystal Palace,MID,234,4,6,2.31,0,0,1,1,0,0,0,0,1,0,0,29,26.2,67.6,34.0,12.5,0.91,0.51,1.42,2.15,0.1,a,100.0,100.0,0.0,0.0,0.0,2025-10-11T08:45:01Z
713,A.Jimenez,Bournemouth,DEF,77,3,1,1.17,0,0,0,1,0,0,0,0,2,0,0,4,8.0,2.8000000000000003,11.0,2.2,0.05,0.01,0.06,0.83,0.0,a,,,0.0,0.0,0.0,2025-10-11T08:45:01Z
714,Woltemade,Newcastle,FWD,237,3,17,6.46,2,0,3,0,0,0,0,0,0,0,3,59,74.2,33.5,85.0,19.4,1.6400000000000001,0.11,1.75,1.13,9.6,a,,,0.759,0.0,0.0,2025-10-11T08:45:01Z
715,John,Nott'm Forest,GK,0,0,0,,0,0,0,0,0,0,0,0,0,0,0,0,0.0,0.0,0.0,0.0,0.0,0.0,0.0,0.0,0.4,a,,,,,,2025-10-11T08:45:01Z
716,Savona,Nott'm Forest,DEF,143,2,1,0.63,0,0,0,4,0,0,0,0,0,0,0,5,20.4,13.399999999999999,4.0,3.8,0.0,0.04,0.04,4.16,0.0,a,,,0.0,0.0,0.0,2025-10-11T08:45:01Z
717,Xavi,Spurs,MID,172,3,9,4.71,0,1,1,1,0,0,0,0,0,0,0,33,26.599999999999998,57.3,27.0,11.100000000000001,0.28,0.31,0.59,2.4299999999999997,3.1,a,,,0.0,0.523,0.0,2025-10-11T08:45:01Z
718,S.Magassa,West Ham,MID,101,3,4,3.56,0,0,0,2,0,0,0,0,0,0,0,15,20.0,2.9,0.0,2.3,0.0,0.0,0.0,2.6,0.0,a,,,0.0,0.0,0.0,2025-10-11T08:45:01Z
719,Lindelöf,Aston Villa,DEF,13,2,2,13.85,0,0,0,0,0,0,0,0,0,0,0,6,2.8,0.4,0.0,0.4,0.0,0.0,0.0,0.51,0.0,a,100.0,100.0,0.0,0.0,0.0,2025-10-11T08:45:01Z
720,Tolu,Wolves,FWD,156,3,5,2.88,0,0,0,4,0,0,0,0,0,0,0,19,9.4,14.8,51.0,7.5,0.22,0.03,0.25,1.83,0.1,a,,,0.0,0.0,0.0,2025-10-11T08:45:01Z
721,Milosavljević,Bournemouth,DEF,95,2,5,4.74,0,0,0,1,0,0,0,0,0,0,0,18,23.799999999999997,11.3,6.0,4.1,0.0,0.18,0.18,0.86,0.0,a,,,0.0,0.0,0.0,2025-10-11T08:45:01Z
722,Florentino,Burnley,MID,207,3,8,3.48,0,0,0,4,0,0,0,0,1,0,0,43,58.8,36.3,0.0,9.5,0.0,0.03,0.03,3.71,0.0,a,,,0.0,0.0,0.0,2025-10-11T08:45:01Z
723,Canvot,Crystal Palace,DEF,0,0,0,,0,0,0,0,0,0,0,0,0,0,0,0,0.0,0.0,0.0,0.0,0.0,0.0,0.0,0.0,0.0,a,,,,,,2025-10-11T08:45:01Z
724,Geertruida,Sunderland,DEF,26,3,3,10.38,0,0,0,0,0,0,0,0,0,0,0,15,11.2,0.0,0.0,1.1,0.0,0.0,0.0,1.02,0.0,a,,,0.0,0.0,0.0,2025-10-11T08:45:01Z
725,Hincapie,Arsenal,DEF,0,0,0,,0,0,0,0,0,0,0,0,0,0,0,0,0.0,0.0,0.0,0.0,0.0,0.0,0.0,0.0,0.0,d,75.0,0.0,,,,2025-10-11T08:45:01Z
726,Kolo Muani,Spurs,FWD,0,0,0,,0,0,0,0,0,0,0,0,0,0,0,0,0.0,0.0,0.0,0.0,0.0,0.0,0.0,0.0,0.1,d,75.0,0.0,,,,2025-10-11T08:45:01Z
727,Chukwueze,Fulham,MID,23,1,4,15.65,0,1,0,3,0,0,0,0,0,0,0,17,20.6,24.9,2.0,4.8,0.0,0.39,0.39,0.67,0.0,a,,,0.0,3.913,0.0,2025-10-11T08:45:01Z
728,Röhl,Everton,MID,24,1,1,3.75,0,0,0,0,0,0,0,0,0,0,0,5,3.0,10.7,1.0,1.5,0.03,0.0,0.03,0.0,0.0,i,0.0,0.0,0.0,0.0,0.0,2025-10-11T08:45:01Z
729,Cuiabano,Nott'm Forest,DEF,0,0,0,,0,0,0,0,0,0,0,0,0,0,0,0,0.0,0.0,0.0,0.0,0.0,0.0,0.0,0.0,0.0,u,0.0,0.0,,,,2025-10-11T08:45:01Z
730,Brobbey,Sunderland,FWD,52,2,2,3.46,0,0,0,0,0,0,0,0,0,0,0,8,1.0,0.1,0.0,0.1,0.0,0.0,0.0,1.3800000000000001,0.1,a,,,0.0,0.0,0.0,2025-10-11T08:45:01Z
731,Kevin,Fulham,MID,60,3,2,3.0,0,0,0,3,0,0,0,0,1,0,0,14,20.8,25.400000000000002,14.0,6.0,0.05,0.08,0.13,0.8700000000000001,0.1,a,100.0,100.0,0.0,0.0,0.0,2025-10-11T08:45:01Z
732,Uche,Crystal Palace,FWD,7,2,2,25.71,0,0,0,1,0,0,0,0,0,0,0,9,3.4,0.8,19.0,2.3,0.01,0.0,0.01,0.73,0.0,a,,,0.0,0.0,0.0,2025-10-11T08:45:01Z
733,Lammens,Man Utd,GK,90,1,9,9.0,0,0,1,0,0,3,0,0,0,0,2,29,24.2,0.0,0.0,2.4,0.0,0.0,0.0,0.71,0.3,a,,,0.0,0.0,3.0,2025-10-11T08:45:01Z
734,Bakwa,Nott'm Forest,MID,101,3,3,2.67,0,0,0,3,0,0,0,0,0,0,0,15,16.2,28.4,32.0,7.7,0.06,0.04,0.1,2.44,0.0,a,,,0.0,0.0,0.0,2025-10-11T08:45:01Z
735,Traoré,Sunderland,MID,57,1,0,0.0,0,0,0,2,0,0,0,0,1,0,0,5,4.8,16.8,23.0,4.5,0.16,0.02,0.18,1.39,0.0,a,,,0.0,0.0,0.0,2025-10-11T08:45:01Z
736,Donnarumma,Man City,GK,270,3,13,4.33,0,0,2,1,0,5,0,0,1,0,0,56,42.0,0.0,0.0,4.2,0.0,0.0,0.0,3.3,9.3,a,,,0.0,0.0,1.667,2025-10-11T08:45:01Z
737,Kusi-Asare,Fulham,FWD,0,0,0,,0,0,0,0,0,0,0,0,0,0,0,0,0.0,0.0,0.0,0.0,0.0,0.0,0.0,0.0,0.1,a,,,,,,2025-10-11T08:45:01Z
738,Fabianski,West Ham,GK,0,0,0,,0,0,0,0,0,0,0,0,0,0,0,0,0.0,0.0,0.0,0.0,0.0,0.0,0.0,0.0,0.0,a,,,,,,2025-10-11T08:45:01Z
739,Mukasa,Man City,MID,0,0,0,,0,0,0,0,0,0,0,0,0,0,0,0,0.0,0.0,0.0,0.0,0.0,0.0,0.0,0.0,0.0,a,,,,,,2025-10-11T08:45:01Z
740,Mfuni,Man City,DEF,0,0,0,,0,0,0,0,0,0,0,0,0,0,0,0,0.0,0.0,0.0,0.0,0.0,0.0,0.0,0.0,0.0,a,,,,,,2025-10-11T08:45:01Z
741,Gray,Leeds,FWD,0,0,0,,0,0,0,0,0,0,0,0,0,0,0,0,0.0,0.0,0.0,0.0,0.0,0.0,0.0,0.0,0.1,d,50.0,50.0,,,,2025-10-11T08:45:01Z
742,McAidoo,Man City,MID,0,0,0,,0,0,0,0,0,0,0,0,0,0,0,0,0.0,0.0,0.0,0.0,0.0,0.0,0.0,0.0,0.0,a,,,,,,2025-10-11T08:45:01Z
743,Emenalo,Chelsea,MID,0,0,0,,0,0,0,0,0,0,0,0,0,0,0,0,0.0,0.0,0.0,0.0,0.0,0.0,0.0,0.0,0.0,a,,,,,,2025-10-11T08:45:01Z
