element,web_name,name,position,team,team_name,team_short,gw,event,fixture,kickoff_time,opponent_team,minutes,total_points,goals_scored,assists,clean_sheets,goals_conceded,own_goals,penalties_saved,penalties_missed,yellow_cards,red_cards,saves,bonus,bps,influence,creativity,threat,ict_index,expected_goals,expected_assists,expected_goal_involvements,expected_goals_conceded,clearances_blocks_interceptions,defensive_contribution,element_type,in_dreamteam,recoveries,starts,tackles
1,Raya,David Raya Martín,GK,1,Arsenal,,1,1.0,9.0,2025-08-17T15:30:00Z,14.0,90,10,0,0,1,0,0,0,0,1,0,7,3,38,49.2,0.0,0.0,4.9,0.0,0.0,0.0,1.52,1,0,1,True,13,1,0
2,Arrizabalaga,Kepa Arrizabalaga Revuelta,GK,1,Arsenal,,1,1.0,9.0,2025-08-17T15:30:00Z,14.0,0,0,0,0,0,0,0,0,0,0,0,0,0,0,0.0,0.0,0.0,0.0,0.0,0.0,0.0,0.0,0,0,1,False,0,0,0
3,Hein,Karl Hein,GK,1,Arsenal,,1,1.0,9.0,2025-08-17T15:30:00Z,14.0,0,0,0,0,0,0,0,0,0,0,0,0,0,0,0.0,0.0,0.0,0.0,0.0,0.0,0.0,0.0,0,0,1,False,0,0,0
4,Setford,Tommy Setford,GK,1,Arsenal,,1,1.0,9.0,2025-08-17T15:30:00Z,14.0,0,0,0,0,0,0,0,0,0,0,0,0,0,0,0.0,0.0,0.0,0.0,0.0,0.0,0.0,0.0,0,0,1,False,0,0,0
5,Gabriel,Gabriel dos Santos Magalhães,DEF,1,Arsenal,,1,1.0,9.0,2025-08-17T15:30:00Z,14.0,90,6,0,0,1,0,0,0,0,0,0,0,0,23,22.8,0.3,4.0,2.7,0.0,0.0,0.0,1.52,6,7,2,False,1,1,1
6,Saliba,William Saliba,DEF,1,Arsenal,,1,1.0,9.0,2025-08-17T15:30:00Z,14.0,90,9,0,0,1,0,0,0,0,0,0,0,1,25,31.4,0.1,0.0,3.2,0.0,0.0,0.0,1.52,10,14,2,False,3,1,4
7,Calafiori,Riccardo Calafiori,DEF,1,Arsenal,,1,1.0,9.0,2025-08-17T15:30:00Z,14.0,71,13,1,0,1,0,0,0,0,1,0,0,2,33,36.2,2.1,35.0,7.3,0.91,0.01,0.92,0.87,3,4,2,True,5,1,1
8,J.Timber,Jurriën Timber,DEF,1,Arsenal,,1,1.0,9.0,2025-08-17T15:30:00Z,14.0,19,0,0,0,0,0,0,0,0,1,0,0,0,-3,3.0,0.3,0.0,0.3,0.0,0.0,0.0,0.66,1,3,2,False,1,0,2
9,Kiwior,Jakub Kiwior,DEF,1,Arsenal,,1,1.0,9.0,2025-08-17T15:30:00Z,14.0,0,0,0,0,0,0,0,0,0,0,0,0,0,0,0.0,0.0,0.0,0.0,0.0,0.0,0.0,0.0,0,0,2,False,0,0,0
10,Lewis-Skelly,Myles Lewis-Skelly,DEF,1,Arsenal,,1,1.0,9.0,2025-08-17T15:30:00Z,14.0,18,0,0,0,0,0,0,0,0,1,0,0,0,-1,0.2,0.0,0.0,0.0,0.0,0.0,0.0,0.66,1,1,2,False,0,0,0
11,White,Benjamin White,DEF,1,Arsenal,,1,1.0,9.0,2025-08-17T15:30:00Z,14.0,70,6,0,0,1,0,0,0,0,0,0,0,0,23,15.4,11.3,1.0,2.8,0.01,0.01,0.02,0.87,6,8,2,False,4,1,2
12,Zinchenko,Oleksandr Zinchenko,DEF,1,Arsenal,,1,1.0,9.0,2025-08-17T15:30:00Z,14.0,0,0,0,0,0,0,0,0,0,0,0,0,0,0,0.0,0.0,0.0,0.0,0.0,0.0,0.0,0.0,0,0,2,False,0,0,0
13,Clarke,Brayden Clarke,DEF,1,Arsenal,,1,1.0,9.0,2025-08-17T15:30:00Z,14.0,0,0,0,0,0,0,0,0,0,0,0,0,0,0,0.0,0.0,0.0,0.0,0.0,0.0,0.0,0.0,0,0,2,False,0,0,0
14,Kacurri,Maldini Kacurri,DEF,1,Arsenal,,1,1.0,9.0,2025-08-17T15:30:00Z,14.0,0,0,0,0,0,0,0,0,0,0,0,0,0,0,0.0,0.0,0.0,0.0,0.0,0.0,0.0,0.0,0,0,2,False,0,0,0
15,Nichols,Josh Nichols,DEF,1,Arsenal,,1,1.0,9.0,2025-08-17T15:30:00Z,14.0,0,0,0,0,0,0,0,0,0,0,0,0,0,0,0.0,0.0,0.0,0.0,0.0,0.0,0.0,0.0,0,0,2,False,0,0,0
16,Saka,Bukayo Saka,MID,1,Arsenal,,1,1.0,9.0,2025-08-17T15:30:00Z,14.0,90,3,0,0,1,0,0,0,0,0,0,0,0,7,12.0,16.4,7.0,3.5,0.15,0.09,0.24,1.52,0,5,3,False,2,1,3
17,Ødegaard,Martin Ødegaard,MID,1,Arsenal,,1,1.0,9.0,2025-08-17T15:30:00Z,14.0,90,5,0,0,1,0,0,0,0,0,0,0,0,16,17.8,20.3,17.0,5.5,0.09,0.29,0.38,1.52,6,14,3,False,7,1,1
18,Madueke,Noni Madueke,MID,1,Arsenal,,1,1.0,9.0,2025-08-17T15:30:00Z,14.0,30,1,0,0,0,0,0,0,0,0,0,0,0,2,1.6,10.7,2.0,1.4,0.0,0.02,0.02,0.82,0,0,3,False,0,0,0
19,Martinelli,Gabriel Martinelli Silva,MID,1,Arsenal,,1,1.0,9.0,2025-08-17T15:30:00Z,14.0,59,1,0,0,0,0,0,0,0,0,0,0,0,8,6.2,10.3,21.0,3.8,0.02,0.01,0.03,0.7,0,4,3,False,3,1,1
20,Trossard,Leandro Trossard,MID,1,Arsenal,,1,1.0,9.0,2025-08-17T15:30:00Z,14.0,0,0,0,0,0,0,0,0,0,0,0,0,0,0,0.0,0.0,0.0,0.0,0.0,0.0,0.0,0.0,0,0,3,False,0,0,0
21,Rice,Declan Rice,MID,1,Arsenal,,1,1.0,9.0,2025-08-17T15:30:00Z,14.0,82,6,0,1,1,0,0,0,0,0,0,0,0,14,2.6,1.3,8.0,1.2,0.13,0.01,0.14,1.04,1,4,3,False,3,1,0
22,Merino,Mikel Merino Zazón,MID,1,Arsenal,,1,1.0,9.0,2025-08-17T15:30:00Z,14.0,7,1,0,0,0,0,0,0,0,0,0,0,0,2,1.2,0.0,0.0,0.1,0.0,0.0,0.0,0.49,1,1,3,False,0,0,0
23,Fábio Vieira,Fábio Ferreira Vieira,MID,1,Arsenal,,1,1.0,9.0,2025-08-17T15:30:00Z,14.0,0,0,0,0,0,0,0,0,0,0,0,0,0,0,0.0,0.0,0.0,0.0,0.0,0.0,0.0,0.0,0,0,3,False,0,0,0
24,Nørgaard,Christian Nørgaard,MID,1,Arsenal,,1,1.0,9.0,2025-08-17T15:30:00Z,14.0,0,0,0,0,0,0,0,0,0,0,0,0,0,0,0.0,0.0,0.0,0.0,0.0,0.0,0.0,0.0,0,0,3,False,0,0,0
25,Nwaneri,Ethan Nwaneri,MID,1,Arsenal,,1,1.0,9.0,2025-08-17T15:30:00Z,14.0,0,0,0,0,0,0,0,0,0,0,0,0,0,0,0.0,0.0,0.0,0.0,0.0,0.0,0.0,0.0,0,0,3,False,0,0,0
26,Zubimendi,Martín Zubimendi Ibáñez,MID,1,Arsenal,,1,1.0,9.0,2025-08-17T15:30:00Z,14.0,90,5,0,0,1,0,0,0,0,0,0,0,0,15,16.0,1.9,2.0,2.0,0.0,0.01,0.01,1.52,4,12,3,False,5,1,3
27,Nelson,Reiss Nelson,MID,1,Arsenal,,1,1.0,9.0,2025-08-17T15:30:00Z,14.0,0,0,0,0,0,0,0,0,0,0,0,0,0,0,0.0,0.0,0.0,0.0,0.0,0.0,0.0,0.0,0,0,3,False,0,0,0
28,Kabia,Ismeal Kabia,MID,1,Arsenal,,1,1.0,9.0,2025-08-17T15:30:00Z,14.0,0,0,0,0,0,0,0,0,0,0,0,0,0,0,0.0,0.0,0.0,0.0,0.0,0.0,0.0,0.0,0,0,3,False,0,0,0
29,Sambi,Albert Sambi Lokonga,MID,1,Arsenal,,1,1.0,9.0,2025-08-17T15:30:00Z,14.0,0,0,0,0,0,0,0,0,0,0,0,0,0,0,0.0,0.0,0.0,0.0,0.0,0.0,0.0,0.0,0,0,3,False,0,0,0
30,Havertz,Kai Havertz,FWD,1,Arsenal,,1,1.0,9.0,2025-08-17T15:30:00Z,14.0,30,1,0,0,0,0,0,0,0,0,0,0,0,4,2.8,0.8,2.0,0.6,0.0,0.01,0.01,0.82,1,3,4,False,2,0,0
31,G.Jesus,Gabriel Fernando de Jesus,FWD,1,Arsenal,,1,1.0,9.0,2025-08-17T15:30:00Z,14.0,0,0,0,0,0,0,0,0,0,0,0,0,0,0,0.0,0.0,0.0,0.0,0.0,0.0,0.0,0.0,0,0,4,False,0,0,0
32,Martinez,Emiliano Martínez Romero,GK,2,Aston Villa,,1,1.0,2.0,2025-08-16T11:30:00Z,15.0,0,0,0,0,0,0,0,0,0,0,0,0,0,0,0.0,0.0,0.0,0.0,0.0,0.0,0.0,0.0,0,0,1,False,0,0,0
33,M.Bizot,Marco Bizot,GK,2,Aston Villa,,1,1.0,2.0,2025-08-16T11:30:00Z,15.0,90,7,0,0,1,0,0,0,0,0,0,3,0,29,19.6,0.0,0.0,2.0,0.0,0.0,0.0,1.43,1,0,1,False,12,1,0
34,Gauci,Joe Gauci,GK,2,Aston Villa,,1,1.0,2.0,2025-08-16T11:30:00Z,15.0,0,0,0,0,0,0,0,0,0,0,0,0,0,0,0.0,0.0,0.0,0.0,0.0,0.0,0.0,0.0,0,0,1,False,0,0,0
35,Marschall,Filip Marschall,GK,2,Aston Villa,,1,1.0,2.0,2025-08-16T11:30:00Z,15.0,0,0,0,0,0,0,0,0,0,0,0,0,0,0,0.0,0.0,0.0,0.0,0.0,0.0,0.0,0.0,0,0,1,False,0,0,0
36,Cash,Matty Cash,DEF,2,Aston Villa,,1,1.0,2.0,2025-08-16T11:30:00Z,15.0,90,8,0,0,1,0,0,0,0,0,0,0,0,25,37.6,1.1,2.0,4.1,0.0,0.0,0.0,1.43,9,11,2,False,2,1,2
37,Digne,Lucas Digne,DEF,2,Aston Villa,,1,1.0,2.0,2025-08-16T11:30:00Z,15.0,90,6,0,0,1,0,0,0,0,0,0,0,0,22,11.6,5.8,0.0,1.7,0.0,0.01,0.01,1.43,5,7,2,False,3,1,2
38,Konsa,Ezri Konsa Ngoyo,DEF,2,Aston Villa,,1,1.0,2.0,2025-08-16T11:30:00Z,15.0,65,3,0,0,1,0,0,0,0,0,1,0,0,15,1.8,1.1,0.0,0.3,0.0,0.01,0.01,1.11,3,3,2,False,1,1,0
39,Maatsen,Ian Maatsen,DEF,2,Aston Villa,,1,1.0,2.0,2025-08-16T11:30:00Z,15.0,0,0,0,0,0,0,0,0,0,0,0,0,0,0,0.0,0.0,0.0,0.0,0.0,0.0,0.0,0.0,0,0,2,False,0,0,0
40,Mings,Tyrone Mings,DEF,2,Aston Villa,,1,1.0,2.0,2025-08-16T11:30:00Z,15.0,90,6,0,0,1,0,0,0,0,0,0,0,0,25,13.0,3.7,0.0,1.7,0.0,0.0,0.0,1.43,5,5,2,False,2,1,0
41,Pau,Pau Torres,DEF,2,Aston Villa,,1,1.0,2.0,2025-08-16T11:30:00Z,15.0,0,0,0,0,0,0,0,0,0,0,0,0,0,0,0.0,0.0,0.0,0.0,0.0,0.0,0.0,0.0,0,0,2,False,0,0,0
42,A.García,Andrés García,DEF,2,Aston Villa,,1,1.0,2.0,2025-08-16T11:30:00Z,15.0,0,0,0,0,0,0,0,0,0,0,0,0,0,0,0.0,0.0,0.0,0.0,0.0,0.0,0.0,0.0,0,0,2,False,0,0,0
43,Alex Moreno,Álex Moreno Lopera,DEF,2,Aston Villa,,1,1.0,2.0,2025-08-16T11:30:00Z,15.0,0,0,0,0,0,0,0,0,0,0,0,0,0,0,0.0,0.0,0.0,0.0,0.0,0.0,0.0,0.0,0,0,2,False,0,0,0
44,Bogarde,Lamare Bogarde,DEF,2,Aston Villa,,1,1.0,2.0,2025-08-16T11:30:00Z,15.0,0,0,0,0,0,0,0,0,0,0,0,0,0,0,0.0,0.0,0.0,0.0,0.0,0.0,0.0,0.0,0,0,2,False,0,0,0
45,Sousa,Lino da Cruz Sousa,DEF,2,Aston Villa,,1,1.0,2.0,2025-08-16T11:30:00Z,15.0,0,0,0,0,0,0,0,0,0,0,0,0,0,0,0.0,0.0,0.0,0.0,0.0,0.0,0.0,0.0,0,0,2,False,0,0,0
46,Yasin,Yasin Özcan,DEF,2,Aston Villa,,1,1.0,2.0,2025-08-16T11:30:00Z,15.0,0,0,0,0,0,0,0,0,0,0,0,0,0,0,0.0,0.0,0.0,0.0,0.0,0.0,0.0,0.0,0,0,2,False,0,0,0
47,Rogers,Morgan Rogers,MID,2,Aston Villa,,1,1.0,2.0,2025-08-16T11:30:00Z,15.0,90,3,0,0,1,0,0,0,0,0,0,0,0,7,7.2,20.1,4.0,3.1,0.0,0.05,0.05,1.43,1,7,3,False,5,1,1
48,Tielemans,Youri Tielemans,MID,2,Aston Villa,,1,1.0,2.0,2025-08-16T11:30:00Z,15.0,90,3,0,0,1,0,0,0,0,0,0,0,0,5,4.0,1.1,0.0,0.5,0.0,0.01,0.01,1.43,3,7,3,False,2,1,2
49,Bailey,Leon Bailey,MID,2,Aston Villa,,1,1.0,2.0,2025-08-16T11:30:00Z,15.0,0,0,0,0,0,0,0,0,0,0,0,0,0,0,0.0,0.0,0.0,0.0,0.0,0.0,0.0,0.0,0,0,3,False,0,0,0
50,Buendía,Emiliano Buendía Stati,MID,2,Aston Villa,,1,1.0,2.0,2025-08-16T11:30:00Z,15.0,0,0,0,0,0,0,0,0,0,0,0,0,0,0,0.0,0.0,0.0,0.0,0.0,0.0,0.0,0.0,0,0,3,False,0,0,0
51,Iling Jr,Samuel Iling-Junior,MID,2,Aston Villa,,1,1.0,2.0,2025-08-16T11:30:00Z,15.0,0,0,0,0,0,0,0,0,0,0,0,0,0,0,0.0,0.0,0.0,0.0,0.0,0.0,0.0,0.0,0,0,3,False,0,0,0
52,J.Ramsey,Jacob Ramsey,MID,15,Newcastle,,1,1.0,2.0,2025-08-16T11:30:00Z,2.0,0,0,0,0,0,0,0,0,0,0,0,0,0,0,0.0,0.0,0.0,0.0,0.0,0.0,0.0,0.0,0,0,3,False,0,0,0
53,Malen,Donyell Malen,MID,2,Aston Villa,,1,1.0,2.0,2025-08-16T11:30:00Z,15.0,6,1,0,0,0,0,0,0,0,0,0,0,0,4,3.0,0.0,17.0,2.0,0.03,0.0,0.03,0.1,0,0,3,False,0,0,0
54,McGinn,John McGinn,MID,2,Aston Villa,,1,1.0,2.0,2025-08-16T11:30:00Z,15.0,83,3,0,0,1,0,0,0,0,0,0,0,0,10,5.0,19.3,6.0,3.0,0.0,0.09,0.09,1.33,0,7,3,False,7,1,0
55,Barkley,Ross Barkley,MID,2,Aston Villa,,1,1.0,2.0,2025-08-16T11:30:00Z,15.0,0,0,0,0,0,0,0,0,0,0,0,0,0,0,0.0,0.0,0.0,0.0,0.0,0.0,0.0,0.0,0,0,3,False,0,0,0
56,Barrenechea,Enzo Barrenechea,MID,2,Aston Villa,,1,1.0,2.0,2025-08-16T11:30:00Z,15.0,0,0,0,0,0,0,0,0,0,0,0,0,0,0,0.0,0.0,0.0,0.0,0.0,0.0,0.0,0.0,0,0,3,False,0,0,0
57,Dobbin,Lewis Dobbin,MID,2,Aston Villa,,1,1.0,2.0,2025-08-16T11:30:00Z,15.0,0,0,0,0,0,0,0,0,0,0,0,0,0,0,0.0,0.0,0.0,0.0,0.0,0.0,0.0,0.0,0,0,3,False,0,0,0
58,Kamara,Boubacar Kamara,MID,2,Aston Villa,,1,1.0,2.0,2025-08-16T11:30:00Z,15.0,90,2,0,0,1,0,0,0,0,1,0,0,0,13,13.8,2.2,17.0,3.3,0.05,0.03,0.08,1.43,3,11,3,False,6,1,2
59,Onana,Amadou Onana,MID,2,Aston Villa,,1,1.0,2.0,2025-08-16T11:30:00Z,15.0,90,5,0,0,1,0,0,0,0,0,0,0,0,19,19.4,3.0,0.0,2.2,0.0,0.01,0.01,1.43,5,14,3,False,7,1,2
60,Broggio,Ben Broggio,MID,2,Aston Villa,,1,1.0,2.0,2025-08-16T11:30:00Z,15.0,0,0,0,0,0,0,0,0,0,0,0,0,0,0,0.0,0.0,0.0,0.0,0.0,0.0,0.0,0.0,0,0,3,False,0,0,0
61,Dendoncker,Leander Dendoncker,MID,2,Aston Villa,,1,1.0,2.0,2025-08-16T11:30:00Z,15.0,0,0,0,0,0,0,0,0,0,0,0,0,0,0,0.0,0.0,0.0,0.0,0.0,0.0,0.0,0.0,0,0,3,False,0,0,0
62,Jimoh-Aloba,Jamaldeen Jimoh-Aloba,MID,2,Aston Villa,,1,1.0,2.0,2025-08-16T11:30:00Z,15.0,0,0,0,0,0,0,0,0,0,0,0,0,0,0,0.0,0.0,0.0,0.0,0.0,0.0,0.0,0.0,0,0,3,False,0,0,0
63,Young,Kadan Young,MID,2,Aston Villa,,1,1.0,2.0,2025-08-16T11:30:00Z,15.0,0,0,0,0,0,0,0,0,0,0,0,0,0,0,0.0,0.0,0.0,0.0,0.0,0.0,0.0,0.0,0,0,3,False,0,0,0
64,Watkins,Ollie Watkins,FWD,2,Aston Villa,,1,1.0,2.0,2025-08-16T11:30:00Z,15.0,90,2,0,0,1,0,0,0,0,0,0,0,0,12,10.6,12.2,27.0,5.0,0.12,0.01,0.13,1.43,2,5,4,False,3,1,0
65,Redmond,Zépiqueno Redmond,FWD,2,Aston Villa,,1,1.0,2.0,2025-08-16T11:30:00Z,15.0,0,0,0,0,0,0,0,0,0,0,0,0,0,0,0.0,0.0,0.0,0.0,0.0,0.0,0.0,0.0,0,0,4,False,0,0,0
66,Neto,Norberto Murara Neto,GK,4,Bournemouth,,1,1.0,1.0,2025-08-15T19:00:00Z,12.0,0,0,0,0,0,0,0,0,0,0,0,0,0,0,0.0,0.0,0.0,0.0,0.0,0.0,0.0,0.0,0,0,1,False,0,0,0
67,Petrović,Đorđe Petrović,GK,4,Bournemouth,,1,1.0,1.0,2025-08-15T19:00:00Z,12.0,90,2,0,0,0,4,0,0,0,0,0,6,0,10,47.8,0.0,0.0,4.8,0.0,0.0,0.0,2.21,4,0,1,False,8,1,0
68,Dennis,Will Dennis,GK,4,Bournemouth,,1,1.0,1.0,2025-08-15T19:00:00Z,12.0,0,0,0,0,0,0,0,0,0,0,0,0,0,0,0.0,0.0,0.0,0.0,0.0,0.0,0.0,0.0,0,0,1,False,0,0,0
69,McKenna,Callan McKenna,GK,4,Bournemouth,,1,1.0,1.0,2025-08-15T19:00:00Z,12.0,0,0,0,0,0,0,0,0,0,0,0,0,0,0,0.0,0.0,0.0,0.0,0.0,0.0,0.0,0.0,0,0,1,False,0,0,0
70,Paulsen,Alex Paulsen,GK,4,Bournemouth,,1,1.0,1.0,2025-08-15T19:00:00Z,12.0,0,0,0,0,0,0,0,0,0,0,0,0,0,0,0.0,0.0,0.0,0.0,0.0,0.0,0.0,0.0,0,0,1,False,0,0,0
71,Zabarnyi,Illia Zabarnyi,DEF,4,Bournemouth,,1,1.0,1.0,2025-08-15T19:00:00Z,12.0,0,0,0,0,0,0,0,0,0,0,0,0,0,0,0.0,0.0,0.0,0.0,0.0,0.0,0.0,0.0,0,0,2,False,0,0,0
72,Senesi,Marcos Senesi Barón,DEF,4,Bournemouth,,1,1.0,1.0,2025-08-15T19:00:00Z,12.0,90,2,0,0,0,4,0,0,0,0,0,0,0,1,26.6,14.6,2.0,4.3,0.0,0.05,0.05,2.21,12,15,2,False,2,1,3
73,Smith,Adam Smith,DEF,4,Bournemouth,,1,1.0,1.0,2025-08-15T19:00:00Z,12.0,89,1,0,0,0,3,0,0,0,0,0,0,0,2,12.2,10.5,4.0,2.7,0.0,0.08,0.08,2.1,8,9,2,False,2,1,1
74,Truffert,Adrien Truffert,DEF,4,Bournemouth,,1,1.0,1.0,2025-08-15T19:00:00Z,12.0,90,0,0,0,0,4,0,0,0,0,0,0,0,-1,18.2,19.1,0.0,3.7,0.0,0.13,0.13,2.21,4,6,2,False,4,1,2
75,Akinmboni,Matai Akinmboni,DEF,4,Bournemouth,,1,1.0,1.0,2025-08-15T19:00:00Z,12.0,0,0,0,0,0,0,0,0,0,0,0,0,0,0,0.0,0.0,0.0,0.0,0.0,0.0,0.0,0.0,0,0,2,False,0,0,0
76,Bevan,Owen Bevan,DEF,4,Bournemouth,,1,1.0,1.0,2025-08-15T19:00:00Z,12.0,0,0,0,0,0,0,0,0,0,0,0,0,0,0,0.0,0.0,0.0,0.0,0.0,0.0,0.0,0.0,0,0,2,False,0,0,0
77,Hill,James Hill,DEF,4,Bournemouth,,1,1.0,1.0,2025-08-15T19:00:00Z,12.0,1,1,0,0,0,1,0,0,0,0,0,0,0,0,3.0,0.1,0.0,0.3,0.0,0.0,0.0,0.11,2,2,2,False,0,0,0
78,J.Araujo,Julián Araujo Zúñiga,DEF,4,Bournemouth,,1,1.0,1.0,2025-08-15T19:00:00Z,12.0,0,0,0,0,0,0,0,0,0,0,0,0,0,0,0.0,0.0,0.0,0.0,0.0,0.0,0.0,0.0,0,0,2,False,0,0,0
79,Mepham,Chris Mepham,DEF,4,Bournemouth,,1,1.0,1.0,2025-08-15T19:00:00Z,12.0,0,0,0,0,0,0,0,0,0,0,0,0,0,0,0.0,0.0,0.0,0.0,0.0,0.0,0.0,0.0,0,0,2,False,0,0,0
80,Soler,Julio Soler Barreto,DEF,4,Bournemouth,,1,1.0,1.0,2025-08-15T19:00:00Z,12.0,0,0,0,0,0,0,0,0,0,0,0,0,0,0,0.0,0.0,0.0,0.0,0.0,0.0,0.0,0.0,0,0,2,False,0,0,0
81,Kluivert,Justin Kluivert,MID,4,Bournemouth,,1,1.0,1.0,2025-08-15T19:00:00Z,12.0,0,0,0,0,0,0,0,0,0,0,0,0,0,0,0.0,0.0,0.0,0.0,0.0,0.0,0.0,0.0,0,0,3,False,0,0,0
82,Semenyo,Antoine Semenyo,MID,4,Bournemouth,,1,1.0,1.0,2025-08-15T19:00:00Z,12.0,90,15,2,0,0,4,0,0,0,0,0,0,3,42,66.4,1.3,32.0,10.0,0.91,0.02,0.93,2.21,1,5,3,True,3,1,1
83,O.Dango,Dango Ouattara,MID,5,Brentford,,1,1.0,1.0,2025-08-15T19:00:00Z,12.0,0,0,0,0,0,0,0,0,0,0,0,0,0,0,0.0,0.0,0.0,0.0,0.0,0.0,0.0,0.0,0,0,3,False,0,0,0
84,Tavernier,Marcus Tavernier,MID,4,Bournemouth,,1,1.0,1.0,2025-08-15T19:00:00Z,12.0,90,4,0,0,0,4,0,0,0,0,0,0,0,20,24.6,14.1,33.0,7.2,0.32,0.06,0.38,2.21,7,20,3,False,10,1,3
85,Adams,Tyler Adams,MID,4,Bournemouth,,1,1.0,1.0,2025-08-15T19:00:00Z,12.0,90,4,0,0,0,3,0,0,0,0,0,0,0,11,21.6,1.7,4.0,2.7,0.0,0.1,0.1,2.1,8,19,3,False,6,1,5
86,Brooks,David Brooks,MID,4,Bournemouth,,1,1.0,1.0,2025-08-15T19:00:00Z,12.0,83,4,0,1,0,2,0,0,0,1,0,0,0,23,27.2,40.3,18.0,8.6,0.19,0.19,0.38,1.9,0,7,3,False,5,1,2
87,Christie,Ryan Christie,MID,4,Bournemouth,,1,1.0,1.0,2025-08-15T19:00:00Z,12.0,0,0,0,0,0,0,0,0,0,0,0,0,0,0,0.0,0.0,0.0,0.0,0.0,0.0,0.0,0.0,0,0,3,False,0,0,0
88,Cook,Lewis Cook,MID,4,Bournemouth,,1,1.0,1.0,2025-08-15T19:00:00Z,12.0,0,0,0,0,0,0,0,0,0,0,0,0,0,0,0.0,0.0,0.0,0.0,0.0,0.0,0.0,0.0,0,0,3,False,0,0,0
89,Philip,Philip Billing,MID,4,Bournemouth,,1,1.0,1.0,2025-08-15T19:00:00Z,12.0,0,0,0,0,0,0,0,0,0,0,0,0,0,0,0.0,0.0,0.0,0.0,0.0,0.0,0.0,0.0,0,0,3,False,0,0,0
90,Scott,Alex Scott,MID,4,Bournemouth,,1,1.0,1.0,2025-08-15T19:00:00Z,12.0,73,2,0,0,0,2,0,0,0,0,0,0,0,7,2.0,2.1,2.0,0.6,0.0,0.0,0.0,1.81,1,3,3,False,2,1,0
91,Sinisterra,Luis Sinisterra Lucumí,MID,4,Bournemouth,,1,1.0,1.0,2025-08-15T19:00:00Z,12.0,0,0,0,0,0,0,0,0,0,0,0,0,0,0,0.0,0.0,0.0,0.0,0.0,0.0,0.0,0.0,0,0,3,False,0,0,0
92,Faivre,Romain Faivre,MID,4,Bournemouth,,1,1.0,1.0,2025-08-15T19:00:00Z,12.0,0,0,0,0,0,0,0,0,0,0,0,0,0,0,0.0,0.0,0.0,0.0,0.0,0.0,0.0,0.0,0,0,3,False,0,0,0
93,H.Traorè,Hamed Traorè,MID,4,Bournemouth,,1,1.0,1.0,2025-08-15T19:00:00Z,12.0,16,4,0,1,0,2,0,0,0,0,0,0,0,12,21.2,10.0,0.0,3.1,0.0,0.0,0.0,0.4,1,4,3,False,2,0,1
94,Sadi,Dominic Sadi,MID,4,Bournemouth,,1,1.0,1.0,2025-08-15T19:00:00Z,12.0,0,0,0,0,0,0,0,0,0,0,0,0,0,0,0.0,0.0,0.0,0.0,0.0,0.0,0.0,0.0,0,0,3,False,0,0,0
95,Silcott-Duberry,Zain Silcott-Duberry,MID,4,Bournemouth,,1,1.0,1.0,2025-08-15T19:00:00Z,12.0,0,0,0,0,0,0,0,0,0,0,0,0,0,0,0.0,0.0,0.0,0.0,0.0,0.0,0.0,0.0,0,0,3,False,0,0,0
96,Winterburn,Ben Winterburn,MID,4,Bournemouth,,1,1.0,1.0,2025-08-15T19:00:00Z,12.0,6,1,0,0,0,2,0,0,0,0,0,0,0,3,0.0,0.0,0.0,0.0,0.0,0.0,0.0,0.31,0,0,3,False,0,0,0
97,Evanilson,Francisco Evanilson de Lima Barbosa,FWD,4,Bournemouth,,1,1.0,1.0,2025-08-15T19:00:00Z,12.0,90,1,0,0,0,4,0,0,0,1,0,0,0,-1,0.0,0.6,17.0,1.6,0.29,0.0,0.29,2.21,3,5,4,False,2,1,0
98,Enes Ünal,Enes Ünal,FWD,4,Bournemouth,,1,1.0,1.0,2025-08-15T19:00:00Z,12.0,0,0,0,0,0,0,0,0,0,0,0,0,0,0,0.0,0.0,0.0,0.0,0.0,0.0,0.0,0.0,0,0,4,False,0,0,0
99,Adu-Adjei,Daniel Adu-Adjei,FWD,4,Bournemouth,,1,1.0,1.0,2025-08-15T19:00:00Z,12.0,0,0,0,0,0,0,0,0,0,0,0,0,0,0,0.0,0.0,0.0,0.0,0.0,0.0,0.0,0.0,0,0,4,False,0,0,0
100,Kroupi.Jr,Eli Junior Kroupi,FWD,4,Bournemouth,,1,1.0,1.0,2025-08-15T19:00:00Z,12.0,1,1,0,0,0,1,0,0,0,0,0,0,0,2,0.0,0.0,0.0,0.0,0.0,0.0,0.0,0.11,0,0,4,False,0,0,0
101,Kelleher,Caoimhín Kelleher,GK,5,Brentford,,1,1.0,4.0,2025-08-17T13:00:00Z,16.0,90,1,0,0,0,3,0,0,0,0,0,2,0,4,11.8,0.0,0.0,1.2,0.0,0.0,0.0,1.86,4,0,1,False,14,1,0
102,Balcombe,Ellery Balcombe,GK,5,Brentford,,1,1.0,4.0,2025-08-17T13:00:00Z,16.0,0,0,0,0,0,0,0,0,0,0,0,0,0,0,0.0,0.0,0.0,0.0,0.0,0.0,0.0,0.0,0,0,1,False,0,0,0
103,Cox,Matthew Cox,GK,5,Brentford,,1,1.0,4.0,2025-08-17T13:00:00Z,16.0,0,0,0,0,0,0,0,0,0,0,0,0,0,0,0.0,0.0,0.0,0.0,0.0,0.0,0.0,0.0,0,0,1,False,0,0,0
104,Eyestone,Julian Eyestone,GK,5,Brentford,,1,1.0,4.0,2025-08-17T13:00:00Z,16.0,0,0,0,0,0,0,0,0,0,0,0,0,0,0,0.0,0.0,0.0,0.0,0.0,0.0,0.0,0.0,0,0,1,False,0,0,0
105,Valdimarsson,Hákon Rafn Valdimarsson,GK,5,Brentford,,1,1.0,4.0,2025-08-17T13:00:00Z,16.0,0,0,0,0,0,0,0,0,0,0,0,0,0,0,0.0,0.0,0.0,0.0,0.0,0.0,0.0,0.0,0,0,1,False,0,0,0
106,Collins,Nathan Collins,DEF,5,Brentford,,1,1.0,4.0,2025-08-17T13:00:00Z,16.0,90,0,0,0,0,3,0,0,0,1,0,0,0,0,9.8,0.2,5.0,1.5,0.02,0.0,0.02,1.86,5,5,2,False,5,1,0
107,Lewis-Potter,Keane Lewis-Potter,DEF,5,Brentford,,1,1.0,4.0,2025-08-17T13:00:00Z,16.0,68,1,0,0,0,3,0,0,0,0,0,0,0,-8,5.4,4.5,7.0,1.7,0.12,0.0,0.12,1.86,3,5,2,False,2,1,2
108,Ajer,Kristoffer Ajer,DEF,5,Brentford,,1,1.0,4.0,2025-08-17T13:00:00Z,16.0,0,0,0,0,0,0,0,0,0,0,0,0,0,0,0.0,0.0,0.0,0.0,0.0,0.0,0.0,0.0,0,0,2,False,0,0,0
109,Henry,Rico Henry,DEF,5,Brentford,,1,1.0,4.0,2025-08-17T13:00:00Z,16.0,87,1,0,0,0,3,0,0,0,0,0,0,0,1,8.6,11.5,6.0,2.6,0.0,0.04,0.04,1.86,2,3,2,False,2,1,1
110,Kayode,Michael Kayode,DEF,5,Brentford,,1,1.0,4.0,2025-08-17T13:00:00Z,16.0,90,1,0,0,0,3,0,0,0,0,0,0,0,3,17.8,20.5,0.0,3.8,0.0,0.08,0.08,1.86,4,6,2,False,2,1,2
111,Pinnock,Ethan Pinnock,DEF,5,Brentford,,1,1.0,4.0,2025-08-17T13:00:00Z,16.0,0,0,0,0,0,0,0,0,0,0,0,0,0,0,0.0,0.0,0.0,0.0,0.0,0.0,0.0,0.0,0,0,2,False,0,0,0
112,Roerslev,Mads Roerslev Rasmussen,DEF,5,Brentford,,1,1.0,4.0,2025-08-17T13:00:00Z,16.0,0,0,0,0,0,0,0,0,0,0,0,0,0,0,0.0,0.0,0.0,0.0,0.0,0.0,0.0,0.0,0,0,2,False,0,0,0
113,Van den Berg,Sepp van den Berg,DEF,5,Brentford,,1,1.0,4.0,2025-08-17T13:00:00Z,16.0,90,3,0,0,0,3,0,0,0,0,0,0,0,6,34.4,0.6,24.0,5.9,0.21,0.0,0.21,1.86,12,14,2,False,4,1,2
114,Arthur,Benjamin Arthur,DEF,5,Brentford,,1,1.0,4.0,2025-08-17T13:00:00Z,16.0,0,0,0,0,0,0,0,0,0,0,0,0,0,0,0.0,0.0,0.0,0.0,0.0,0.0,0.0,0.0,0,0,2,False,0,0,0
115,Fredrick,Benjamin Fredrick,DEF,5,Brentford,,1,1.0,4.0,2025-08-17T13:00:00Z,16.0,0,0,0,0,0,0,0,0,0,0,0,0,0,0,0.0,0.0,0.0,0.0,0.0,0.0,0.0,0.0,0,0,2,False,0,0,0
116,Hickey,Aaron Hickey,DEF,5,Brentford,,1,1.0,4.0,2025-08-17T13:00:00Z,16.0,2,0,0,0,0,0,0,0,0,1,0,0,0,1,2.0,0.0,0.0,0.2,0.0,0.0,0.0,0.0,1,2,2,False,0,0,1
117,Ji-soo,Kim Ji-soo,DEF,5,Brentford,,1,1.0,4.0,2025-08-17T13:00:00Z,16.0,0,0,0,0,0,0,0,0,0,0,0,0,0,0,0.0,0.0,0.0,0.0,0.0,0.0,0.0,0.0,0,0,2,False,0,0,0
118,Meghoma,Jayden Meghoma,DEF,5,Brentford,,1,1.0,4.0,2025-08-17T13:00:00Z,16.0,0,0,0,0,0,0,0,0,0,0,0,0,0,0,0.0,0.0,0.0,0.0,0.0,0.0,0.0,0.0,0,0,2,False,0,0,0
119,Mbeumo,Bryan Mbeumo,MID,14,Man Utd,,1,1.0,9.0,2025-08-17T15:30:00Z,1.0,90,2,0,0,0,1,0,0,0,0,0,0,0,17,10.6,21.4,49.0,8.1,0.42,0.05,0.47,1.31,1,6,3,False,5,1,0
120,Schade,Kevin Schade,MID,5,Brentford,,1,1.0,4.0,2025-08-17T13:00:00Z,16.0,45,1,0,0,0,0,0,0,0,0,0,0,0,1,4.6,0.9,6.0,1.2,0.0,0.04,0.04,0.37,2,7,3,False,3,0,2
121,Damsgaard,Mikkel Damsgaard,MID,5,Brentford,,1,1.0,4.0,2025-08-17T13:00:00Z,16.0,0,0,0,0,0,0,0,0,0,0,0,0,0,0,0.0,0.0,0.0,0.0,0.0,0.0,0.0,0.0,0,0,3,False,0,0,0
122,Milambo,Antoni Milambo,MID,5,Brentford,,1,1.0,4.0,2025-08-17T13:00:00Z,16.0,45,1,0,0,0,3,0,0,0,0,0,0,0,5,4.0,1.8,0.0,0.6,0.0,0.01,0.01,1.49,0,4,3,False,2,1,2
123,Carvalho,Fábio Freitas Gouveia Carvalho,MID,5,Brentford,,1,1.0,4.0,2025-08-17T13:00:00Z,16.0,90,2,0,0,0,3,0,0,0,0,0,0,0,7,5.4,5.0,3.0,1.3,0.03,0.03,0.06,1.86,0,7,3,False,4,1,3
124,Henderson,Jordan Henderson,MID,5,Brentford,,1,1.0,4.0,2025-08-17T13:00:00Z,16.0,21,1,0,0,0,0,0,0,0,0,0,0,0,2,0.0,1.1,0.0,0.1,0.0,0.0,0.0,0.0,0,3,3,False,3,0,0
125,Janelt,Vitaly Janelt,MID,5,Brentford,,1,1.0,4.0,2025-08-17T13:00:00Z,16.0,0,0,0,0,0,0,0,0,0,0,0,0,0,0,0.0,0.0,0.0,0.0,0.0,0.0,0.0,0.0,0,0,3,False,0,0,0
126,Jensen,Mathias Jensen,MID,5,Brentford,,1,1.0,4.0,2025-08-17T13:00:00Z,16.0,68,2,0,0,0,3,0,0,0,0,0,0,0,10,9.0,25.4,8.0,4.2,0.13,0.03,0.16,1.86,2,5,3,False,1,1,2
127,Nunes,Gustavo Nunes Fernandes Gomes,MID,5,Brentford,,1,1.0,4.0,2025-08-17T13:00:00Z,16.0,0,0,0,0,0,0,0,0,0,0,0,0,0,0,0.0,0.0,0.0,0.0,0.0,0.0,0.0,0.0,0,0,3,False,0,0,0
128,Onyeka,Frank Onyeka,MID,5,Brentford,,1,1.0,4.0,2025-08-17T13:00:00Z,16.0,21,4,0,1,0,0,0,0,0,0,0,0,0,9,0.0,0.1,2.0,0.1,0.0,0.0,0.0,0.0,0,1,3,False,1,0,0
129,Yarmoliuk,Yehor Yarmoliuk,MID,5,Brentford,,1,1.0,4.0,2025-08-17T13:00:00Z,16.0,90,2,0,0,0,3,0,0,0,0,0,0,0,10,3.6,10.8,7.0,2.1,0.08,0.01,0.09,1.86,0,9,3,False,9,1,0
130,Donovan,Romelle Donovan,MID,5,Brentford,,1,1.0,4.0,2025-08-17T13:00:00Z,16.0,0,0,0,0,0,0,0,0,0,0,0,0,0,0,0.0,0.0,0.0,0.0,0.0,0.0,0.0,0.0,0,0,3,False,0,0,0
131,Konak,Yunus Emre Konak,MID,5,Brentford,,1,1.0,4.0,2025-08-17T13:00:00Z,16.0,0,0,0,0,0,0,0,0,0,0,0,0,0,0,0.0,0.0,0.0,0.0,0.0,0.0,0.0,0.0,0,0,3,False,0,0,0
132,Maghoma,Paris Maghoma,MID,5,Brentford,,1,1.0,4.0,2025-08-17T13:00:00Z,16.0,0,0,0,0,0,0,0,0,0,0,0,0,0,0,0.0,0.0,0.0,0.0,0.0,0.0,0.0,0.0,0,0,3,False,0,0,0
133,Peart-Harris,Myles Peart-Harris,MID,5,Brentford,,1,1.0,4.0,2025-08-17T13:00:00Z,16.0,0,0,0,0,0,0,0,0,0,0,0,0,0,0,0.0,0.0,0.0,0.0,0.0,0.0,0.0,0.0,0,0,3,False,0,0,0
134,Trevitt,Ryan Trevitt,MID,5,Brentford,,1,1.0,4.0,2025-08-17T13:00:00Z,16.0,0,0,0,0,0,0,0,0,0,0,0,0,0,0,0.0,0.0,0.0,0.0,0.0,0.0,0.0,0.0,0,0,3,False,0,0,0
135,Wissa,Yoane Wissa,FWD,5,Brentford,,1,1.0,4.0,2025-08-17T13:00:00Z,16.0,0,0,0,0,0,0,0,0,0,0,0,0,0,0,0.0,0.0,0.0,0.0,0.0,0.0,0.0,0.0,0,0,4,False,0,0,0
136,Thiago,Igor Thiago Nascimento Rodrigues,FWD,5,Brentford,,1,1.0,4.0,2025-08-17T13:00:00Z,16.0,90,6,1,0,0,3,0,0,0,0,0,0,0,17,36.4,10.7,22.0,6.9,0.91,0.01,0.92,1.86,1,2,4,False,0,1,1
137,Morgan,Iwan Morgan,FWD,5,Brentford,,1,1.0,4.0,2025-08-17T13:00:00Z,16.0,0,0,0,0,0,0,0,0,0,0,0,0,0,0,0.0,0.0,0.0,0.0,0.0,0.0,0.0,0.0,0,0,4,False,0,0,0
138,Steele,Jason Steele,GK,6,Brighton,,1,1.0,3.0,2025-08-16T14:00:00Z,10.0,0,0,0,0,0,0,0,0,0,0,0,0,0,0,0.0,0.0,0.0,0.0,0.0,0.0,0.0,0.0,0,0,1,False,0,0,0
139,Verbruggen,Bart Verbruggen,GK,6,Brighton,,1,1.0,3.0,2025-08-16T14:00:00Z,10.0,90,2,0,0,0,1,0,0,0,0,0,1,0,9,14.4,0.0,0.0,1.4,0.0,0.0,0.0,0.76,1,0,1,False,6,1,0
140,McGill,Tom McGill,GK,6,Brighton,,1,1.0,3.0,2025-08-16T14:00:00Z,10.0,0,0,0,0,0,0,0,0,0,0,0,0,0,0,0.0,0.0,0.0,0.0,0.0,0.0,0.0,0.0,0,0,1,False,0,0,0
141,Rushworth,Carl Rushworth,GK,6,Brighton,,1,1.0,3.0,2025-08-16T14:00:00Z,10.0,0,0,0,0,0,0,0,0,0,0,0,0,0,0,0.0,0.0,0.0,0.0,0.0,0.0,0.0,0.0,0,0,1,False,0,0,0
142,Scherpen,Kjell Scherpen,GK,6,Brighton,,1,1.0,3.0,2025-08-16T14:00:00Z,10.0,0,0,0,0,0,0,0,0,0,0,0,0,0,0,0.0,0.0,0.0,0.0,0.0,0.0,0.0,0.0,0,0,1,False,0,0,0
143,Boscagli,Olivier Boscagli,DEF,6,Brighton,,1,1.0,3.0,2025-08-16T14:00:00Z,10.0,0,0,0,0,0,0,0,0,0,0,0,0,0,0,0.0,0.0,0.0,0.0,0.0,0.0,0.0,0.0,0,0,2,False,0,0,0
144,Coppola,Diego Coppola,DEF,6,Brighton,,1,1.0,3.0,2025-08-16T14:00:00Z,10.0,0,0,0,0,0,0,0,0,0,0,0,0,0,0,0.0,0.0,0.0,0.0,0.0,0.0,0.0,0.0,0,0,2,False,0,0,0
145,De Cuyper,Maxim De Cuyper,DEF,6,Brighton,,1,1.0,3.0,2025-08-16T14:00:00Z,10.0,90,2,0,0,0,1,0,0,0,0,0,0,0,8,15.0,26.7,4.0,4.6,0.0,0.09,0.09,0.76,4,6,2,False,3,1,2
146,Dunk,Lewis Dunk,DEF,6,Brighton,,1,1.0,3.0,2025-08-16T14:00:00Z,10.0,90,2,0,0,0,1,0,0,0,0,0,0,0,16,16.6,1.8,7.0,2.5,0.09,0.0,0.09,0.76,7,8,2,False,5,1,1
147,Estupiñan,Pervis Estupiñán Tenorio,DEF,6,Brighton,,1,1.0,3.0,2025-08-16T14:00:00Z,10.0,0,0,0,0,0,0,0,0,0,0,0,0,0,0,0.0,0.0,0.0,0.0,0.0,0.0,0.0,0.0,0,0,2,False,0,0,0
148,F.Kadıoğlu,Ferdi Kadıoğlu,DEF,6,Brighton,,1,1.0,3.0,2025-08-16T14:00:00Z,10.0,21,0,0,0,0,1,0,0,0,1,0,0,0,-5,0.0,1.3,0.0,0.1,0.0,0.0,0.0,0.24,1,1,2,False,0,0,0
149,Igor,Igor Julio dos Santos de Paulo,DEF,6,Brighton,,1,1.0,3.0,2025-08-16T14:00:00Z,10.0,0,0,0,0,0,0,0,0,0,0,0,0,0,0,0.0,0.0,0.0,0.0,0.0,0.0,0.0,0.0,0,0,2,False,0,0,0
150,Lamptey,Tariq Lamptey,DEF,6,Brighton,,1,1.0,3.0,2025-08-16T14:00:00Z,10.0,0,0,0,0,0,0,0,0,0,0,0,0,0,0,0.0,0.0,0.0,0.0,0.0,0.0,0.0,0.0,0,0,2,False,0,0,0
151,Van Hecke,Jan Paul van Hecke,DEF,6,Brighton,,1,1.0,3.0,2025-08-16T14:00:00Z,10.0,90,2,0,0,0,1,0,0,0,0,0,0,0,15,28.0,1.3,0.0,2.9,0.0,0.13,0.13,0.76,7,8,2,False,4,1,1
152,Veltman,Joël Veltman,DEF,6,Brighton,,1,1.0,3.0,2025-08-16T14:00:00Z,10.0,0,0,0,0,0,0,0,0,0,0,0,0,0,0,0.0,0.0,0.0,0.0,0.0,0.0,0.0,0.0,0,0,2,False,0,0,0
153,Webster,Adam Webster,DEF,6,Brighton,,1,1.0,3.0,2025-08-16T14:00:00Z,10.0,0,0,0,0,0,0,0,0,0,0,0,0,0,0,0.0,0.0,0.0,0.0,0.0,0.0,0.0,0.0,0,0,2,False,0,0,0
154,Cashin,Eiran Cashin,DEF,6,Brighton,,1,1.0,3.0,2025-08-16T14:00:00Z,10.0,0,0,0,0,0,0,0,0,0,0,0,0,0,0,0.0,0.0,0.0,0.0,0.0,0.0,0.0,0.0,0,0,2,False,0,0,0
155,Slater,Jacob Slater,DEF,6,Brighton,,1,1.0,3.0,2025-08-16T14:00:00Z,10.0,0,0,0,0,0,0,0,0,0,0,0,0,0,0,0.0,0.0,0.0,0.0,0.0,0.0,0.0,0.0,0,0,2,False,0,0,0
156,Tasker,Charlie Tasker,DEF,6,Brighton,,1,1.0,3.0,2025-08-16T14:00:00Z,10.0,0,0,0,0,0,0,0,0,0,0,0,0,0,0,0.0,0.0,0.0,0.0,0.0,0.0,0.0,0.0,0,0,2,False,0,0,0
157,Mitoma,Mitoma Kaoru,MID,6,Brighton,,1,1.0,3.0,2025-08-16T14:00:00Z,10.0,82,2,0,0,1,0,0,0,0,1,0,0,0,-2,0.0,2.4,8.0,0.6,0.07,0.04,0.11,0.52,0,0,3,False,0,1,0
158,Georginio,Georginio Rutter,MID,6,Brighton,,1,1.0,3.0,2025-08-16T14:00:00Z,10.0,68,6,0,1,1,0,0,0,0,0,0,0,0,15,2.2,1.2,15.0,1.8,0.07,0.0,0.07,0.52,0,2,3,False,1,1,1
159,March,Solly March,MID,6,Brighton,,1,1.0,3.0,2025-08-16T14:00:00Z,10.0,0,0,0,0,0,0,0,0,0,0,0,0,0,0,0.0,0.0,0.0,0.0,0.0,0.0,0.0,0.0,0,0,3,False,0,0,0
160,Minteh,Yankuba Minteh,MID,6,Brighton,,1,1.0,3.0,2025-08-16T14:00:00Z,10.0,68,3,0,0,1,0,0,0,0,0,0,0,0,7,0.4,2.9,12.0,1.5,0.09,0.02,0.11,0.52,1,4,3,False,3,1,0
161,Enciso,Julio Enciso Espínola,MID,6,Brighton,,1,1.0,3.0,2025-08-16T14:00:00Z,10.0,0,0,0,0,0,0,0,0,0,0,0,0,0,0,0.0,0.0,0.0,0.0,0.0,0.0,0.0,0.0,0,0,3,False,0,0,0
162,Gruda,Brajan Gruda,MID,6,Brighton,,1,1.0,3.0,2025-08-16T14:00:00Z,10.0,7,1,0,0,0,1,0,0,0,0,0,0,0,-2,0.2,0.3,4.0,0.5,0.31,0.0,0.31,0.24,0,2,3,False,1,0,1
163,Hinshelwood,Jack Hinshelwood,MID,6,Brighton,,1,1.0,3.0,2025-08-16T14:00:00Z,10.0,0,0,0,0,0,0,0,0,0,0,0,0,0,0,0.0,0.0,0.0,0.0,0.0,0.0,0.0,0.0,0,0,3,False,0,0,0
164,O'Riley,Matt O'Riley,MID,6,Brighton,,1,1.0,3.0,2025-08-16T14:00:00Z,10.0,87,10,1,0,1,0,0,0,0,0,0,0,2,24,45.8,44.3,25.0,11.5,0.79,0.14,0.93,0.52,0,3,3,True,0,1,3
165,Sima,Abdallah Sima,MID,6,Brighton,,1,1.0,3.0,2025-08-16T14:00:00Z,10.0,0,0,0,0,0,0,0,0,0,0,0,0,0,0,0.0,0.0,0.0,0.0,0.0,0.0,0.0,0.0,0,0,3,False,0,0,0
166,Ayari,Yasin Ayari,MID,6,Brighton,,1,1.0,3.0,2025-08-16T14:00:00Z,10.0,90,3,0,0,0,1,0,0,0,0,0,0,1,20,7.2,3.2,2.0,1.2,0.0,0.12,0.12,0.76,3,10,3,False,6,1,1
167,Baleba,Carlos Baleba,MID,6,Brighton,,1,1.0,3.0,2025-08-16T14:00:00Z,10.0,68,3,0,0,1,0,0,0,0,0,0,0,0,10,4.0,11.9,1.0,1.7,0.02,0.01,0.03,0.52,4,11,3,False,6,1,1
168,Buonanotte,Facundo Buonanotte,MID,6,Brighton,,1,1.0,3.0,2025-08-16T14:00:00Z,10.0,0,0,0,0,0,0,0,0,0,0,0,0,0,0,0.0,0.0,0.0,0.0,0.0,0.0,0.0,0.0,0,0,3,False,0,0,0
169,Gomez,Diego Gómez Amarilla,MID,6,Brighton,,1,1.0,3.0,2025-08-16T14:00:00Z,10.0,21,0,0,0,0,1,0,0,0,1,0,0,0,7,7.6,11.3,7.0,2.6,0.03,0.03,0.06,0.24,1,5,3,False,2,0,2
170,Milner,James Milner,MID,6,Brighton,,1,1.0,3.0,2025-08-16T14:00:00Z,10.0,2,1,0,0,0,1,0,0,0,0,0,0,0,3,0.0,0.1,0.0,0.0,0.0,0.0,0.0,0.24,0,0,3,False,0,0,0
171,Sarmiento,Jeremy Sarmiento Morante,MID,6,Brighton,,1,1.0,3.0,2025-08-16T14:00:00Z,10.0,0,0,0,0,0,0,0,0,0,0,0,0,0,0,0.0,0.0,0.0,0.0,0.0,0.0,0.0,0.0,0,0,3,False,0,0,0
172,Watson,Tom Watson,MID,6,Brighton,,1,1.0,3.0,2025-08-16T14:00:00Z,10.0,0,0,0,0,0,0,0,0,0,0,0,0,0,0,0.0,0.0,0.0,0.0,0.0,0.0,0.0,0.0,0,0,3,False,0,0,0
173,Wieffer,Mats Wieffer,MID,6,Brighton,,1,1.0,3.0,2025-08-16T14:00:00Z,10.0,90,4,0,0,0,1,0,0,0,0,0,0,0,17,24.8,2.8,21.0,4.9,0.02,0.02,0.04,0.76,8,18,3,False,5,1,5
174,Yalcouye,Malick Yalcouyé,MID,6,Brighton,,1,1.0,3.0,2025-08-16T14:00:00Z,10.0,0,0,0,0,0,0,0,0,0,0,0,0,0,0,0.0,0.0,0.0,0.0,0.0,0.0,0.0,0.0,0,0,3,False,0,0,0
175,Knight,Joe Knight,MID,6,Brighton,,1,1.0,3.0,2025-08-16T14:00:00Z,10.0,0,0,0,0,0,0,0,0,0,0,0,0,0,0,0.0,0.0,0.0,0.0,0.0,0.0,0.0,0.0,0,0,3,False,0,0,0
176,Mazilu,Adrian Mazilu,MID,6,Brighton,,1,1.0,3.0,2025-08-16T14:00:00Z,10.0,0,0,0,0,0,0,0,0,0,0,0,0,0,0,0.0,0.0,0.0,0.0,0.0,0.0,0.0,0.0,0,0,3,False,0,0,0
177,Moran,Andrew Moran,MID,6,Brighton,,1,1.0,3.0,2025-08-16T14:00:00Z,10.0,0,0,0,0,0,0,0,0,0,0,0,0,0,0,0.0,0.0,0.0,0.0,0.0,0.0,0.0,0.0,0,0,3,False,0,0,0
178,Welbeck,Danny Welbeck,FWD,6,Brighton,,1,1.0,3.0,2025-08-16T14:00:00Z,10.0,21,1,0,0,0,1,0,0,0,0,0,0,0,3,2.2,0.6,2.0,0.5,0.0,0.0,0.0,0.24,0,1,4,False,0,0,1
179,Ferguson,Evan Ferguson,FWD,6,Brighton,,1,1.0,3.0,2025-08-16T14:00:00Z,10.0,0,0,0,0,0,0,0,0,0,0,0,0,0,0,0.0,0.0,0.0,0.0,0.0,0.0,0.0,0.0,0,0,4,False,0,0,0
180,Tzimas,Stefanos Tzimas,FWD,6,Brighton,,1,1.0,3.0,2025-08-16T14:00:00Z,10.0,0,0,0,0,0,0,0,0,0,0,0,0,0,0,0.0,0.0,0.0,0.0,0.0,0.0,0.0,0.0,0,0,4,False,0,0,0
181,Kostoulas,Charalampos Kostoulas,FWD,6,Brighton,,1,1.0,3.0,2025-08-16T14:00:00Z,10.0,0,0,0,0,0,0,0,0,0,0,0,0,0,0,0.0,0.0,0.0,0.0,0.0,0.0,0.0,0.0,0,0,4,False,0,0,0
182,Trafford,James Trafford,GK,13,Man City,,1,1.0,7.0,2025-08-16T16:30:00Z,20.0,90,7,0,0,1,0,0,0,0,0,0,3,0,31,28.8,0.0,0.0,2.9,0.0,0.0,0.0,0.56,2,0,1,False,10,1,0
183,Weiss,Max Weiß,GK,3,Burnley,,1,1.0,6.0,2025-08-16T14:00:00Z,18.0,0,0,0,0,0,0,0,0,0,0,0,0,0,0,0.0,0.0,0.0,0.0,0.0,0.0,0.0,0.0,0,0,1,False,0,0,0
184,Green,Etienne Green,GK,3,Burnley,,1,1.0,6.0,2025-08-16T14:00:00Z,18.0,0,0,0,0,0,0,0,0,0,0,0,0,0,0,0.0,0.0,0.0,0.0,0.0,0.0,0.0,0.0,0,0,1,False,0,0,0
185,Hladký,Václav Hladký,GK,3,Burnley,,1,1.0,6.0,2025-08-16T14:00:00Z,18.0,0,0,0,0,0,0,0,0,0,0,0,0,0,0,0.0,0.0,0.0,0.0,0.0,0.0,0.0,0.0,0,0,1,False,0,0,0
186,Roberts,Connor Roberts,DEF,3,Burnley,,1,1.0,6.0,2025-08-16T14:00:00Z,18.0,0,0,0,0,0,0,0,0,0,0,0,0,0,0,0.0,0.0,0.0,0.0,0.0,0.0,0.0,0.0,0,0,2,False,0,0,0
187,Walker,Kyle Walker,DEF,3,Burnley,,1,1.0,6.0,2025-08-16T14:00:00Z,18.0,90,1,0,0,0,3,0,0,0,0,0,0,0,-3,8.2,0.9,1.0,1.0,0.01,0.02,0.03,2.32,5,5,2,False,4,1,0
188,Delcroix,Hannes Delcroix,DEF,3,Burnley,,1,1.0,6.0,2025-08-16T14:00:00Z,18.0,0,0,0,0,0,0,0,0,0,0,0,0,0,0,0.0,0.0,0.0,0.0,0.0,0.0,0.0,0.0,0,0,2,False,0,0,0
189,Dodgson,Owen Dodgson,DEF,3,Burnley,,1,1.0,6.0,2025-08-16T14:00:00Z,18.0,0,0,0,0,0,0,0,0,0,0,0,0,0,0,0.0,0.0,0.0,0.0,0.0,0.0,0.0,0.0,0,0,2,False,0,0,0
190,Ekdal,Hjalmar Ekdal,DEF,3,Burnley,,1,1.0,6.0,2025-08-16T14:00:00Z,18.0,90,1,0,0,0,3,0,0,0,0,0,0,0,-5,9.8,0.5,8.0,1.8,0.0,0.0,0.0,2.32,5,5,2,False,1,1,0
191,Estève,Maxime Estève,DEF,3,Burnley,,1,1.0,6.0,2025-08-16T14:00:00Z,18.0,90,1,0,0,0,3,0,0,0,0,0,0,0,0,19.4,0.5,17.0,3.7,0.05,0.0,0.05,2.32,8,8,2,False,2,1,0
192,Hartman,Quilindschy Hartman,DEF,3,Burnley,,1,1.0,6.0,2025-08-16T14:00:00Z,18.0,90,1,0,0,0,3,0,0,0,0,0,0,0,-2,13.4,11.7,2.0,2.7,0.0,0.04,0.04,2.32,5,6,2,False,2,1,1
193,Humphreys,Bashir Humphreys,DEF,3,Burnley,,1,1.0,6.0,2025-08-16T14:00:00Z,18.0,0,0,0,0,0,0,0,0,0,0,0,0,0,0,0.0,0.0,0.0,0.0,0.0,0.0,0.0,0.0,0,0,2,False,0,0,0
194,Jordan,Jordan Beyer,DEF,3,Burnley,,1,1.0,6.0,2025-08-16T14:00:00Z,18.0,0,0,0,0,0,0,0,0,0,0,0,0,0,0,0.0,0.0,0.0,0.0,0.0,0.0,0.0,0.0,0,0,2,False,0,0,0
195,Lucas Pires,Lucas Pires Silva,DEF,3,Burnley,,1,1.0,6.0,2025-08-16T14:00:00Z,18.0,0,0,0,0,0,0,0,0,0,0,0,0,0,0,0.0,0.0,0.0,0.0,0.0,0.0,0.0,0.0,0,0,2,False,0,0,0
196,Sambo,Shurandy Sambo,DEF,3,Burnley,,1,1.0,6.0,2025-08-16T14:00:00Z,18.0,0,0,0,0,0,0,0,0,0,0,0,0,0,0,0.0,0.0,0.0,0.0,0.0,0.0,0.0,0.0,0,0,2,False,0,0,0
197,Sonne,Oliver Sonne,DEF,3,Burnley,,1,1.0,6.0,2025-08-16T14:00:00Z,18.0,73,1,0,0,0,3,0,0,0,0,0,0,0,-4,4.6,15.9,6.0,2.7,0.03,0.08,0.11,2.09,0,0,2,False,1,1,0
198,Tuanzebe,Axel Tuanzebe,DEF,3,Burnley,,1,1.0,6.0,2025-08-16T14:00:00Z,18.0,0,0,0,0,0,0,0,0,0,0,0,0,0,0,0.0,0.0,0.0,0.0,0.0,0.0,0.0,0.0,0,0,2,False,0,0,0
199,Worrall,Joe Worrall,DEF,3,Burnley,,1,1.0,6.0,2025-08-16T14:00:00Z,18.0,0,0,0,0,0,0,0,0,0,0,0,0,0,0,0.0,0.0,0.0,0.0,0.0,0.0,0.0,0.0,0,0,2,False,0,0,0
200,Anthony,Jaidon Anthony,MID,3,Burnley,,1,1.0,6.0,2025-08-16T14:00:00Z,18.0,84,2,0,0,0,3,0,0,0,0,0,0,0,9,7.0,26.2,32.0,6.5,0.44,0.36,0.8,2.32,0,4,3,False,4,1,0
201,Benson,Manuel Benson Hedilazio,MID,3,Burnley,,1,1.0,6.0,2025-08-16T14:00:00Z,18.0,0,0,0,0,0,0,0,0,0,0,0,0,0,0,0.0,0.0,0.0,0.0,0.0,0.0,0.0,0.0,0,0,3,False,0,0,0
202,Bruun Larsen,Jacob Bruun Larsen,MID,3,Burnley,,1,1.0,6.0,2025-08-16T14:00:00Z,18.0,27,1,0,0,0,1,0,0,0,0,0,0,0,2,3.6,0.7,8.0,1.2,0.0,0.01,0.01,0.91,1,2,3,False,1,0,0
203,Boateng,Enock Agyei,MID,3,Burnley,,1,1.0,6.0,2025-08-16T14:00:00Z,18.0,0,0,0,0,0,0,0,0,0,0,0,0,0,0,0.0,0.0,0.0,0.0,0.0,0.0,0.0,0.0,0,0,3,False,0,0,0
204,Churlinov,Darko Churlinov,MID,3,Burnley,,1,1.0,6.0,2025-08-16T14:00:00Z,18.0,0,0,0,0,0,0,0,0,0,0,0,0,0,0,0.0,0.0,0.0,0.0,0.0,0.0,0.0,0.0,0,0,3,False,0,0,0
205,Cullen,Josh Cullen,MID,3,Burnley,,1,1.0,6.0,2025-08-16T14:00:00Z,18.0,90,4,0,0,0,3,0,0,0,0,0,0,0,21,23.8,59.4,0.0,8.3,0.0,0.28,0.28,2.32,5,12,3,False,4,1,3
206,Edwards,Marcus Edwards,MID,3,Burnley,,1,1.0,6.0,2025-08-16T14:00:00Z,18.0,5,1,0,0,0,0,0,0,0,0,0,0,0,3,0.0,0.0,0.0,0.0,0.0,0.0,0.0,0.0,0,0,3,False,0,0,0
207,Hannibal,Hannibal Mejbri,MID,3,Burnley,,1,1.0,6.0,2025-08-16T14:00:00Z,18.0,62,2,0,0,0,2,0,0,0,0,0,0,0,8,0.0,1.7,5.0,0.6,0.03,0.01,0.04,1.41,0,1,3,False,1,1,0
208,Koleosho,Luca Koleosho,MID,3,Burnley,,1,1.0,6.0,2025-08-16T14:00:00Z,18.0,0,0,0,0,0,0,0,0,0,0,0,0,0,0,0.0,0.0,0.0,0.0,0.0,0.0,0.0,0.0,0,0,3,False,0,0,0
209,Laurent,Josh Laurent,MID,3,Burnley,,1,1.0,6.0,2025-08-16T14:00:00Z,18.0,62,2,0,0,0,2,0,0,0,0,0,0,0,11,10.6,11.2,20.0,4.2,0.11,0.13,0.24,1.41,2,6,3,False,3,1,1
210,Tchaouna,Loum Tchaouna,MID,3,Burnley,,1,1.0,6.0,2025-08-16T14:00:00Z,18.0,16,1,0,0,0,0,0,0,0,0,0,0,0,4,3.2,0.8,0.0,0.4,0.0,0.01,0.01,0.23,0,2,3,False,1,0,1
211,A.Ramsey,Aaron Ramsey,MID,3,Burnley,,1,1.0,6.0,2025-08-16T14:00:00Z,18.0,0,0,0,0,0,0,0,0,0,0,0,0,0,0,0.0,0.0,0.0,0.0,0.0,0.0,0.0,0.0,0,0,3,False,0,0,0
212,Adewumi,Oluwaseun Adewumi,MID,3,Burnley,,1,1.0,6.0,2025-08-16T14:00:00Z,18.0,0,0,0,0,0,0,0,0,0,0,0,0,0,0,0.0,0.0,0.0,0.0,0.0,0.0,0.0,0.0,0,0,3,False,0,0,0
213,Banel,Jaydon Banel,MID,3,Burnley,,1,1.0,6.0,2025-08-16T14:00:00Z,18.0,0,0,0,0,0,0,0,0,0,0,0,0,0,0,0.0,0.0,0.0,0.0,0.0,0.0,0.0,0.0,0,0,3,False,0,0,0
214,Trésor,Mike Trésor Ndayishimiye,MID,3,Burnley,,1,1.0,6.0,2025-08-16T14:00:00Z,18.0,0,0,0,0,0,0,0,0,0,0,0,0,0,0,0.0,0.0,0.0,0.0,0.0,0.0,0.0,0.0,0,0,3,False,0,0,0
215,Flemming,Zian Flemming,FWD,3,Burnley,,1,1.0,6.0,2025-08-16T14:00:00Z,18.0,16,1,0,0,0,0,0,0,0,0,0,0,0,3,0.0,0.0,0.0,0.0,0.0,0.0,0.0,0.23,0,0,4,False,0,0,0
216,Amdouni,Zeki Amdouni,FWD,3,Burnley,,1,1.0,6.0,2025-08-16T14:00:00Z,18.0,0,0,0,0,0,0,0,0,0,0,0,0,0,0,0.0,0.0,0.0,0.0,0.0,0.0,0.0,0.0,0,0,4,False,0,0,0
217,Foster,Lyle Foster,FWD,3,Burnley,,1,1.0,6.0,2025-08-16T14:00:00Z,18.0,73,2,0,0,0,3,0,0,0,0,0,0,0,6,4.8,22.7,10.0,3.8,0.22,0.04,0.26,2.09,2,3,4,False,1,1,0
218,Barnes,Ashley Barnes,FWD,3,Burnley,,1,1.0,6.0,2025-08-16T14:00:00Z,18.0,0,0,0,0,0,0,0,0,0,0,0,0,0,0,0.0,0.0,0.0,0.0,0.0,0.0,0.0,0.0,0,0,4,False,0,0,0
219,Obafemi,Michael Obafemi,FWD,3,Burnley,,1,1.0,6.0,2025-08-16T14:00:00Z,18.0,0,0,0,0,0,0,0,0,0,0,0,0,0,0,0.0,0.0,0.0,0.0,0.0,0.0,0.0,0.0,0,0,4,False,0,0,0
220,Sánchez,Robert Lynch Sánchez,GK,7,Chelsea,,1,1.0,8.0,2025-08-17T13:00:00Z,8.0,90,8,0,0,1,0,0,0,0,0,0,4,1,31,24.4,0.0,0.0,2.4,0.0,0.0,0.0,0.66,1,0,1,False,8,1,0
221,Jörgensen,Filip Jörgensen,GK,7,Chelsea,,1,1.0,8.0,2025-08-17T13:00:00Z,8.0,0,0,0,0,0,0,0,0,0,0,0,0,0,0,0.0,0.0,0.0,0.0,0.0,0.0,0.0,0.0,0,0,1,False,0,0,0
222,Penders,Mike Penders,GK,7,Chelsea,,1,1.0,8.0,2025-08-17T13:00:00Z,8.0,0,0,0,0,0,0,0,0,0,0,0,0,0,0,0.0,0.0,0.0,0.0,0.0,0.0,0.0,0.0,0,0,1,False,0,0,0
223,Slonina,Gabriel Słonina,GK,7,Chelsea,,1,1.0,8.0,2025-08-17T13:00:00Z,8.0,0,0,0,0,0,0,0,0,0,0,0,0,0,0,0.0,0.0,0.0,0.0,0.0,0.0,0.0,0.0,0,0,1,False,0,0,0
224,Cucurella,Marc Cucurella Saseta,DEF,7,Chelsea,,1,1.0,8.0,2025-08-17T13:00:00Z,8.0,90,8,0,0,1,0,0,0,0,0,0,0,2,34,11.6,15.8,13.0,4.0,0.11,0.1,0.21,0.66,2,4,2,False,4,1,2
225,James,Reece James,DEF,7,Chelsea,,1,1.0,8.0,2025-08-17T13:00:00Z,8.0,78,5,0,0,1,0,0,0,0,1,0,0,0,29,17.0,46.6,0.0,6.4,0.0,0.19,0.19,0.61,6,7,2,False,6,1,1
226,Chalobah,Trevoh Chalobah,DEF,7,Chelsea,,1,1.0,8.0,2025-08-17T13:00:00Z,8.0,90,6,0,0,1,0,0,0,0,0,0,0,0,25,21.4,4.9,4.0,3.0,0.09,0.03,0.12,0.66,9,9,2,False,3,1,0
227,Colwill,Levi Samuels Colwill,DEF,7,Chelsea,,1,1.0,8.0,2025-08-17T13:00:00Z,8.0,0,0,0,0,0,0,0,0,0,0,0,0,0,0,0.0,0.0,0.0,0.0,0.0,0.0,0.0,0.0,0,0,2,False,0,0,0
228,Gusto,Malo Gusto,DEF,7,Chelsea,,1,1.0,8.0,2025-08-17T13:00:00Z,8.0,11,1,0,0,0,0,0,0,0,0,0,0,0,2,0.0,1.3,1.0,0.2,0.02,0.0,0.02,0.05,0,0,2,False,0,0,0
229,B.Badiashile,Benoît Badiashile Mukinayi,DEF,7,Chelsea,,1,1.0,8.0,2025-08-17T13:00:00Z,8.0,0,0,0,0,0,0,0,0,0,0,0,0,0,0,0.0,0.0,0.0,0.0,0.0,0.0,0.0,0.0,0,0,2,False,0,0,0
230,Fofana,Wesley Fofana,DEF,7,Chelsea,,1,1.0,8.0,2025-08-17T13:00:00Z,8.0,0,0,0,0,0,0,0,0,0,0,0,0,0,0,0.0,0.0,0.0,0.0,0.0,0.0,0.0,0.0,0,0,2,False,0,0,0
231,M.Sarr,Mamadou Sarr,DEF,7,Chelsea,,1,1.0,8.0,2025-08-17T13:00:00Z,8.0,0,0,0,0,0,0,0,0,0,0,0,0,0,0,0.0,0.0,0.0,0.0,0.0,0.0,0.0,0.0,0,0,2,False,0,0,0
232,Tosin,Tosin Adarabioyo,DEF,7,Chelsea,,1,1.0,8.0,2025-08-17T13:00:00Z,8.0,0,0,0,0,0,0,0,0,0,0,0,0,0,0,0.0,0.0,0.0,0.0,0.0,0.0,0.0,0.0,0,0,2,False,0,0,0
233,Acheampong,Josh Acheampong,DEF,7,Chelsea,,1,1.0,8.0,2025-08-17T13:00:00Z,8.0,90,9,0,0,1,0,0,0,0,0,0,0,3,35,16.2,2.3,10.0,2.9,0.09,0.01,0.1,0.66,6,8,2,False,4,1,2
234,Anselmino,Aarón Anselmino,DEF,7,Chelsea,,1,1.0,8.0,2025-08-17T13:00:00Z,8.0,0,0,0,0,0,0,0,0,0,0,0,0,0,0,0.0,0.0,0.0,0.0,0.0,0.0,0.0,0.0,0,0,2,False,0,0,0
235,Palmer,Cole Palmer,MID,7,Chelsea,,1,1.0,8.0,2025-08-17T13:00:00Z,8.0,90,3,0,0,1,0,0,0,0,0,0,0,0,10,4.8,16.9,23.0,4.5,0.17,0.03,0.2,0.66,0,5,3,False,4,1,1
236,Neto,Pedro Lomba Neto,MID,7,Chelsea,,1,1.0,8.0,2025-08-17T13:00:00Z,8.0,90,3,0,0,1,0,0,0,0,0,0,0,0,18,13.8,37.7,10.0,6.2,0.03,0.36,0.39,0.66,1,6,3,False,4,1,1
237,Enzo,Enzo Fernández,MID,7,Chelsea,,1,1.0,8.0,2025-08-17T13:00:00Z,8.0,78,3,0,0,1,0,0,0,0,0,0,0,0,11,3.6,16.5,2.0,2.2,0.0,0.1,0.1,0.61,0,0,3,False,0,1,0
238,Estêvão,Estêvão Almeida de Oliveira Gonçalves,MID,7,Chelsea,,1,1.0,8.0,2025-08-17T13:00:00Z,8.0,36,0,0,0,0,0,0,0,0,1,0,0,0,-3,1.2,4.9,8.0,1.4,0.34,0.37,0.71,0.07,1,3,3,False,2,0,0
239,Gittens,Jamie Bynoe-Gittens,MID,7,Chelsea,,1,1.0,8.0,2025-08-17T13:00:00Z,8.0,53,1,0,0,0,0,0,0,0,0,0,0,0,2,7.2,22.8,8.0,3.8,0.07,0.07,0.14,0.59,1,3,3,False,1,1,1
240,Nkunku,Christopher Nkunku,MID,7,Chelsea,,1,1.0,8.0,2025-08-17T13:00:00Z,8.0,0,0,0,0,0,0,0,0,0,0,0,0,0,0,0.0,0.0,0.0,0.0,0.0,0.0,0.0,0.0,0,0,3,False,0,0,0
241,Caicedo,Moisés Caicedo Corozo,MID,7,Chelsea,,1,1.0,8.0,2025-08-17T13:00:00Z,8.0,90,5,0,0,1,0,0,0,0,0,0,0,0,18,31.2,3.9,2.0,3.7,0.04,0.04,0.08,0.66,6,12,3,False,1,1,5
242,Dewsbury-Hall,Kiernan Dewsbury-Hall,MID,9,Everton,,1,1.0,10.0,2025-08-18T19:00:00Z,11.0,90,2,0,0,0,1,0,0,0,0,0,0,0,15,12.6,27.4,2.0,4.2,0.0,0.24,0.24,2.07,2,6,3,False,2,1,2
243,George,Tyrique George,MID,7,Chelsea,,1,1.0,8.0,2025-08-17T13:00:00Z,8.0,0,0,0,0,0,0,0,0,0,0,0,0,0,0,0.0,0.0,0.0,0.0,0.0,0.0,0.0,0.0,0,0,3,False,0,0,0
244,Lavia,Roméo Lavia,MID,7,Chelsea,,1,1.0,8.0,2025-08-17T13:00:00Z,8.0,0,0,0,0,0,0,0,0,0,0,0,0,0,0,0.0,0.0,0.0,0.0,0.0,0.0,0.0,0.0,0,0,3,False,0,0,0
245,Mudryk,Mykhailo Mudryk,MID,7,Chelsea,,1,1.0,8.0,2025-08-17T13:00:00Z,8.0,0,0,0,0,0,0,0,0,0,0,0,0,0,0,0.0,0.0,0.0,0.0,0.0,0.0,0.0,0.0,0,0,3,False,0,0,0
246,Andrey Santos,Andrey Nascimento dos Santos,MID,7,Chelsea,,1,1.0,8.0,2025-08-17T13:00:00Z,8.0,11,1,0,0,0,0,0,0,0,0,0,0,0,1,0.4,0.3,21.0,2.2,0.31,0.0,0.31,0.05,0,0,3,False,0,0,0
247,D.Essugo,Dário Luís Essugo,MID,7,Chelsea,,1,1.0,8.0,2025-08-17T13:00:00Z,8.0,0,0,0,0,0,0,0,0,0,0,0,0,0,0,0.0,0.0,0.0,0.0,0.0,0.0,0.0,0.0,0,0,3,False,0,0,0
248,Paez,Kendry Páez Andrade,MID,7,Chelsea,,1,1.0,8.0,2025-08-17T13:00:00Z,8.0,0,0,0,0,0,0,0,0,0,0,0,0,0,0,0.0,0.0,0.0,0.0,0.0,0.0,0.0,0.0,0,0,3,False,0,0,0
249,João Pedro,João Pedro Junqueira de Jesus,FWD,7,Chelsea,,1,1.0,8.0,2025-08-17T13:00:00Z,8.0,72,2,0,0,1,0,0,0,0,0,0,0,0,3,0.0,5.1,16.0,1.9,0.28,0.02,0.3,0.6,0,1,4,False,1,1,0
250,Delap,Liam Delap,FWD,7,Chelsea,,1,1.0,8.0,2025-08-17T13:00:00Z,8.0,17,1,0,0,0,0,0,0,0,0,0,0,0,4,5.4,1.3,19.0,2.6,0.05,0.01,0.06,0.05,1,2,4,False,1,0,0
251,N.Jackson,Nicolas Jackson,FWD,7,Chelsea,,1,1.0,8.0,2025-08-17T13:00:00Z,8.0,0,0,0,0,0,0,0,0,0,0,0,0,0,0,0.0,0.0,0.0,0.0,0.0,0.0,0.0,0.0,0,0,4,False,0,0,0
252,Marc Guiu,Marc Guiu Paz,FWD,17,Sunderland,,1,1.0,5.0,2025-08-16T14:00:00Z,19.0,0,0,0,0,0,0,0,0,0,0,0,0,0,0,0.0,0.0,0.0,0.0,0.0,0.0,0.0,0.0,0,0,4,False,0,0,0
253,Henderson,Dean Henderson,GK,8,Crystal Palace,,1,1.0,8.0,2025-08-17T13:00:00Z,7.0,90,6,0,0,1,0,0,0,0,0,0,2,0,27,22.4,10.0,0.0,3.2,0.0,0.0,0.0,1.6,2,0,1,False,5,1,0
254,Benitez,Walter Benítez,GK,8,Crystal Palace,,1,1.0,8.0,2025-08-17T13:00:00Z,7.0,0,0,0,0,0,0,0,0,0,0,0,0,0,0,0.0,0.0,0.0,0.0,0.0,0.0,0.0,0.0,0,0,1,False,0,0,0
255,Matthews,Remi Matthews,GK,8,Crystal Palace,,1,1.0,8.0,2025-08-17T13:00:00Z,7.0,0,0,0,0,0,0,0,0,0,0,0,0,0,0,0.0,0.0,0.0,0.0,0.0,0.0,0.0,0.0,0,0,1,False,0,0,0
256,Muñoz,Daniel Muñoz Mejía,DEF,8,Crystal Palace,,1,1.0,8.0,2025-08-17T13:00:00Z,7.0,90,5,0,0,1,0,0,0,0,1,0,0,0,17,10.0,0.4,6.0,1.6,0.05,0.0,0.05,1.6,6,8,2,False,2,1,2
257,Lacroix,Maxence Lacroix,DEF,8,Crystal Palace,,1,1.0,8.0,2025-08-17T13:00:00Z,7.0,90,8,0,0,1,0,0,0,0,0,0,0,0,25,30.8,0.1,0.0,3.1,0.0,0.0,0.0,1.6,13,16,2,False,2,1,3
258,Mitchell,Tyrick Mitchell,DEF,8,Crystal Palace,,1,1.0,8.0,2025-08-17T13:00:00Z,7.0,90,9,0,0,1,0,0,0,0,0,0,0,1,31,26.0,0.3,0.0,2.6,0.0,0.0,0.0,1.6,6,11,2,False,5,1,5
259,Sosa,Borna Sosa,DEF,8,Crystal Palace,,1,1.0,8.0,2025-08-17T13:00:00Z,7.0,0,0,0,0,0,0,0,0,0,0,0,0,0,0,0.0,0.0,0.0,0.0,0.0,0.0,0.0,0.0,0,0,2,False,0,0,0
260,Guéhi,Marc Guéhi,DEF,8,Crystal Palace,,1,1.0,8.0,2025-08-17T13:00:00Z,7.0,90,6,0,0,1,0,0,0,0,0,0,0,0,22,13.8,10.0,2.0,2.6,0.0,0.0,0.0,1.6,5,6,2,False,1,1,1
261,Richards,Chris Richards,DEF,8,Crystal Palace,,1,1.0,8.0,2025-08-17T13:00:00Z,7.0,90,6,0,0,1,0,0,0,0,0,0,0,0,24,21.8,0.0,4.0,2.6,0.08,0.01,0.09,1.6,6,8,2,False,0,1,2
262,Chadi Riad,Chadi Riad Dnanou,DEF,8,Crystal Palace,,1,1.0,8.0,2025-08-17T13:00:00Z,7.0,0,0,0,0,0,0,0,0,0,0,0,0,0,0,0.0,0.0,0.0,0.0,0.0,0.0,0.0,0.0,0,0,2,False,0,0,0
263,Clyne,Nathaniel Clyne,DEF,8,Crystal Palace,,1,1.0,8.0,2025-08-17T13:00:00Z,7.0,0,0,0,0,0,0,0,0,0,0,0,0,0,0,0.0,0.0,0.0,0.0,0.0,0.0,0.0,0.0,0,0,2,False,0,0,0
264,Holding,Rob Holding,DEF,8,Crystal Palace,,1,1.0,8.0,2025-08-17T13:00:00Z,7.0,0,0,0,0,0,0,0,0,0,0,0,0,0,0,0.0,0.0,0.0,0.0,0.0,0.0,0.0,0.0,0,0,2,False,0,0,0
265,Kporha,Caleb Kporha,DEF,8,Crystal Palace,,1,1.0,8.0,2025-08-17T13:00:00Z,7.0,0,0,0,0,0,0,0,0,0,0,0,0,0,0,0.0,0.0,0.0,0.0,0.0,0.0,0.0,0.0,0,0,2,False,0,0,0
266,Eze,Eberechi Eze,MID,8,Crystal Palace,,1,1.0,8.0,2025-08-17T13:00:00Z,7.0,83,3,0,0,1,0,0,0,0,0,0,0,0,10,7.2,2.6,26.0,3.6,0.24,0.0,0.24,1.22,1,7,3,False,5,1,1
267,Sarr,Ismaïla Sarr,MID,8,Crystal Palace,,1,1.0,8.0,2025-08-17T13:00:00Z,7.0,90,3,0,0,1,0,0,0,0,0,0,0,0,16,10.0,15.5,0.0,2.6,0.0,0.01,0.01,1.6,4,7,3,False,3,1,0
268,Doucouré,Cheick Doucouré,MID,8,Crystal Palace,,1,1.0,8.0,2025-08-17T13:00:00Z,7.0,0,0,0,0,0,0,0,0,0,0,0,0,0,0,0.0,0.0,0.0,0.0,0.0,0.0,0.0,0.0,0,0,3,False,0,0,0
269,Esse,Romain Esse,MID,8,Crystal Palace,,1,1.0,8.0,2025-08-17T13:00:00Z,7.0,0,0,0,0,0,0,0,0,0,0,0,0,0,0,0.0,0.0,0.0,0.0,0.0,0.0,0.0,0.0,0,0,3,False,0,0,0
270,Hughes,Will Hughes,MID,8,Crystal Palace,,1,1.0,8.0,2025-08-17T13:00:00Z,7.0,69,2,0,0,1,0,0,0,0,1,0,0,0,7,14.4,0.1,0.0,1.5,0.0,0.0,0.0,1.22,6,9,3,False,3,1,0
271,Kamada,Daichi Kamada,MID,8,Crystal Palace,,1,1.0,8.0,2025-08-17T13:00:00Z,7.0,0,0,0,0,0,0,0,0,0,0,0,0,0,0,0.0,0.0,0.0,0.0,0.0,0.0,0.0,0.0,0,0,3,False,0,0,0
272,Lerma,Jefferson Lerma Solís,MID,8,Crystal Palace,,1,1.0,8.0,2025-08-17T13:00:00Z,7.0,20,1,0,0,0,0,0,0,0,0,0,0,0,3,1.0,1.0,2.0,0.4,0.0,0.0,0.0,0.38,1,3,3,False,2,0,0
273,Wharton,Adam Wharton,MID,8,Crystal Palace,,1,1.0,8.0,2025-08-17T13:00:00Z,7.0,90,3,0,0,1,0,0,0,0,0,0,0,0,14,14.6,22.3,0.0,3.7,0.0,0.05,0.05,1.6,2,6,3,False,4,1,0
274,Agbinone,Asher Agbinone,MID,8,Crystal Palace,,1,1.0,8.0,2025-08-17T13:00:00Z,7.0,0,0,0,0,0,0,0,0,0,0,0,0,0,0,0.0,0.0,0.0,0.0,0.0,0.0,0.0,0.0,0,0,3,False,0,0,0
275,Ahamada,Naouirou Ahamada,MID,8,Crystal Palace,,1,1.0,8.0,2025-08-17T13:00:00Z,7.0,0,0,0,0,0,0,0,0,0,0,0,0,0,0,0.0,0.0,0.0,0.0,0.0,0.0,0.0,0.0,0,0,3,False,0,0,0
276,Devenny,Justin Devenny,MID,8,Crystal Palace,,1,1.0,8.0,2025-08-17T13:00:00Z,7.0,6,1,0,0,0,0,0,0,0,0,0,0,0,5,3.0,0.0,2.0,0.5,0.0,0.0,0.0,0.38,1,2,3,False,0,0,1
277,Ebiowei,Malcolm Ebiowei,MID,8,Crystal Palace,,1,1.0,8.0,2025-08-17T13:00:00Z,7.0,0,0,0,0,0,0,0,0,0,0,0,0,0,0,0.0,0.0,0.0,0.0,0.0,0.0,0.0,0.0,0,0,3,False,0,0,0
278,J.Rak-Sakyi,Jesurun Rak-Sakyi,MID,8,Crystal Palace,,1,1.0,8.0,2025-08-17T13:00:00Z,7.0,0,0,0,0,0,0,0,0,0,0,0,0,0,0,0.0,0.0,0.0,0.0,0.0,0.0,0.0,0.0,0,0,3,False,0,0,0
279,M.França,Matheus França de Oliveira,MID,8,Crystal Palace,,1,1.0,8.0,2025-08-17T13:00:00Z,7.0,0,0,0,0,0,0,0,0,0,0,0,0,0,0,0.0,0.0,0.0,0.0,0.0,0.0,0.0,0.0,0,0,3,False,0,0,0
280,Ozoh,David Ozoh,MID,8,Crystal Palace,,1,1.0,8.0,2025-08-17T13:00:00Z,7.0,0,0,0,0,0,0,0,0,0,0,0,0,0,0,0.0,0.0,0.0,0.0,0.0,0.0,0.0,0.0,0,0,3,False,0,0,0
281,Rodney,Kaden Rodney,MID,8,Crystal Palace,,1,1.0,8.0,2025-08-17T13:00:00Z,7.0,0,0,0,0,0,0,0,0,0,0,0,0,0,0,0.0,0.0,0.0,0.0,0.0,0.0,0.0,0.0,0,0,3,False,0,0,0
282,Umeh,Franco Umeh-Chibueze,MID,8,Crystal Palace,,1,1.0,8.0,2025-08-17T13:00:00Z,7.0,0,0,0,0,0,0,0,0,0,0,0,0,0,0,0.0,0.0,0.0,0.0,0.0,0.0,0.0,0.0,0,0,3,False,0,0,0
283,Mateta,Jean-Philippe Mateta,FWD,8,Crystal Palace,,1,1.0,8.0,2025-08-17T13:00:00Z,7.0,90,1,0,0,1,0,0,0,0,1,0,0,0,7,16.0,0.8,26.0,4.3,0.29,0.0,0.29,1.6,5,9,4,False,3,1,1
284,Nketiah,Eddie Nketiah,FWD,8,Crystal Palace,,1,1.0,8.0,2025-08-17T13:00:00Z,7.0,0,0,0,0,0,0,0,0,0,0,0,0,0,0,0.0,0.0,0.0,0.0,0.0,0.0,0.0,0.0,0,0,4,False,0,0,0
285,Édouard,Odsonne Édouard,FWD,8,Crystal Palace,,1,1.0,8.0,2025-08-17T13:00:00Z,7.0,0,0,0,0,0,0,0,0,0,0,0,0,0,0,0.0,0.0,0.0,0.0,0.0,0.0,0.0,0.0,0,0,4,False,0,0,0
286,Marsh,Zach Marsh,FWD,8,Crystal Palace,,1,1.0,8.0,2025-08-17T13:00:00Z,7.0,0,0,0,0,0,0,0,0,0,0,0,0,0,0,0.0,0.0,0.0,0.0,0.0,0.0,0.0,0.0,0,0,4,False,0,0,0
287,Pickford,Jordan Pickford,GK,9,Everton,,1,1.0,10.0,2025-08-18T19:00:00Z,11.0,90,2,0,0,0,1,0,0,0,0,0,2,0,12,21.2,0.0,0.0,2.1,0.0,0.0,0.0,2.07,3,0,1,False,8,1,0
288,Travers,Mark Travers,GK,9,Everton,,1,1.0,10.0,2025-08-18T19:00:00Z,11.0,0,0,0,0,0,0,0,0,0,0,0,0,0,0,0.0,0.0,0.0,0.0,0.0,0.0,0.0,0.0,0,0,1,False,0,0,0
289,Tyrer,Harry Tyrer,GK,9,Everton,,1,1.0,10.0,2025-08-18T19:00:00Z,11.0,0,0,0,0,0,0,0,0,0,0,0,0,0,0,0.0,0.0,0.0,0.0,0.0,0.0,0.0,0.0,0,0,1,False,0,0,0
290,Branthwaite,Jarrad Branthwaite,DEF,9,Everton,,1,1.0,10.0,2025-08-18T19:00:00Z,11.0,0,0,0,0,0,0,0,0,0,0,0,0,0,0,0.0,0.0,0.0,0.0,0.0,0.0,0.0,0.0,0,0,2,False,0,0,0
291,Tarkowski,James Tarkowski,DEF,9,Everton,,1,1.0,10.0,2025-08-18T19:00:00Z,11.0,90,4,0,0,0,1,0,0,0,0,0,0,0,7,31.0,2.1,7.0,4.0,0.2,0.01,0.21,2.07,13,15,2,False,3,1,2
292,Mykolenko,Vitalii Mykolenko,DEF,9,Everton,,1,1.0,10.0,2025-08-18T19:00:00Z,11.0,0,0,0,0,0,0,0,0,0,0,0,0,0,0,0.0,0.0,0.0,0.0,0.0,0.0,0.0,0.0,0,0,2,False,0,0,0
293,O'Brien,Jake O'Brien,DEF,9,Everton,,1,1.0,10.0,2025-08-18T19:00:00Z,11.0,90,2,0,0,0,1,0,0,0,0,0,0,0,0,4.2,1.0,7.0,1.2,0.17,0.01,0.18,2.07,2,4,2,False,5,1,2
294,Coleman,Séamus Coleman,DEF,9,Everton,,1,1.0,10.0,2025-08-18T19:00:00Z,11.0,0,0,0,0,0,0,0,0,0,0,0,0,0,0,0.0,0.0,0.0,0.0,0.0,0.0,0.0,0.0,0,0,2,False,0,0,0
295,Keane,Michael Keane,DEF,9,Everton,,1,1.0,10.0,2025-08-18T19:00:00Z,11.0,90,2,0,0,0,1,0,0,0,0,0,0,0,10,19.8,0.4,4.0,2.4,0.0,0.0,0.0,2.07,7,7,2,False,4,1,0
296,Patterson,Nathan Patterson,DEF,9,Everton,,1,1.0,10.0,2025-08-18T19:00:00Z,11.0,0,0,0,0,0,0,0,0,0,0,0,0,0,0,0.0,0.0,0.0,0.0,0.0,0.0,0.0,0.0,0,0,2,False,0,0,0
297,Dixon,Roman Dixon,DEF,9,Everton,,1,1.0,10.0,2025-08-18T19:00:00Z,11.0,0,0,0,0,0,0,0,0,0,0,0,0,0,0,0.0,0.0,0.0,0.0,0.0,0.0,0.0,0.0,0,0,2,False,0,0,0
298,Welch,Reece Welch,DEF,9,Everton,,1,1.0,10.0,2025-08-18T19:00:00Z,11.0,0,0,0,0,0,0,0,0,0,0,0,0,0,0,0.0,0.0,0.0,0.0,0.0,0.0,0.0,0.0,0,0,2,False,0,0,0
299,Ndiaye,Iliman Ndiaye,MID,9,Everton,,1,1.0,10.0,2025-08-18T19:00:00Z,11.0,90,2,0,0,0,1,0,0,0,0,0,0,0,11,12.6,12.1,2.0,2.7,0.0,0.02,0.02,2.07,1,9,3,False,6,1,2
300,McNeil,Dwight McNeil,MID,9,Everton,,1,1.0,10.0,2025-08-18T19:00:00Z,11.0,0,0,0,0,0,0,0,0,0,0,0,0,0,0,0.0,0.0,0.0,0.0,0.0,0.0,0.0,0.0,0,0,3,False,0,0,0
301,Alcaraz,Carlos Alcaraz Durán,MID,9,Everton,,1,1.0,10.0,2025-08-18T19:00:00Z,11.0,85,1,0,0,0,1,0,0,0,1,0,0,0,8,7.6,2.4,21.0,3.1,0.03,0.01,0.04,1.87,1,6,3,False,4,1,1
302,Gana,Idrissa Gana Gueye,MID,9,Everton,,1,1.0,10.0,2025-08-18T19:00:00Z,11.0,90,2,0,0,0,1,0,0,0,0,0,0,0,12,7.2,19.6,3.0,3.0,0.06,0.12,0.18,2.07,0,5,3,False,4,1,1
303,Garner,James Garner,MID,9,Everton,,1,1.0,10.0,2025-08-18T19:00:00Z,11.0,90,2,0,0,0,1,0,0,0,0,0,0,0,16,16.4,3.2,2.0,2.2,0.03,0.01,0.04,2.07,4,9,3,False,3,1,2
304,Iroegbunam,Tim Iroegbunam,MID,9,Everton,,1,1.0,10.0,2025-08-18T19:00:00Z,11.0,70,2,0,0,1,0,0,0,0,1,0,0,0,5,12.0,1.1,0.0,1.3,0.0,0.0,0.0,0.93,3,9,3,False,3,1,3
305,Armstrong,Harrison Armstrong,MID,9,Everton,,1,1.0,10.0,2025-08-18T19:00:00Z,11.0,0,0,0,0,0,0,0,0,0,0,0,0,0,0,0.0,0.0,0.0,0.0,0.0,0.0,0.0,0.0,0,0,3,False,0,0,0
306,Bates,Callum Bates,MID,9,Everton,,1,1.0,10.0,2025-08-18T19:00:00Z,11.0,0,0,0,0,0,0,0,0,0,0,0,0,0,0,0.0,0.0,0.0,0.0,0.0,0.0,0.0,0.0,0,0,3,False,0,0,0
307,Ebere,Coby Ebere,MID,9,Everton,,1,1.0,10.0,2025-08-18T19:00:00Z,11.0,0,0,0,0,0,0,0,0,0,0,0,0,0,0,0.0,0.0,0.0,0.0,0.0,0.0,0.0,0.0,0,0,3,False,0,0,0
308,Heath,Isaac Heath,MID,9,Everton,,1,1.0,10.0,2025-08-18T19:00:00Z,11.0,0,0,0,0,0,0,0,0,0,0,0,0,0,0,0.0,0.0,0.0,0.0,0.0,0.0,0.0,0.0,0,0,3,False,0,0,0
309,Metcalfe,Jenson Metcalfe,MID,9,Everton,,1,1.0,10.0,2025-08-18T19:00:00Z,11.0,0,0,0,0,0,0,0,0,0,0,0,0,0,0,0.0,0.0,0.0,0.0,0.0,0.0,0.0,0.0,0,0,3,False,0,0,0
310,Barry,Thierno Barry,FWD,9,Everton,,1,1.0,10.0,2025-08-18T19:00:00Z,11.0,4,1,0,0,0,0,0,0,0,0,0,0,0,3,0.0,1.0,2.0,0.3,0.0,0.0,0.0,0.2,0,0,4,False,0,0,0
311,Beto,Norberto Bercique Gomes Betuncal,FWD,9,Everton,,1,1.0,10.0,2025-08-18T19:00:00Z,11.0,90,2,0,0,0,1,0,0,0,0,0,0,0,7,10.2,2.8,7.0,2.0,0.06,0.01,0.07,2.07,3,5,4,False,1,1,1
312,Y.Chermiti,Youssef Ramalho Chermiti,FWD,9,Everton,,1,1.0,10.0,2025-08-18T19:00:00Z,11.0,0,0,0,0,0,0,0,0,0,0,0,0,0,0,0.0,0.0,0.0,0.0,0.0,0.0,0.0,0.0,0,0,4,False,0,0,0
313,Sherif,Martin Sherif,FWD,9,Everton,,1,1.0,10.0,2025-08-18T19:00:00Z,11.0,0,0,0,0,0,0,0,0,0,0,0,0,0,0,0.0,0.0,0.0,0.0,0.0,0.0,0.0,0.0,0,0,4,False,0,0,0
314,Leno,Bernd Leno,GK,10,Fulham,,1,1.0,3.0,2025-08-16T14:00:00Z,6.0,90,3,0,0,0,1,0,0,0,0,0,3,0,15,23.6,0.0,0.0,2.4,0.0,0.0,0.0,1.48,1,0,1,False,10,1,0
315,Benda,Steven Benda,GK,10,Fulham,,1,1.0,3.0,2025-08-16T14:00:00Z,6.0,0,0,0,0,0,0,0,0,0,0,0,0,0,0,0.0,0.0,0.0,0.0,0.0,0.0,0.0,0.0,0,0,1,False,0,0,0
316,Robinson,Antonee Robinson,DEF,10,Fulham,,1,1.0,3.0,2025-08-16T14:00:00Z,6.0,0,0,0,0,0,0,0,0,0,0,0,0,0,0,0.0,0.0,0.0,0.0,0.0,0.0,0.0,0.0,0,0,2,False,0,0,0
317,Andersen,Joachim Andersen,DEF,10,Fulham,,1,1.0,3.0,2025-08-16T14:00:00Z,6.0,90,2,0,0,0,1,0,0,0,0,0,0,0,14,16.4,1.0,4.0,2.1,0.0,0.01,0.01,1.48,5,8,2,False,1,1,3
318,Bassey,Calvin Bassey,DEF,10,Fulham,,1,1.0,3.0,2025-08-16T14:00:00Z,6.0,90,1,0,0,0,1,0,0,0,1,0,0,0,3,12.4,1.6,0.0,1.4,0.0,0.01,0.01,1.48,2,4,2,False,4,1,2
319,Castagne,Timothy Castagne,DEF,10,Fulham,,1,1.0,3.0,2025-08-16T14:00:00Z,6.0,6,1,0,0,0,0,0,0,0,0,0,0,0,3,0.2,0.7,2.0,0.3,0.0,0.0,0.0,0.4,0,0,2,False,0,0,0
320,Diop,Issa Diop,DEF,10,Fulham,,1,1.0,3.0,2025-08-16T14:00:00Z,6.0,0,0,0,0,0,0,0,0,0,0,0,0,0,0,0.0,0.0,0.0,0.0,0.0,0.0,0.0,0.0,0,0,2,False,0,0,0
321,J.Cuenca,Jorge Cuenca Barreno,DEF,10,Fulham,,1,1.0,3.0,2025-08-16T14:00:00Z,6.0,83,2,0,0,0,1,0,0,0,0,0,0,0,10,9.6,1.2,4.0,1.5,0.0,0.01,0.01,1.07,2,3,2,False,4,1,1
322,Tete,Kenny Tete,DEF,10,Fulham,,1,1.0,3.0,2025-08-16T14:00:00Z,6.0,90,2,0,0,0,1,0,0,0,0,0,0,0,17,13.0,1.7,0.0,1.5,0.0,0.01,0.01,1.48,4,7,2,False,5,1,3
323,Amissah,Samuel Amissah,DEF,10,Fulham,,1,1.0,3.0,2025-08-16T14:00:00Z,6.0,0,0,0,0,0,0,0,0,0,0,0,0,0,0,0.0,0.0,0.0,0.0,0.0,0.0,0.0,0.0,0,0,2,False,0,0,0
324,Iwobi,Alex Iwobi,MID,10,Fulham,,1,1.0,3.0,2025-08-16T14:00:00Z,6.0,65,2,0,0,0,1,0,0,0,0,0,0,0,10,9.6,40.5,1.0,5.1,0.01,0.28,0.29,1.05,0,2,3,False,2,1,0
325,Smith Rowe,Emile Smith Rowe,MID,10,Fulham,,1,1.0,3.0,2025-08-16T14:00:00Z,6.0,13,1,0,0,0,0,0,0,0,0,0,0,0,2,0.2,2.0,2.0,0.4,0.09,0.0,0.09,0.4,0,0,3,False,0,0,0
326,Adama,Adama Traoré Diarra,MID,10,Fulham,,1,1.0,3.0,2025-08-16T14:00:00Z,6.0,24,1,0,0,0,0,0,0,0,0,0,0,0,1,0.0,0.8,0.0,0.0,0.0,0.0,0.0,0.43,0,0,3,False,0,0,0
327,Andreas,Andreas Hoelgebaum Pereira,MID,10,Fulham,,1,1.0,3.0,2025-08-16T14:00:00Z,6.0,0,0,0,0,0,0,0,0,0,0,0,0,0,0,0.0,0.0,0.0,0.0,0.0,0.0,0.0,0.0,0,0,3,False,0,0,0
328,Sessegnon,Ryan Sessegnon,MID,10,Fulham,,1,1.0,3.0,2025-08-16T14:00:00Z,6.0,0,0,0,0,0,0,0,0,0,0,0,0,0,0,0.0,0.0,0.0,0.0,0.0,0.0,0.0,0.0,0,0,3,False,0,0,0
329,Wilson,Harry Wilson,MID,10,Fulham,,1,1.0,3.0,2025-08-16T14:00:00Z,6.0,90,5,0,1,0,1,0,0,0,0,0,0,0,16,3.0,5.4,13.0,2.1,0.07,0.02,0.09,1.48,1,6,3,False,4,1,1
330,Berge,Sander Berge,MID,10,Fulham,,1,1.0,3.0,2025-08-16T14:00:00Z,6.0,65,2,0,0,0,1,0,0,0,0,0,0,0,3,1.2,0.7,0.0,0.2,0.0,0.01,0.01,1.05,1,2,3,False,0,1,1
331,Cairney,Tom Cairney,MID,10,Fulham,,1,1.0,3.0,2025-08-16T14:00:00Z,6.0,24,0,0,0,0,0,0,0,0,1,0,0,0,-3,0.0,0.4,0.0,0.0,0.0,0.0,0.0,0.43,0,2,3,False,2,0,0
332,Lukić,Saša Lukić,MID,10,Fulham,,1,1.0,3.0,2025-08-16T14:00:00Z,6.0,90,2,0,0,0,1,0,0,0,0,0,0,0,9,1.8,13.3,2.0,1.7,0.0,0.01,0.01,1.48,2,3,3,False,0,1,1
333,Godo,Martial Godo,MID,10,Fulham,,1,1.0,3.0,2025-08-16T14:00:00Z,6.0,0,0,0,0,0,0,0,0,0,0,0,0,0,0,0.0,0.0,0.0,0.0,0.0,0.0,0.0,0.0,0,0,3,False,0,0,0
334,Harris,Luke Harris,MID,10,Fulham,,1,1.0,3.0,2025-08-16T14:00:00Z,6.0,0,0,0,0,0,0,0,0,0,0,0,0,0,0,0.0,0.0,0.0,0.0,0.0,0.0,0.0,0.0,0,0,3,False,0,0,0
335,King,Josh King,MID,10,Fulham,,1,1.0,3.0,2025-08-16T14:00:00Z,6.0,76,2,0,0,0,1,0,0,0,0,0,0,0,11,12.4,14.0,27.0,5.3,0.18,0.13,0.31,1.07,0,9,3,False,6,1,3
336,Reed,Harrison Reed,MID,10,Fulham,,1,1.0,3.0,2025-08-16T14:00:00Z,6.0,0,0,0,0,0,0,0,0,0,0,0,0,0,0,0.0,0.0,0.0,0.0,0.0,0.0,0.0,0.0,0,0,3,False,0,0,0
337,Raúl,Raúl Jiménez Rodríguez,FWD,10,Fulham,,1,1.0,3.0,2025-08-16T14:00:00Z,6.0,65,2,0,0,0,1,0,0,0,0,0,0,0,0,0.0,3.3,11.0,0.7,0.29,0.0,0.29,1.05,0,0,4,False,0,1,0
338,Muniz,Rodrigo Muniz Carvalho,FWD,10,Fulham,,1,1.0,3.0,2025-08-16T14:00:00Z,6.0,24,7,1,0,0,0,0,0,0,1,0,0,3,25,31.0,0.0,33.0,6.4,0.15,0.0,0.15,0.43,0,0,4,False,0,0,0
339,Meslier,Illan Meslier,GK,11,Leeds,,1,1.0,10.0,2025-08-18T19:00:00Z,9.0,0,0,0,0,0,0,0,0,0,0,0,0,0,0,0.0,0.0,0.0,0.0,0.0,0.0,0.0,0.0,0,0,1,False,0,0,0
340,Cairns,Alex Cairns,GK,11,Leeds,,1,1.0,10.0,2025-08-18T19:00:00Z,9.0,0,0,0,0,0,0,0,0,0,0,0,0,0,0,0.0,0.0,0.0,0.0,0.0,0.0,0.0,0.0,0,0,1,False,0,0,0
341,Darlow,Karl Darlow,GK,11,Leeds,,1,1.0,10.0,2025-08-18T19:00:00Z,9.0,0,0,0,0,0,0,0,0,0,0,0,0,0,0,0.0,0.0,0.0,0.0,0.0,0.0,0.0,0.0,0,0,1,False,0,0,0
342,Bogle,Jayden Bogle,DEF,11,Leeds,,1,1.0,10.0,2025-08-18T19:00:00Z,9.0,90,6,0,0,1,0,0,0,0,0,0,0,0,20,13.4,1.2,2.0,1.7,0.01,0.01,0.02,0.55,3,5,2,False,3,1,2
343,Struijk,Pascal Struijk,DEF,11,Leeds,,1,1.0,10.0,2025-08-18T19:00:00Z,9.0,90,8,0,0,1,0,0,0,0,0,0,0,2,29,23.2,11.4,9.0,4.4,0.13,0.01,0.14,0.55,8,8,2,False,5,1,0
344,Bijol,Jaka Bijol,DEF,11,Leeds,,1,1.0,10.0,2025-08-18T19:00:00Z,9.0,0,0,0,0,0,0,0,0,0,0,0,0,0,0,0.0,0.0,0.0,0.0,0.0,0.0,0.0,0.0,0,0,2,False,0,0,0
345,Bornauw,Sebastiaan Bornauw,DEF,11,Leeds,,1,1.0,10.0,2025-08-18T19:00:00Z,9.0,0,0,0,0,0,0,0,0,0,0,0,0,0,0,0.0,0.0,0.0,0.0,0.0,0.0,0.0,0.0,0,0,2,False,0,0,0
346,Byram,Sam Byram,DEF,11,Leeds,,1,1.0,10.0,2025-08-18T19:00:00Z,9.0,0,0,0,0,0,0,0,0,0,0,0,0,0,0,0.0,0.0,0.0,0.0,0.0,0.0,0.0,0.0,0,0,2,False,0,0,0
347,Gudmundsson,Gabriel Gudmundsson,DEF,11,Leeds,,1,1.0,10.0,2025-08-18T19:00:00Z,9.0,90,9,0,0,1,0,0,0,0,0,0,0,3,35,30.4,33.6,17.0,8.1,0.17,0.14,0.31,0.55,7,8,2,False,6,1,1
348,Rodon,Joe Rodon,DEF,11,Leeds,,1,1.0,10.0,2025-08-18T19:00:00Z,9.0,90,7,0,0,1,0,0,0,0,0,0,0,1,26,14.4,0.6,0.0,1.5,0.0,0.0,0.0,0.55,7,7,2,False,2,1,0
349,Schmidt,Isaac Schmidt,DEF,11,Leeds,,1,1.0,10.0,2025-08-18T19:00:00Z,9.0,0,0,0,0,0,0,0,0,0,0,0,0,0,0,0.0,0.0,0.0,0.0,0.0,0.0,0.0,0.0,0,0,2,False,0,0,0
350,Aaronson,Brenden Aaronson,MID,11,Leeds,,1,1.0,10.0,2025-08-18T19:00:00Z,9.0,23,1,0,0,0,0,0,0,0,0,0,0,0,10,9.2,24.9,6.0,4.0,0.0,0.21,0.21,0.47,0,2,3,False,0,0,2
351,Gnonto,Wilfried Gnonto,MID,11,Leeds,,1,1.0,10.0,2025-08-18T19:00:00Z,9.0,66,3,0,0,1,0,0,0,0,0,0,0,0,12,6.6,6.3,11.0,2.4,0.14,0.01,0.15,0.08,2,7,3,False,1,1,4
352,Harrison,Jack Harrison,MID,11,Leeds,,1,1.0,10.0,2025-08-18T19:00:00Z,9.0,12,1,0,0,0,0,0,0,0,0,0,0,0,3,2.2,1.3,2.0,0.6,0.0,0.0,0.0,0.28,0,1,3,False,0,0,1
353,James,Daniel James,MID,11,Leeds,,1,1.0,10.0,2025-08-18T19:00:00Z,9.0,77,3,0,0,1,0,0,0,0,0,0,0,0,6,6.2,15.7,11.0,3.3,0.14,0.05,0.19,0.28,1,2,3,False,1,1,0
354,Ampadu,Ethan Ampadu,MID,11,Leeds,,1,1.0,10.0,2025-08-18T19:00:00Z,9.0,77,3,0,0,1,0,0,0,0,0,0,0,0,12,10.8,4.9,2.0,1.8,0.0,0.02,0.02,0.28,2,8,3,False,3,1,3
355,Greenwood,Sam Greenwood,MID,11,Leeds,,1,1.0,10.0,2025-08-18T19:00:00Z,9.0,0,0,0,0,0,0,0,0,0,0,0,0,0,0,0.0,0.0,0.0,0.0,0.0,0.0,0.0,0.0,0,0,3,False,0,0,0
356,Gruev,Ilia Gruev,MID,11,Leeds,,1,1.0,10.0,2025-08-18T19:00:00Z,9.0,12,1,0,0,0,0,0,0,0,0,0,0,0,3,1.6,0.3,0.0,0.2,0.0,0.0,0.0,0.28,1,1,3,False,0,0,0
357,Ramazani,Largie Ramazani,MID,11,Leeds,,1,1.0,10.0,2025-08-18T19:00:00Z,9.0,0,0,0,0,0,0,0,0,0,0,0,0,0,0,0.0,0.0,0.0,0.0,0.0,0.0,0.0,0.0,0,0,3,False,0,0,0
358,Tanaka,Tanaka Ao,MID,11,Leeds,,1,1.0,10.0,2025-08-18T19:00:00Z,9.0,90,3,0,0,1,0,0,0,0,0,0,0,0,13,2.2,24.3,9.0,3.6,0.09,0.03,0.12,0.55,1,7,3,False,6,1,0
359,Crew,Charlie Crew,MID,11,Leeds,,1,1.0,10.0,2025-08-18T19:00:00Z,9.0,0,0,0,0,0,0,0,0,0,0,0,0,0,0,0.0,0.0,0.0,0.0,0.0,0.0,0.0,0.0,0,0,3,False,0,0,0
360,Gelhardt,Joe Gelhardt,MID,11,Leeds,,1,1.0,10.0,2025-08-18T19:00:00Z,9.0,0,0,0,0,0,0,0,0,0,0,0,0,0,0,0.0,0.0,0.0,0.0,0.0,0.0,0.0,0.0,0,0,3,False,0,0,0
361,Gyabi,Darko Gyabi,MID,11,Leeds,,1,1.0,10.0,2025-08-18T19:00:00Z,9.0,0,0,0,0,0,0,0,0,0,0,0,0,0,0,0.0,0.0,0.0,0.0,0.0,0.0,0.0,0.0,0,0,3,False,0,0,0
362,Piroe,Joël Piroe,FWD,11,Leeds,,1,1.0,10.0,2025-08-18T19:00:00Z,9.0,77,2,0,0,1,0,0,0,0,0,0,0,0,4,2.0,5.6,44.0,5.2,0.28,0.04,0.32,0.28,0,4,4,False,4,1,0
363,Bamford,Patrick Bamford,FWD,11,Leeds,,1,1.0,10.0,2025-08-18T19:00:00Z,9.0,0,0,0,0,0,0,0,0,0,0,0,0,0,0,0.0,0.0,0.0,0.0,0.0,0.0,0.0,0.0,0,0,4,False,0,0,0
364,Mateo Joseph,Mateo Joseph Fernández-Regatillo,FWD,11,Leeds,,1,1.0,10.0,2025-08-18T19:00:00Z,9.0,0,0,0,0,0,0,0,0,0,0,0,0,0,0,0.0,0.0,0.0,0.0,0.0,0.0,0.0,0.0,0,0,4,False,0,0,0
365,Nmecha,Lukas Nmecha,FWD,11,Leeds,,1,1.0,10.0,2025-08-18T19:00:00Z,9.0,12,5,1,0,0,0,0,0,0,0,0,0,0,20,34.0,1.6,22.0,5.8,0.85,0.01,0.86,0.28,1,3,4,False,2,0,0
366,A.Becker,Alisson Becker,GK,12,Liverpool,,1,1.0,1.0,2025-08-15T19:00:00Z,4.0,90,1,0,0,0,2,0,0,0,0,0,1,0,8,13.6,0.0,0.0,1.4,0.0,0.01,0.01,1.7,2,0,1,False,7,1,0
367,Mamardashvili,Giorgi Mamardashvili,GK,12,Liverpool,,1,1.0,1.0,2025-08-15T19:00:00Z,4.0,0,0,0,0,0,0,0,0,0,0,0,0,0,0,0.0,0.0,0.0,0.0,0.0,0.0,0.0,0.0,0,0,1,False,0,0,0
368,Pécsi,Ármin Pécsi,GK,12,Liverpool,,1,1.0,1.0,2025-08-15T19:00:00Z,4.0,0,0,0,0,0,0,0,0,0,0,0,0,0,0,0.0,0.0,0.0,0.0,0.0,0.0,0.0,0.0,0,0,1,False,0,0,0
369,Woodman,Freddie Woodman,GK,12,Liverpool,,1,1.0,1.0,2025-08-15T19:00:00Z,4.0,0,0,0,0,0,0,0,0,0,0,0,0,0,0,0.0,0.0,0.0,0.0,0.0,0.0,0.0,0.0,0,0,1,False,0,0,0
370,Frimpong,Jeremie Frimpong,DEF,12,Liverpool,,1,1.0,1.0,2025-08-15T19:00:00Z,4.0,59,1,0,0,0,0,0,0,0,0,0,0,0,8,5.4,1.3,2.0,0.9,0.01,0.01,0.02,0.81,3,4,2,False,1,1,1
371,Kerkez,Milos Kerkez,DEF,12,Liverpool,,1,1.0,1.0,2025-08-15T19:00:00Z,4.0,59,0,0,0,0,0,0,0,0,1,0,0,0,5,8.4,1.3,0.0,1.0,0.0,0.01,0.01,0.81,5,6,2,False,5,1,1
372,Robertson,Andrew Robertson,DEF,12,Liverpool,,1,1.0,1.0,2025-08-15T19:00:00Z,4.0,30,0,0,0,0,2,0,0,0,0,0,0,0,-3,5.4,4.1,2.0,1.2,0.0,0.04,0.04,0.89,2,2,2,False,0,0,0
373,Virgil,Virgil van Dijk,DEF,12,Liverpool,,1,1.0,1.0,2025-08-15T19:00:00Z,4.0,90,3,0,0,0,2,0,0,0,0,0,0,0,11,49.4,0.9,25.0,7.5,0.18,0.01,0.19,1.7,20,21,2,False,4,1,1
374,Konaté,Ibrahima Konaté,DEF,12,Liverpool,,1,1.0,1.0,2025-08-15T19:00:00Z,4.0,90,1,0,0,0,2,0,0,0,0,0,0,0,6,21.4,0.6,0.0,2.2,0.0,0.0,0.0,1.7,7,7,2,False,5,1,0
375,Bradley,Conor Bradley,DEF,12,Liverpool,,1,1.0,1.0,2025-08-15T19:00:00Z,4.0,0,0,0,0,0,0,0,0,0,0,0,0,0,0,0.0,0.0,0.0,0.0,0.0,0.0,0.0,0.0,0,0,2,False,0,0,0
376,Gomez,Joe Gomez,DEF,12,Liverpool,,1,1.0,1.0,2025-08-15T19:00:00Z,4.0,18,1,0,0,0,1,0,0,0,0,0,0,0,-1,2.4,0.4,0.0,0.3,0.0,0.0,0.0,0.21,1,1,2,False,1,0,0
377,Tsimikas,Konstantinos Tsimikas,DEF,12,Liverpool,,1,1.0,1.0,2025-08-15T19:00:00Z,4.0,0,0,0,0,0,0,0,0,0,0,0,0,0,0,0.0,0.0,0.0,0.0,0.0,0.0,0.0,0.0,0,0,2,False,0,0,0
378,Nallo,Amara Nallo,DEF,12,Liverpool,,1,1.0,1.0,2025-08-15T19:00:00Z,4.0,0,0,0,0,0,0,0,0,0,0,0,0,0,0,0.0,0.0,0.0,0.0,0.0,0.0,0.0,0.0,0,0,2,False,0,0,0
379,R.Williams,Rhys Williams,DEF,12,Liverpool,,1,1.0,1.0,2025-08-15T19:00:00Z,4.0,0,0,0,0,0,0,0,0,0,0,0,0,0,0,0.0,0.0,0.0,0.0,0.0,0.0,0.0,0.0,0,0,2,False,0,0,0
380,Ramsay,Calvin Ramsay,DEF,12,Liverpool,,1,1.0,1.0,2025-08-15T19:00:00Z,4.0,0,0,0,0,0,0,0,0,0,0,0,0,0,0,0.0,0.0,0.0,0.0,0.0,0.0,0.0,0.0,0,0,2,False,0,0,0
381,M.Salah,Mohamed Salah,MID,12,Liverpool,,1,1.0,1.0,2025-08-15T19:00:00Z,4.0,90,8,1,0,0,2,0,0,0,0,0,0,1,36,49.0,33.8,51.0,13.4,0.26,0.11,0.37,1.7,1,10,3,False,9,1,0
382,Wirtz,Florian Wirtz,MID,12,Liverpool,,1,1.0,1.0,2025-08-15T19:00:00Z,4.0,81,2,0,0,0,2,0,0,0,0,0,0,0,14,12.0,45.0,12.0,6.9,0.14,0.28,0.42,1.7,1,9,3,False,6,1,2
383,Luis Díaz,Luis Díaz Marulanda,MID,12,Liverpool,,1,1.0,1.0,2025-08-15T19:00:00Z,4.0,0,0,0,0,0,0,0,0,0,0,0,0,0,0,0.0,0.0,0.0,0.0,0.0,0.0,0.0,0.0,0,0,3,False,0,0,0
384,Gakpo,Cody Gakpo,MID,12,Liverpool,,1,1.0,1.0,2025-08-15T19:00:00Z,4.0,90,7,1,0,0,2,0,0,0,0,0,0,0,34,48.2,39.6,46.0,13.4,0.2,0.44,0.64,1.7,1,8,3,False,6,1,1
385,Chiesa,Federico Chiesa,MID,12,Liverpool,,1,1.0,1.0,2025-08-15T19:00:00Z,4.0,8,6,1,0,0,0,0,0,0,0,0,0,0,29,35.2,0.3,17.0,5.3,0.16,0.0,0.16,0.0,0,1,3,False,0,0,1
386,Mac Allister,Alexis Mac Allister,MID,12,Liverpool,,1,1.0,1.0,2025-08-15T19:00:00Z,4.0,71,5,0,1,0,1,0,0,0,0,0,0,0,27,27.4,15.2,11.0,5.4,0.03,0.02,0.05,1.49,1,6,3,False,2,1,3
387,Szoboszlai,Dominik Szoboszlai,MID,12,Liverpool,,1,1.0,1.0,2025-08-15T19:00:00Z,4.0,90,2,0,0,0,2,0,0,0,0,0,0,0,17,14.0,29.8,24.0,6.8,0.1,0.09,0.19,1.7,2,11,3,False,5,1,4
388,C.Jones,Curtis Jones,MID,12,Liverpool,,1,1.0,1.0,2025-08-15T19:00:00Z,4.0,18,1,0,0,0,1,0,0,0,0,0,0,0,4,3.2,10.9,0.0,1.4,0.0,0.04,0.04,0.21,0,1,3,False,1,0,0
389,Elliott,Harvey Elliott,MID,12,Liverpool,,1,1.0,1.0,2025-08-15T19:00:00Z,4.0,0,0,0,0,0,0,0,0,0,0,0,0,0,0,0.0,0.0,0.0,0.0,0.0,0.0,0.0,0.0,0,0,3,False,0,0,0
390,Gravenberch,Ryan Gravenberch,MID,12,Liverpool,,1,1.0,1.0,2025-08-15T19:00:00Z,4.0,0,0,0,0,0,0,0,0,0,0,0,0,0,0,0.0,0.0,0.0,0.0,0.0,0.0,0.0,0.0,0,0,3,False,0,0,0
391,Gannon-Doak,Ben Gannon-Doak,MID,4,Bournemouth,,1,1.0,1.0,2025-08-15T19:00:00Z,12.0,0,0,0,0,0,0,0,0,0,0,0,0,0,0,0.0,0.0,0.0,0.0,0.0,0.0,0.0,0.0,0,0,3,False,0,0,0
392,Endo,Endo Wataru,MID,12,Liverpool,,1,1.0,1.0,2025-08-15T19:00:00Z,4.0,30,4,0,1,0,2,0,0,0,0,0,0,0,15,24.6,10.7,0.0,3.5,0.0,0.0,0.0,0.89,1,3,3,False,0,0,2
393,Bajcetic,Stefan Bajčetić Maquieira,MID,12,Liverpool,,1,1.0,1.0,2025-08-15T19:00:00Z,4.0,0,0,0,0,0,0,0,0,0,0,0,0,0,0,0.0,0.0,0.0,0.0,0.0,0.0,0.0,0.0,0,0,3,False,0,0,0
394,McConnell,James McConnell,MID,12,Liverpool,,1,1.0,1.0,2025-08-15T19:00:00Z,4.0,0,0,0,0,0,0,0,0,0,0,0,0,0,0,0.0,0.0,0.0,0.0,0.0,0.0,0.0,0.0,0,0,3,False,0,0,0
395,Morton,Tyler Morton,MID,12,Liverpool,,1,1.0,1.0,2025-08-15T19:00:00Z,4.0,0,0,0,0,0,0,0,0,0,0,0,0,0,0,0.0,0.0,0.0,0.0,0.0,0.0,0.0,0.0,0,0,3,False,0,0,0
396,Nyoni,Trey Nyoni,MID,12,Liverpool,,1,1.0,1.0,2025-08-15T19:00:00Z,4.0,0,0,0,0,0,0,0,0,0,0,0,0,0,0,0.0,0.0,0.0,0.0,0.0,0.0,0.0,0.0,0,0,3,False,0,0,0
397,Darwin,Darwin Núñez Ribeiro,FWD,12,Liverpool,,1,1.0,1.0,2025-08-15T19:00:00Z,4.0,0,0,0,0,0,0,0,0,0,0,0,0,0,0,0.0,0.0,0.0,0.0,0.0,0.0,0.0,0.0,0,0,4,False,0,0,0
398,Danns,Jayden Danns,FWD,12,Liverpool,,1,1.0,1.0,2025-08-15T19:00:00Z,4.0,0,0,0,0,0,0,0,0,0,0,0,0,0,0,0.0,0.0,0.0,0.0,0.0,0.0,0.0,0.0,0,0,4,False,0,0,0
399,Ederson M.,Ederson Santana de Moraes,GK,13,Man City,,1,1.0,7.0,2025-08-16T16:30:00Z,20.0,0,0,0,0,0,0,0,0,0,0,0,0,0,0,0.0,0.0,0.0,0.0,0.0,0.0,0.0,0.0,0,0,1,False,0,0,0
400,Ortega Moreno,Stefan Ortega Moreno,GK,13,Man City,,1,1.0,7.0,2025-08-16T16:30:00Z,20.0,0,0,0,0,0,0,0,0,0,0,0,0,0,0,0.0,0.0,0.0,0.0,0.0,0.0,0.0,0.0,0,0,1,False,0,0,0
401,Bettinelli,Marcus Bettinelli,GK,13,Man City,,1,1.0,7.0,2025-08-16T16:30:00Z,20.0,0,0,0,0,0,0,0,0,0,0,0,0,0,0,0.0,0.0,0.0,0.0,0.0,0.0,0.0,0.0,0,0,1,False,0,0,0
402,Aït-Nouri,Rayan Aït-Nouri,DEF,13,Man City,,1,1.0,7.0,2025-08-16T16:30:00Z,20.0,90,9,0,0,1,0,0,0,0,0,0,0,1,33,30.4,13.5,3.0,4.7,0.04,0.02,0.06,0.56,9,15,2,False,3,1,6
403,Gvardiol,Joško Gvardiol,DEF,13,Man City,,1,1.0,7.0,2025-08-16T16:30:00Z,20.0,0,0,0,0,0,0,0,0,0,0,0,0,0,0,0.0,0.0,0.0,0.0,0.0,0.0,0.0,0.0,0,0,2,False,0,0,0
404,Akanji,Manuel Akanji,DEF,13,Man City,,1,1.0,7.0,2025-08-16T16:30:00Z,20.0,0,0,0,0,0,0,0,0,0,0,0,0,0,0,0.0,0.0,0.0,0.0,0.0,0.0,0.0,0.0,0,0,2,False,0,0,0
405,Aké,Nathan Aké,DEF,13,Man City,,1,1.0,7.0,2025-08-16T16:30:00Z,20.0,0,0,0,0,0,0,0,0,0,0,0,0,0,0,0.0,0.0,0.0,0.0,0.0,0.0,0.0,0.0,0,0,2,False,0,0,0
406,Khusanov,Abdukodir Khusanov,DEF,13,Man City,,1,1.0,7.0,2025-08-16T16:30:00Z,20.0,8,1,0,0,0,0,0,0,0,0,0,0,0,7,3.6,0.0,0.0,0.4,0.0,0.0,0.0,0.08,0,1,2,False,0,0,1
407,Matheus N.,Matheus Nunes,DEF,13,Man City,,1,1.0,7.0,2025-08-16T16:30:00Z,20.0,24,1,0,0,0,0,0,0,0,0,0,0,0,5,3.8,1.2,0.0,0.5,0.0,0.0,0.0,0.21,3,4,2,False,2,0,1
408,Rúben,Rúben dos Santos Gato Alves Dias,DEF,13,Man City,,1,1.0,7.0,2025-08-16T16:30:00Z,20.0,90,6,0,0,1,0,0,0,0,0,0,0,0,26,21.6,1.7,2.0,2.5,0.0,0.08,0.08,0.56,4,4,2,False,4,1,0
409,Stones,John Stones,DEF,13,Man City,,1,1.0,7.0,2025-08-16T16:30:00Z,20.0,81,6,0,0,1,0,0,0,0,0,0,0,0,28,14.4,2.2,0.0,1.7,0.0,0.01,0.01,0.47,2,2,2,False,4,1,0
410,Lewis,Rico Lewis,DEF,13,Man City,,1,1.0,7.0,2025-08-16T16:30:00Z,20.0,65,11,0,1,1,0,0,0,0,0,0,0,2,41,29.2,13.1,8.0,5.0,0.0,0.59,0.59,0.35,5,6,2,True,1,1,1
411,O’Reilly,Nico O'Reilly,DEF,13,Man City,,1,1.0,7.0,2025-08-16T16:30:00Z,20.0,24,0,0,0,0,0,0,0,0,1,0,0,0,-2,0.0,5.0,0.0,0.5,0.0,0.01,0.01,0.21,0,0,2,False,0,0,0
412,Vitor Reis,Vitor de Oliveira Nunes dos Reis,DEF,13,Man City,,1,1.0,7.0,2025-08-16T16:30:00Z,20.0,0,0,0,0,0,0,0,0,0,0,0,0,0,0,0.0,0.0,0.0,0.0,0.0,0.0,0.0,0.0,0,0,2,False,0,0,0
413,Marmoush,Omar Marmoush,MID,13,Man City,,1,1.0,7.0,2025-08-16T16:30:00Z,20.0,24,1,0,0,0,0,0,0,0,0,0,0,0,3,0.0,0.8,6.0,0.7,0.12,0.0,0.12,0.21,0,1,3,False,1,0,0
414,Foden,Phil Foden,MID,13,Man City,,1,1.0,7.0,2025-08-16T16:30:00Z,20.0,0,0,0,0,0,0,0,0,0,0,0,0,0,0,0.0,0.0,0.0,0.0,0.0,0.0,0.0,0.0,0,0,3,False,0,0,0
415,Savinho,Sávio Moreira de Oliveira,MID,13,Man City,,1,1.0,7.0,2025-08-16T16:30:00Z,20.0,0,0,0,0,0,0,0,0,0,0,0,0,0,0,0.0,0.0,0.0,0.0,0.0,0.0,0.0,0.0,0,0,3,False,0,0,0
416,Bernardo,Bernardo Mota Veiga de Carvalho e Silva,MID,13,Man City,,1,1.0,7.0,2025-08-16T16:30:00Z,20.0,65,3,0,0,1,0,0,0,0,0,0,0,0,25,22.0,62.0,4.0,8.8,0.0,0.44,0.44,0.35,1,9,3,False,4,1,4
417,Cherki,Rayan Cherki,MID,13,Man City,,1,1.0,7.0,2025-08-16T16:30:00Z,20.0,17,6,1,0,0,0,0,0,0,0,0,0,0,22,35.8,2.8,7.0,4.6,0.06,0.03,0.09,0.21,1,1,3,False,0,0,0
418,Doku,Jérémy Doku,MID,13,Man City,,1,1.0,7.0,2025-08-16T16:30:00Z,20.0,65,3,0,0,1,0,0,0,0,0,0,0,0,4,0.0,3.2,4.0,0.6,0.0,0.02,0.02,0.35,0,1,3,False,1,1,0
419,Grealish,Jack Grealish,MID,9,Everton,,1,1.0,10.0,2025-08-18T19:00:00Z,11.0,19,1,0,0,0,1,0,0,0,0,0,0,0,4,5.8,0.8,5.0,1.2,0.02,0.0,0.02,1.14,1,2,3,False,1,0,0
420,Gündoğan,İlkay Gündoğan,MID,13,Man City,,1,1.0,7.0,2025-08-16T16:30:00Z,20.0,0,0,0,0,0,0,0,0,0,0,0,0,0,0,0.0,0.0,0.0,0.0,0.0,0.0,0.0,0.0,0,0,3,False,0,0,0
421,Rodrigo,Rodrigo 'Rodri' Hernandez Cascante,MID,13,Man City,,1,1.0,7.0,2025-08-16T16:30:00Z,20.0,0,0,0,0,0,0,0,0,0,0,0,0,0,0,0.0,0.0,0.0,0.0,0.0,0.0,0.0,0.0,0,0,3,False,0,0,0
422,Kovačić,Mateo Kovačić,MID,13,Man City,,1,1.0,7.0,2025-08-16T16:30:00Z,20.0,0,0,0,0,0,0,0,0,0,0,0,0,0,0,0.0,0.0,0.0,0.0,0.0,0.0,0.0,0.0,0,0,3,False,0,0,0
423,N.Gonzalez,Nico González Iglesias,MID,13,Man City,,1,1.0,7.0,2025-08-16T16:30:00Z,20.0,90,3,0,0,1,0,0,0,0,0,0,0,0,27,24.8,5.6,6.0,3.6,0.05,0.05,0.1,0.56,4,11,3,False,4,1,3
424,Bobb,Oscar Bobb,MID,13,Man City,,1,1.0,7.0,2025-08-16T16:30:00Z,20.0,90,6,0,1,1,0,0,0,0,0,0,0,0,25,24.6,25.4,8.0,5.8,0.0,0.07,0.07,0.56,0,4,3,False,4,1,0
425,Echeverri,Claudio Echeverri,MID,13,Man City,,1,1.0,7.0,2025-08-16T16:30:00Z,20.0,0,0,0,0,0,0,0,0,0,0,0,0,0,0,0.0,0.0,0.0,0.0,0.0,0.0,0.0,0.0,0,0,3,False,0,0,0
426,McAtee,James McAtee,MID,16,Nott'm Forest,,1,1.0,7.0,2025-08-16T16:30:00Z,20.0,0,0,0,0,0,0,0,0,0,0,0,0,0,0,0.0,0.0,0.0,0.0,0.0,0.0,0.0,0.0,0,0,3,False,0,0,0
427,Reijnders,Tijjani Reijnders,MID,13,Man City,,1,1.0,7.0,2025-08-16T16:30:00Z,20.0,90,10,1,1,1,0,0,0,0,1,0,0,0,31,49.8,23.7,28.0,10.2,0.2,0.14,0.34,0.56,1,3,3,True,1,1,1
428,Nypan,Sverre Nypan,MID,13,Man City,,1,1.0,7.0,2025-08-16T16:30:00Z,20.0,0,0,0,0,0,0,0,0,0,0,0,0,0,0,0.0,0.0,0.0,0.0,0.0,0.0,0.0,0.0,0,0,3,False,0,0,0
429,Phillips,Kalvin Phillips,MID,13,Man City,,1,1.0,7.0,2025-08-16T16:30:00Z,20.0,0,0,0,0,0,0,0,0,0,0,0,0,0,0,0.0,0.0,0.0,0.0,0.0,0.0,0.0,0.0,0,0,3,False,0,0,0
430,Haaland,Erling Haaland,FWD,13,Man City,,1,1.0,7.0,2025-08-16T16:30:00Z,20.0,72,13,2,0,1,0,0,0,0,0,0,0,3,49,58.0,0.3,71.0,12.9,1.99,0.0,1.99,0.35,0,2,4,True,1,1,1
431,Bayindir,Altay Bayındır,GK,14,Man Utd,,1,1.0,9.0,2025-08-17T15:30:00Z,1.0,90,2,0,0,0,1,0,0,0,0,0,2,0,11,13.4,0.0,0.0,1.3,0.0,0.0,0.0,1.31,1,0,1,False,10,1,0
432,Onana,André Onana,GK,14,Man Utd,,1,1.0,9.0,2025-08-17T15:30:00Z,1.0,0,0,0,0,0,0,0,0,0,0,0,0,0,0,0.0,0.0,0.0,0.0,0.0,0.0,0.0,0.0,0,0,1,False,0,0,0
433,Harrison,Elyh Harrison,GK,14,Man Utd,,1,1.0,9.0,2025-08-17T15:30:00Z,1.0,0,0,0,0,0,0,0,0,0,0,0,0,0,0,0.0,0.0,0.0,0.0,0.0,0.0,0.0,0.0,0,0,1,False,0,0,0
434,Heaton,Tom Heaton,GK,14,Man Utd,,1,1.0,9.0,2025-08-17T15:30:00Z,1.0,0,0,0,0,0,0,0,0,0,0,0,0,0,0,0.0,0.0,0.0,0.0,0.0,0.0,0.0,0.0,0,0,1,False,0,0,0
435,Mee,Dermot Mee,GK,14,Man Utd,,1,1.0,9.0,2025-08-17T15:30:00Z,1.0,0,0,0,0,0,0,0,0,0,0,0,0,0,0,0.0,0.0,0.0,0.0,0.0,0.0,0.0,0.0,0,0,1,False,0,0,0
436,De Ligt,Matthijs de Ligt,DEF,14,Man Utd,,1,1.0,9.0,2025-08-17T15:30:00Z,1.0,90,4,0,0,0,1,0,0,0,0,0,0,0,16,33.4,16.0,26.0,7.5,0.21,0.06,0.27,1.31,8,10,2,False,4,1,2
437,Martinez,Lisandro Martínez,DEF,14,Man Utd,,1,1.0,9.0,2025-08-17T15:30:00Z,1.0,0,0,0,0,0,0,0,0,0,0,0,0,0,0,0.0,0.0,0.0,0.0,0.0,0.0,0.0,0.0,0,0,2,False,0,0,0
438,Mazraoui,Noussair Mazraoui,DEF,14,Man Utd,,1,1.0,9.0,2025-08-17T15:30:00Z,1.0,0,0,0,0,0,0,0,0,0,0,0,0,0,0,0.0,0.0,0.0,0.0,0.0,0.0,0.0,0.0,0,0,2,False,0,0,0
439,D.Leon,Diego León Blanco,DEF,14,Man Utd,,1,1.0,9.0,2025-08-17T15:30:00Z,1.0,0,0,0,0,0,0,0,0,0,0,0,0,0,0,0.0,0.0,0.0,0.0,0.0,0.0,0.0,0.0,0,0,2,False,0,0,0
440,Dalot,Diogo Dalot Teixeira,DEF,14,Man Utd,,1,1.0,9.0,2025-08-17T15:30:00Z,1.0,54,1,0,0,0,1,0,0,0,0,0,0,0,2,6.8,14.1,2.0,2.3,0.0,0.15,0.15,1.03,3,4,2,False,2,1,1
441,Dorgu,Patrick Dorgu,DEF,14,Man Utd,,1,1.0,9.0,2025-08-17T15:30:00Z,1.0,90,1,0,0,0,1,0,0,0,1,0,0,0,4,9.0,2.8,8.0,2.0,0.04,0.02,0.06,1.31,1,5,2,False,2,1,4
442,Maguire,Harry Maguire,DEF,14,Man Utd,,1,1.0,9.0,2025-08-17T15:30:00Z,1.0,10,1,0,0,0,0,0,0,0,0,0,0,0,2,5.2,0.5,0.0,0.6,0.0,0.0,0.0,0.21,3,3,2,False,0,0,0
443,Shaw,Luke Shaw,DEF,14,Man Utd,,1,1.0,9.0,2025-08-17T15:30:00Z,1.0,79,2,0,0,0,1,0,0,0,0,0,0,0,7,11.2,12.5,0.0,2.4,0.0,0.02,0.02,1.1,1,4,2,False,5,1,3
444,Yoro,Leny Yoro,DEF,14,Man Utd,,1,1.0,9.0,2025-08-17T15:30:00Z,1.0,90,4,0,0,0,1,0,0,0,0,0,0,0,11,18.2,2.6,0.0,2.1,0.0,0.01,0.01,1.31,10,11,2,False,4,1,1
445,Amass,Harry Amass,DEF,14,Man Utd,,1,1.0,9.0,2025-08-17T15:30:00Z,1.0,0,0,0,0,0,0,0,0,0,0,0,0,0,0,0.0,0.0,0.0,0.0,0.0,0.0,0.0,0.0,0,0,2,False,0,0,0
446,Fredricson,Tyler Fredricson,DEF,14,Man Utd,,1,1.0,9.0,2025-08-17T15:30:00Z,1.0,0,0,0,0,0,0,0,0,0,0,0,0,0,0,0.0,0.0,0.0,0.0,0.0,0.0,0.0,0.0,0,0,2,False,0,0,0
447,Heaven,Ayden Heaven,DEF,14,Man Utd,,1,1.0,9.0,2025-08-17T15:30:00Z,1.0,0,0,0,0,0,0,0,0,0,0,0,0,0,0,0.0,0.0,0.0,0.0,0.0,0.0,0.0,0.0,0,0,2,False,0,0,0
448,Malacia,Tyrell Malacia,DEF,14,Man Utd,,1,1.0,9.0,2025-08-17T15:30:00Z,1.0,0,0,0,0,0,0,0,0,0,0,0,0,0,0,0.0,0.0,0.0,0.0,0.0,0.0,0.0,0.0,0,0,2,False,0,0,0
449,B.Fernandes,Bruno Borges Fernandes,MID,14,Man Utd,,1,1.0,9.0,2025-08-17T15:30:00Z,1.0,90,2,0,0,0,1,0,0,0,0,0,0,0,19,25.2,65.3,9.0,10.0,0.15,0.3,0.45,1.31,2,11,3,False,6,1,3
450,Cunha,Matheus Santos Carneiro da Cunha,MID,14,Man Utd,,1,1.0,9.0,2025-08-17T15:30:00Z,1.0,90,2,0,0,0,1,0,0,0,0,0,0,0,16,17.8,13.3,50.0,8.1,0.4,0.05,0.45,1.31,0,3,3,False,2,1,1
451,Rashford,Marcus Rashford,MID,14,Man Utd,,1,1.0,9.0,2025-08-17T15:30:00Z,1.0,0,0,0,0,0,0,0,0,0,0,0,0,0,0,0.0,0.0,0.0,0.0,0.0,0.0,0.0,0.0,0,0,3,False,0,0,0
452,Amad,Amad Diallo,MID,14,Man Utd,,1,1.0,9.0,2025-08-17T15:30:00Z,1.0,35,1,0,0,0,0,0,0,0,0,0,0,0,12,13.4,12.3,19.0,4.5,0.03,0.04,0.07,0.27,0,4,3,False,1,0,3
453,Garnacho,Alejandro Garnacho Ferreyra,MID,14,Man Utd,,1,1.0,9.0,2025-08-17T15:30:00Z,1.0,0,0,0,0,0,0,0,0,0,0,0,0,0,0,0.0,0.0,0.0,0.0,0.0,0.0,0.0,0.0,0,0,3,False,0,0,0
454,Antony,Antony dos Santos,MID,14,Man Utd,,1,1.0,9.0,2025-08-17T15:30:00Z,1.0,0,0,0,0,0,0,0,0,0,0,0,0,0,0,0.0,0.0,0.0,0.0,0.0,0.0,0.0,0.0,0,0,3,False,0,0,0
455,Mount,Mason Mount,MID,14,Man Utd,,1,1.0,9.0,2025-08-17T15:30:00Z,1.0,64,2,0,0,0,1,0,0,0,0,0,0,0,9,7.0,25.1,18.0,5.0,0.12,0.15,0.27,1.1,0,3,3,False,2,1,1
456,Sancho,Jadon Sancho,MID,14,Man Utd,,1,1.0,9.0,2025-08-17T15:30:00Z,1.0,0,0,0,0,0,0,0,0,0,0,0,0,0,0,0.0,0.0,0.0,0.0,0.0,0.0,0.0,0.0,0,0,3,False,0,0,0
457,Casemiro,Carlos Henrique Casimiro,MID,14,Man Utd,,1,1.0,9.0,2025-08-17T15:30:00Z,1.0,64,2,0,0,0,1,0,0,0,0,0,0,0,15,9.2,11.6,0.0,2.1,0.0,0.02,0.02,1.1,0,5,3,False,2,1,3
458,Mainoo,Kobbie Mainoo,MID,14,Man Utd,,1,1.0,9.0,2025-08-17T15:30:00Z,1.0,0,0,0,0,0,0,0,0,0,0,0,0,0,0,0.0,0.0,0.0,0.0,0.0,0.0,0.0,0.0,0,0,3,False,0,0,0
459,Ugarte,Manuel Ugarte Ribeiro,MID,14,Man Utd,,1,1.0,9.0,2025-08-17T15:30:00Z,1.0,25,1,0,0,0,0,0,0,0,0,0,0,0,0,0.0,11.4,1.0,1.2,0.03,0.01,0.04,0.21,0,1,3,False,1,0,0
460,Collyer,Toby Collyer,MID,14,Man Utd,,1,1.0,9.0,2025-08-17T15:30:00Z,1.0,0,0,0,0,0,0,0,0,0,0,0,0,0,0,0.0,0.0,0.0,0.0,0.0,0.0,0.0,0.0,0,0,3,False,0,0,0
461,Fitzgerald,Jayce Fitzgerald,MID,14,Man Utd,,1,1.0,9.0,2025-08-17T15:30:00Z,1.0,0,0,0,0,0,0,0,0,0,0,0,0,0,0,0.0,0.0,0.0,0.0,0.0,0.0,0.0,0.0,0,0,3,False,0,0,0
462,J.Fletcher,Jack Fletcher,MID,14,Man Utd,,1,1.0,9.0,2025-08-17T15:30:00Z,1.0,0,0,0,0,0,0,0,0,0,0,0,0,0,0,0.0,0.0,0.0,0.0,0.0,0.0,0.0,0.0,0,0,3,False,0,0,0
463,Kone,Sékou Koné,MID,14,Man Utd,,1,1.0,9.0,2025-08-17T15:30:00Z,1.0,0,0,0,0,0,0,0,0,0,0,0,0,0,0,0.0,0.0,0.0,0.0,0.0,0.0,0.0,0.0,0,0,3,False,0,0,0
464,Moorhouse,Jack Moorhouse,MID,14,Man Utd,,1,1.0,9.0,2025-08-17T15:30:00Z,1.0,0,0,0,0,0,0,0,0,0,0,0,0,0,0,0.0,0.0,0.0,0.0,0.0,0.0,0.0,0.0,0,0,3,False,0,0,0
465,Højlund,Rasmus Højlund,FWD,14,Man Utd,,1,1.0,9.0,2025-08-17T15:30:00Z,1.0,0,0,0,0,0,0,0,0,0,0,0,0,0,0,0.0,0.0,0.0,0.0,0.0,0.0,0.0,0.0,0,0,4,False,0,0,0
466,Zirkzee,Joshua Zirkzee,FWD,14,Man Utd,,1,1.0,9.0,2025-08-17T15:30:00Z,1.0,0,0,0,0,0,0,0,0,0,0,0,0,0,0,0.0,0.0,0.0,0.0,0.0,0.0,0.0,0.0,0,0,4,False,0,0,0
467,Obi,Chido Obi,FWD,14,Man Utd,,1,1.0,9.0,2025-08-17T15:30:00Z,1.0,0,0,0,0,0,0,0,0,0,0,0,0,0,0,0.0,0.0,0.0,0.0,0.0,0.0,0.0,0.0,0,0,4,False,0,0,0
468,Wheatley,Ethan Wheatley,FWD,14,Man Utd,,1,1.0,9.0,2025-08-17T15:30:00Z,1.0,0,0,0,0,0,0,0,0,0,0,0,0,0,0,0.0,0.0,0.0,0.0,0.0,0.0,0.0,0.0,0,0,4,False,0,0,0
469,Pope,Nick Pope,GK,15,Newcastle,,1,1.0,2.0,2025-08-16T11:30:00Z,2.0,90,9,0,0,1,0,0,0,0,0,0,3,2,32,27.0,0.0,0.0,2.7,0.0,0.0,0.0,0.2,1,0,1,False,16,1,0
470,Dúbravka,Martin Dúbravka,GK,3,Burnley,,1,1.0,6.0,2025-08-16T14:00:00Z,18.0,90,2,0,0,0,3,0,0,0,0,0,3,0,5,25.6,0.0,0.0,2.6,0.0,0.0,0.0,2.32,0,0,1,False,6,1,0
471,Gillespie,Mark Gillespie,GK,15,Newcastle,,1,1.0,2.0,2025-08-16T11:30:00Z,2.0,0,0,0,0,0,0,0,0,0,0,0,0,0,0,0.0,0.0,0.0,0.0,0.0,0.0,0.0,0.0,0,0,1,False,0,0,0
472,Odysseas,Odysseas Vlachodimos,GK,15,Newcastle,,1,1.0,2.0,2025-08-16T11:30:00Z,2.0,0,0,0,0,0,0,0,0,0,0,0,0,0,0,0.0,0.0,0.0,0.0,0.0,0.0,0.0,0.0,0,0,1,False,0,0,0
473,Hall,Lewis Hall,DEF,15,Newcastle,,1,1.0,2.0,2025-08-16T11:30:00Z,2.0,0,0,0,0,0,0,0,0,0,0,0,0,0,0,0.0,0.0,0.0,0.0,0.0,0.0,0.0,0.0,0,0,2,False,0,0,0
474,Schär,Fabian Schär,DEF,15,Newcastle,,1,1.0,2.0,2025-08-16T11:30:00Z,2.0,90,8,0,0,1,0,0,0,0,0,0,0,0,26,13.8,1.9,4.0,2.0,0.04,0.03,0.07,0.2,10,11,2,False,5,1,1
475,Botman,Sven Botman,DEF,15,Newcastle,,1,1.0,2.0,2025-08-16T11:30:00Z,2.0,0,0,0,0,0,0,0,0,0,0,0,0,0,0,0.0,0.0,0.0,0.0,0.0,0.0,0.0,0.0,0,0,2,False,0,0,0
476,Burn,Dan Burn,DEF,15,Newcastle,,1,1.0,2.0,2025-08-16T11:30:00Z,2.0,90,9,0,0,1,0,0,0,0,0,0,0,1,30,18.6,1.2,2.0,2.2,0.0,0.01,0.01,0.2,10,11,2,False,5,1,1
477,Livramento,Tino Livramento,DEF,15,Newcastle,,1,1.0,2.0,2025-08-16T11:30:00Z,2.0,90,9,0,0,1,0,0,0,0,0,0,0,3,33,18.0,25.4,4.0,4.7,0.0,0.03,0.03,0.2,3,5,2,False,5,1,2
478,Trippier,Kieran Trippier,DEF,15,Newcastle,,1,1.0,2.0,2025-08-16T11:30:00Z,2.0,90,6,0,0,1,0,0,0,0,0,0,0,0,26,9.8,22.5,0.0,3.2,0.0,0.06,0.06,0.2,4,4,2,False,4,1,0
479,Krafth,Emil Krafth,DEF,15,Newcastle,,1,1.0,2.0,2025-08-16T11:30:00Z,2.0,0,0,0,0,0,0,0,0,0,0,0,0,0,0,0.0,0.0,0.0,0.0,0.0,0.0,0.0,0.0,0,0,2,False,0,0,0
480,Lascelles,Jamaal Lascelles,DEF,15,Newcastle,,1,1.0,2.0,2025-08-16T11:30:00Z,2.0,0,0,0,0,0,0,0,0,0,0,0,0,0,0,0.0,0.0,0.0,0.0,0.0,0.0,0.0,0.0,0,0,2,False,0,0,0
481,A.Murphy,Alex Murphy,DEF,15,Newcastle,,1,1.0,2.0,2025-08-16T11:30:00Z,2.0,0,0,0,0,0,0,0,0,0,0,0,0,0,0,0.0,0.0,0.0,0.0,0.0,0.0,0.0,0.0,0,0,2,False,0,0,0
482,Ashby,Harrison Ashby,DEF,15,Newcastle,,1,1.0,2.0,2025-08-16T11:30:00Z,2.0,0,0,0,0,0,0,0,0,0,0,0,0,0,0,0.0,0.0,0.0,0.0,0.0,0.0,0.0,0.0,0,0,2,False,0,0,0
483,Pivas,Miodrag Pivaš,DEF,15,Newcastle,,1,1.0,2.0,2025-08-16T11:30:00Z,2.0,0,0,0,0,0,0,0,0,0,0,0,0,0,0,0.0,0.0,0.0,0.0,0.0,0.0,0.0,0.0,0,0,2,False,0,0,0
484,Targett,Matt Targett,DEF,15,Newcastle,,1,1.0,2.0,2025-08-16T11:30:00Z,2.0,0,0,0,0,0,0,0,0,0,0,0,0,0,0,0.0,0.0,0.0,0.0,0.0,0.0,0.0,0.0,0,0,2,False,0,0,0
485,Gordon,Anthony Gordon,MID,15,Newcastle,,1,1.0,2.0,2025-08-16T11:30:00Z,2.0,90,3,0,0,1,0,0,0,0,0,0,0,0,4,5.4,13.0,41.0,5.9,0.55,0.03,0.58,0.2,0,4,3,False,4,1,0
486,Elanga,Anthony Elanga,MID,15,Newcastle,,1,1.0,2.0,2025-08-16T11:30:00Z,2.0,77,3,0,0,1,0,0,0,0,0,0,0,0,10,8.6,29.8,27.0,6.5,0.57,0.06,0.63,0.17,0,3,3,False,3,1,0
487,Barnes,Harvey Barnes,MID,15,Newcastle,,1,1.0,2.0,2025-08-16T11:30:00Z,2.0,89,3,0,0,1,0,0,0,0,0,0,0,0,15,12.8,56.8,25.0,9.5,0.23,0.33,0.56,0.2,1,4,3,False,3,1,0
488,Bruno G.,Bruno Guimarães Rodriguez Moura,MID,15,Newcastle,,1,1.0,2.0,2025-08-16T11:30:00Z,2.0,90,3,0,0,1,0,0,0,0,0,0,0,0,11,7.6,22.6,2.0,3.2,0.0,0.1,0.1,0.2,1,8,3,False,5,1,2
489,J.Murphy,Jacob Murphy,MID,15,Newcastle,,1,1.0,2.0,2025-08-16T11:30:00Z,2.0,12,1,0,0,0,0,0,0,0,0,0,0,0,3,0.6,1.3,4.0,0.6,0.0,0.01,0.01,0.03,0,2,3,False,2,0,0
490,Joelinton,Joelinton Cássio Apolinário de Lira,MID,15,Newcastle,,1,1.0,2.0,2025-08-16T11:30:00Z,2.0,82,2,0,0,1,0,0,0,0,1,0,0,0,7,4.4,4.2,6.0,1.5,0.0,0.02,0.02,0.17,2,9,3,False,5,1,2
491,Tonali,Sandro Tonali,MID,15,Newcastle,,1,1.0,2.0,2025-08-16T11:30:00Z,2.0,90,3,0,0,1,0,0,0,0,0,0,0,0,20,13.8,29.2,0.0,4.3,0.0,0.18,0.18,0.2,2,9,3,False,5,1,2
492,Antoñito C.,Antoñito Cordero Campillo,MID,15,Newcastle,,1,1.0,2.0,2025-08-16T11:30:00Z,2.0,0,0,0,0,0,0,0,0,0,0,0,0,0,0,0.0,0.0,0.0,0.0,0.0,0.0,0.0,0.0,0,0,3,False,0,0,0
493,Longstaff,Sean Longstaff,MID,11,Leeds,,1,1.0,10.0,2025-08-18T19:00:00Z,9.0,1,1,0,0,0,0,0,0,0,0,0,0,0,3,0.2,0.3,0.0,0.1,0.0,0.0,0.0,0.0,0,0,3,False,0,0,0
494,Willock,Joe Willock,MID,15,Newcastle,,1,1.0,2.0,2025-08-16T11:30:00Z,2.0,0,0,0,0,0,0,0,0,0,0,0,0,0,0,0.0,0.0,0.0,0.0,0.0,0.0,0.0,0.0,0,0,3,False,0,0,0
495,Hayden,Isaac Hayden,MID,15,Newcastle,,1,1.0,2.0,2025-08-16T11:30:00Z,2.0,0,0,0,0,0,0,0,0,0,0,0,0,0,0,0.0,0.0,0.0,0.0,0.0,0.0,0.0,0.0,0,0,3,False,0,0,0
496,Kuol,Garang Kuol,MID,15,Newcastle,,1,1.0,2.0,2025-08-16T11:30:00Z,2.0,0,0,0,0,0,0,0,0,0,0,0,0,0,0,0.0,0.0,0.0,0.0,0.0,0.0,0.0,0.0,0,0,3,False,0,0,0
497,L.Miley,Lewis Miley,MID,15,Newcastle,,1,1.0,2.0,2025-08-16T11:30:00Z,2.0,7,1,0,0,0,0,0,0,0,0,0,0,0,4,2.6,11.0,2.0,1.6,0.0,0.01,0.01,0.03,0,1,3,False,1,0,0
498,White,Joe White,MID,15,Newcastle,,1,1.0,2.0,2025-08-16T11:30:00Z,2.0,0,0,0,0,0,0,0,0,0,0,0,0,0,0,0.0,0.0,0.0,0.0,0.0,0.0,0.0,0.0,0,0,3,False,0,0,0
499,Isak,Alexander Isak,FWD,15,Newcastle,,1,1.0,2.0,2025-08-16T11:30:00Z,2.0,0,0,0,0,0,0,0,0,0,0,0,0,0,0,0.0,0.0,0.0,0.0,0.0,0.0,0.0,0.0,0,0,4,False,0,0,0
500,Osula,William Osula,FWD,15,Newcastle,,1,1.0,2.0,2025-08-16T11:30:00Z,2.0,1,1,0,0,0,0,0,0,0,0,0,0,0,3,0.0,0.3,7.0,0.7,0.03,0.02,0.05,0.0,0,0,4,False,0,0,0
501,Neave,Sean Neave,FWD,15,Newcastle,,1,1.0,2.0,2025-08-16T11:30:00Z,2.0,0,0,0,0,0,0,0,0,0,0,0,0,0,0,0.0,0.0,0.0,0.0,0.0,0.0,0.0,0.0,0,0,4,False,0,0,0
502,Sels,Matz Sels,GK,16,Nott'm Forest,,1,1.0,4.0,2025-08-17T13:00:00Z,5.0,90,2,0,0,0,1,0,0,0,0,0,2,0,9,14.6,0.0,0.0,1.5,0.0,0.0,0.0,1.5,0,0,1,False,7,1,0
503,C.Miguel,Carlos Miguel dos Santos Pereira,GK,16,Nott'm Forest,,1,1.0,4.0,2025-08-17T13:00:00Z,5.0,0,0,0,0,0,0,0,0,0,0,0,0,0,0,0.0,0.0,0.0,0.0,0.0,0.0,0.0,0.0,0,0,1,False,0,0,0
504,Turner,Matt Turner,GK,16,Nott'm Forest,,1,1.0,4.0,2025-08-17T13:00:00Z,5.0,0,0,0,0,0,0,0,0,0,0,0,0,0,0,0.0,0.0,0.0,0.0,0.0,0.0,0.0,0.0,0,0,1,False,0,0,0
505,Milenković,Nikola Milenković,DEF,16,Nott'm Forest,,1,1.0,4.0,2025-08-17T13:00:00Z,5.0,90,2,0,0,0,1,0,0,0,0,0,0,0,5,17.2,0.5,0.0,1.8,0.0,0.0,0.0,1.5,7,8,2,False,2,1,1
506,Murillo,Murillo Costa dos Santos,DEF,16,Nott'm Forest,,1,1.0,4.0,2025-08-17T13:00:00Z,5.0,90,2,0,0,0,1,0,0,0,0,0,0,0,12,11.8,1.6,0.0,1.3,0.0,0.02,0.02,1.5,5,5,2,False,6,1,0
507,Aina,Ola Aina,DEF,16,Nott'm Forest,,1,1.0,4.0,2025-08-17T13:00:00Z,5.0,90,4,0,0,0,1,0,0,0,0,0,0,0,15,27.2,16.1,2.0,4.5,0.0,0.04,0.04,1.5,9,12,2,False,8,1,3
508,N.Williams,Neco Williams,DEF,16,Nott'm Forest,,1,1.0,4.0,2025-08-17T13:00:00Z,5.0,90,1,0,0,0,1,0,0,0,1,0,0,0,10,19.0,28.8,2.0,5.0,0.0,0.09,0.09,1.5,4,6,2,False,2,1,2
509,David Carmo,David Mota Veiga Teixeira do Carmo,DEF,16,Nott'm Forest,,1,1.0,4.0,2025-08-17T13:00:00Z,5.0,0,0,0,0,0,0,0,0,0,0,0,0,0,0,0.0,0.0,0.0,0.0,0.0,0.0,0.0,0.0,0,0,2,False,0,0,0
510,Jair Cunha,Jair Paula da Cunha Filho,DEF,16,Nott'm Forest,,1,1.0,4.0,2025-08-17T13:00:00Z,5.0,0,0,0,0,0,0,0,0,0,0,0,0,0,0,0.0,0.0,0.0,0.0,0.0,0.0,0.0,0.0,0,0,2,False,0,0,0
511,Morato,Felipe Rodrigues da Silva,DEF,16,Nott'm Forest,,1,1.0,4.0,2025-08-17T13:00:00Z,5.0,0,0,0,0,0,0,0,0,0,0,0,0,0,0,0.0,0.0,0.0,0.0,0.0,0.0,0.0,0.0,0,0,2,False,0,0,0
512,O.Richards,Omar Richards,DEF,16,Nott'm Forest,,1,1.0,4.0,2025-08-17T13:00:00Z,5.0,0,0,0,0,0,0,0,0,0,0,0,0,0,0,0.0,0.0,0.0,0.0,0.0,0.0,0.0,0.0,0,0,2,False,0,0,0
513,Abbott,Zach Abbott,DEF,16,Nott'm Forest,,1,1.0,4.0,2025-08-17T13:00:00Z,5.0,0,0,0,0,0,0,0,0,0,0,0,0,0,0,0.0,0.0,0.0,0.0,0.0,0.0,0.0,0.0,0,0,2,False,0,0,0
514,Boly,Willy Boly,DEF,16,Nott'm Forest,,1,1.0,4.0,2025-08-17T13:00:00Z,5.0,0,0,0,0,0,0,0,0,0,0,0,0,0,0,0.0,0.0,0.0,0.0,0.0,0.0,0.0,0.0,0,0,2,False,0,0,0
515,Gibbs-White,Morgan Gibbs-White,MID,16,Nott'm Forest,,1,1.0,4.0,2025-08-17T13:00:00Z,5.0,83,5,0,1,0,1,0,0,0,0,0,0,0,23,28.8,51.8,15.0,9.6,0.38,0.28,0.66,1.5,1,4,3,False,2,1,1
516,Hudson-Odoi,Callum Hudson-Odoi,MID,16,Nott'm Forest,,1,1.0,4.0,2025-08-17T13:00:00Z,5.0,90,2,0,0,0,1,0,0,0,0,0,0,0,20,11.8,32.3,9.0,5.3,0.02,0.24,0.26,1.5,0,0,3,False,0,1,0
517,Anderson,Elliot Anderson,MID,16,Nott'm Forest,,1,1.0,4.0,2025-08-17T13:00:00Z,5.0,90,6,0,1,0,1,0,0,0,0,0,0,1,24,28.6,21.3,20.0,7.0,0.39,0.28,0.67,1.5,1,11,3,False,8,1,2
518,Jota,João Pedro Ferreira da Silva,MID,16,Nott'm Forest,,1,1.0,4.0,2025-08-17T13:00:00Z,5.0,11,1,0,0,0,0,0,0,0,0,0,0,0,6,5.0,0.5,4.0,1.0,0.0,0.0,0.0,0.0,1,3,3,False,0,0,2
519,Dominguez,Nicolás Domínguez,MID,16,Nott'm Forest,,1,1.0,4.0,2025-08-17T13:00:00Z,5.0,0,0,0,0,0,0,0,0,0,0,0,0,0,0,0.0,0.0,0.0,0.0,0.0,0.0,0.0,0.0,0,0,3,False,0,0,0
520,O'Brien,Lewis O'Brien,MID,16,Nott'm Forest,,1,1.0,4.0,2025-08-17T13:00:00Z,5.0,0,0,0,0,0,0,0,0,0,0,0,0,0,0,0.0,0.0,0.0,0.0,0.0,0.0,0.0,0.0,0,0,3,False,0,0,0
521,Sangaré,Ibrahim Sangaré,MID,16,Nott'm Forest,,1,1.0,4.0,2025-08-17T13:00:00Z,5.0,90,2,0,0,0,1,0,0,0,0,0,0,0,11,1.4,4.2,1.0,0.7,0.02,0.01,0.03,1.5,5,10,3,False,4,1,1
522,Yates,Ryan Yates,MID,16,Nott'm Forest,,1,1.0,4.0,2025-08-17T13:00:00Z,5.0,6,1,0,0,0,0,0,0,0,0,0,0,0,7,4.6,1.6,2.0,0.8,0.0,0.01,0.01,0.0,2,5,3,False,3,0,0
523,Da Silva Moreira,Eric da Silva Moreira,MID,16,Nott'm Forest,,1,1.0,4.0,2025-08-17T13:00:00Z,5.0,0,0,0,0,0,0,0,0,0,0,0,0,0,0,0.0,0.0,0.0,0.0,0.0,0.0,0.0,0.0,0,0,3,False,0,0,0
524,Stamenic,Marko Stamenić,MID,16,Nott'm Forest,,1,1.0,4.0,2025-08-17T13:00:00Z,5.0,0,0,0,0,0,0,0,0,0,0,0,0,0,0,0.0,0.0,0.0,0.0,0.0,0.0,0.0,0.0,0,0,3,False,0,0,0
525,Wood,Chris Wood,FWD,16,Nott'm Forest,,1,1.0,4.0,2025-08-17T13:00:00Z,5.0,78,13,2,0,0,1,0,0,0,0,0,0,3,58,66.2,4.3,54.0,12.5,0.95,0.01,0.96,1.5,0,2,4,True,2,1,0
526,Igor Jesus,Igor Jesus Maciel da Cruz,FWD,16,Nott'm Forest,,1,1.0,4.0,2025-08-17T13:00:00Z,5.0,11,1,0,0,0,0,0,0,0,0,0,0,0,2,1.0,1.5,2.0,0.5,0.0,0.0,0.0,0.0,1,1,4,False,0,0,0
527,Awoniyi,Taiwo Awoniyi,FWD,16,Nott'm Forest,,1,1.0,4.0,2025-08-17T13:00:00Z,5.0,0,0,0,0,0,0,0,0,0,0,0,0,0,0,0.0,0.0,0.0,0.0,0.0,0.0,0.0,0.0,0,0,4,False,0,0,0
528,Patterson,Anthony Patterson,GK,17,Sunderland,,1,1.0,5.0,2025-08-16T14:00:00Z,19.0,0,0,0,0,0,0,0,0,0,0,0,0,0,0,0.0,0.0,0.0,0.0,0.0,0.0,0.0,0.0,0,0,1,False,0,0,0
529,Moore,Simon Moore,GK,17,Sunderland,,1,1.0,5.0,2025-08-16T14:00:00Z,19.0,0,0,0,0,0,0,0,0,0,0,0,0,0,0,0.0,0.0,0.0,0.0,0.0,0.0,0.0,0.0,0,0,1,False,0,0,0
530,Nna Noukeu,Blondy Nna Noukeu,GK,17,Sunderland,,1,1.0,5.0,2025-08-16T14:00:00Z,19.0,0,0,0,0,0,0,0,0,0,0,0,0,0,0,0.0,0.0,0.0,0.0,0.0,0.0,0.0,0.0,0,0,1,False,0,0,0
531,Ballard,Daniel Ballard,DEF,17,Sunderland,,1,1.0,5.0,2025-08-16T14:00:00Z,19.0,90,17,1,0,1,0,0,0,0,0,0,0,3,53,69.6,0.5,64.0,13.4,0.18,0.01,0.19,0.56,13,14,2,True,4,1,1
532,Hume,Trai Hume,DEF,17,Sunderland,,1,1.0,5.0,2025-08-16T14:00:00Z,19.0,90,6,0,0,1,0,0,0,0,0,0,0,0,27,15.2,15.8,2.0,3.3,0.0,0.09,0.09,0.56,4,6,2,False,3,1,2
533,Alese,Aji Alese,DEF,17,Sunderland,,1,1.0,5.0,2025-08-16T14:00:00Z,19.0,0,0,0,0,0,0,0,0,0,0,0,0,0,0,0.0,0.0,0.0,0.0,0.0,0.0,0.0,0.0,0,0,2,False,0,0,0
534,Anderson,Joe Anderson,DEF,17,Sunderland,,1,1.0,5.0,2025-08-16T14:00:00Z,19.0,0,0,0,0,0,0,0,0,0,0,0,0,0,0,0.0,0.0,0.0,0.0,0.0,0.0,0.0,0.0,0,0,2,False,0,0,0
535,Cirkin,Dennis Cirkin,DEF,17,Sunderland,,1,1.0,5.0,2025-08-16T14:00:00Z,19.0,0,0,0,0,0,0,0,0,0,0,0,0,0,0,0.0,0.0,0.0,0.0,0.0,0.0,0.0,0.0,0,0,2,False,0,0,0
536,Hjelde,Leo Fuhr Hjelde,DEF,17,Sunderland,,1,1.0,5.0,2025-08-16T14:00:00Z,19.0,0,0,0,0,0,0,0,0,0,0,0,0,0,0,0.0,0.0,0.0,0.0,0.0,0.0,0.0,0.0,0,0,2,False,0,0,0
537,Huggins,Niall Huggins,DEF,17,Sunderland,,1,1.0,5.0,2025-08-16T14:00:00Z,19.0,0,0,0,0,0,0,0,0,0,0,0,0,0,0,0.0,0.0,0.0,0.0,0.0,0.0,0.0,0.0,0,0,2,False,0,0,0
538,Johnson,Zak Johnson,DEF,17,Sunderland,,1,1.0,5.0,2025-08-16T14:00:00Z,19.0,0,0,0,0,0,0,0,0,0,0,0,0,0,0,0.0,0.0,0.0,0.0,0.0,0.0,0.0,0.0,0,0,2,False,0,0,0
539,O'Nien,Luke O'Nien,DEF,17,Sunderland,,1,1.0,5.0,2025-08-16T14:00:00Z,19.0,0,0,0,0,0,0,0,0,0,0,0,0,0,0,0.0,0.0,0.0,0.0,0.0,0.0,0.0,0.0,0,0,2,False,0,0,0
540,Pembele,Timothée Pembélé,DEF,17,Sunderland,,1,1.0,5.0,2025-08-16T14:00:00Z,19.0,0,0,0,0,0,0,0,0,0,0,0,0,0,0,0.0,0.0,0.0,0.0,0.0,0.0,0.0,0.0,0,0,2,False,0,0,0
541,Reinildo,Reinildo Mandava,DEF,17,Sunderland,,1,1.0,5.0,2025-08-16T14:00:00Z,19.0,90,6,0,0,1,0,0,0,0,0,0,0,0,27,13.6,2.5,0.0,1.6,0.0,0.0,0.0,0.56,6,8,2,False,3,1,2
542,Seelt,Jenson Seelt,DEF,17,Sunderland,,1,1.0,5.0,2025-08-16T14:00:00Z,19.0,52,1,0,0,0,0,0,0,0,0,0,0,0,6,15.2,0.6,0.0,1.6,0.0,0.0,0.0,0.33,4,6,2,False,4,1,2
543,Adingra,Simon Adingra,MID,17,Sunderland,,1,1.0,5.0,2025-08-16T14:00:00Z,19.0,75,6,0,1,1,0,0,0,0,0,0,0,0,8,0.0,14.5,6.0,2.0,0.14,0.02,0.16,0.33,0,3,3,False,2,1,1
544,Diarra,Habib Diarra,MID,17,Sunderland,,1,1.0,5.0,2025-08-16T14:00:00Z,19.0,90,3,0,0,1,0,0,0,0,0,0,0,0,4,7.0,2.8,20.0,3.0,0.23,0.01,0.24,0.56,2,6,3,False,3,1,1
545,Roberts,Patrick Roberts,MID,17,Sunderland,,1,1.0,5.0,2025-08-16T14:00:00Z,19.0,0,0,0,0,0,0,0,0,0,0,0,0,0,0,0.0,0.0,0.0,0.0,0.0,0.0,0.0,0.0,0,0,3,False,0,0,0
546,Aleksić,Milan Aleksić,MID,17,Sunderland,,1,1.0,5.0,2025-08-16T14:00:00Z,19.0,0,0,0,0,0,0,0,0,0,0,0,0,0,0,0.0,0.0,0.0,0.0,0.0,0.0,0.0,0.0,0,0,3,False,0,0,0
547,E.Le Fée,Enzo Le Fée,MID,17,Sunderland,,1,1.0,5.0,2025-08-16T14:00:00Z,19.0,14,1,0,0,0,0,0,0,0,0,0,0,0,4,3.2,0.3,0.0,0.4,0.0,0.0,0.0,0.23,2,4,3,False,2,0,0
548,Mundle,Romaine Mundle,MID,17,Sunderland,,1,1.0,5.0,2025-08-16T14:00:00Z,19.0,0,0,0,0,0,0,0,0,0,0,0,0,0,0,0.0,0.0,0.0,0.0,0.0,0.0,0.0,0.0,0,0,3,False,0,0,0
549,Neil,Dan Neil,MID,17,Sunderland,,1,1.0,5.0,2025-08-16T14:00:00Z,19.0,0,0,0,0,0,0,0,0,0,0,0,0,0,0,0.0,0.0,0.0,0.0,0.0,0.0,0.0,0.0,0,0,3,False,0,0,0
550,Poveda,Ian Poveda-Ocampo,MID,17,Sunderland,,1,1.0,5.0,2025-08-16T14:00:00Z,19.0,0,0,0,0,0,0,0,0,0,0,0,0,0,0,0.0,0.0,0.0,0.0,0.0,0.0,0.0,0.0,0,0,3,False,0,0,0
551,Rigg,Chris Rigg,MID,17,Sunderland,,1,1.0,5.0,2025-08-16T14:00:00Z,19.0,1,1,0,0,0,0,0,0,0,0,0,0,0,3,0.0,0.0,0.0,0.0,0.0,0.0,0.0,0.03,0,0,3,False,0,0,0
552,Sadiki,Noah Sadiki,MID,17,Sunderland,,1,1.0,5.0,2025-08-16T14:00:00Z,19.0,90,3,0,0,1,0,0,0,0,0,0,0,0,6,11.0,3.8,0.0,1.5,0.0,0.01,0.01,0.56,5,9,3,False,2,1,2
553,Talbi,Chemsdine Talbi,MID,17,Sunderland,,1,1.0,5.0,2025-08-16T14:00:00Z,19.0,90,6,0,1,1,0,0,0,0,0,0,0,0,17,20.8,18.4,2.0,4.1,0.0,0.01,0.01,0.53,0,2,3,False,1,1,1
554,Ba,Abdoullah Ba,MID,17,Sunderland,,1,1.0,5.0,2025-08-16T14:00:00Z,19.0,0,0,0,0,0,0,0,0,0,0,0,0,0,0,0.0,0.0,0.0,0.0,0.0,0.0,0.0,0.0,0,0,3,False,0,0,0
555,Browne,Alan Browne,MID,17,Sunderland,,1,1.0,5.0,2025-08-16T14:00:00Z,19.0,0,0,0,0,0,0,0,0,0,0,0,0,0,0,0.0,0.0,0.0,0.0,0.0,0.0,0.0,0.0,0,0,3,False,0,0,0
556,Ekwah,Pierre Ekwah Elimby,MID,17,Sunderland,,1,1.0,5.0,2025-08-16T14:00:00Z,19.0,0,0,0,0,0,0,0,0,0,0,0,0,0,0,0.0,0.0,0.0,0.0,0.0,0.0,0.0,0.0,0,0,3,False,0,0,0
557,H.Jones,Harrison Jones,MID,17,Sunderland,,1,1.0,5.0,2025-08-16T14:00:00Z,19.0,0,0,0,0,0,0,0,0,0,0,0,0,0,0,0.0,0.0,0.0,0.0,0.0,0.0,0.0,0.0,0,0,3,False,0,0,0
558,Matete,Jay Matete,MID,17,Sunderland,,1,1.0,5.0,2025-08-16T14:00:00Z,19.0,0,0,0,0,0,0,0,0,0,0,0,0,0,0,0.0,0.0,0.0,0.0,0.0,0.0,0.0,0.0,0,0,3,False,0,0,0
559,Triantis,Nectarios Triantis,MID,17,Sunderland,,1,1.0,5.0,2025-08-16T14:00:00Z,19.0,0,0,0,0,0,0,0,0,0,0,0,0,0,0,0.0,0.0,0.0,0.0,0.0,0.0,0.0,0.0,0,0,3,False,0,0,0
560,Isidor,Wilson Isidor,FWD,17,Sunderland,,1,1.0,5.0,2025-08-16T14:00:00Z,19.0,14,5,1,0,0,0,0,0,0,0,0,0,0,29,34.2,0.1,17.0,5.1,0.04,0.0,0.04,0.23,1,2,4,False,1,0,0
561,Mayenda,Eliezer Mayenda Dossou,FWD,17,Sunderland,,1,1.0,5.0,2025-08-16T14:00:00Z,19.0,75,8,1,0,1,0,0,0,0,0,0,0,2,37,34.0,11.3,26.0,7.1,0.09,0.0,0.09,0.33,0,0,4,False,0,1,0
562,Abdullahi,Ahmed Abdullahi,FWD,17,Sunderland,,1,1.0,5.0,2025-08-16T14:00:00Z,19.0,0,0,0,0,0,0,0,0,0,0,0,0,0,0,0.0,0.0,0.0,0.0,0.0,0.0,0.0,0.0,0,0,4,False,0,0,0
563,Luís Hemir,Luís Hemir Silva Semedo,FWD,17,Sunderland,,1,1.0,5.0,2025-08-16T14:00:00Z,19.0,0,0,0,0,0,0,0,0,0,0,0,0,0,0,0.0,0.0,0.0,0.0,0.0,0.0,0.0,0.0,0,0,4,False,0,0,0
564,Rusyn,Nazarii Rusyn,FWD,17,Sunderland,,1,1.0,5.0,2025-08-16T14:00:00Z,19.0,0,0,0,0,0,0,0,0,0,0,0,0,0,0,0.0,0.0,0.0,0.0,0.0,0.0,0.0,0.0,0,0,4,False,0,0,0
565,Vicario,Guglielmo Vicario,GK,18,Spurs,,1,1.0,6.0,2025-08-16T14:00:00Z,3.0,90,9,0,0,1,0,0,0,0,0,0,4,2,36,30.0,0.0,0.0,3.0,0.0,0.0,0.0,0.94,1,0,1,False,7,1,0
566,Austin,Brandon Austin,GK,18,Spurs,,1,1.0,6.0,2025-08-16T14:00:00Z,3.0,0,0,0,0,0,0,0,0,0,0,0,0,0,0,0.0,0.0,0.0,0.0,0.0,0.0,0.0,0.0,0,0,1,False,0,0,0
567,Kinsky,Antonín Kinský,GK,18,Spurs,,1,1.0,6.0,2025-08-16T14:00:00Z,3.0,0,0,0,0,0,0,0,0,0,0,0,0,0,0,0.0,0.0,0.0,0.0,0.0,0.0,0.0,0.0,0,0,1,False,0,0,0
568,Pedro Porro,Pedro Porro Sauceda,DEF,18,Spurs,,1,1.0,6.0,2025-08-16T14:00:00Z,3.0,90,6,0,0,1,0,0,0,0,0,0,0,0,26,21.2,42.8,1.0,6.5,0.02,0.26,0.28,0.94,2,4,2,False,4,1,2
569,Romero,Cristian Romero,DEF,18,Spurs,,1,1.0,6.0,2025-08-16T14:00:00Z,3.0,90,6,0,0,1,0,0,0,0,0,0,0,0,22,18.0,1.4,6.0,2.5,0.0,0.02,0.02,0.94,5,5,2,False,3,1,0
570,Danso,Kevin Danso,DEF,18,Spurs,,1,1.0,6.0,2025-08-16T14:00:00Z,3.0,0,0,0,0,0,0,0,0,0,0,0,0,0,0,0.0,0.0,0.0,0.0,0.0,0.0,0.0,0.0,0,0,2,False,0,0,0
571,Davies,Ben Davies,DEF,18,Spurs,,1,1.0,6.0,2025-08-16T14:00:00Z,3.0,0,0,0,0,0,0,0,0,0,0,0,0,0,0,0.0,0.0,0.0,0.0,0.0,0.0,0.0,0.0,0,0,2,False,0,0,0
572,Dragusin,Radu Drăgușin,DEF,18,Spurs,,1,1.0,6.0,2025-08-16T14:00:00Z,3.0,0,0,0,0,0,0,0,0,0,0,0,0,0,0,0.0,0.0,0.0,0.0,0.0,0.0,0.0,0.0,0,0,2,False,0,0,0
573,Spence,Djed Spence,DEF,18,Spurs,,1,1.0,6.0,2025-08-16T14:00:00Z,3.0,90,6,0,0,1,0,0,0,0,0,0,0,0,26,10.0,5.8,22.0,3.8,0.18,0.07,0.25,0.94,3,3,2,False,2,1,0
574,Udogie,Destiny Udogie,DEF,18,Spurs,,1,1.0,6.0,2025-08-16T14:00:00Z,3.0,0,0,0,0,0,0,0,0,0,0,0,0,0,0,0.0,0.0,0.0,0.0,0.0,0.0,0.0,0.0,0,0,2,False,0,0,0
575,Van de Ven,Micky van de Ven,DEF,18,Spurs,,1,1.0,6.0,2025-08-16T14:00:00Z,3.0,90,6,0,0,1,0,0,0,0,0,0,0,0,27,11.6,1.0,14.0,2.7,0.59,0.01,0.6,0.94,5,6,2,False,4,1,1
576,Phillips,Ashley Phillips,DEF,18,Spurs,,1,1.0,6.0,2025-08-16T14:00:00Z,3.0,0,0,0,0,0,0,0,0,0,0,0,0,0,0,0.0,0.0,0.0,0.0,0.0,0.0,0.0,0.0,0,0,2,False,0,0,0
577,Takai,Takai Kōta,DEF,18,Spurs,,1,1.0,6.0,2025-08-16T14:00:00Z,3.0,0,0,0,0,0,0,0,0,0,0,0,0,0,0,0.0,0.0,0.0,0.0,0.0,0.0,0.0,0.0,0,0,2,False,0,0,0
578,Vuskovic,Luka Vušković,DEF,18,Spurs,,1,1.0,6.0,2025-08-16T14:00:00Z,3.0,0,0,0,0,0,0,0,0,0,0,0,0,0,0,0.0,0.0,0.0,0.0,0.0,0.0,0.0,0.0,0,0,2,False,0,0,0
579,Son,Son Heung-min,MID,18,Spurs,,1,1.0,6.0,2025-08-16T14:00:00Z,3.0,0,0,0,0,0,0,0,0,0,0,0,0,0,0,0.0,0.0,0.0,0.0,0.0,0.0,0.0,0.0,0,0,3,False,0,0,0
580,Johnson,Brennan Johnson,MID,18,Spurs,,1,1.0,6.0,2025-08-16T14:00:00Z,3.0,79,8,1,0,1,0,0,0,0,0,0,0,0,30,40.4,27.1,20.0,8.8,0.5,0.06,0.56,0.94,1,3,3,False,1,1,1
581,Maddison,James Maddison,MID,18,Spurs,,1,1.0,6.0,2025-08-16T14:00:00Z,3.0,0,0,0,0,0,0,0,0,0,0,0,0,0,0,0.0,0.0,0.0,0.0,0.0,0.0,0.0,0.0,0,0,3,False,0,0,0
582,Kudus,Mohammed Kudus,MID,18,Spurs,,1,1.0,6.0,2025-08-16T14:00:00Z,3.0,84,10,0,2,1,0,0,0,0,0,0,0,1,35,45.4,74.0,11.0,13.0,0.06,0.58,0.64,0.94,0,4,3,True,3,1,1
583,Kulusevski,Dejan Kulusevski,MID,18,Spurs,,1,1.0,6.0,2025-08-16T14:00:00Z,3.0,0,0,0,0,0,0,0,0,0,0,0,0,0,0,0.0,0.0,0.0,0.0,0.0,0.0,0.0,0.0,0,0,3,False,0,0,0
584,Tel,Mathys Tel,MID,18,Spurs,,1,1.0,6.0,2025-08-16T14:00:00Z,3.0,5,1,0,0,0,0,0,0,0,0,0,0,0,1,0.0,0.1,0.0,0.0,0.0,0.0,0.0,0.0,0,0,3,False,0,0,0
585,Bentancur,Rodrigo Bentancur,MID,18,Spurs,,1,1.0,6.0,2025-08-16T14:00:00Z,3.0,19,1,0,0,0,0,0,0,0,0,0,0,0,5,4.8,0.8,0.0,0.6,0.0,0.0,0.0,0.04,1,3,3,False,1,0,1
586,Bergvall,Lucas Bergvall,MID,18,Spurs,,1,1.0,6.0,2025-08-16T14:00:00Z,3.0,79,3,0,0,1,0,0,0,0,0,0,0,0,13,10.4,3.3,33.0,4.7,0.12,0.01,0.13,0.94,1,4,3,False,1,1,2
587,Bissouma,Yves Bissouma,MID,18,Spurs,,1,1.0,6.0,2025-08-16T14:00:00Z,3.0,0,0,0,0,0,0,0,0,0,0,0,0,0,0,0.0,0.0,0.0,0.0,0.0,0.0,0.0,0.0,0,0,3,False,0,0,0
588,Odobert,Wilson Odobert,MID,18,Spurs,,1,1.0,6.0,2025-08-16T14:00:00Z,3.0,10,1,0,0,0,0,0,0,0,0,0,0,0,4,2.2,10.5,0.0,1.3,0.0,0.01,0.01,0.0,0,1,3,False,1,0,0
589,Solomon,Manor Solomon,MID,18,Spurs,,1,1.0,6.0,2025-08-16T14:00:00Z,3.0,0,0,0,0,0,0,0,0,0,0,0,0,0,0,0.0,0.0,0.0,0.0,0.0,0.0,0.0,0.0,0,0,3,False,0,0,0
590,Bryan,Bryan Gil Salvatierra,MID,18,Spurs,,1,1.0,6.0,2025-08-16T14:00:00Z,3.0,0,0,0,0,0,0,0,0,0,0,0,0,0,0,0.0,0.0,0.0,0.0,0.0,0.0,0.0,0.0,0,0,3,False,0,0,0
591,Gray,Archie Gray,MID,18,Spurs,,1,1.0,6.0,2025-08-16T14:00:00Z,3.0,70,3,0,0,1,0,0,0,0,0,0,0,0,13,3.6,3.0,2.0,0.9,0.0,0.05,0.05,0.89,2,8,3,False,5,1,1
592,Moore,Mikey Moore,MID,18,Spurs,,1,1.0,6.0,2025-08-16T14:00:00Z,3.0,0,0,0,0,0,0,0,0,0,0,0,0,0,0,0.0,0.0,0.0,0.0,0.0,0.0,0.0,0.0,0,0,3,False,0,0,0
593,P.M.Sarr,Pape Matar Sarr,MID,18,Spurs,,1,1.0,6.0,2025-08-16T14:00:00Z,3.0,90,6,0,1,1,0,0,0,0,0,0,0,0,29,33.2,18.7,2.0,5.4,0.0,0.22,0.22,0.94,4,10,3,False,4,1,2
594,Min-hyeok,Yang Min-hyeok,MID,18,Spurs,,1,1.0,6.0,2025-08-16T14:00:00Z,3.0,0,0,0,0,0,0,0,0,0,0,0,0,0,0,0.0,0.0,0.0,0.0,0.0,0.0,0.0,0.0,0,0,3,False,0,0,0
595,Olusesi,Callum Olusesi,MID,18,Spurs,,1,1.0,6.0,2025-08-16T14:00:00Z,3.0,0,0,0,0,0,0,0,0,0,0,0,0,0,0,0.0,0.0,0.0,0.0,0.0,0.0,0.0,0.0,0,0,3,False,0,0,0
596,Solanke,Dominic Solanke-Mitchell,FWD,18,Spurs,,1,1.0,6.0,2025-08-16T14:00:00Z,3.0,19,1,0,0,0,0,0,0,0,0,0,0,0,5,2.0,0.3,6.0,0.8,0.08,0.0,0.08,0.04,1,2,4,False,0,0,1
597,Richarlison,Richarlison de Andrade,FWD,18,Spurs,,1,1.0,6.0,2025-08-16T14:00:00Z,3.0,71,13,2,0,1,0,0,0,0,0,0,0,3,61,73.6,0.5,80.0,15.4,0.78,0.01,0.79,0.89,3,5,4,True,2,1,0
598,Lankshear,Will Lankshear,FWD,18,Spurs,,1,1.0,6.0,2025-08-16T14:00:00Z,3.0,0,0,0,0,0,0,0,0,0,0,0,0,0,0,0.0,0.0,0.0,0.0,0.0,0.0,0.0,0.0,0,0,4,False,0,0,0
599,Scarlett,Dane Scarlett,FWD,18,Spurs,,1,1.0,6.0,2025-08-16T14:00:00Z,3.0,0,0,0,0,0,0,0,0,0,0,0,0,0,0,0.0,0.0,0.0,0.0,0.0,0.0,0.0,0.0,0,0,4,False,0,0,0
600,Areola,Alphonse Areola,GK,19,West Ham,,1,1.0,5.0,2025-08-16T14:00:00Z,17.0,0,0,0,0,0,0,0,0,0,0,0,0,0,0,0.0,0.0,0.0,0.0,0.0,0.0,0.0,0.0,0,0,1,False,0,0,0
601,Foderingham,Wes Foderingham,GK,19,West Ham,,1,1.0,5.0,2025-08-16T14:00:00Z,17.0,0,0,0,0,0,0,0,0,0,0,0,0,0,0,0.0,0.0,0.0,0.0,0.0,0.0,0.0,0.0,0,0,1,False,0,0,0
602,Hegyi,Krisztián Hegyi,GK,19,West Ham,,1,1.0,5.0,2025-08-16T14:00:00Z,17.0,0,0,0,0,0,0,0,0,0,0,0,0,0,0,0.0,0.0,0.0,0.0,0.0,0.0,0.0,0.0,0,0,1,False,0,0,0
603,Diouf,El Hadji Malick Diouf,DEF,19,West Ham,,1,1.0,5.0,2025-08-16T14:00:00Z,17.0,90,1,0,0,0,3,0,0,0,0,0,0,0,4,10.8,30.7,10.0,5.2,0.16,0.07,0.23,0.68,3,3,2,False,3,1,0
604,Emerson,Emerson Palmieri dos Santos,DEF,19,West Ham,,1,1.0,5.0,2025-08-16T14:00:00Z,17.0,0,0,0,0,0,0,0,0,0,0,0,0,0,0,0.0,0.0,0.0,0.0,0.0,0.0,0.0,0.0,0,0,2,False,0,0,0
605,Kilman,Maximilian Kilman,DEF,19,West Ham,,1,1.0,5.0,2025-08-16T14:00:00Z,17.0,90,0,0,0,0,3,0,0,0,1,0,0,0,4,27.2,16.2,0.0,4.3,0.0,0.03,0.03,0.68,6,9,2,False,2,1,3
606,Mavropanos,Konstantinos Mavropanos,DEF,19,West Ham,,1,1.0,5.0,2025-08-16T14:00:00Z,17.0,0,0,0,0,0,0,0,0,0,0,0,0,0,0,0.0,0.0,0.0,0.0,0.0,0.0,0.0,0.0,0,0,2,False,0,0,0
607,N.Aguerd,Nayef Aguerd,DEF,19,West Ham,,1,1.0,5.0,2025-08-16T14:00:00Z,17.0,90,1,0,0,0,3,0,0,0,0,0,0,0,1,14.6,3.0,0.0,1.8,0.0,0.02,0.02,0.68,2,2,2,False,4,1,0
608,Scarles,Ollie Scarles,DEF,19,West Ham,,1,1.0,5.0,2025-08-16T14:00:00Z,17.0,0,0,0,0,0,0,0,0,0,0,0,0,0,0,0.0,0.0,0.0,0.0,0.0,0.0,0.0,0.0,0,0,2,False,0,0,0
609,Todibo,Jean-Clair Todibo,DEF,19,West Ham,,1,1.0,5.0,2025-08-16T14:00:00Z,17.0,81,1,0,0,0,2,0,0,0,0,0,0,0,9,19.8,3.1,0.0,2.3,0.0,0.01,0.01,0.64,5,8,2,False,2,1,3
610,Wan-Bissaka,Aaron Wan-Bissaka,DEF,19,West Ham,,1,1.0,5.0,2025-08-16T14:00:00Z,17.0,90,1,0,0,0,3,0,0,0,0,0,0,0,9,17.8,24.7,8.0,5.1,0.0,0.07,0.07,0.68,2,3,2,False,6,1,1
611,Casey,Kaelan Casey,DEF,19,West Ham,,1,1.0,5.0,2025-08-16T14:00:00Z,17.0,0,0,0,0,0,0,0,0,0,0,0,0,0,0,0.0,0.0,0.0,0.0,0.0,0.0,0.0,0.0,0,0,2,False,0,0,0
612,L.Paquetá,Lucas Tolentino Coelho de Lima,MID,19,West Ham,,1,1.0,5.0,2025-08-16T14:00:00Z,17.0,90,2,0,0,0,3,0,0,0,0,0,0,0,11,5.8,14.2,4.0,2.4,0.0,0.08,0.08,0.68,0,6,3,False,5,1,1
613,Souček,Tomáš Souček,MID,19,West Ham,,1,1.0,5.0,2025-08-16T14:00:00Z,17.0,19,1,0,0,0,2,0,0,0,0,0,0,0,4,4.2,1.3,19.0,2.5,0.07,0.0,0.07,0.08,1,1,3,False,0,0,0
614,Ward-Prowse,James Ward-Prowse,MID,19,West Ham,,1,1.0,5.0,2025-08-16T14:00:00Z,17.0,70,2,0,0,0,1,0,0,0,0,0,0,0,13,5.8,15.2,2.0,2.3,0.0,0.02,0.02,0.6,0,3,3,False,2,1,1
615,Summerville,Crysencio Summerville,MID,19,West Ham,,1,1.0,5.0,2025-08-16T14:00:00Z,17.0,0,0,0,0,0,0,0,0,0,0,0,0,0,0,0.0,0.0,0.0,0.0,0.0,0.0,0.0,0.0,0,0,3,False,0,0,0
616,Álvarez,Edson Álvarez Velázquez,MID,19,West Ham,,1,1.0,5.0,2025-08-16T14:00:00Z,17.0,0,0,0,0,0,0,0,0,0,0,0,0,0,0,0.0,0.0,0.0,0.0,0.0,0.0,0.0,0.0,0,0,3,False,0,0,0
617,Cornet,Maxwel Cornet,MID,19,West Ham,,1,1.0,5.0,2025-08-16T14:00:00Z,17.0,0,0,0,0,0,0,0,0,0,0,0,0,0,0,0.0,0.0,0.0,0.0,0.0,0.0,0.0,0.0,0,0,3,False,0,0,0
618,G.Rodriguez,Guido Rodríguez,MID,19,West Ham,,1,1.0,5.0,2025-08-16T14:00:00Z,17.0,70,2,0,0,0,1,0,0,0,0,0,0,0,11,2.2,2.3,2.0,0.7,0.03,0.03,0.06,0.6,0,4,3,False,4,1,0
619,L.Guilherme,Luis Guilherme Lira dos Santos,MID,19,West Ham,,1,1.0,5.0,2025-08-16T14:00:00Z,17.0,0,0,0,0,0,0,0,0,0,0,0,0,0,0,0.0,0.0,0.0,0.0,0.0,0.0,0.0,0.0,0,0,3,False,0,0,0
620,Earthy,George Earthy,MID,19,West Ham,,1,1.0,5.0,2025-08-16T14:00:00Z,17.0,0,0,0,0,0,0,0,0,0,0,0,0,0,0,0.0,0.0,0.0,0.0,0.0,0.0,0.0,0.0,0,0,3,False,0,0,0
621,Irving,Andy Irving,MID,19,West Ham,,1,1.0,5.0,2025-08-16T14:00:00Z,17.0,8,1,0,0,0,1,0,0,0,0,0,0,0,6,4.4,14.8,0.0,1.9,0.0,0.06,0.06,0.04,0,2,3,False,1,0,1
622,Orford,Lewis Orford,MID,19,West Ham,,1,1.0,5.0,2025-08-16T14:00:00Z,17.0,0,0,0,0,0,0,0,0,0,0,0,0,0,0,0.0,0.0,0.0,0.0,0.0,0.0,0.0,0.0,0,0,3,False,0,0,0
623,Potts,Freddie Potts,MID,19,West Ham,,1,1.0,5.0,2025-08-16T14:00:00Z,17.0,0,0,0,0,0,0,0,0,0,0,0,0,0,0,0.0,0.0,0.0,0.0,0.0,0.0,0.0,0.0,0,0,3,False,0,0,0
624,Bowen,Jarrod Bowen,FWD,19,West Ham,,1,1.0,5.0,2025-08-16T14:00:00Z,17.0,90,2,0,0,0,3,0,0,0,0,0,0,0,13,10.6,4.3,34.0,4.9,0.15,0.05,0.2,0.68,0,8,4,False,6,1,2
625,Füllkrug,Niclas Füllkrug,FWD,19,West Ham,,1,1.0,5.0,2025-08-16T14:00:00Z,17.0,90,2,0,0,0,3,0,0,0,0,0,0,0,-1,0.8,14.5,34.0,4.9,0.14,0.08,0.22,0.68,0,0,4,False,0,1,0
626,Marshall,Callum Marshall,FWD,19,West Ham,,1,1.0,5.0,2025-08-16T14:00:00Z,17.0,0,0,0,0,0,0,0,0,0,0,0,0,0,0,0.0,0.0,0.0,0.0,0.0,0.0,0.0,0.0,0,0,4,False,0,0,0
627,Johnstone,Sam Johnstone,GK,20,Wolves,,1,1.0,7.0,2025-08-16T16:30:00Z,13.0,0,0,0,0,0,0,0,0,0,0,0,0,0,0,0.0,0.0,0.0,0.0,0.0,0.0,0.0,0.0,0,0,1,False,0,0,0
628,José Sá,José Malheiro de Sá,GK,20,Wolves,,1,1.0,7.0,2025-08-16T16:30:00Z,13.0,90,0,0,0,0,4,0,0,0,0,0,0,0,-8,3.6,0.0,0.0,0.4,0.0,0.0,0.0,2.47,1,0,1,False,6,1,0
629,Bentley,Daniel Bentley,GK,20,Wolves,,1,1.0,7.0,2025-08-16T16:30:00Z,13.0,0,0,0,0,0,0,0,0,0,0,0,0,0,0,0.0,0.0,0.0,0.0,0.0,0.0,0.0,0.0,0,0,1,False,0,0,0
630,King,Tom King,GK,9,Everton,,1,1.0,7.0,2025-08-16T16:30:00Z,20.0,0,0,0,0,0,0,0,0,0,0,0,0,0,0,0.0,0.0,0.0,0.0,0.0,0.0,0.0,0.0,0,0,1,False,0,0,0
631,Agbadou,Emmanuel Agbadou,DEF,20,Wolves,,1,1.0,7.0,2025-08-16T16:30:00Z,13.0,90,0,0,0,0,4,0,0,0,0,0,0,0,-7,11.8,0.3,1.0,1.3,0.02,0.01,0.03,2.47,5,7,2,False,2,1,2
632,Doherty,Matt Doherty,DEF,20,Wolves,,1,1.0,7.0,2025-08-16T16:30:00Z,13.0,90,-1,0,0,0,4,0,0,0,1,0,0,0,-1,9.8,5.9,0.0,1.6,0.0,0.01,0.01,2.47,2,5,2,False,6,1,3
633,H.Bueno,Hugo Bueno López,DEF,20,Wolves,,1,1.0,7.0,2025-08-16T16:30:00Z,13.0,18,1,0,0,0,1,0,0,0,0,0,0,0,0,4.4,11.1,6.0,2.2,0.0,0.01,0.01,0.24,1,1,2,False,2,0,0
634,Mosquera,Yerson Mosquera Valdelamar,DEF,20,Wolves,,1,1.0,7.0,2025-08-16T16:30:00Z,13.0,0,0,0,0,0,0,0,0,0,0,0,0,0,0,0.0,0.0,0.0,0.0,0.0,0.0,0.0,0.0,0,0,2,False,0,0,0
635,R.Gomes,Rodrigo Martins Gomes,DEF,20,Wolves,,1,1.0,7.0,2025-08-16T16:30:00Z,13.0,17,1,0,0,0,1,0,0,0,0,0,0,0,-1,2.2,1.0,4.0,0.7,0.0,0.0,0.0,0.24,0,1,2,False,0,0,1
636,S.Bueno,Santiago Ignacio Bueno,DEF,20,Wolves,,1,1.0,7.0,2025-08-16T16:30:00Z,13.0,0,0,0,0,0,0,0,0,0,0,0,0,0,0,0.0,0.0,0.0,0.0,0.0,0.0,0.0,0.0,0,0,2,False,0,0,0
637,Toti,Toti Gomes,DEF,20,Wolves,,1,1.0,7.0,2025-08-16T16:30:00Z,13.0,90,0,0,0,0,4,0,0,0,0,0,0,0,0,14.6,10.8,0.0,2.5,0.0,0.0,0.0,2.47,2,4,2,False,4,1,2
638,Hoever,Ki-Jana Hoever,DEF,20,Wolves,,1,1.0,7.0,2025-08-16T16:30:00Z,13.0,72,1,0,0,0,3,0,0,0,0,0,0,0,0,17.6,19.8,0.0,3.7,0.0,0.14,0.14,2.22,5,7,2,False,2,1,2
639,Meupiyou,Bastien Meupiyou Menadjou,DEF,20,Wolves,,1,1.0,7.0,2025-08-16T16:30:00Z,13.0,0,0,0,0,0,0,0,0,0,0,0,0,0,0,0.0,0.0,0.0,0.0,0.0,0.0,0.0,0.0,0,0,2,False,0,0,0
640,Pedro Lima,Pedro Cardoso de Lima,DEF,20,Wolves,,1,1.0,7.0,2025-08-16T16:30:00Z,13.0,0,0,0,0,0,0,0,0,0,0,0,0,0,0,0.0,0.0,0.0,0.0,0.0,0.0,0.0,0.0,0,0,2,False,0,0,0
641,Pond,Alfie Pond,DEF,20,Wolves,,1,1.0,7.0,2025-08-16T16:30:00Z,13.0,0,0,0,0,0,0,0,0,0,0,0,0,0,0,0.0,0.0,0.0,0.0,0.0,0.0,0.0,0.0,0,0,2,False,0,0,0
642,Hee Chan,Hwang Hee-chan,MID,20,Wolves,,1,1.0,7.0,2025-08-16T16:30:00Z,13.0,8,1,0,0,0,0,0,0,0,0,0,0,0,3,3.0,10.3,0.0,1.3,0.0,0.02,0.02,0.19,0,1,3,False,0,0,1
643,André,André Trindade da Costa Neto,MID,20,Wolves,,1,1.0,7.0,2025-08-16T16:30:00Z,13.0,71,4,0,0,0,3,0,0,0,0,0,0,0,16,15.6,1.7,0.0,1.7,0.0,0.01,0.01,2.22,3,15,3,False,8,1,4
644,Bellegarde,Jean-Ricner Bellegarde,MID,20,Wolves,,1,1.0,7.0,2025-08-16T16:30:00Z,13.0,72,2,0,0,0,3,0,0,0,0,0,0,0,5,4.6,17.7,5.0,2.7,0.02,0.03,0.05,2.22,1,3,3,False,0,1,2
645,Fer López,Fer López González,MID,20,Wolves,,1,1.0,7.0,2025-08-16T16:30:00Z,13.0,18,1,0,0,0,1,0,0,0,0,0,0,0,5,3.4,0.6,19.0,2.3,0.08,0.02,0.1,0.24,0,0,3,False,0,0,0
646,Gomes,João Victor Gomes da Silva,MID,20,Wolves,,1,1.0,7.0,2025-08-16T16:30:00Z,13.0,90,2,0,0,0,4,0,0,0,0,0,0,0,20,19.4,14.8,4.0,3.8,0.0,0.04,0.04,2.47,3,9,3,False,2,1,4
647,Guedes,Gonçalo Manuel Ganchinho Guedes,MID,20,Wolves,,1,1.0,7.0,2025-08-16T16:30:00Z,13.0,0,0,0,0,0,0,0,0,0,0,0,0,0,0,0.0,0.0,0.0,0.0,0.0,0.0,0.0,0.0,0,0,3,False,0,0,0
648,Munetsi,Marshall Munetsi,MID,20,Wolves,,1,1.0,7.0,2025-08-16T16:30:00Z,13.0,90,2,0,0,0,4,0,0,0,0,0,0,0,10,8.4,6.5,7.0,2.2,0.05,0.02,0.07,2.47,0,6,3,False,4,1,2
649,B.Traore,Boubacar Traoré,MID,20,Wolves,,1,1.0,7.0,2025-08-16T16:30:00Z,13.0,0,0,0,0,0,0,0,0,0,0,0,0,0,0,0.0,0.0,0.0,0.0,0.0,0.0,0.0,0.0,0,0,3,False,0,0,0
650,Chirewa,Tawanda Chirewa,MID,20,Wolves,,1,1.0,7.0,2025-08-16T16:30:00Z,13.0,0,0,0,0,0,0,0,0,0,0,0,0,0,0,0.0,0.0,0.0,0.0,0.0,0.0,0.0,0.0,0,0,3,False,0,0,0
651,Edozie,Tom Edozie,MID,20,Wolves,,1,1.0,7.0,2025-08-16T16:30:00Z,13.0,0,0,0,0,0,0,0,0,0,0,0,0,0,0,0.0,0.0,0.0,0.0,0.0,0.0,0.0,0.0,0,0,3,False,0,0,0
652,Gonzalez,Enso González Medina,MID,20,Wolves,,1,1.0,7.0,2025-08-16T16:30:00Z,13.0,0,0,0,0,0,0,0,0,0,0,0,0,0,0,0.0,0.0,0.0,0.0,0.0,0.0,0.0,0.0,0,0,3,False,0,0,0
653,Hodge,Joe Hodge,MID,20,Wolves,,1,1.0,7.0,2025-08-16T16:30:00Z,13.0,0,0,0,0,0,0,0,0,0,0,0,0,0,0,0.0,0.0,0.0,0.0,0.0,0.0,0.0,0.0,0,0,3,False,0,0,0
654,Strand Larsen,Jørgen Strand Larsen,FWD,20,Wolves,,1,1.0,7.0,2025-08-16T16:30:00Z,13.0,81,2,0,0,0,4,0,0,0,0,0,0,0,8,11.0,2.3,45.0,5.8,0.38,0.01,0.39,2.28,3,5,4,False,1,1,1
655,Fábio Silva,Fábio Soares Silva,FWD,20,Wolves,,1,1.0,7.0,2025-08-16T16:30:00Z,13.0,0,0,0,0,0,0,0,0,0,0,0,0,0,0,0.0,0.0,0.0,0.0,0.0,0.0,0.0,0.0,0,0,4,False,0,0,0
656,Kalajdžić,Saša Kalajdžić,FWD,20,Wolves,,1,1.0,7.0,2025-08-16T16:30:00Z,13.0,0,0,0,0,0,0,0,0,0,0,0,0,0,0,0.0,0.0,0.0,0.0,0.0,0.0,0.0,0.0,0,0,4,False,0,0,0
657,Chiwome,Leon Chiwome,FWD,20,Wolves,,1,1.0,7.0,2025-08-16T16:30:00Z,13.0,0,0,0,0,0,0,0,0,0,0,0,0,0,0,0.0,0.0,0.0,0.0,0.0,0.0,0.0,0.0,0,0,4,False,0,0,0
658,Fraser,Nathan Fraser,FWD,20,Wolves,,1,1.0,7.0,2025-08-16T16:30:00Z,13.0,0,0,0,0,0,0,0,0,0,0,0,0,0,0,0.0,0.0,0.0,0.0,0.0,0.0,0.0,0.0,0,0,4,False,0,0,0
659,Walker-Peters,Kyle Walker-Peters,DEF,19,West Ham,,1,1.0,5.0,2025-08-16T14:00:00Z,17.0,0,0,0,0,0,0,0,0,0,0,0,0,0,0,0.0,0.0,0.0,0.0,0.0,0.0,0.0,0.0,0,0,2,False,0,0,0
660,Stach,Anton Stach,MID,11,Leeds,,1,1.0,10.0,2025-08-18T19:00:00Z,9.0,90,8,0,1,1,0,0,0,0,0,0,0,0,24,28.2,63.9,22.0,11.4,0.27,0.29,0.56,0.55,7,13,3,False,4,1,2
661,Ekitiké,Hugo Ekitiké,FWD,12,Liverpool,,1,1.0,1.0,2025-08-15T19:00:00Z,4.0,71,11,1,1,0,1,0,0,0,0,0,0,2,37,52.8,24.4,37.0,11.4,1.14,0.02,1.16,1.49,1,1,4,False,0,1,0
662,Mosquera,Cristhian Mosquera,DEF,1,Arsenal,,1,1.0,9.0,2025-08-17T15:30:00Z,14.0,0,0,0,0,0,0,0,0,0,0,0,0,0,0,0.0,0.0,0.0,0.0,0.0,0.0,0.0,0.0,0,0,2,False,0,0,0
663,J.Arias,Jhon Arias,MID,20,Wolves,,1,1.0,7.0,2025-08-16T16:30:00Z,13.0,17,1,0,0,0,1,0,0,0,0,0,0,0,2,2.2,12.0,2.0,1.6,0.0,0.02,0.02,0.24,1,3,3,False,2,0,0
664,Lecomte,Benjamin Lecomte,GK,10,Fulham,,1,1.0,3.0,2025-08-16T14:00:00Z,6.0,0,0,0,0,0,0,0,0,0,0,0,0,0,0,0.0,0.0,0.0,0.0,0.0,0.0,0.0,0.0,0,0,1,False,0,0,0
665,Perri,Lucas Estella Perri,GK,11,Leeds,,1,1.0,10.0,2025-08-18T19:00:00Z,9.0,90,6,0,0,1,0,0,0,0,0,0,1,0,24,11.2,0.0,0.0,1.1,0.0,0.0,0.0,0.55,2,0,1,False,8,1,0
666,Gyökeres,Viktor Gyökeres,FWD,1,Arsenal,,1,1.0,9.0,2025-08-17T15:30:00Z,14.0,59,1,0,0,0,0,0,0,0,0,0,0,0,0,0.4,5.5,6.0,1.2,0.0,0.06,0.06,0.7,1,2,4,False,1,1,0
667,Aznou,Adam Aznou,DEF,9,Everton,,1,1.0,10.0,2025-08-18T19:00:00Z,11.0,0,0,0,0,0,0,0,0,0,0,0,0,0,0,0.0,0.0,0.0,0.0,0.0,0.0,0.0,0.0,0,0,2,False,0,0,0
668,Xhaka,Granit Xhaka,MID,17,Sunderland,,1,1.0,5.0,2025-08-16T14:00:00Z,19.0,90,3,0,0,1,0,0,0,0,0,0,0,0,10,15.4,31.8,0.0,4.7,0.0,0.04,0.04,0.56,3,6,3,False,2,1,1
669,Ndoye,Dan Ndoye,MID,16,Nott'm Forest,,1,1.0,4.0,2025-08-17T13:00:00Z,5.0,78,9,1,0,0,1,0,0,0,0,0,0,2,29,32.2,0.8,27.0,6.0,0.1,0.01,0.11,1.5,0,3,3,False,3,1,0
670,Roefs,Robin Roefs,GK,17,Sunderland,,1,1.0,5.0,2025-08-16T14:00:00Z,19.0,90,8,0,0,1,0,0,0,0,0,0,4,1,31,30.0,0.0,0.0,3.0,0.0,0.0,0.0,0.56,3,0,1,False,10,1,0
671,Wilson,Callum Wilson,FWD,19,West Ham,,1,1.0,5.0,2025-08-16T14:00:00Z,17.0,19,1,0,0,0,2,0,0,0,0,0,0,0,2,0.0,0.0,8.0,0.5,0.02,0.0,0.02,0.08,0,1,4,False,1,0,0
672,Hato,Jorrel Hato,DEF,7,Chelsea,,1,1.0,8.0,2025-08-17T13:00:00Z,8.0,0,0,0,0,0,0,0,0,0,0,0,0,0,0,0.0,0.0,0.0,0.0,0.0,0.0,0.0,0.0,0,0,2,False,0,0,0
673,J.Palhinha,João Maria Lobo Alves Palhares Costa Palhinha Gonçalves,MID,18,Spurs,,1,1.0,6.0,2025-08-16T14:00:00Z,3.0,10,1,0,0,0,0,0,0,0,0,0,0,0,2,0.2,0.6,0.0,0.1,0.0,0.0,0.0,0.0,0,0,3,False,0,0,0
674,Ramsdale,Aaron Ramsdale,GK,15,Newcastle,,1,1.0,2.0,2025-08-16T11:30:00Z,2.0,0,0,0,0,0,0,0,0,0,0,0,0,0,0,0.0,0.0,0.0,0.0,0.0,0.0,0.0,0.0,0,0,1,False,0,0,0
675,Gunn,Angus Gunn,GK,16,Nott'm Forest,,1,1.0,4.0,2025-08-17T13:00:00Z,5.0,0,0,0,0,0,0,0,0,0,0,0,0,0,0,0.0,0.0,0.0,0.0,0.0,0.0,0.0,0.0,0,0,1,False,0,0,0
676,Ugochukwu,Lesley Ugochukwu,MID,3,Burnley,,1,1.0,6.0,2025-08-16T14:00:00Z,18.0,27,1,0,0,0,1,0,0,0,0,0,0,0,1,0.0,0.3,3.0,0.1,0.05,0.0,0.05,0.91,0,1,3,False,1,0,0
677,Guessand,Evann Guessand,MID,2,Aston Villa,,1,1.0,2.0,2025-08-16T11:30:00Z,15.0,0,0,0,0,0,0,0,0,0,0,0,0,0,0,0.0,0.0,0.0,0.0,0.0,0.0,0.0,0.0,0,0,3,False,0,0,0
678,Masuaku,Arthur Masuaku,DEF,17,Sunderland,,1,1.0,5.0,2025-08-16T14:00:00Z,19.0,0,0,0,0,0,0,0,0,0,0,0,0,0,0,0.0,0.0,0.0,0.0,0.0,0.0,0.0,0.0,0,0,2,False,0,0,0
679,Hermansen,Mads Hermansen,GK,19,West Ham,,1,1.0,5.0,2025-08-16T14:00:00Z,17.0,90,1,0,0,0,3,0,0,0,0,0,2,0,3,21.0,0.0,0.0,2.1,0.0,0.01,0.01,0.68,2,0,1,False,6,1,0
680,Broja,Armando Broja,FWD,3,Burnley,,1,1.0,6.0,2025-08-16T14:00:00Z,18.0,0,0,0,0,0,0,0,0,0,0,0,0,0,0,0.0,0.0,0.0,0.0,0.0,0.0,0.0,0.0,0,0,4,False,0,0,0
681,Šeško,Benjamin Sesko,FWD,14,Man Utd,,1,1.0,9.0,2025-08-17T15:30:00Z,1.0,25,1,0,0,0,0,0,0,0,0,0,0,0,2,0.0,20.5,12.0,3.2,0.11,0.06,0.17,0.21,0,1,4,False,1,0,0
682,Møller Wolfe,David Møller Wolfe,DEF,20,Wolves,,1,1.0,7.0,2025-08-16T16:30:00Z,13.0,71,1,0,0,0,3,0,0,0,0,0,0,0,-4,7.2,0.8,2.0,1.0,0.0,0.0,0.0,2.22,3,4,2,False,2,1,1
683,Alderete,Omar Alderete,DEF,17,Sunderland,,1,1.0,5.0,2025-08-16T14:00:00Z,19.0,37,4,0,1,0,0,0,0,0,0,0,0,0,16,30.0,14.4,0.0,4.4,0.0,0.12,0.12,0.23,4,5,2,False,1,0,1
684,Thiaw,Malick Thiaw,DEF,15,Newcastle,,1,1.0,2.0,2025-08-16T11:30:00Z,2.0,0,0,0,0,0,0,0,0,0,0,0,0,0,0,0.0,0.0,0.0,0.0,0.0,0.0,0.0,0.0,0,0,2,False,0,0,0
685,Diakité,Bafodé Diakité,DEF,4,Bournemouth,,1,1.0,1.0,2025-08-15T19:00:00Z,12.0,90,0,0,0,0,4,0,0,0,0,0,0,0,2,14.8,0.2,0.0,1.5,0.0,0.0,0.0,2.21,7,9,2,False,8,1,2
686,Ngumoha,Rio Ngumoha,MID,12,Liverpool,,1,1.0,1.0,2025-08-15T19:00:00Z,4.0,0,0,0,0,0,0,0,0,0,0,0,0,0,0,0.0,0.0,0.0,0.0,0.0,0.0,0.0,0.0,0,0,3,False,0,0,0
687,Rees-Dottin,Remy Rees-Dottin,MID,4,Bournemouth,,1,1.0,1.0,2025-08-15T19:00:00Z,12.0,0,0,0,0,0,0,0,0,0,0,0,0,0,0,0.0,0.0,0.0,0.0,0.0,0.0,0.0,0.0,0,0,3,False,0,0,0
688,Wright,James Wright,GK,2,Aston Villa,,1,1.0,2.0,2025-08-16T11:30:00Z,15.0,0,0,0,0,0,0,0,0,0,0,0,0,0,0,0.0,0.0,0.0,0.0,0.0,0.0,0.0,0.0,0,0,1,False,0,0,0
689,Seung soo,Seung-Soo Park,MID,15,Newcastle,,1,1.0,2.0,2025-08-16T11:30:00Z,2.0,0,0,0,0,0,0,0,0,0,0,0,0,0,0,0.0,0.0,0.0,0.0,0.0,0.0,0.0,0.0,0,0,3,False,0,0,0
690,Cardines,Rio Cardines,MID,8,Crystal Palace,,1,1.0,8.0,2025-08-17T13:00:00Z,7.0,0,0,0,0,0,0,0,0,0,0,0,0,0,0,0.0,0.0,0.0,0.0,0.0,0.0,0.0,0.0,0,0,3,False,0,0,0
1,Raya,,GK,1,Arsenal,,15,,,,,90,2,0,0,0,2,0,0,0,0,0,4,0,13,35.2,0.0,0.0,3.5,0.0,0.0,0.0,2.16,0,0,1,False,7,1,0
2,Arrizabalaga,,GK,1,Arsenal,,15,,,,,0,0,0,0,0,0,0,0,0,0,0,0,0,0,0.0,0.0,0.0,0.0,0.0,0.0,0.0,0.0,0,0,1,False,0,0,0
3,Hein,,GK,1,Arsenal,,15,,,,,0,0,0,0,0,0,0,0,0,0,0,0,0,0,0.0,0.0,0.0,0.0,0.0,0.0,0.0,0.0,0,0,1,False,0,0,0
4,Setford,,GK,1,Arsenal,,15,,,,,0,0,0,0,0,0,0,0,0,0,0,0,0,0,0.0,0.0,0.0,0.0,0.0,0.0,0.0,0.0,0,0,1,False,0,0,0
5,Gabriel,,DEF,1,Arsenal,,15,,,,,0,0,0,0,0,0,0,0,0,0,0,0,0,0,0.0,0.0,0.0,0.0,0.0,0.0,0.0,0.0,0,0,2,False,0,0,0
6,Saliba,,DEF,1,Arsenal,,15,,,,,0,0,0,0,0,0,0,0,0,0,0,0,0,0,0.0,0.0,0.0,0.0,0.0,0.0,0.0,0.0,0,0,2,False,0,0,0
7,Calafiori,,DEF,1,Arsenal,,15,,,,,85,1,0,0,0,1,0,0,0,1,0,0,0,2,6.6,3.1,6.0,1.6,0.0,0.01,0.01,1.36,3,6,2,False,2,1,3
8,J.Timber,,DEF,1,Arsenal,,15,,,,,90,3,0,0,0,2,0,0,0,0,0,0,0,7,24.0,1.8,4.0,3.0,0.23,0.01,0.24,2.16,7,10,2,False,4,1,3
9,Kiwior,,DEF,1,Arsenal,,15,,,,,0,0,0,0,0,0,0,0,0,0,0,0,0,0,0.0,0.0,0.0,0.0,0.0,0.0,0.0,0.0,0,0,2,False,0,0,0
10,Lewis-Skelly,,DEF,1,Arsenal,,15,,,,,4,1,0,0,0,1,0,0,0,0,0,0,0,-1,1.0,0.0,0.0,0.1,0.0,0.0,0.0,0.8,0,0,2,False,0,0,0
11,White,,DEF,1,Arsenal,,15,,,,,90,1,0,0,0,2,0,0,0,0,0,0,0,18,24.0,17.6,23.0,6.5,0.32,0.26,0.58,2.16,2,5,2,False,5,1,3
12,Zinchenko,,DEF,16,Nott'm Forest,,15,,,,,0,0,0,0,0,0,0,0,0,0,0,0,0,0,0.0,0.0,0.0,0.0,0.0,0.0,0.0,0.0,0,0,2,False,0,0,0
13,Clarke,,DEF,1,Arsenal,,15,,,,,0,0,0,0,0,0,0,0,0,0,0,0,0,0,0.0,0.0,0.0,0.0,0.0,0.0,0.0,0.0,0,0,2,False,0,0,0
14,Kacurri,,DEF,1,Arsenal,,15,,,,,0,0,0,0,0,0,0,0,0,0,0,0,0,0,0.0,0.0,0.0,0.0,0.0,0.0,0.0,0.0,0,0,2,False,0,0,0
15,Nichols,,DEF,1,Arsenal,,15,,,,,0,0,0,0,0,0,0,0,0,0,0,0,0,0,0.0,0.0,0.0,0.0,0.0,0.0,0.0,0.0,0,0,2,False,0,0,0
16,Saka,,MID,1,Arsenal,,15,,,,,78,4,0,1,0,1,0,0,0,1,0,0,0,18,12.6,46.3,36.0,9.5,0.58,0.31,0.89,1.32,0,7,3,False,5,1,2
17,Ødegaard,,MID,1,Arsenal,,15,,,,,90,2,0,0,0,2,0,0,0,0,0,0,0,21,25.8,36.2,27.0,8.9,0.14,0.15,0.29,2.16,1,10,3,False,7,1,2
18,Madueke,,MID,1,Arsenal,,15,,,,,11,1,0,0,0,1,0,0,0,0,0,0,0,3,0.0,0.3,4.0,0.4,0.05,0.0,0.05,0.84,0,0,3,False,0,0,0
19,Martinelli,,MID,1,Arsenal,,15,,,,,4,1,0,0,0,1,0,0,0,0,0,0,0,2,0.0,0.1,0.0,0.0,0.0,0.0,0.0,0.8,0,0,3,False,0,0,0
20,Trossard,,MID,1,Arsenal,,15,,,,,40,6,1,0,0,0,0,0,0,0,0,0,0,23,37.0,0.6,58.0,9.6,0.46,0.01,0.47,0.49,0,2,3,False,1,0,1
21,Rice,,MID,1,Arsenal,,15,,,,,90,6,0,0,0,2,0,0,0,0,0,0,2,30,36.6,37.7,12.0,8.6,0.14,0.13,0.27,2.16,9,21,3,False,10,1,2
22,Merino,,MID,1,Arsenal,,15,,,,,45,1,0,0,0,1,0,0,0,0,0,0,0,4,4.0,1.6,2.0,0.8,0.0,0.01,0.01,0.87,2,5,3,False,3,1,0
23,Fábio Vieira,,MID,1,Arsenal,,15,,,,,0,0,0,0,0,0,0,0,0,0,0,0,0,0,0.0,0.0,0.0,0.0,0.0,0.0,0.0,0.0,0,0,3,False,0,0,0
24,Nørgaard,,MID,1,Arsenal,,15,,,,,0,0,0,0,0,0,0,0,0,0,0,0,0,0,0.0,0.0,0.0,0.0,0.0,0.0,0.0,0.0,0,0,3,False,0,0,0
25,Nwaneri,,MID,1,Arsenal,,15,,,,,0,0,0,0,0,0,0,0,0,0,0,0,0,0,0.0,0.0,0.0,0.0,0.0,0.0,0.0,0.0,0,0,3,False,0,0,0
26,Zubimendi,,MID,1,Arsenal,,15,,,,,90,2,0,0,0,2,0,0,0,0,0,0,0,14,13.2,2.8,0.0,1.6,0.0,0.02,0.02,2.16,7,8,3,False,0,1,1
27,Nelson,,MID,5,Brentford,,15,,,,,0,0,0,0,0,0,0,0,0,0,0,0,0,0,0.0,0.0,0.0,0.0,0.0,0.0,0.0,0.0,0,0,3,False,0,0,0
28,Kabia,,MID,1,Arsenal,,15,,,,,0,0,0,0,0,0,0,0,0,0,0,0,0,0,0.0,0.0,0.0,0.0,0.0,0.0,0.0,0.0,0,0,3,False,0,0,0
29,Sambi,,MID,1,Arsenal,,15,,,,,0,0,0,0,0,0,0,0,0,0,0,0,0,0,0.0,0.0,0.0,0.0,0.0,0.0,0.0,0.0,0,0,3,False,0,0,0
30,Havertz,,FWD,1,Arsenal,,15,,,,,0,0,0,0,0,0,0,0,0,0,0,0,0,0,0.0,0.0,0.0,0.0,0.0,0.0,0.0,0.0,0,0,4,False,0,0,0
31,G.Jesus,,FWD,1,Arsenal,,15,,,,,0,0,0,0,0,0,0,0,0,0,0,0,0,0,0.0,0.0,0.0,0.0,0.0,0.0,0.0,0.0,0,0,4,False,0,0,0
32,Martinez,,GK,2,Aston Villa,,15,,,,,90,4,0,0,0,1,0,0,0,0,0,7,0,21,38.4,0.0,0.0,3.8,0.0,0.0,0.0,1.92,1,0,1,False,9,1,0
33,M.Bizot,,GK,2,Aston Villa,,15,,,,,0,0,0,0,0,0,0,0,0,0,0,0,0,0,0.0,0.0,0.0,0.0,0.0,0.0,0.0,0.0,0,0,1,False,0,0,0
34,Gauci,,GK,2,Aston Villa,,15,,,,,0,0,0,0,0,0,0,0,0,0,0,0,0,0,0.0,0.0,0.0,0.0,0.0,0.0,0.0,0.0,0,0,1,False,0,0,0
35,Marschall,,GK,2,Aston Villa,,15,,,,,0,0,0,0,0,0,0,0,0,0,0,0,0,0,0.0,0.0,0.0,0.0,0.0,0.0,0.0,0.0,0,0,1,False,0,0,0
36,Cash,,DEF,2,Aston Villa,,15,,,,,86,9,1,0,0,1,0,0,0,0,0,0,1,24,47.0,15.2,24.0,8.6,0.25,0.05,0.3,1.87,5,6,2,False,1,1,1
37,Digne,,DEF,2,Aston Villa,,15,,,,,0,0,0,0,0,0,0,0,0,0,0,0,0,0,0.0,0.0,0.0,0.0,0.0,0.0,0.0,0.0,0,0,2,False,0,0,0
38,Konsa,,DEF,2,Aston Villa,,15,,,,,90,2,0,0,0,1,0,0,0,0,0,0,0,11,8.2,1.3,0.0,1.0,0.0,0.01,0.01,1.92,5,5,2,False,4,1,0
39,Maatsen,,DEF,2,Aston Villa,,15,,,,,90,2,0,0,0,1,0,0,0,0,0,0,0,7,6.2,5.0,9.0,2.0,0.05,0.03,0.08,1.92,3,4,2,False,2,1,1
40,Mings,,DEF,2,Aston Villa,,15,,,,,0,0,0,0,0,0,0,0,0,0,0,0,0,0,0.0,0.0,0.0,0.0,0.0,0.0,0.0,0.0,0,0,2,False,0,0,0
41,Pau,,DEF,2,Aston Villa,,15,,,,,85,5,0,1,0,1,0,0,0,0,0,0,0,17,13.2,1.3,4.0,1.9,0.0,0.02,0.02,1.87,4,5,2,False,5,1,1
42,A.García,,DEF,2,Aston Villa,,15,,,,,0,0,0,0,0,0,0,0,0,0,0,0,0,0,0.0,0.0,0.0,0.0,0.0,0.0,0.0,0.0,0,0,2,False,0,0,0
43,Alex Moreno,,DEF,2,Aston Villa,,15,,,,,0,0,0,0,0,0,0,0,0,0,0,0,0,0,0.0,0.0,0.0,0.0,0.0,0.0,0.0,0.0,0,0,2,False,0,0,0
44,Bogarde,,DEF,2,Aston Villa,,15,,,,,15,1,0,0,0,0,0,0,0,0,0,0,0,3,1.6,0.7,0.0,0.2,0.0,0.01,0.01,0.05,1,1,2,False,1,0,0
45,Sousa,,DEF,2,Aston Villa,,15,,,,,0,0,0,0,0,0,0,0,0,0,0,0,0,0,0.0,0.0,0.0,0.0,0.0,0.0,0.0,0.0,0,0,2,False,0,0,0
46,Yasin,,DEF,2,Aston Villa,,15,,,,,0,0,0,0,0,0,0,0,0,0,0,0,0,0,0.0,0.0,0.0,0.0,0.0,0.0,0.0,0.0,0,0,2,False,0,0,0
47,Rogers,,MID,2,Aston Villa,,15,,,,,90,2,0,0,0,1,0,0,0,0,0,0,0,12,13.6,32.3,41.0,8.7,0.04,0.17,0.21,1.92,3,7,3,False,3,1,1
48,Tielemans,,MID,2,Aston Villa,,15,,,,,90,2,0,0,0,1,0,0,0,0,0,0,0,13,13.4,18.8,41.0,7.3,0.34,0.14,0.48,1.92,1,10,3,False,6,1,3
49,Bailey,,MID,2,Aston Villa,,15,,,,,0,0,0,0,0,0,0,0,0,0,0,0,0,0,0.0,0.0,0.0,0.0,0.0,0.0,0.0,0.0,0,0,3,False,0,0,0
50,Buendía,,MID,2,Aston Villa,,15,,,,,3,6,1,0,0,0,0,0,0,0,0,0,0,22,35.2,10.8,40.0,8.6,0.48,0.17,0.65,0.05,0,0,3,False,0,0,0
51,Iling Jr,,MID,2,Aston Villa,,15,,,,,0,0,0,0,0,0,0,0,0,0,0,0,0,0,0.0,0.0,0.0,0.0,0.0,0.0,0.0,0.0,0,0,3,False,0,0,0
52,J.Ramsey,,MID,15,Newcastle,,15,,,,,90,1,0,0,0,1,0,0,0,1,0,0,0,8,1.8,17.1,18.0,3.7,0.09,0.29,0.38,1.38,1,11,3,False,8,1,2
53,Malen,,MID,2,Aston Villa,,15,,,,,24,1,0,0,0,0,0,0,0,0,0,0,0,-3,0.0,0.3,8.0,0.7,0.19,0.0,0.19,0.5,0,0,3,False,0,0,0
54,McGinn,,MID,2,Aston Villa,,15,,,,,74,2,0,0,0,1,0,0,0,0,0,0,0,11,5.0,11.3,4.0,2.0,0.0,0.02,0.02,1.87,2,4,3,False,1,1,1
55,Barkley,,MID,2,Aston Villa,,15,,,,,0,0,0,0,0,0,0,0,0,0,0,0,0,0,0.0,0.0,0.0,0.0,0.0,0.0,0.0,0.0,0,0,3,False,0,0,0
56,Barrenechea,,MID,2,Aston Villa,,15,,,,,0,0,0,0,0,0,0,0,0,0,0,0,0,0,0.0,0.0,0.0,0.0,0.0,0.0,0.0,0.0,0,0,3,False,0,0,0
57,Dobbin,,MID,2,Aston Villa,,15,,,,,0,0,0,0,0,0,0,0,0,0,0,0,0,0,0.0,0.0,0.0,0.0,0.0,0.0,0.0,0.0,0,0,3,False,0,0,0
58,Kamara,,MID,2,Aston Villa,,15,,,,,90,10,0,1,0,1,0,0,0,0,0,0,3,37,36.6,16.6,11.0,6.4,0.09,0.04,0.13,1.92,2,12,3,False,6,1,4
59,Onana,,MID,2,Aston Villa,,15,,,,,74,2,0,0,0,1,0,0,0,0,0,0,0,5,1.4,2.2,0.0,0.4,0.0,0.02,0.02,1.87,3,9,3,False,4,1,2
60,Broggio,,MID,2,Aston Villa,,15,,,,,0,0,0,0,0,0,0,0,0,0,0,0,0,0,0.0,0.0,0.0,0.0,0.0,0.0,0.0,0.0,0,0,3,False,0,0,0
61,Dendoncker,,MID,2,Aston Villa,,15,,,,,0,0,0,0,0,0,0,0,0,0,0,0,0,0,0.0,0.0,0.0,0.0,0.0,0.0,0.0,0.0,0,0,3,False,0,0,0
62,Jimoh-Aloba,,MID,2,Aston Villa,,15,,,,,0,0,0,0,0,0,0,0,0,0,0,0,0,0,0.0,0.0,0.0,0.0,0.0,0.0,0.0,0.0,0,0,3,False,0,0,0
63,Young,,MID,2,Aston Villa,,15,,,,,0,0,0,0,0,0,0,0,0,0,0,0,0,0,0.0,0.0,0.0,0.0,0.0,0.0,0.0,0.0,0,0,3,False,0,0,0
64,Watkins,,FWD,2,Aston Villa,,15,,,,,65,2,0,0,0,1,0,0,0,0,0,0,0,8,12.2,2.3,50.0,6.5,0.83,0.0,0.83,1.42,1,4,4,False,2,1,1
65,Redmond,,FWD,2,Aston Villa,,15,,,,,0,0,0,0,0,0,0,0,0,0,0,0,0,0,0.0,0.0,0.0,0.0,0.0,0.0,0.0,0.0,0,0,4,False,0,0,0
66,Neto,,GK,4,Bournemouth,,15,,,,,0,0,0,0,0,0,0,0,0,0,0,0,0,0,0.0,0.0,0.0,0.0,0.0,0.0,0.0,0.0,0,0,1,False,0,0,0
67,Petrović,,GK,4,Bournemouth,,15,,,,,90,7,0,0,1,0,0,0,0,0,0,4,0,31,28.0,0.0,0.0,2.8,0.0,0.0,0.0,0.92,0,0,1,False,11,1,0
68,Dennis,,GK,4,Bournemouth,,15,,,,,0,0,0,0,0,0,0,0,0,0,0,0,0,0,0.0,0.0,0.0,0.0,0.0,0.0,0.0,0.0,0,0,1,False,0,0,0
69,McKenna,,GK,4,Bournemouth,,15,,,,,0,0,0,0,0,0,0,0,0,0,0,0,0,0,0.0,0.0,0.0,0.0,0.0,0.0,0.0,0.0,0,0,1,False,0,0,0
70,Paulsen,,GK,4,Bournemouth,,15,,,,,0,0,0,0,0,0,0,0,0,0,0,0,0,0,0.0,0.0,0.0,0.0,0.0,0.0,0.0,0.0,0,0,1,False,0,0,0
71,Zabarnyi,,DEF,4,Bournemouth,,15,,,,,0,0,0,0,0,0,0,0,0,0,0,0,0,0,0.0,0.0,0.0,0.0,0.0,0.0,0.0,0.0,0,0,2,False,0,0,0
72,Senesi,,DEF,4,Bournemouth,,15,,,,,61,8,0,0,1,0,0,0,0,0,0,0,0,28,24.0,20.3,0.0,4.4,0.0,0.0,0.0,0.69,10,11,2,False,6,1,1
73,Smith,,DEF,4,Bournemouth,,15,,,,,90,6,0,0,1,0,0,0,0,0,0,0,0,23,7.8,0.4,2.0,1.0,0.0,0.0,0.0,0.92,4,6,2,False,4,1,2
74,Truffert,,DEF,4,Bournemouth,,15,,,,,90,6,0,0,1,0,0,0,0,0,0,0,0,31,19.6,22.3,5.0,4.7,0.03,0.04,0.07,0.92,6,8,2,False,5,1,2
75,Akinmboni,,DEF,4,Bournemouth,,15,,,,,0,0,0,0,0,0,0,0,0,0,0,0,0,0,0.0,0.0,0.0,0.0,0.0,0.0,0.0,0.0,0,0,2,False,0,0,0
76,Bevan,,DEF,4,Bournemouth,,15,,,,,0,0,0,0,0,0,0,0,0,0,0,0,0,0,0.0,0.0,0.0,0.0,0.0,0.0,0.0,0.0,0,0,2,False,0,0,0
77,Hill,,DEF,4,Bournemouth,,15,,,,,28,1,0,0,0,0,0,0,0,0,0,0,0,4,3.0,0.0,2.0,0.5,0.0,0.0,0.0,0.24,2,3,2,False,0,0,1
78,J.Araujo,,DEF,4,Bournemouth,,15,,,,,0,0,0,0,0,0,0,0,0,0,0,0,0,0,0.0,0.0,0.0,0.0,0.0,0.0,0.0,0.0,0,0,2,False,0,0,0
79,Mepham,,DEF,4,Bournemouth,,15,,,,,0,0,0,0,0,0,0,0,0,0,0,0,0,0,0.0,0.0,0.0,0.0,0.0,0.0,0.0,0.0,0,0,2,False,0,0,0
80,Soler,,DEF,4,Bournemouth,,15,,,,,0,0,0,0,0,0,0,0,0,0,0,0,0,0,0.0,0.0,0.0,0.0,0.0,0.0,0.0,0.0,0,0,2,False,0,0,0
81,Kluivert,,MID,4,Bournemouth,,15,,,,,73,3,0,0,1,0,0,0,0,0,0,0,0,7,4.0,12.8,4.0,2.1,0.0,0.03,0.03,0.9,0,6,3,False,4,1,2
82,Semenyo,,MID,4,Bournemouth,,15,,,,,90,3,0,0,1,0,0,0,0,0,0,0,0,14,17.0,32.9,66.0,11.6,0.18,0.13,0.31,0.92,3,5,3,False,0,1,2
83,O.Dango,,MID,5,Brentford,,15,,,,,87,4,0,0,0,2,0,0,0,0,0,0,0,15,16.2,4.8,0.0,2.1,0.0,0.01,0.01,2.16,6,13,3,False,5,1,2
84,Tavernier,,MID,4,Bournemouth,,15,,,,,90,5,0,0,1,0,0,0,0,0,0,0,0,15,10.8,2.5,12.0,2.5,0.25,0.03,0.28,0.92,6,16,3,False,8,1,2
85,Adams,,MID,4,Bournemouth,,15,,,,,0,0,0,0,0,0,0,0,0,0,0,0,0,0,0.0,0.0,0.0,0.0,0.0,0.0,0.0,0.0,0,0,3,False,0,0,0
86,Brooks,,MID,4,Bournemouth,,15,,,,,16,1,0,0,0,0,0,0,0,0,0,0,0,3,0.0,1.1,0.0,0.1,0.0,0.0,0.0,0.03,0,0,3,False,0,0,0
87,Christie,,MID,4,Bournemouth,,15,,,,,0,0,0,0,0,0,0,0,0,0,0,0,0,0,0.0,0.0,0.0,0.0,0.0,0.0,0.0,0.0,0,0,3,False,0,0,0
88,Cook,,MID,4,Bournemouth,,15,,,,,0,0,0,0,0,0,0,0,0,0,0,0,0,0,0.0,0.0,0.0,0.0,0.0,0.0,0.0,0.0,0,0,3,False,0,0,0
89,Philip,,MID,4,Bournemouth,,15,,,,,0,0,0,0,0,0,0,0,0,0,0,0,0,0,0.0,0.0,0.0,0.0,0.0,0.0,0.0,0.0,0,0,3,False,0,0,0
90,Scott,,MID,4,Bournemouth,,15,,,,,90,5,0,0,1,0,0,0,0,0,0,0,0,21,16.6,5.8,23.0,4.5,0.04,0.01,0.05,0.92,3,16,3,False,11,1,2
91,Sinisterra,,MID,4,Bournemouth,,15,,,,,0,0,0,0,0,0,0,0,0,0,0,0,0,0,0.0,0.0,0.0,0.0,0.0,0.0,0.0,0.0,0,0,3,False,0,0,0
92,Faivre,,MID,4,Bournemouth,,15,,,,,0,0,0,0,0,0,0,0,0,0,0,0,0,0,0.0,0.0,0.0,0.0,0.0,0.0,0.0,0.0,0,0,3,False,0,0,0
93,H.Traorè,,MID,4,Bournemouth,,15,,,,,0,0,0,0,0,0,0,0,0,0,0,0,0,0,0.0,0.0,0.0,0.0,0.0,0.0,0.0,0.0,0,0,3,False,0,0,0
94,Sadi,,MID,4,Bournemouth,,15,,,,,0,0,0,0,0,0,0,0,0,0,0,0,0,0,0.0,0.0,0.0,0.0,0.0,0.0,0.0,0.0,0,0,3,False,0,0,0
95,Silcott-Duberry,,MID,4,Bournemouth,,15,,,,,0,0,0,0,0,0,0,0,0,0,0,0,0,0,0.0,0.0,0.0,0.0,0.0,0.0,0.0,0.0,0,0,3,False,0,0,0
96,Winterburn,,MID,4,Bournemouth,,15,,,,,0,0,0,0,0,0,0,0,0,0,0,0,0,0,0.0,0.0,0.0,0.0,0.0,0.0,0.0,0.0,0,0,3,False,0,0,0
97,Evanilson,,FWD,4,Bournemouth,,15,,,,,86,2,0,0,1,0,0,0,0,0,0,0,0,-3,0.0,1.3,7.0,0.7,0.85,0.0,0.85,0.9,0,1,4,False,0,1,1
98,Enes Ünal,,FWD,4,Bournemouth,,15,,,,,3,1,0,0,0,0,0,0,0,0,0,0,0,1,0.0,0.0,0.0,0.0,0.0,0.0,0.0,0.03,0,1,4,False,1,0,0
99,Adu-Adjei,,FWD,4,Bournemouth,,15,,,,,0,0,0,0,0,0,0,0,0,0,0,0,0,0,0.0,0.0,0.0,0.0,0.0,0.0,0.0,0.0,0,0,4,False,0,0,0
100,Kroupi.Jr,,FWD,4,Bournemouth,,15,,,,,0,0,0,0,0,0,0,0,0,0,0,0,0,0,0.0,0.0,0.0,0.0,0.0,0.0,0.0,0.0,0,0,4,False,0,0,0
101,Kelleher,,GK,5,Brentford,,15,,,,,90,2,0,0,0,2,0,0,0,0,0,5,0,14,34.8,0.0,0.0,3.5,0.0,0.0,0.0,2.18,6,0,1,False,5,1,0
102,Balcombe,,GK,5,Brentford,,15,,,,,0,0,0,0,0,0,0,0,0,0,0,0,0,0,0.0,0.0,0.0,0.0,0.0,0.0,0.0,0.0,0,0,1,False,0,0,0
103,Cox,,GK,5,Brentford,,15,,,,,0,0,0,0,0,0,0,0,0,0,0,0,0,0,0.0,0.0,0.0,0.0,0.0,0.0,0.0,0.0,0,0,1,False,0,0,0
104,Eyestone,,GK,5,Brentford,,15,,,,,0,0,0,0,0,0,0,0,0,0,0,0,0,0,0.0,0.0,0.0,0.0,0.0,0.0,0.0,0.0,0,0,1,False,0,0,0
105,Valdimarsson,,GK,5,Brentford,,15,,,,,0,0,0,0,0,0,0,0,0,0,0,0,0,0,0.0,0.0,0.0,0.0,0.0,0.0,0.0,0.0,0,0,1,False,0,0,0
106,Collins,,DEF,5,Brentford,,15,,,,,90,3,0,0,0,2,0,0,0,0,0,0,0,16,32.0,11.8,6.0,5.0,0.0,0.03,0.03,2.18,6,11,2,False,10,1,5
107,Lewis-Potter,,DEF,5,Brentford,,15,,,,,2,1,0,0,0,0,0,0,0,0,0,0,0,3,0.0,0.0,0.0,0.0,0.0,0.0,0.0,0.03,0,0,2,False,0,0,0
108,Ajer,,DEF,5,Brentford,,15,,,,,45,-1,0,0,0,2,0,0,0,1,0,0,0,-7,2.8,0.6,2.0,0.5,0.0,0.0,0.0,1.38,1,3,2,False,1,1,2
109,Henry,,DEF,5,Brentford,,15,,,,,45,1,0,0,0,0,0,0,0,0,0,0,0,4,2.8,1.9,1.0,0.6,0.01,0.04,0.05,0.8,3,4,2,False,5,0,1
110,Kayode,,DEF,5,Brentford,,15,,,,,75,0,0,0,0,2,0,0,0,1,0,0,0,11,14.6,1.7,0.0,1.6,0.0,0.0,0.0,1.86,4,9,2,False,4,1,5
111,Pinnock,,DEF,5,Brentford,,15,,,,,0,0,0,0,0,0,0,0,0,0,0,0,0,0,0.0,0.0,0.0,0.0,0.0,0.0,0.0,0.0,0,0,2,False,0,0,0
112,Roerslev,,DEF,5,Brentford,,15,,,,,0,0,0,0,0,0,0,0,0,0,0,0,0,0,0.0,0.0,0.0,0.0,0.0,0.0,0.0,0.0,0,0,2,False,0,0,0
113,Van den Berg,,DEF,5,Brentford,,15,,,,,90,1,0,0,0,2,0,0,0,0,0,0,0,3,6.2,1.8,2.0,1.0,0.0,0.01,0.01,2.18,4,5,2,False,2,1,1
114,Arthur,,DEF,5,Brentford,,15,,,,,0,0,0,0,0,0,0,0,0,0,0,0,0,0,0.0,0.0,0.0,0.0,0.0,0.0,0.0,0.0,0,0,2,False,0,0,0
115,Fredrick,,DEF,5,Brentford,,15,,,,,0,0,0,0,0,0,0,0,0,0,0,0,0,0,0.0,0.0,0.0,0.0,0.0,0.0,0.0,0.0,0,0,2,False,0,0,0
116,Hickey,,DEF,5,Brentford,,15,,,,,14,1,0,0,0,0,0,0,0,0,0,0,0,3,0.2,0.1,0.0,0.0,0.0,0.0,0.0,0.33,0,0,2,False,1,0,0
117,Ji-soo,,DEF,5,Brentford,,15,,,,,0,0,0,0,0,0,0,0,0,0,0,0,0,0,0.0,0.0,0.0,0.0,0.0,0.0,0.0,0.0,0,0,2,False,0,0,0
118,Meghoma,,DEF,5,Brentford,,15,,,,,0,0,0,0,0,0,0,0,0,0,0,0,0,0,0.0,0.0,0.0,0.0,0.0,0.0,0.0,0.0,0,0,2,False,0,0,0
119,Mbeumo,,MID,14,Man Utd,,15,,,,,90,8,1,0,0,1,0,0,0,1,0,0,2,32,52.0,42.3,56.0,15.0,1.18,0.08,1.26,0.41,0,10,3,False,7,1,3
120,Schade,,MID,5,Brentford,,15,,,,,90,1,0,0,0,2,0,0,0,1,0,0,0,6,10.8,1.5,2.0,1.4,0.0,0.01,0.01,2.18,5,7,3,False,0,1,2
121,Damsgaard,,MID,5,Brentford,,15,,,,,60,2,0,0,0,2,0,0,0,0,0,0,0,2,0.0,6.5,6.0,1.2,0.0,0.29,0.29,1.76,0,4,3,False,4,1,0
122,Milambo,,MID,5,Brentford,,15,,,,,0,0,0,0,0,0,0,0,0,0,0,0,0,0,0.0,0.0,0.0,0.0,0.0,0.0,0.0,0.0,0,0,3,False,0,0,0
123,Carvalho,,MID,5,Brentford,,15,,,,,0,0,0,0,0,0,0,0,0,0,0,0,0,0,0.0,0.0,0.0,0.0,0.0,0.0,0.0,0.0,0,0,3,False,0,0,0
124,Henderson,,MID,5,Brentford,,15,,,,,90,4,0,0,0,2,0,0,0,0,0,0,0,14,27.2,15.8,0.0,4.3,0.0,0.1,0.1,2.18,4,14,3,False,5,1,5
125,Janelt,,MID,5,Brentford,,15,,,,,14,1,0,0,0,0,0,0,0,0,0,0,0,5,2.0,11.7,2.0,1.6,0.0,0.05,0.05,0.33,0,0,3,False,0,0,0
126,Jensen,,MID,5,Brentford,,15,,,,,29,1,0,0,0,0,0,0,0,0,0,0,0,4,2.8,0.6,0.0,0.3,0.0,0.0,0.0,0.43,1,1,3,False,0,0,0
127,Nunes,,MID,5,Brentford,,15,,,,,0,0,0,0,0,0,0,0,0,0,0,0,0,0,0.0,0.0,0.0,0.0,0.0,0.0,0.0,0.0,0,0,3,False,0,0,0
128,Onyeka,,MID,5,Brentford,,15,,,,,0,0,0,0,0,0,0,0,0,0,0,0,0,0,0.0,0.0,0.0,0.0,0.0,0.0,0.0,0.0,0,0,3,False,0,0,0
129,Yarmoliuk,,MID,5,Brentford,,15,,,,,75,1,0,0,0,2,0,0,0,1,0,0,0,3,5.2,1.7,0.0,0.7,0.0,0.01,0.01,1.86,3,6,3,False,2,1,1
130,Donovan,,MID,5,Brentford,,15,,,,,0,0,0,0,0,0,0,0,0,0,0,0,0,0,0.0,0.0,0.0,0.0,0.0,0.0,0.0,0.0,0,0,3,False,0,0,0
131,Konak,,MID,5,Brentford,,15,,,,,0,0,0,0,0,0,0,0,0,0,0,0,0,0,0.0,0.0,0.0,0.0,0.0,0.0,0.0,0.0,0,0,3,False,0,0,0
132,Maghoma,,MID,5,Brentford,,15,,,,,0,0,0,0,0,0,0,0,0,0,0,0,0,0,0.0,0.0,0.0,0.0,0.0,0.0,0.0,0.0,0,0,3,False,0,0,0
133,Peart-Harris,,MID,5,Brentford,,15,,,,,0,0,0,0,0,0,0,0,0,0,0,0,0,0,0.0,0.0,0.0,0.0,0.0,0.0,0.0,0.0,0,0,3,False,0,0,0
134,Trevitt,,MID,5,Brentford,,15,,,,,0,0,0,0,0,0,0,0,0,0,0,0,0,0,0.0,0.0,0.0,0.0,0.0,0.0,0.0,0.0,0,0,3,False,0,0,0
135,Wissa,,FWD,15,Newcastle,,15,,,,,16,1,0,0,0,1,0,0,0,0,0,0,0,2,0.2,2.1,4.0,0.6,0.0,0.06,0.06,1.06,0,1,4,False,1,0,0
136,Thiago,,FWD,5,Brentford,,15,,,,,90,2,0,0,0,2,0,0,0,0,0,0,0,4,4.6,1.0,32.0,3.8,0.27,0.02,0.29,2.18,1,5,4,False,4,1,0
137,Morgan,,FWD,5,Brentford,,15,,,,,0,0,0,0,0,0,0,0,0,0,0,0,0,0,0.0,0.0,0.0,0.0,0.0,0.0,0.0,0.0,0,0,4,False,0,0,0
138,Steele,,GK,6,Brighton,,15,,,,,0,0,0,0,0,0,0,0,0,0,0,0,0,0,0.0,0.0,0.0,0.0,0.0,0.0,0.0,0.0,0,0,1,False,0,0,0
139,Verbruggen,,GK,6,Brighton,,15,,,,,90,3,0,0,0,1,0,0,0,0,0,4,0,22,35.2,0.0,0.0,3.5,0.0,0.0,0.0,1.14,2,0,1,False,8,1,0
140,McGill,,GK,6,Brighton,,15,,,,,0,0,0,0,0,0,0,0,0,0,0,0,0,0,0.0,0.0,0.0,0.0,0.0,0.0,0.0,0.0,0,0,1,False,0,0,0
141,Rushworth,,GK,6,Brighton,,15,,,,,0,0,0,0,0,0,0,0,0,0,0,0,0,0,0.0,0.0,0.0,0.0,0.0,0.0,0.0,0.0,0,0,1,False,0,0,0
142,Scherpen,,GK,6,Brighton,,15,,,,,0,0,0,0,0,0,0,0,0,0,0,0,0,0,0.0,0.0,0.0,0.0,0.0,0.0,0.0,0.0,0,0,1,False,0,0,0
143,Boscagli,,DEF,6,Brighton,,15,,,,,7,1,0,0,0,0,0,0,0,0,0,0,0,4,2.8,6.9,2.0,1.2,0.0,0.04,0.04,0.24,0,0,2,False,0,0,0
144,Coppola,,DEF,6,Brighton,,15,,,,,0,0,0,0,0,0,0,0,0,0,0,0,0,0,0.0,0.0,0.0,0.0,0.0,0.0,0.0,0.0,0,0,2,False,0,0,0
145,De Cuyper,,DEF,6,Brighton,,15,,,,,71,8,0,0,1,0,0,0,0,0,0,0,2,35,18.2,56.8,4.0,7.9,0.0,0.44,0.44,0.72,2,3,2,False,3,1,1
146,Dunk,,DEF,6,Brighton,,15,,,,,90,1,0,0,0,1,0,0,0,1,0,0,0,14,33.8,13.8,7.0,5.5,0.01,0.02,0.03,1.14,7,9,2,False,6,1,2
147,Estupiñan,,DEF,6,Brighton,,15,,,,,0,0,0,0,0,0,0,0,0,0,0,0,0,0,0.0,0.0,0.0,0.0,0.0,0.0,0.0,0.0,0,0,2,False,0,0,0
148,F.Kadıoğlu,,DEF,6,Brighton,,15,,,,,82,1,0,0,0,1,0,0,0,1,0,0,0,6,3.6,17.1,4.0,2.5,0.0,0.13,0.13,0.9,1,2,2,False,2,1,1
149,Igor,,DEF,19,West Ham,,15,,,,,0,0,0,0,0,0,0,0,0,0,0,0,0,0,0.0,0.0,0.0,0.0,0.0,0.0,0.0,0.0,0,0,2,False,0,0,0
150,Lamptey,,DEF,6,Brighton,,15,,,,,0,0,0,0,0,0,0,0,0,0,0,0,0,0,0.0,0.0,0.0,0.0,0.0,0.0,0.0,0.0,0,0,2,False,0,0,0
151,Van Hecke,,DEF,6,Brighton,,15,,,,,90,5,0,1,0,1,0,0,0,0,0,0,0,23,34.6,31.3,8.0,7.4,0.07,0.17,0.24,1.14,5,6,2,False,2,1,1
152,Veltman,,DEF,6,Brighton,,15,,,,,0,0,0,0,0,0,0,0,0,0,0,0,0,0,0.0,0.0,0.0,0.0,0.0,0.0,0.0,0.0,0,0,2,False,0,0,0
153,Webster,,DEF,6,Brighton,,15,,,,,0,0,0,0,0,0,0,0,0,0,0,0,0,0,0.0,0.0,0.0,0.0,0.0,0.0,0.0,0.0,0,0,2,False,0,0,0
154,Cashin,,DEF,6,Brighton,,15,,,,,0,0,0,0,0,0,0,0,0,0,0,0,0,0,0.0,0.0,0.0,0.0,0.0,0.0,0.0,0.0,0,0,2,False,0,0,0
155,Slater,,DEF,6,Brighton,,15,,,,,0,0,0,0,0,0,0,0,0,0,0,0,0,0,0.0,0.0,0.0,0.0,0.0,0.0,0.0,0.0,0,0,2,False,0,0,0
156,Tasker,,DEF,6,Brighton,,15,,,,,0,0,0,0,0,0,0,0,0,0,0,0,0,0,0.0,0.0,0.0,0.0,0.0,0.0,0.0,0.0,0,0,2,False,0,0,0
157,Mitoma,,MID,6,Brighton,,15,,,,,0,0,0,0,0,0,0,0,0,0,0,0,0,0,0.0,0.0,0.0,0.0,0.0,0.0,0.0,0.0,0,0,3,False,0,0,0
158,Georginio,,MID,6,Brighton,,15,,,,,90,8,1,0,0,1,0,0,0,0,0,0,1,33,48.2,21.5,82.0,15.2,0.48,0.18,0.66,1.14,4,7,3,False,1,1,2
159,March,,MID,6,Brighton,,15,,,,,0,0,0,0,0,0,0,0,0,0,0,0,0,0,0.0,0.0,0.0,0.0,0.0,0.0,0.0,0.0,0,0,3,False,0,0,0
160,Minteh,,MID,6,Brighton,,15,,,,,71,3,0,0,1,0,0,0,0,0,0,0,0,4,0.0,10.2,14.0,2.4,0.03,0.04,0.07,0.72,1,2,3,False,1,1,0
161,Enciso,,MID,6,Brighton,,15,,,,,0,0,0,0,0,0,0,0,0,0,0,0,0,0,0.0,0.0,0.0,0.0,0.0,0.0,0.0,0.0,0,0,3,False,0,0,0
162,Gruda,,MID,6,Brighton,,15,,,,,18,1,0,0,0,1,0,0,0,0,0,0,0,6,8.8,40.5,3.0,5.2,0.02,0.08,0.1,0.42,0,1,3,False,1,0,0
163,Hinshelwood,,MID,6,Brighton,,15,,,,,30,1,0,0,0,1,0,0,0,0,0,0,0,4,5.2,13.3,0.0,1.9,0.0,0.07,0.07,0.42,0,1,3,False,1,0,0
164,O'Riley,,MID,6,Brighton,,15,,,,,0,0,0,0,0,0,0,0,0,0,0,0,0,0,0.0,0.0,0.0,0.0,0.0,0.0,0.0,0.0,0,0,3,False,0,0,0
165,Sima,,MID,6,Brighton,,15,,,,,0,0,0,0,0,0,0,0,0,0,0,0,0,0,0.0,0.0,0.0,0.0,0.0,0.0,0.0,0.0,0,0,3,False,0,0,0
166,Ayari,,MID,6,Brighton,,15,,,,,0,0,0,0,0,0,0,0,0,0,0,0,0,0,0.0,0.0,0.0,0.0,0.0,0.0,0.0,0.0,0,0,3,False,0,0,0
167,Baleba,,MID,6,Brighton,,15,,,,,59,1,0,0,0,0,0,0,0,0,0,0,0,3,1.2,2.3,0.0,0.4,0.0,0.01,0.01,0.72,0,4,3,False,3,1,1
168,Buonanotte,,MID,7,Chelsea,,15,,,,,0,0,0,0,0,0,0,0,0,0,0,0,0,0,0.0,0.0,0.0,0.0,0.0,0.0,0.0,0.0,0,0,3,False,0,0,0
169,Gomez,,MID,6,Brighton,,15,,,,,90,2,0,0,0,1,0,0,0,0,0,0,0,13,10.2,25.3,15.0,5.1,0.38,0.09,0.47,1.14,1,11,3,False,8,1,2
170,Milner,,MID,6,Brighton,,15,,,,,0,0,0,0,0,0,0,0,0,0,0,0,0,0,0.0,0.0,0.0,0.0,0.0,0.0,0.0,0.0,0,0,3,False,0,0,0
171,Sarmiento,,MID,6,Brighton,,15,,,,,0,0,0,0,0,0,0,0,0,0,0,0,0,0,0.0,0.0,0.0,0.0,0.0,0.0,0.0,0.0,0,0,3,False,0,0,0
172,Watson,,MID,6,Brighton,,15,,,,,0,0,0,0,0,0,0,0,0,0,0,0,0,0,0.0,0.0,0.0,0.0,0.0,0.0,0.0,0.0,0,0,3,False,0,0,0
173,Wieffer,,MID,6,Brighton,,15,,,,,90,2,0,0,0,1,0,0,0,0,0,0,0,9,5.4,16.1,15.0,3.7,0.56,0.03,0.59,1.14,1,4,3,False,2,1,1
174,Yalcouye,,MID,6,Brighton,,15,,,,,0,0,0,0,0,0,0,0,0,0,0,0,0,0,0.0,0.0,0.0,0.0,0.0,0.0,0.0,0.0,0,0,3,False,0,0,0
175,Knight,,MID,6,Brighton,,15,,,,,0,0,0,0,0,0,0,0,0,0,0,0,0,0,0.0,0.0,0.0,0.0,0.0,0.0,0.0,0.0,0,0,3,False,0,0,0
176,Mazilu,,MID,6,Brighton,,15,,,,,0,0,0,0,0,0,0,0,0,0,0,0,0,0,0.0,0.0,0.0,0.0,0.0,0.0,0.0,0.0,0,0,3,False,0,0,0
177,Moran,,MID,6,Brighton,,15,,,,,0,0,0,0,0,0,0,0,0,0,0,0,0,0,0.0,0.0,0.0,0.0,0.0,0.0,0.0,0.0,0,0,3,False,0,0,0
178,Welbeck,,FWD,6,Brighton,,15,,,,,90,2,0,0,0,1,0,0,0,0,0,0,0,4,0.6,11.6,25.0,3.7,0.07,0.02,0.09,1.14,1,3,4,False,2,1,0
179,Ferguson,,FWD,6,Brighton,,15,,,,,0,0,0,0,0,0,0,0,0,0,0,0,0,0,0.0,0.0,0.0,0.0,0.0,0.0,0.0,0.0,0,0,4,False,0,0,0
180,Tzimas,,FWD,6,Brighton,,15,,,,,0,0,0,0,0,0,0,0,0,0,0,0,0,0,0.0,0.0,0.0,0.0,0.0,0.0,0.0,0.0,0,0,4,False,0,0,0
181,Kostoulas,,FWD,6,Brighton,,15,,,,,18,1,0,0,0,1,0,0,0,0,0,0,0,2,3.2,11.8,31.0,4.6,0.25,0.0,0.25,0.42,0,3,4,False,2,0,1
182,Trafford,,GK,13,Man City,,15,,,,,0,0,0,0,0,0,0,0,0,0,0,0,0,0,0.0,0.0,0.0,0.0,0.0,0.0,0.0,0.0,0,0,1,False,0,0,0
183,Weiss,,GK,3,Burnley,,15,,,,,0,0,0,0,0,0,0,0,0,0,0,0,0,0,0.0,0.0,0.0,0.0,0.0,0.0,0.0,0.0,0,0,1,False,0,0,0
184,Green,,GK,3,Burnley,,15,,,,,0,0,0,0,0,0,0,0,0,0,0,0,0,0,0.0,0.0,0.0,0.0,0.0,0.0,0.0,0.0,0,0,1,False,0,0,0
185,Hladký,,GK,3,Burnley,,15,,,,,0,0,0,0,0,0,0,0,0,0,0,0,0,0,0.0,0.0,0.0,0.0,0.0,0.0,0.0,0.0,0,0,1,False,0,0,0
186,Roberts,,DEF,3,Burnley,,15,,,,,0,0,0,0,0,0,0,0,0,0,0,0,0,0,0.0,0.0,0.0,0.0,0.0,0.0,0.0,0.0,0,0,2,False,0,0,0
187,Walker,,DEF,3,Burnley,,15,,,,,90,0,0,0,0,2,0,0,0,1,0,0,0,-5,0.8,0.8,0.0,0.2,0.0,0.0,0.0,1.77,1,1,2,False,6,1,0
188,Delcroix,,DEF,3,Burnley,,15,,,,,0,0,0,0,0,0,0,0,0,0,0,0,0,0,0.0,0.0,0.0,0.0,0.0,0.0,0.0,0.0,0,0,2,False,0,0,0
189,Dodgson,,DEF,3,Burnley,,15,,,,,0,0,0,0,0,0,0,0,0,0,0,0,0,0,0.0,0.0,0.0,0.0,0.0,0.0,0.0,0.0,0,0,2,False,0,0,0
190,Ekdal,,DEF,3,Burnley,,15,,,,,90,1,0,0,0,2,0,0,0,0,0,0,0,0,10.2,0.3,6.0,1.7,0.03,0.0,0.03,1.72,7,8,2,False,1,1,1
191,Estève,,DEF,3,Burnley,,15,,,,,90,3,0,0,0,2,0,0,0,0,0,0,0,6,28.4,14.4,2.0,4.5,0.0,0.03,0.03,1.77,9,10,2,False,0,1,1
192,Hartman,,DEF,3,Burnley,,15,,,,,0,0,0,0,0,0,0,0,0,0,0,0,0,0,0.0,0.0,0.0,0.0,0.0,0.0,0.0,0.0,0,0,2,False,0,0,0
193,Humphreys,,DEF,3,Burnley,,15,,,,,0,0,0,0,0,0,0,0,0,0,0,0,0,0,0.0,0.0,0.0,0.0,0.0,0.0,0.0,0.0,0,0,2,False,0,0,0
194,Jordan,,DEF,3,Burnley,,15,,,,,0,0,0,0,0,0,0,0,0,0,0,0,0,0,0.0,0.0,0.0,0.0,0.0,0.0,0.0,0.0,0,0,2,False,0,0,0
195,Lucas Pires,,DEF,3,Burnley,,15,,,,,42,-3,0,0,0,2,0,0,0,0,1,0,0,-11,0.0,6.5,2.0,0.7,0.0,0.04,0.04,0.51,0,1,2,False,4,1,1
196,Sambo,,DEF,3,Burnley,,15,,,,,0,0,0,0,0,0,0,0,0,0,0,0,0,0,0.0,0.0,0.0,0.0,0.0,0.0,0.0,0.0,0,0,2,False,0,0,0
197,Sonne,,DEF,3,Burnley,,15,,,,,0,0,0,0,0,0,0,0,0,0,0,0,0,0,0.0,0.0,0.0,0.0,0.0,0.0,0.0,0.0,0,0,2,False,0,0,0
198,Tuanzebe,,DEF,3,Burnley,,15,,,,,0,0,0,0,0,0,0,0,0,0,0,0,0,0,0.0,0.0,0.0,0.0,0.0,0.0,0.0,0.0,0,0,2,False,0,0,0
199,Worrall,,DEF,3,Burnley,,15,,,,,45,1,0,0,0,0,0,0,0,0,0,0,0,5,13.8,0.3,2.0,1.6,0.0,0.01,0.01,0.37,7,8,2,False,1,0,1
200,Anthony,,MID,3,Burnley,,15,,,,,4,1,0,0,0,0,0,0,0,0,0,0,0,3,4.2,14.0,0.0,1.8,0.0,0.03,0.03,0.04,0,1,3,False,0,0,1
201,Benson,,MID,3,Burnley,,15,,,,,0,0,0,0,0,0,0,0,0,0,0,0,0,0,0.0,0.0,0.0,0.0,0.0,0.0,0.0,0.0,0,0,3,False,0,0,0
202,Bruun Larsen,,MID,3,Burnley,,15,,,,,85,2,0,0,0,2,0,0,0,0,0,0,0,10,14.2,9.8,8.0,3.2,0.05,0.02,0.07,1.72,2,10,3,False,2,1,6
203,Boateng,,MID,3,Burnley,,15,,,,,0,0,0,0,0,0,0,0,0,0,0,0,0,0,0.0,0.0,0.0,0.0,0.0,0.0,0.0,0.0,0,0,3,False,0,0,0
204,Churlinov,,MID,3,Burnley,,15,,,,,0,0,0,0,0,0,0,0,0,0,0,0,0,0,0.0,0.0,0.0,0.0,0.0,0.0,0.0,0.0,0,0,3,False,0,0,0
205,Cullen,,MID,3,Burnley,,15,,,,,90,2,0,0,0,2,0,0,0,0,0,0,0,17,10.4,15.2,7.0,3.3,0.06,0.32,0.38,1.77,2,4,3,False,2,1,0
206,Edwards,,MID,3,Burnley,,15,,,,,1,1,0,0,0,0,0,0,0,0,0,0,0,8,4.2,14.0,2.0,2.0,0.0,0.2,0.2,0.04,0,0,3,False,0,0,0
207,Hannibal,,MID,3,Burnley,,15,,,,,0,0,0,0,0,0,0,0,0,0,0,0,0,0,0.0,0.0,0.0,0.0,0.0,0.0,0.0,0.0,0,0,3,False,0,0,0
208,Koleosho,,MID,3,Burnley,,15,,,,,0,0,0,0,0,0,0,0,0,0,0,0,0,0,0.0,0.0,0.0,0.0,0.0,0.0,0.0,0.0,0,0,3,False,0,0,0
209,Laurent,,MID,3,Burnley,,15,,,,,25,0,0,0,0,0,0,0,0,1,0,0,0,3,4.4,1.0,0.0,0.5,0.0,0.0,0.0,0.25,2,5,3,False,1,0,2
210,Tchaouna,,MID,3,Burnley,,15,,,,,0,0,0,0,0,0,0,0,0,0,0,0,0,0,0.0,0.0,0.0,0.0,0.0,0.0,0.0,0.0,0,0,3,False,0,0,0
211,A.Ramsey,,MID,3,Burnley,,15,,,,,0,0,0,0,0,0,0,0,0,0,0,0,0,0,0.0,0.0,0.0,0.0,0.0,0.0,0.0,0.0,0,0,3,False,0,0,0
212,Adewumi,,MID,3,Burnley,,15,,,,,0,0,0,0,0,0,0,0,0,0,0,0,0,0,0.0,0.0,0.0,0.0,0.0,0.0,0.0,0.0,0,0,3,False,0,0,0
213,Banel,,MID,3,Burnley,,15,,,,,0,0,0,0,0,0,0,0,0,0,0,0,0,0,0.0,0.0,0.0,0.0,0.0,0.0,0.0,0.0,0,0,3,False,0,0,0
214,Trésor,,MID,3,Burnley,,15,,,,,0,0,0,0,0,0,0,0,0,0,0,0,0,0,0.0,0.0,0.0,0.0,0.0,0.0,0.0,0.0,0,0,3,False,0,0,0
215,Flemming,,FWD,3,Burnley,,15,,,,,4,5,1,0,0,0,0,0,0,0,0,0,0,14,31.0,1.0,26.0,5.8,1.06,0.0,1.06,0.04,0,1,4,False,1,0,0
216,Amdouni,,FWD,3,Burnley,,15,,,,,0,0,0,0,0,0,0,0,0,0,0,0,0,0,0.0,0.0,0.0,0.0,0.0,0.0,0.0,0.0,0,0,4,False,0,0,0
217,Foster,,FWD,3,Burnley,,15,,,,,45,1,0,0,0,2,0,0,0,0,0,0,0,2,0.0,10.6,5.0,1.5,0.02,0.03,0.05,1.4,0,0,4,False,0,1,0
218,Barnes,,FWD,3,Burnley,,15,,,,,0,0,0,0,0,0,0,0,0,0,0,0,0,0,0.0,0.0,0.0,0.0,0.0,0.0,0.0,0.0,0,0,4,False,0,0,0
219,Obafemi,,FWD,3,Burnley,,15,,,,,0,0,0,0,0,0,0,0,0,0,0,0,0,0,0.0,0.0,0.0,0.0,0.0,0.0,0.0,0.0,0,0,4,False,0,0,0
220,Sánchez,,GK,7,Chelsea,,15,,,,,90,10,0,0,1,0,0,0,0,0,0,5,3,35,40.8,0.0,0.0,4.1,0.0,0.0,0.0,1.42,1,0,1,True,5,1,0
221,Jörgensen,,GK,7,Chelsea,,15,,,,,0,0,0,0,0,0,0,0,0,0,0,0,0,0,0.0,0.0,0.0,0.0,0.0,0.0,0.0,0.0,0,0,1,False,0,0,0
222,Penders,,GK,7,Chelsea,,15,,,,,0,0,0,0,0,0,0,0,0,0,0,0,0,0,0.0,0.0,0.0,0.0,0.0,0.0,0.0,0.0,0,0,1,False,0,0,0
223,Slonina,,GK,7,Chelsea,,15,,,,,0,0,0,0,0,0,0,0,0,0,0,0,0,0,0.0,0.0,0.0,0.0,0.0,0.0,0.0,0.0,0,0,1,False,0,0,0
224,Cucurella,,DEF,7,Chelsea,,15,,,,,90,6,0,0,1,0,0,0,0,0,0,0,0,25,7.2,13.2,10.0,3.0,0.05,0.04,0.09,1.42,2,3,2,False,5,1,1
225,James,,DEF,7,Chelsea,,15,,,,,90,6,0,0,1,0,0,0,0,0,0,0,0,22,18.2,5.0,0.0,2.3,0.0,0.02,0.02,1.42,5,9,2,False,4,1,4
226,Chalobah,,DEF,7,Chelsea,,15,,,,,90,11,0,0,1,0,0,0,0,0,0,0,3,35,27.6,0.8,0.0,2.8,0.0,0.01,0.01,1.42,9,11,2,True,3,1,2
227,Colwill,,DEF,7,Chelsea,,15,,,,,0,0,0,0,0,0,0,0,0,0,0,0,0,0,0.0,0.0,0.0,0.0,0.0,0.0,0.0,0.0,0,0,2,False,0,0,0
228,Gusto,,DEF,7,Chelsea,,15,,,,,90,7,0,0,1,0,0,0,0,0,0,0,1,32,13.8,8.8,2.0,2.5,0.0,0.03,0.03,1.42,2,6,2,False,9,1,4
229,B.Badiashile,,DEF,7,Chelsea,,15,,,,,0,0,0,0,0,0,0,0,0,0,0,0,0,0,0.0,0.0,0.0,0.0,0.0,0.0,0.0,0.0,0,0,2,False,0,0,0
230,Fofana,,DEF,7,Chelsea,,15,,,,,90,9,0,0,1,0,0,0,0,0,0,0,1,32,27.0,0.3,0.0,2.7,0.0,0.0,0.0,1.42,14,15,2,False,7,1,1
231,M.Sarr,,DEF,7,Chelsea,,15,,,,,0,0,0,0,0,0,0,0,0,0,0,0,0,0,0.0,0.0,0.0,0.0,0.0,0.0,0.0,0.0,0,0,2,False,0,0,0
232,Tosin,,DEF,7,Chelsea,,15,,,,,0,0,0,0,0,0,0,0,0,0,0,0,0,0,0.0,0.0,0.0,0.0,0.0,0.0,0.0,0.0,0,0,2,False,0,0,0
233,Acheampong,,DEF,7,Chelsea,,15,,,,,0,0,0,0,0,0,0,0,0,0,0,0,0,0,0.0,0.0,0.0,0.0,0.0,0.0,0.0,0.0,0,0,2,False,0,0,0
234,Anselmino,,DEF,7,Chelsea,,15,,,,,0,0,0,0,0,0,0,0,0,0,0,0,0,0,0.0,0.0,0.0,0.0,0.0,0.0,0.0,0.0,0,0,2,False,0,0,0
235,Palmer,,MID,7,Chelsea,,15,,,,,57,1,0,0,0,0,0,0,0,0,0,0,0,12,14.8,14.2,7.0,3.6,0.07,0.02,0.09,1.39,2,11,3,False,7,1,2
236,Neto,,MID,7,Chelsea,,15,,,,,90,2,0,0,1,0,0,0,0,1,0,0,0,15,16.2,61.7,22.0,10.0,0.07,0.29,0.36,1.42,0,3,3,False,3,1,0
237,Enzo,,MID,7,Chelsea,,15,,,,,90,3,0,0,1,0,0,0,0,0,0,0,0,12,11.8,12.5,18.0,4.2,0.25,0.12,0.37,1.42,1,6,3,False,4,1,1
238,Estêvão,,MID,7,Chelsea,,15,,,,,13,1,0,0,0,0,0,0,0,0,0,0,0,0,0.2,0.3,0.0,0.1,0.0,0.0,0.0,0.03,0,0,3,False,0,0,0
239,Gittens,,MID,7,Chelsea,,15,,,,,0,0,0,0,0,0,0,0,0,0,0,0,0,0,0.0,0.0,0.0,0.0,0.0,0.0,0.0,0.0,0,0,3,False,0,0,0
240,Nkunku,,MID,7,Chelsea,,15,,,,,0,0,0,0,0,0,0,0,0,0,0,0,0,0,0.0,0.0,0.0,0.0,0.0,0.0,0.0,0.0,0,0,3,False,0,0,0
241,Caicedo,,MID,7,Chelsea,,15,,,,,0,0,0,0,0,0,0,0,0,0,0,0,0,0,0.0,0.0,0.0,0.0,0.0,0.0,0.0,0.0,0,0,3,False,0,0,0
242,Dewsbury-Hall,,MID,9,Everton,,15,,,,,90,16,1,1,1,0,0,0,0,0,0,0,3,44,45.6,4.7,31.0,8.1,0.17,0.04,0.21,0.53,6,15,3,True,5,1,4
243,George,,MID,7,Chelsea,,15,,,,,0,0,0,0,0,0,0,0,0,0,0,0,0,0,0.0,0.0,0.0,0.0,0.0,0.0,0.0,0.0,0,0,3,False,0,0,0
244,Lavia,,MID,7,Chelsea,,15,,,,,0,0,0,0,0,0,0,0,0,0,0,0,0,0,0.0,0.0,0.0,0.0,0.0,0.0,0.0,0.0,0,0,3,False,0,0,0
245,Mudryk,,MID,7,Chelsea,,15,,,,,0,0,0,0,0,0,0,0,0,0,0,0,0,0,0.0,0.0,0.0,0.0,0.0,0.0,0.0,0.0,0,0,3,False,0,0,0
246,Andrey Santos,,MID,7,Chelsea,,15,,,,,0,0,0,0,0,0,0,0,0,0,0,0,0,0,0.0,0.0,0.0,0.0,0.0,0.0,0.0,0.0,0,0,3,False,0,0,0
247,D.Essugo,,MID,7,Chelsea,,15,,,,,0,0,0,0,0,0,0,0,0,0,0,0,0,0,0.0,0.0,0.0,0.0,0.0,0.0,0.0,0.0,0,0,3,False,0,0,0
248,Paez,,MID,7,Chelsea,,15,,,,,0,0,0,0,0,0,0,0,0,0,0,0,0,0,0.0,0.0,0.0,0.0,0.0,0.0,0.0,0.0,0,0,3,False,0,0,0
249,João Pedro,,FWD,7,Chelsea,,15,,,,,32,1,0,0,0,0,0,0,0,0,0,0,0,7,4.6,1.3,0.0,0.6,0.0,0.0,0.0,0.03,0,6,4,False,4,0,2
250,Delap,,FWD,7,Chelsea,,15,,,,,31,1,0,0,0,0,0,0,0,0,0,0,0,3,0.0,0.4,13.0,1.3,0.14,0.01,0.15,0.13,0,0,4,False,0,1,0
251,N.Jackson,,FWD,7,Chelsea,,15,,,,,0,0,0,0,0,0,0,0,0,0,0,0,0,0,0.0,0.0,0.0,0.0,0.0,0.0,0.0,0.0,0,0,4,False,0,0,0
252,Marc Guiu,,FWD,7,Chelsea,,15,,,,,58,0,0,0,0,0,0,0,0,1,0,0,0,2,6.6,21.9,13.0,4.2,0.21,0.03,0.24,1.28,2,4,4,False,2,0,0
253,Henderson,,GK,8,Crystal Palace,,15,,,,,90,3,0,0,0,1,0,0,0,0,0,3,0,14,21.6,0.0,0.0,2.2,0.0,0.01,0.01,0.76,1,0,1,False,11,1,0
254,Benitez,,GK,8,Crystal Palace,,15,,,,,0,0,0,0,0,0,0,0,0,0,0,0,0,0,0.0,0.0,0.0,0.0,0.0,0.0,0.0,0.0,0,0,1,False,0,0,0
255,Matthews,,GK,8,Crystal Palace,,15,,,,,0,0,0,0,0,0,0,0,0,0,0,0,0,0,0.0,0.0,0.0,0.0,0.0,0.0,0.0,0.0,0,0,1,False,0,0,0
256,Muñoz,,DEF,8,Crystal Palace,,15,,,,,0,0,0,0,0,0,0,0,0,0,0,0,0,0,0.0,0.0,0.0,0.0,0.0,0.0,0.0,0.0,0,0,2,False,0,0,0
257,Lacroix,,DEF,8,Crystal Palace,,15,,,,,90,2,0,0,0,1,0,0,0,0,0,0,0,9,15.8,0.0,2.0,1.8,0.0,0.0,0.0,0.76,2,6,2,False,4,1,4
258,Mitchell,,DEF,8,Crystal Palace,,15,,,,,90,2,0,0,0,1,0,0,0,0,0,0,0,13,22.2,20.4,0.0,4.3,0.0,0.1,0.1,0.76,5,8,2,False,2,1,3
259,Sosa,,DEF,8,Crystal Palace,,15,,,,,0,0,0,0,0,0,0,0,0,0,0,0,0,0,0.0,0.0,0.0,0.0,0.0,0.0,0.0,0.0,0,0,2,False,0,0,0
260,Guéhi,,DEF,8,Crystal Palace,,15,,,,,90,8,1,0,0,1,0,0,0,0,0,0,0,28,47.4,1.5,33.0,8.2,0.22,0.01,0.23,0.76,3,5,2,False,5,1,2
261,Richards,,DEF,8,Crystal Palace,,15,,,,,90,4,0,0,0,1,0,0,0,0,0,0,0,11,20.4,1.2,2.0,2.4,0.0,0.01,0.01,0.76,9,11,2,False,2,1,2
262,Chadi Riad,,DEF,8,Crystal Palace,,15,,,,,0,0,0,0,0,0,0,0,0,0,0,0,0,0,0.0,0.0,0.0,0.0,0.0,0.0,0.0,0.0,0,0,2,False,0,0,0
263,Clyne,,DEF,8,Crystal Palace,,15,,,,,76,2,0,0,0,1,0,0,0,0,0,0,0,10,17.0,11.7,5.0,3.4,0.2,0.02,0.22,0.61,7,9,2,False,0,1,2
264,Holding,,DEF,8,Crystal Palace,,15,,,,,0,0,0,0,0,0,0,0,0,0,0,0,0,0,0.0,0.0,0.0,0.0,0.0,0.0,0.0,0.0,0,0,2,False,0,0,0
265,Kporha,,DEF,8,Crystal Palace,,15,,,,,0,0,0,0,0,0,0,0,0,0,0,0,0,0,0.0,0.0,0.0,0.0,0.0,0.0,0.0,0.0,0,0,2,False,0,0,0
266,Eze,,MID,1,Arsenal,,15,,,,,45,1,0,0,0,1,0,0,0,0,0,0,0,4,0.0,1.3,0.0,0.1,0.0,0.01,0.01,0.87,0,0,3,False,0,1,0
267,Sarr,,MID,8,Crystal Palace,,15,,,,,0,0,0,0,0,0,0,0,0,0,0,0,0,0,0.0,0.0,0.0,0.0,0.0,0.0,0.0,0.0,0,0,3,False,0,0,0
268,Doucouré,,MID,8,Crystal Palace,,15,,,,,0,0,0,0,0,0,0,0,0,0,0,0,0,0,0.0,0.0,0.0,0.0,0.0,0.0,0.0,0.0,0,0,3,False,0,0,0
269,Esse,,MID,8,Crystal Palace,,15,,,,,0,0,0,0,0,0,0,0,0,0,0,0,0,0,0.0,0.0,0.0,0.0,0.0,0.0,0.0,0.0,0,0,3,False,0,0,0
270,Hughes,,MID,8,Crystal Palace,,15,,,,,0,0,0,0,0,0,0,0,0,0,0,0,0,0,0.0,0.0,0.0,0.0,0.0,0.0,0.0,0.0,0,0,3,False,0,0,0
271,Kamada,,MID,8,Crystal Palace,,15,,,,,90,2,0,0,0,1,0,0,0,0,0,0,0,16,9.4,12.5,2.0,2.4,0.05,0.02,0.07,0.76,2,7,3,False,4,1,1
272,Lerma,,MID,8,Crystal Palace,,15,,,,,25,1,0,0,0,0,0,0,0,0,0,0,0,5,5.0,3.6,0.0,0.9,0.0,0.0,0.0,0.17,1,3,3,False,1,0,1
273,Wharton,,MID,8,Crystal Palace,,15,,,,,90,9,0,1,0,1,0,0,0,0,0,0,2,33,32.8,22.7,2.0,5.8,0.02,0.25,0.26,0.76,5,14,3,False,7,1,2
274,Agbinone,,MID,8,Crystal Palace,,15,,,,,0,0,0,0,0,0,0,0,0,0,0,0,0,0,0.0,0.0,0.0,0.0,0.0,0.0,0.0,0.0,0,0,3,False,0,0,0
275,Ahamada,,MID,8,Crystal Palace,,15,,,,,0,0,0,0,0,0,0,0,0,0,0,0,0,0,0.0,0.0,0.0,0.0,0.0,0.0,0.0,0.0,0,0,3,False,0,0,0
276,Devenny,,MID,8,Crystal Palace,,15,,,,,1,1,0,0,0,0,0,0,0,0,0,0,0,2,0.0,0.2,0.0,0.0,0.0,0.0,0.0,0.09,0,1,3,False,1,0,0
277,Ebiowei,,MID,8,Crystal Palace,,15,,,,,0,0,0,0,0,0,0,0,0,0,0,0,0,0,0.0,0.0,0.0,0.0,0.0,0.0,0.0,0.0,0,0,3,False,0,0,0
278,J.Rak-Sakyi,,MID,8,Crystal Palace,,15,,,,,0,0,0,0,0,0,0,0,0,0,0,0,0,0,0.0,0.0,0.0,0.0,0.0,0.0,0.0,0.0,0,0,3,False,0,0,0
279,M.França,,MID,8,Crystal Palace,,15,,,,,0,0,0,0,0,0,0,0,0,0,0,0,0,0,0.0,0.0,0.0,0.0,0.0,0.0,0.0,0.0,0,0,3,False,0,0,0
280,Ozoh,,MID,8,Crystal Palace,,15,,,,,0,0,0,0,0,0,0,0,0,0,0,0,0,0,0.0,0.0,0.0,0.0,0.0,0.0,0.0,0.0,0,0,3,False,0,0,0
281,Rodney,,MID,8,Crystal Palace,,15,,,,,0,0,0,0,0,0,0,0,0,0,0,0,0,0,0.0,0.0,0.0,0.0,0.0,0.0,0.0,0.0,0,0,3,False,0,0,0
282,Umeh,,MID,8,Crystal Palace,,15,,,,,0,0,0,0,0,0,0,0,0,0,0,0,0,0,0.0,0.0,0.0,0.0,0.0,0.0,0.0,0.0,0,0,3,False,0,0,0
283,Mateta,,FWD,8,Crystal Palace,,15,,,,,65,2,0,0,0,1,0,0,0,0,0,0,0,4,12.0,10.9,25.0,4.8,0.15,0.02,0.17,0.59,2,6,4,False,3,1,1
284,Nketiah,,FWD,8,Crystal Palace,,15,,,,,64,9,1,0,0,1,0,0,0,0,0,0,3,34,41.2,0.6,56.0,9.8,0.48,0.01,0.49,0.59,1,5,4,False,3,1,1
285,Édouard,,FWD,8,Crystal Palace,,15,,,,,0,0,0,0,0,0,0,0,0,0,0,0,0,0,0.0,0.0,0.0,0.0,0.0,0.0,0.0,0.0,0,0,4,False,0,0,0
286,Marsh,,FWD,8,Crystal Palace,,15,,,,,0,0,0,0,0,0,0,0,0,0,0,0,0,0,0.0,0.0,0.0,0.0,0.0,0.0,0.0,0.0,0,0,4,False,0,0,0
287,Pickford,,GK,9,Everton,,15,,,,,90,6,0,0,1,0,0,0,0,0,0,2,0,27,20.2,0.0,0.0,2.0,0.0,0.0,0.0,0.53,2,0,1,False,8,1,0
288,Travers,,GK,9,Everton,,15,,,,,0,0,0,0,0,0,0,0,0,0,0,0,0,0,0.0,0.0,0.0,0.0,0.0,0.0,0.0,0.0,0,0,1,False,0,0,0
289,Tyrer,,GK,9,Everton,,15,,,,,0,0,0,0,0,0,0,0,0,0,0,0,0,0,0.0,0.0,0.0,0.0,0.0,0.0,0.0,0.0,0,0,1,False,0,0,0
290,Branthwaite,,DEF,9,Everton,,15,,,,,0,0,0,0,0,0,0,0,0,0,0,0,0,0,0.0,0.0,0.0,0.0,0.0,0.0,0.0,0.0,0,0,2,False,0,0,0
291,Tarkowski,,DEF,9,Everton,,15,,,,,90,9,0,0,1,0,0,0,0,1,0,0,2,29,29.2,0.3,0.0,3.0,0.0,0.01,0.01,0.53,17,17,2,False,2,1,0
292,Mykolenko,,DEF,9,Everton,,15,,,,,90,5,0,0,1,0,0,0,0,1,0,0,0,27,17.8,9.8,2.0,3.0,0.06,0.1,0.16,0.53,6,8,2,False,5,1,2
293,O'Brien,,DEF,9,Everton,,15,,,,,90,8,0,1,1,0,0,0,0,1,0,0,0,27,24.4,11.4,2.0,3.8,0.0,0.07,0.07,0.53,4,4,2,False,3,1,0
294,Coleman,,DEF,9,Everton,,15,,,,,0,0,0,0,0,0,0,0,0,0,0,0,0,0,0.0,0.0,0.0,0.0,0.0,0.0,0.0,0.0,0,0,2,False,0,0,0
295,Keane,,DEF,9,Everton,,15,,,,,90,9,0,0,1,0,0,0,0,0,0,0,1,28,29.8,0.8,6.0,3.7,0.0,0.0,0.0,0.53,13,14,2,False,3,1,1
296,Patterson,,DEF,9,Everton,,15,,,,,0,0,0,0,0,0,0,0,0,0,0,0,0,0,0.0,0.0,0.0,0.0,0.0,0.0,0.0,0.0,0,0,2,False,0,0,0
297,Dixon,,DEF,9,Everton,,15,,,,,0,0,0,0,0,0,0,0,0,0,0,0,0,0,0.0,0.0,0.0,0.0,0.0,0.0,0.0,0.0,0,0,2,False,0,0,0
298,Welch,,DEF,9,Everton,,15,,,,,0,0,0,0,0,0,0,0,0,0,0,0,0,0,0.0,0.0,0.0,0.0,0.0,0.0,0.0,0.0,0,0,2,False,0,0,0
299,Ndiaye,,MID,9,Everton,,15,,,,,90,8,0,1,1,0,0,0,0,0,0,0,0,25,25.6,14.5,24.0,6.4,0.18,0.16,0.34,0.53,1,12,3,False,9,1,2
300,McNeil,,MID,9,Everton,,15,,,,,17,1,0,0,0,0,0,0,0,0,0,0,0,4,8.8,25.9,0.0,3.5,0.0,0.12,0.12,0.03,1,6,3,False,4,0,1
301,Alcaraz,,MID,9,Everton,,15,,,,,72,3,0,0,1,0,0,0,0,0,0,0,0,4,1.8,14.8,6.0,2.3,0.0,0.03,0.03,0.5,1,7,3,False,5,1,1
302,Gana,,MID,9,Everton,,15,,,,,0,0,0,0,0,0,0,0,0,0,0,0,0,0,0.0,0.0,0.0,0.0,0.0,0.0,0.0,0.0,0,0,3,False,0,0,0
303,Garner,,MID,9,Everton,,15,,,,,90,3,0,0,1,0,0,0,0,0,0,0,0,19,16.0,2.7,19.0,3.8,0.16,0.02,0.18,0.53,3,7,3,False,1,1,3
304,Iroegbunam,,MID,9,Everton,,15,,,,,0,0,0,0,0,0,0,0,0,0,0,0,0,0,0.0,0.0,0.0,0.0,0.0,0.0,0.0,0.0,0,0,3,False,0,0,0
305,Armstrong,,MID,9,Everton,,15,,,,,0,0,0,0,0,0,0,0,0,0,0,0,0,0,0.0,0.0,0.0,0.0,0.0,0.0,0.0,0.0,0,0,3,False,0,0,0
306,Bates,,MID,9,Everton,,15,,,,,0,0,0,0,0,0,0,0,0,0,0,0,0,0,0.0,0.0,0.0,0.0,0.0,0.0,0.0,0.0,0,0,3,False,0,0,0
307,Ebere,,MID,9,Everton,,15,,,,,0,0,0,0,0,0,0,0,0,0,0,0,0,0,0.0,0.0,0.0,0.0,0.0,0.0,0.0,0.0,0,0,3,False,0,0,0
308,Heath,,MID,9,Everton,,15,,,,,0,0,0,0,0,0,0,0,0,0,0,0,0,0,0.0,0.0,0.0,0.0,0.0,0.0,0.0,0.0,0,0,3,False,0,0,0
309,Metcalfe,,MID,9,Everton,,15,,,,,0,0,0,0,0,0,0,0,0,0,0,0,0,0,0.0,0.0,0.0,0.0,0.0,0.0,0.0,0.0,0,0,3,False,0,0,0
310,Barry,,FWD,9,Everton,,15,,,,,61,5,1,0,1,0,0,0,0,1,0,0,0,23,27.0,1.8,19.0,4.8,0.36,0.01,0.37,0.21,0,2,4,False,2,1,0
311,Beto,,FWD,9,Everton,,15,,,,,28,1,0,0,0,0,0,0,0,0,0,0,0,1,0.0,0.3,11.0,0.9,0.19,0.01,0.2,0.32,0,0,4,False,0,0,0
312,Y.Chermiti,,FWD,9,Everton,,15,,,,,0,0,0,0,0,0,0,0,0,0,0,0,0,0,0.0,0.0,0.0,0.0,0.0,0.0,0.0,0.0,0,0,4,False,0,0,0
313,Sherif,,FWD,9,Everton,,15,,,,,0,0,0,0,0,0,0,0,0,0,0,0,0,0,0.0,0.0,0.0,0.0,0.0,0.0,0.0,0.0,0,0,4,False,0,0,0
314,Leno,,GK,10,Fulham,,15,,,,,90,2,0,0,0,2,0,0,0,0,0,3,0,8,28.4,0.0,0.0,2.8,0.0,0.0,0.0,1.65,0,0,1,False,5,1,0
315,Benda,,GK,10,Fulham,,15,,,,,0,0,0,0,0,0,0,0,0,0,0,0,0,0,0.0,0.0,0.0,0.0,0.0,0.0,0.0,0.0,0,0,1,False,0,0,0
316,Robinson,,DEF,10,Fulham,,15,,,,,0,0,0,0,0,0,0,0,0,0,0,0,0,0,0.0,0.0,0.0,0.0,0.0,0.0,0.0,0.0,0,0,2,False,0,0,0
317,Andersen,,DEF,10,Fulham,,15,,,,,90,1,0,0,0,2,0,0,0,0,0,0,0,14,31.4,26.3,4.0,6.2,0.0,0.19,0.19,1.65,7,7,2,False,5,1,0
318,Bassey,,DEF,10,Fulham,,15,,,,,90,3,0,0,0,2,0,0,0,0,0,0,0,8,33.8,3.0,2.0,3.9,0.01,0.05,0.06,1.65,8,10,2,False,5,1,2
319,Castagne,,DEF,10,Fulham,,15,,,,,90,1,0,0,0,2,0,0,0,0,0,0,0,6,9.8,14.1,2.0,2.6,0.0,0.02,0.02,1.65,2,3,2,False,3,1,1
320,Diop,,DEF,10,Fulham,,15,,,,,0,0,0,0,0,0,0,0,0,0,0,0,0,0,0.0,0.0,0.0,0.0,0.0,0.0,0.0,0.0,0,0,2,False,0,0,0
321,J.Cuenca,,DEF,10,Fulham,,15,,,,,0,0,0,0,0,0,0,0,0,0,0,0,0,0,0.0,0.0,0.0,0.0,0.0,0.0,0.0,0.0,0,0,2,False,0,0,0
322,Tete,,DEF,10,Fulham,,15,,,,,90,3,0,0,0,2,0,0,0,0,0,0,0,13,34.0,17.9,13.0,6.5,0.06,0.05,0.11,1.65,8,12,2,False,7,1,4
323,Amissah,,DEF,10,Fulham,,15,,,,,0,0,0,0,0,0,0,0,0,0,0,0,0,0,0.0,0.0,0.0,0.0,0.0,0.0,0.0,0.0,0,0,2,False,0,0,0
324,Iwobi,,MID,10,Fulham,,15,,,,,88,2,0,0,0,2,0,0,0,0,0,0,0,19,17.2,38.5,17.0,7.3,0.09,0.31,0.4,1.65,0,6,3,False,3,1,3
325,Smith Rowe,,MID,10,Fulham,,15,,,,,67,2,0,0,0,1,0,0,0,0,0,0,0,8,6.0,3.3,24.0,3.3,0.27,0.01,0.28,0.98,2,5,3,False,3,1,0
326,Adama,,MID,10,Fulham,,15,,,,,1,1,0,0,0,0,0,0,0,0,0,0,0,3,0.2,1.8,0.0,0.2,0.0,0.0,0.0,0.0,0,0,3,False,0,0,0
327,Andreas,,MID,10,Fulham,,15,,,,,0,0,0,0,0,0,0,0,0,0,0,0,0,0,0.0,0.0,0.0,0.0,0.0,0.0,0.0,0.0,0,0,3,False,0,0,0
328,Sessegnon,,MID,10,Fulham,,15,,,,,0,0,0,0,0,0,0,0,0,0,0,0,0,0,0.0,0.0,0.0,0.0,0.0,0.0,0.0,0.0,0,0,3,False,0,0,0
329,Wilson,,MID,10,Fulham,,15,,,,,88,8,1,0,0,2,0,0,0,0,0,0,1,30,41.0,17.3,28.0,8.6,0.14,0.05,0.19,1.65,3,5,3,False,2,1,0
330,Berge,,MID,10,Fulham,,15,,,,,75,2,0,0,0,1,0,0,0,0,0,0,0,14,11.6,14.3,2.0,2.8,0.0,0.03,0.03,0.98,2,5,3,False,2,1,1
331,Cairney,,MID,10,Fulham,,15,,,,,2,1,0,0,0,0,0,0,0,0,0,0,0,4,2.6,4.3,0.0,0.7,0.0,0.06,0.06,0.0,0,0,3,False,0,0,0
332,Lukić,,MID,10,Fulham,,15,,,,,14,1,0,0,0,1,0,0,0,0,0,0,0,5,1.4,0.3,0.0,0.2,0.0,0.0,0.0,0.68,1,4,3,False,3,0,0
333,Godo,,MID,10,Fulham,,15,,,,,0,0,0,0,0,0,0,0,0,0,0,0,0,0,0.0,0.0,0.0,0.0,0.0,0.0,0.0,0.0,0,0,3,False,0,0,0
334,Harris,,MID,10,Fulham,,15,,,,,0,0,0,0,0,0,0,0,0,0,0,0,0,0,0.0,0.0,0.0,0.0,0.0,0.0,0.0,0.0,0,0,3,False,0,0,0
335,King,,MID,10,Fulham,,15,,,,,14,1,0,0,0,1,0,0,0,0,0,0,0,2,2.4,0.3,0.0,0.3,0.0,0.0,0.0,0.68,1,1,3,False,0,0,0
336,Reed,,MID,10,Fulham,,15,,,,,0,0,0,0,0,0,0,0,0,0,0,0,0,0,0.0,0.0,0.0,0.0,0.0,0.0,0.0,0.0,0,0,3,False,0,0,0
337,Raúl,,FWD,10,Fulham,,15,,,,,90,5,0,1,0,2,0,0,0,0,0,0,0,11,20.4,21.2,16.0,5.8,0.13,0.05,0.18,1.65,2,5,4,False,3,1,0
338,Muniz,,FWD,10,Fulham,,15,,,,,0,0,0,0,0,0,0,0,0,0,0,0,0,0,0.0,0.0,0.0,0.0,0.0,0.0,0.0,0.0,0,0,4,False,0,0,0
339,Meslier,,GK,11,Leeds,,15,,,,,0,0,0,0,0,0,0,0,0,0,0,0,0,0,0.0,0.0,0.0,0.0,0.0,0.0,0.0,0.0,0,0,1,False,0,0,0
340,Cairns,,GK,11,Leeds,,15,,,,,0,0,0,0,0,0,0,0,0,0,0,0,0,0,0.0,0.0,0.0,0.0,0.0,0.0,0.0,0.0,0,0,1,False,0,0,0
341,Darlow,,GK,11,Leeds,,15,,,,,0,0,0,0,0,0,0,0,0,0,0,0,0,0,0.0,0.0,0.0,0.0,0.0,0.0,0.0,0.0,0,0,1,False,0,0,0
342,Bogle,,DEF,11,Leeds,,15,,,,,90,0,0,0,0,3,0,0,0,1,0,0,0,-9,1.8,1.5,0.0,0.3,0.0,0.0,0.0,1.88,4,4,2,False,5,1,0
343,Struijk,,DEF,11,Leeds,,15,,,,,90,0,0,0,0,3,0,0,0,1,0,0,0,0,14.4,11.8,6.0,3.2,0.07,0.02,0.09,1.91,4,5,2,False,6,1,1
344,Bijol,,DEF,11,Leeds,,15,,,,,64,1,0,0,0,2,0,0,0,0,0,0,0,7,18.2,0.5,4.0,2.3,0.0,0.0,0.0,1.24,5,7,2,False,1,1,2
345,Bornauw,,DEF,11,Leeds,,15,,,,,1,1,0,0,0,0,0,0,0,0,0,0,0,3,0.2,0.0,0.0,0.0,0.0,0.0,0.0,0.03,0,0,2,False,0,0,0
346,Byram,,DEF,11,Leeds,,15,,,,,0,0,0,0,0,0,0,0,0,0,0,0,0,0,0.0,0.0,0.0,0.0,0.0,0.0,0.0,0.0,0,0,2,False,0,0,0
347,Gudmundsson,,DEF,11,Leeds,,15,,,,,90,0,0,0,0,3,0,0,0,1,0,0,0,-2,12.0,30.3,1.0,4.3,0.04,0.1,0.14,1.91,3,3,2,False,4,1,0
348,Rodon,,DEF,11,Leeds,,15,,,,,90,1,0,0,0,3,0,0,0,0,0,0,0,2,21.4,2.2,0.0,2.4,0.0,0.01,0.01,1.91,8,9,2,False,4,1,1
349,Schmidt,,DEF,11,Leeds,,15,,,,,0,0,0,0,0,0,0,0,0,0,0,0,0,0,0.0,0.0,0.0,0.0,0.0,0.0,0.0,0.0,0,0,2,False,0,0,0
350,Aaronson,,MID,11,Leeds,,15,,,,,25,4,0,1,0,1,0,0,0,0,0,0,0,14,20.6,11.2,19.0,5.1,0.02,0.02,0.04,0.67,0,0,3,False,0,0,0
351,Gnonto,,MID,11,Leeds,,15,,,,,25,4,0,1,0,1,0,0,0,0,0,0,0,13,0.6,3.9,2.0,0.7,0.0,0.01,0.01,0.67,0,0,3,False,0,0,0
352,Harrison,,MID,11,Leeds,,15,,,,,0,0,0,0,0,0,0,0,0,0,0,0,0,0,0.0,0.0,0.0,0.0,0.0,0.0,0.0,0.0,0,0,3,False,0,0,0
353,James,,MID,11,Leeds,,15,,,,,0,0,0,0,0,0,0,0,0,0,0,0,0,0,0.0,0.0,0.0,0.0,0.0,0.0,0.0,0.0,0,0,3,False,0,0,0
354,Ampadu,,MID,11,Leeds,,15,,,,,86,2,0,0,0,3,0,0,0,0,0,0,0,15,9.0,2.0,0.0,1.1,0.0,0.05,0.05,1.88,3,8,3,False,4,1,1
355,Greenwood,,MID,11,Leeds,,15,,,,,0,0,0,0,0,0,0,0,0,0,0,0,0,0,0.0,0.0,0.0,0.0,0.0,0.0,0.0,0.0,0,0,3,False,0,0,0
356,Gruev,,MID,11,Leeds,,15,,,,,64,2,0,0,0,2,0,0,0,0,0,0,0,10,1.2,1.5,0.0,0.3,0.0,0.0,0.0,1.24,0,4,3,False,3,1,1
357,Ramazani,,MID,11,Leeds,,15,,,,,0,0,0,0,0,0,0,0,0,0,0,0,0,0,0.0,0.0,0.0,0.0,0.0,0.0,0.0,0.0,0,0,3,False,0,0,0
358,Tanaka,,MID,11,Leeds,,15,,,,,25,6,1,0,0,1,0,0,0,0,0,0,0,25,41.4,2.5,40.0,8.4,0.2,0.03,0.23,0.67,1,3,3,False,1,0,1
359,Crew,,MID,11,Leeds,,15,,,,,0,0,0,0,0,0,0,0,0,0,0,0,0,0,0.0,0.0,0.0,0.0,0.0,0.0,0.0,0.0,0,0,3,False,0,0,0
360,Gelhardt,,MID,11,Leeds,,15,,,,,0,0,0,0,0,0,0,0,0,0,0,0,0,0,0.0,0.0,0.0,0.0,0.0,0.0,0.0,0.0,0,0,3,False,0,0,0
361,Gyabi,,MID,11,Leeds,,15,,,,,0,0,0,0,0,0,0,0,0,0,0,0,0,0,0.0,0.0,0.0,0.0,0.0,0.0,0.0,0.0,0,0,3,False,0,0,0
362,Piroe,,FWD,11,Leeds,,15,,,,,3,1,0,0,0,0,0,0,0,0,0,0,0,2,0.0,0.8,0.0,0.0,0.0,0.0,0.0,0.03,0,0,4,False,0,0,0
363,Bamford,,FWD,11,Leeds,,15,,,,,0,0,0,0,0,0,0,0,0,0,0,0,0,0,0.0,0.0,0.0,0.0,0.0,0.0,0.0,0.0,0,0,4,False,0,0,0
364,Mateo Joseph,,FWD,11,Leeds,,15,,,,,0,0,0,0,0,0,0,0,0,0,0,0,0,0,0.0,0.0,0.0,0.0,0.0,0.0,0.0,0.0,0,0,4,False,0,0,0
365,Nmecha,,FWD,11,Leeds,,15,,,,,0,0,0,0,0,0,0,0,0,0,0,0,0,0,0.0,0.0,0.0,0.0,0.0,0.0,0.0,0.0,0,0,4,False,0,0,0
366,A.Becker,,GK,12,Liverpool,,15,,,,,90,1,0,0,0,3,0,0,0,0,0,2,0,2,15.4,0.0,0.0,1.5,0.0,0.0,0.0,1.51,0,0,1,False,10,1,0
367,Mamardashvili,,GK,12,Liverpool,,15,,,,,0,0,0,0,0,0,0,0,0,0,0,0,0,0,0.0,0.0,0.0,0.0,0.0,0.0,0.0,0.0,0,0,1,False,0,0,0
368,Pécsi,,GK,12,Liverpool,,15,,,,,0,0,0,0,0,0,0,0,0,0,0,0,0,0,0.0,0.0,0.0,0.0,0.0,0.0,0.0,0.0,0,0,1,False,0,0,0
369,Woodman,,GK,12,Liverpool,,15,,,,,0,0,0,0,0,0,0,0,0,0,0,0,0,0,0.0,0.0,0.0,0.0,0.0,0.0,0.0,0.0,0,0,1,False,0,0,0
370,Frimpong,,DEF,12,Liverpool,,15,,,,,0,0,0,0,0,0,0,0,0,0,0,0,0,0,0.0,0.0,0.0,0.0,0.0,0.0,0.0,0.0,0,0,2,False,0,0,0
371,Kerkez,,DEF,12,Liverpool,,15,,,,,90,1,0,0,0,3,0,0,0,0,0,0,0,2,22.0,18.8,3.0,4.4,0.02,0.04,0.06,1.51,2,6,2,False,1,1,4
372,Robertson,,DEF,12,Liverpool,,15,,,,,0,0,0,0,0,0,0,0,0,0,0,0,0,0,0.0,0.0,0.0,0.0,0.0,0.0,0.0,0.0,0,0,2,False,0,0,0
373,Virgil,,DEF,12,Liverpool,,15,,,,,90,2,0,0,0,3,0,0,0,1,0,0,0,2,38.8,1.4,23.0,6.3,0.09,0.02,0.11,1.51,16,16,2,False,1,1,0
374,Konaté,,DEF,12,Liverpool,,15,,,,,90,1,0,0,0,3,0,0,0,0,0,0,0,4,15.8,1.8,17.0,3.5,0.05,0.02,0.07,1.51,6,8,2,False,4,1,2
375,Bradley,,DEF,12,Liverpool,,15,,,,,67,5,0,0,1,0,0,0,0,1,0,0,0,25,9.4,16.8,6.0,3.2,0.0,0.17,0.17,0.31,1,4,2,False,6,1,3
376,Gomez,,DEF,12,Liverpool,,15,,,,,22,-1,0,0,0,3,0,0,0,1,0,0,0,-12,2.4,0.3,0.0,0.3,0.0,0.0,0.0,1.19,2,3,2,False,1,0,1
377,Tsimikas,,DEF,12,Liverpool,,15,,,,,0,0,0,0,0,0,0,0,0,0,0,0,0,0,0.0,0.0,0.0,0.0,0.0,0.0,0.0,0.0,0,0,2,False,0,0,0
378,Nallo,,DEF,12,Liverpool,,15,,,,,0,0,0,0,0,0,0,0,0,0,0,0,0,0,0.0,0.0,0.0,0.0,0.0,0.0,0.0,0.0,0,0,2,False,0,0,0
379,R.Williams,,DEF,12,Liverpool,,15,,,,,0,0,0,0,0,0,0,0,0,0,0,0,0,0,0.0,0.0,0.0,0.0,0.0,0.0,0.0,0.0,0,0,2,False,0,0,0
380,Ramsay,,DEF,12,Liverpool,,15,,,,,0,0,0,0,0,0,0,0,0,0,0,0,0,0,0.0,0.0,0.0,0.0,0.0,0.0,0.0,0.0,0,0,2,False,0,0,0
381,M.Salah,,MID,12,Liverpool,,15,,,,,0,0,0,0,0,0,0,0,0,0,0,0,0,0,0.0,0.0,0.0,0.0,0.0,0.0,0.0,0.0,0,0,3,False,0,0,0
382,Wirtz,,MID,12,Liverpool,,15,,,,,67,3,0,0,1,0,0,0,0,0,0,0,0,11,5.4,29.6,2.0,3.7,0.0,0.06,0.06,0.31,0,1,3,False,1,1,0
383,Luis Díaz,,MID,12,Liverpool,,15,,,,,0,0,0,0,0,0,0,0,0,0,0,0,0,0,0.0,0.0,0.0,0.0,0.0,0.0,0.0,0.0,0,0,3,False,0,0,0
384,Gakpo,,MID,12,Liverpool,,15,,,,,82,2,0,0,0,2,0,0,0,0,0,0,0,11,7.8,17.8,30.0,5.6,0.18,0.1,0.28,1.24,1,3,3,False,2,1,0
385,Chiesa,,MID,12,Liverpool,,15,,,,,0,0,0,0,0,0,0,0,0,0,0,0,0,0,0.0,0.0,0.0,0.0,0.0,0.0,0.0,0.0,0,0,3,False,0,0,0
386,Mac Allister,,MID,12,Liverpool,,15,,,,,22,1,0,0,0,3,0,0,0,0,0,0,0,6,4.8,0.1,0.0,0.5,0.0,0.0,0.0,1.19,0,4,3,False,2,0,2
387,Szoboszlai,,MID,12,Liverpool,,15,,,,,90,8,1,0,0,3,0,0,0,0,0,0,1,37,45.0,57.9,20.0,12.3,0.54,0.25,0.79,1.51,1,8,3,False,5,1,2
388,C.Jones,,MID,12,Liverpool,,15,,,,,90,2,0,0,0,3,0,0,0,0,0,0,0,19,14.4,28.8,1.0,4.4,0.02,0.04,0.06,1.51,2,9,3,False,6,1,1
389,Elliott,,MID,2,Aston Villa,,15,,,,,0,0,0,0,0,0,0,0,0,0,0,0,0,0,0.0,0.0,0.0,0.0,0.0,0.0,0.0,0.0,0,0,3,False,0,0,0
390,Gravenberch,,MID,12,Liverpool,,15,,,,,90,5,0,1,0,3,0,0,0,0,0,0,0,29,26.0,13.8,2.0,4.2,0.0,0.05,0.05,1.51,3,10,3,False,6,1,1
391,Gannon-Doak,,MID,4,Bournemouth,,15,,,,,0,0,0,0,0,0,0,0,0,0,0,0,0,0,0.0,0.0,0.0,0.0,0.0,0.0,0.0,0.0,0,0,3,False,0,0,0
392,Endo,,MID,12,Liverpool,,15,,,,,7,1,0,0,0,1,0,0,0,0,0,0,0,3,2.4,0.2,0.0,0.3,0.0,0.0,0.0,0.27,0,1,3,False,0,0,1
393,Bajcetic,,MID,12,Liverpool,,15,,,,,0,0,0,0,0,0,0,0,0,0,0,0,0,0,0.0,0.0,0.0,0.0,0.0,0.0,0.0,0.0,0,0,3,False,0,0,0
394,McConnell,,MID,12,Liverpool,,15,,,,,0,0,0,0,0,0,0,0,0,0,0,0,0,0,0.0,0.0,0.0,0.0,0.0,0.0,0.0,0.0,0,0,3,False,0,0,0
395,Morton,,MID,12,Liverpool,,15,,,,,0,0,0,0,0,0,0,0,0,0,0,0,0,0,0.0,0.0,0.0,0.0,0.0,0.0,0.0,0.0,0,0,3,False,0,0,0
396,Nyoni,,MID,12,Liverpool,,15,,,,,0,0,0,0,0,0,0,0,0,0,0,0,0,0,0.0,0.0,0.0,0.0,0.0,0.0,0.0,0.0,0,0,3,False,0,0,0
397,Darwin,,FWD,12,Liverpool,,15,,,,,0,0,0,0,0,0,0,0,0,0,0,0,0,0,0.0,0.0,0.0,0.0,0.0,0.0,0.0,0.0,0,0,4,False,0,0,0
398,Danns,,FWD,12,Liverpool,,15,,,,,0,0,0,0,0,0,0,0,0,0,0,0,0,0,0.0,0.0,0.0,0.0,0.0,0.0,0.0,0.0,0,0,4,False,0,0,0
399,Ederson M.,,GK,13,Man City,,15,,,,,0,0,0,0,0,0,0,0,0,0,0,0,0,0,0.0,0.0,0.0,0.0,0.0,0.0,0.0,0.0,0,0,1,False,0,0,0
400,Ortega Moreno,,GK,13,Man City,,15,,,,,0,0,0,0,0,0,0,0,0,0,0,0,0,0,0.0,0.0,0.0,0.0,0.0,0.0,0.0,0.0,0,0,1,False,0,0,0
401,Bettinelli,,GK,13,Man City,,15,,,,,0,0,0,0,0,0,0,0,0,0,0,0,0,0,0.0,0.0,0.0,0.0,0.0,0.0,0.0,0.0,0,0,1,False,0,0,0
402,Aït-Nouri,,DEF,13,Man City,,15,,,,,0,0,0,0,0,0,0,0,0,0,0,0,0,0,0.0,0.0,0.0,0.0,0.0,0.0,0.0,0.0,0,0,2,False,0,0,0
403,Gvardiol,,DEF,13,Man City,,15,,,,,69,12,1,0,1,0,0,0,0,1,0,0,1,37,46.8,3.4,33.0,8.3,0.17,0.02,0.19,0.66,4,4,2,True,3,1,0
404,Akanji,,DEF,13,Man City,,15,,,,,0,0,0,0,0,0,0,0,0,0,0,0,0,0,0.0,0.0,0.0,0.0,0.0,0.0,0.0,0.0,0,0,2,False,0,0,0
405,Aké,,DEF,13,Man City,,15,,,,,20,1,0,0,0,0,0,0,0,0,0,0,0,3,2.0,0.1,0.0,0.2,0.0,0.0,0.0,0.05,1,1,2,False,0,0,0
406,Khusanov,,DEF,13,Man City,,15,,,,,0,0,0,0,0,0,0,0,0,0,0,0,0,0,0.0,0.0,0.0,0.0,0.0,0.0,0.0,0.0,0,0,2,False,0,0,0
407,Matheus N.,,DEF,13,Man City,,15,,,,,90,6,0,0,1,0,0,0,0,0,0,0,0,32,21.4,7.8,4.0,3.3,0.0,0.05,0.05,0.71,5,6,2,False,8,1,1
408,Rúben,,DEF,13,Man City,,15,,,,,90,14,1,0,1,0,0,0,0,0,0,0,2,44,57.2,16.5,12.0,8.6,0.07,0.04,0.11,0.71,8,8,2,True,2,1,0
409,Stones,,DEF,13,Man City,,15,,,,,0,0,0,0,0,0,0,0,0,0,0,0,0,0,0.0,0.0,0.0,0.0,0.0,0.0,0.0,0.0,0,0,2,False,0,0,0
410,Lewis,,DEF,13,Man City,,15,,,,,8,1,0,0,0,0,0,0,0,0,0,0,0,3,0.8,1.4,0.0,0.2,0.0,0.0,0.0,0.02,0,0,2,False,1,0,0
411,O’Reilly,,DEF,13,Man City,,15,,,,,90,6,0,0,1,0,0,0,0,0,0,0,0,36,16.4,8.4,8.0,3.3,0.1,0.07,0.17,0.71,4,8,2,False,4,1,4
412,Vitor Reis,,DEF,13,Man City,,15,,,,,0,0,0,0,0,0,0,0,0,0,0,0,0,0,0.0,0.0,0.0,0.0,0.0,0.0,0.0,0.0,0,0,2,False,0,0,0
413,Marmoush,,MID,13,Man City,,15,,,,,21,1,0,0,0,0,0,0,0,0,0,0,0,2,0.0,0.1,2.0,0.2,0.0,0.0,0.0,0.05,0,1,3,False,1,0,0
414,Foden,,MID,13,Man City,,15,,,,,68,12,1,1,1,0,0,0,0,0,0,0,1,37,51.6,30.9,41.0,12.4,0.92,0.15,1.07,0.66,0,3,3,False,2,1,1
415,Savinho,,MID,13,Man City,,15,,,,,8,1,0,0,0,0,0,0,0,0,0,0,0,1,1.0,14.8,2.0,1.8,0.0,0.04,0.04,0.02,0,1,3,False,1,0,0
416,Bernardo,,MID,13,Man City,,15,,,,,81,3,0,0,1,0,0,0,0,0,0,0,0,11,2.0,7.3,8.0,1.7,0.03,0.04,0.07,0.69,1,5,3,False,3,1,1
417,Cherki,,MID,13,Man City,,15,,,,,81,12,0,2,1,0,0,0,0,0,0,0,3,48,56.2,91.4,43.0,19.1,0.17,1.07,1.24,0.69,0,6,3,True,6,1,0
418,Doku,,MID,13,Man City,,15,,,,,90,3,0,0,1,0,0,0,0,0,0,0,0,23,15.8,60.6,34.0,11.0,0.16,0.24,0.4,0.71,0,4,3,False,4,1,0
419,Grealish,,MID,9,Everton,,15,,,,,85,3,0,0,1,0,0,0,0,0,0,0,0,8,10.8,32.6,12.0,5.5,0.0,0.25,0.25,0.5,2,7,3,False,4,1,1
420,Gündoğan,,MID,13,Man City,,15,,,,,0,0,0,0,0,0,0,0,0,0,0,0,0,0,0.0,0.0,0.0,0.0,0.0,0.0,0.0,0.0,0,0,3,False,0,0,0
421,Rodrigo,,MID,13,Man City,,15,,,,,0,0,0,0,0,0,0,0,0,0,0,0,0,0,0.0,0.0,0.0,0.0,0.0,0.0,0.0,0.0,0,0,3,False,0,0,0
422,Kovačić,,MID,13,Man City,,15,,,,,0,0,0,0,0,0,0,0,0,0,0,0,0,0,0.0,0.0,0.0,0.0,0.0,0.0,0.0,0.0,0,0,3,False,0,0,0
423,N.Gonzalez,,MID,13,Man City,,15,,,,,90,3,0,0,1,0,0,0,0,0,0,0,0,13,9.8,15.1,2.0,2.7,0.09,0.05,0.14,0.71,2,8,3,False,5,1,1
424,Bobb,,MID,13,Man City,,15,,,,,0,0,0,0,0,0,0,0,0,0,0,0,0,0,0.0,0.0,0.0,0.0,0.0,0.0,0.0,0.0,0,0,3,False,0,0,0
425,Echeverri,,MID,13,Man City,,15,,,,,0,0,0,0,0,0,0,0,0,0,0,0,0,0,0.0,0.0,0.0,0.0,0.0,0.0,0.0,0.0,0,0,3,False,0,0,0
426,McAtee,,MID,16,Nott'm Forest,,15,,,,,0,0,0,0,0,0,0,0,0,0,0,0,0,0,0.0,0.0,0.0,0.0,0.0,0.0,0.0,0.0,0,0,3,False,0,0,0
427,Reijnders,,MID,13,Man City,,15,,,,,21,1,0,0,0,0,0,0,0,0,0,0,0,1,0.0,3.9,4.0,0.6,0.28,0.0,0.28,0.05,0,0,3,False,0,0,0
428,Nypan,,MID,13,Man City,,15,,,,,0,0,0,0,0,0,0,0,0,0,0,0,0,0,0.0,0.0,0.0,0.0,0.0,0.0,0.0,0.0,0,0,3,False,0,0,0
429,Phillips,,MID,13,Man City,,15,,,,,0,0,0,0,0,0,0,0,0,0,0,0,0,0,0.0,0.0,0.0,0.0,0.0,0.0,0.0,0.0,0,0,3,False,0,0,0
430,Haaland,,FWD,13,Man City,,15,,,,,68,2,0,0,1,0,0,0,0,0,0,0,0,5,5.6,0.8,9.0,1.5,0.43,0.01,0.44,0.66,2,3,4,False,1,1,0
431,Bayindir,,GK,14,Man Utd,,15,,,,,0,0,0,0,0,0,0,0,0,0,0,0,0,0,0.0,0.0,0.0,0.0,0.0,0.0,0.0,0.0,0,0,1,False,0,0,0
432,Onana,,GK,14,Man Utd,,15,,,,,0,0,0,0,0,0,0,0,0,0,0,0,0,0,0.0,0.0,0.0,0.0,0.0,0.0,0.0,0.0,0,0,1,False,0,0,0
433,Harrison,,GK,14,Man Utd,,15,,,,,0,0,0,0,0,0,0,0,0,0,0,0,0,0,0.0,0.0,0.0,0.0,0.0,0.0,0.0,0.0,0,0,1,False,0,0,0
434,Heaton,,GK,14,Man Utd,,15,,,,,0,0,0,0,0,0,0,0,0,0,0,0,0,0,0.0,0.0,0.0,0.0,0.0,0.0,0.0,0.0,0,0,1,False,0,0,0
435,Mee,,GK,14,Man Utd,,15,,,,,0,0,0,0,0,0,0,0,0,0,0,0,0,0,0.0,0.0,0.0,0.0,0.0,0.0,0.0,0.0,0,0,1,False,0,0,0
436,De Ligt,,DEF,14,Man Utd,,15,,,,,0,0,0,0,0,0,0,0,0,0,0,0,0,0,0.0,0.0,0.0,0.0,0.0,0.0,0.0,0.0,0,0,2,False,0,0,0
437,Martinez,,DEF,14,Man Utd,,15,,,,,21,1,0,0,0,0,0,0,0,0,0,0,0,5,4.8,1.4,0.0,0.6,0.0,0.0,0.0,0.07,1,1,2,False,4,0,0
438,Mazraoui,,DEF,14,Man Utd,,15,,,,,68,2,0,0,0,1,0,0,0,0,0,0,0,11,14.4,17.0,2.0,3.3,0.02,0.03,0.04,0.34,7,7,2,False,1,1,0
439,D.Leon,,DEF,14,Man Utd,,15,,,,,0,0,0,0,0,0,0,0,0,0,0,0,0,0,0.0,0.0,0.0,0.0,0.0,0.0,0.0,0.0,0,0,2,False,0,0,0
440,Dalot,,DEF,14,Man Utd,,15,,,,,83,5,0,1,0,1,0,0,0,0,0,0,0,20,37.2,42.4,19.0,9.9,0.14,0.21,0.35,0.35,6,7,2,False,4,1,1
441,Dorgu,,DEF,14,Man Utd,,15,,,,,6,1,0,0,0,0,0,0,0,0,0,0,0,3,0.4,0.4,2.0,0.3,0.0,0.0,0.0,0.05,0,0,2,False,1,0,0
442,Maguire,,DEF,14,Man Utd,,15,,,,,0,0,0,0,0,0,0,0,0,0,0,0,0,0,0.0,0.0,0.0,0.0,0.0,0.0,0.0,0.0,0,0,2,False,0,0,0
443,Shaw,,DEF,14,Man Utd,,15,,,,,90,2,0,0,0,1,0,0,0,0,0,0,0,11,15.2,11.7,2.0,2.9,0.0,0.08,0.08,0.41,3,6,2,False,0,1,3
444,Yoro,,DEF,14,Man Utd,,15,,,,,21,1,0,0,0,0,0,0,0,0,0,0,0,6,7.8,1.0,0.0,0.9,0.0,0.01,0.01,0.07,1,3,2,False,0,0,2
445,Amass,,DEF,14,Man Utd,,15,,,,,0,0,0,0,0,0,0,0,0,0,0,0,0,0,0.0,0.0,0.0,0.0,0.0,0.0,0.0,0.0,0,0,2,False,0,0,0
446,Fredricson,,DEF,14,Man Utd,,15,,,,,0,0,0,0,0,0,0,0,0,0,0,0,0,0,0.0,0.0,0.0,0.0,0.0,0.0,0.0,0.0,0,0,2,False,0,0,0
447,Heaven,,DEF,14,Man Utd,,15,,,,,68,2,0,0,0,1,0,0,0,0,0,0,0,14,15.8,0.6,4.0,2.0,0.03,0.0,0.03,0.34,8,8,2,False,3,1,0
448,Malacia,,DEF,14,Man Utd,,15,,,,,0,0,0,0,0,0,0,0,0,0,0,0,0,0,0.0,0.0,0.0,0.0,0.0,0.0,0.0,0.0,0,0,2,False,0,0,0
449,B.Fernandes,,MID,14,Man Utd,,15,,,,,90,18,2,1,0,1,0,0,0,0,0,0,3,74,98.6,82.0,48.0,22.9,1.16,0.85,2.01,0.41,0,8,3,True,7,1,1
450,Cunha,,MID,14,Man Utd,,15,,,,,90,5,0,1,0,1,0,0,0,0,0,0,0,26,35.8,28.9,56.0,12.1,0.85,0.31,1.16,0.41,1,7,3,False,2,1,4
451,Rashford,,MID,14,Man Utd,,15,,,,,0,0,0,0,0,0,0,0,0,0,0,0,0,0,0.0,0.0,0.0,0.0,0.0,0.0,0.0,0.0,0,0,3,False,0,0,0
452,Amad,,MID,14,Man Utd,,15,,,,,90,6,0,1,0,1,0,0,0,0,0,0,1,27,14.8,48.6,28.0,9.1,0.16,0.24,0.4,0.41,2,6,3,False,3,1,1
453,Garnacho,,MID,7,Chelsea,,15,,,,,76,3,0,0,1,0,0,0,0,0,0,0,0,8,2.6,21.8,11.0,3.5,0.13,0.19,0.32,1.39,0,3,3,False,3,1,0
454,Antony,,MID,14,Man Utd,,15,,,,,0,0,0,0,0,0,0,0,0,0,0,0,0,0,0.0,0.0,0.0,0.0,0.0,0.0,0.0,0.0,0,0,3,False,0,0,0
455,Mount,,MID,14,Man Utd,,15,,,,,83,7,1,0,0,1,0,0,0,0,0,0,0,22,32.2,6.8,24.0,6.3,0.58,0.12,0.7,0.35,0,4,3,False,4,1,0
456,Sancho,,MID,2,Aston Villa,,15,,,,,15,1,0,0,0,0,0,0,0,0,0,0,0,9,5.4,22.3,2.0,3.0,0.0,0.4,0.4,0.05,0,0,3,False,0,0,0
457,Casemiro,,MID,14,Man Utd,,15,,,,,77,2,0,0,0,1,0,0,0,0,0,0,0,10,16.2,15.3,8.0,4.0,0.04,0.02,0.06,0.35,6,9,3,False,2,1,1
458,Mainoo,,MID,14,Man Utd,,15,,,,,12,1,0,0,0,0,0,0,0,0,0,0,0,4,0.6,1.2,0.0,0.2,0.0,0.01,0.01,0.05,0,0,3,False,0,0,0
459,Ugarte,,MID,14,Man Utd,,15,,,,,0,0,0,0,0,0,0,0,0,0,0,0,0,0,0.0,0.0,0.0,0.0,0.0,0.0,0.0,0.0,0,0,3,False,0,0,0
460,Collyer,,MID,14,Man Utd,,15,,,,,0,0,0,0,0,0,0,0,0,0,0,0,0,0,0.0,0.0,0.0,0.0,0.0,0.0,0.0,0.0,0,0,3,False,0,0,0
461,Fitzgerald,,MID,14,Man Utd,,15,,,,,0,0,0,0,0,0,0,0,0,0,0,0,0,0,0.0,0.0,0.0,0.0,0.0,0.0,0.0,0.0,0,0,3,False,0,0,0
462,J.Fletcher,,MID,14,Man Utd,,15,,,,,0,0,0,0,0,0,0,0,0,0,0,0,0,0,0.0,0.0,0.0,0.0,0.0,0.0,0.0,0.0,0,0,3,False,0,0,0
463,Kone,,MID,14,Man Utd,,15,,,,,0,0,0,0,0,0,0,0,0,0,0,0,0,0,0.0,0.0,0.0,0.0,0.0,0.0,0.0,0.0,0,0,3,False,0,0,0
464,Moorhouse,,MID,14,Man Utd,,15,,,,,0,0,0,0,0,0,0,0,0,0,0,0,0,0,0.0,0.0,0.0,0.0,0.0,0.0,0.0,0.0,0,0,3,False,0,0,0
465,Højlund,,FWD,14,Man Utd,,15,,,,,0,0,0,0,0,0,0,0,0,0,0,0,0,0,0.0,0.0,0.0,0.0,0.0,0.0,0.0,0.0,0,0,4,False,0,0,0
466,Zirkzee,,FWD,14,Man Utd,,15,,,,,6,0,0,0,0,0,0,0,0,1,0,0,0,0,0.0,1.5,0.0,0.1,0.0,0.01,0.01,0.05,0,1,4,False,1,0,0
467,Obi,,FWD,14,Man Utd,,15,,,,,0,0,0,0,0,0,0,0,0,0,0,0,0,0,0.0,0.0,0.0,0.0,0.0,0.0,0.0,0.0,0,0,4,False,0,0,0
468,Wheatley,,FWD,14,Man Utd,,15,,,,,0,0,0,0,0,0,0,0,0,0,0,0,0,0,0.0,0.0,0.0,0.0,0.0,0.0,0.0,0.0,0,0,4,False,0,0,0
469,Pope,,GK,15,Newcastle,,15,,,,,0,0,0,0,0,0,0,0,0,0,0,0,0,0,0.0,0.0,0.0,0.0,0.0,0.0,0.0,0.0,0,0,1,False,0,0,0
470,Dúbravka,,GK,3,Burnley,,15,,,,,90,3,0,0,0,2,0,0,0,0,0,6,0,13,32.6,0.0,0.0,3.3,0.0,0.0,0.0,1.77,4,0,1,False,8,1,0
471,Gillespie,,GK,15,Newcastle,,15,,,,,0,0,0,0,0,0,0,0,0,0,0,0,0,0,0.0,0.0,0.0,0.0,0.0,0.0,0.0,0.0,0,0,1,False,0,0,0
472,Odysseas,,GK,15,Newcastle,,15,,,,,0,0,0,0,0,0,0,0,0,0,0,0,0,0,0.0,0.0,0.0,0.0,0.0,0.0,0.0,0.0,0,0,1,False,0,0,0
473,Hall,,DEF,15,Newcastle,,15,,,,,27,1,0,0,0,1,0,0,0,0,0,0,0,12,19.4,13.0,19.0,5.1,0.11,0.02,0.13,1.06,3,6,2,False,0,0,3
474,Schär,,DEF,15,Newcastle,,15,,,,,90,2,0,0,0,1,0,0,0,0,0,0,0,9,22.4,1.8,8.0,3.2,0.11,0.01,0.12,1.61,3,6,2,False,5,1,3
475,Botman,,DEF,15,Newcastle,,15,,,,,0,0,0,0,0,0,0,0,0,0,0,0,0,0,0.0,0.0,0.0,0.0,0.0,0.0,0.0,0.0,0,0,2,False,0,0,0
476,Burn,,DEF,15,Newcastle,,15,,,,,62,7,0,0,1,0,0,0,0,0,0,0,1,28,9.4,2.0,2.0,1.3,0.0,0.02,0.02,0.55,4,5,2,False,3,1,1
477,Livramento,,DEF,15,Newcastle,,15,,,,,90,1,0,0,0,1,0,0,0,1,0,0,0,17,21.8,32.3,4.0,5.8,0.0,0.07,0.07,1.61,3,7,2,False,10,1,4
478,Trippier,,DEF,15,Newcastle,,15,,,,,0,0,0,0,0,0,0,0,0,0,0,0,0,0,0.0,0.0,0.0,0.0,0.0,0.0,0.0,0.0,0,0,2,False,0,0,0
479,Krafth,,DEF,15,Newcastle,,15,,,,,0,0,0,0,0,0,0,0,0,0,0,0,0,0,0.0,0.0,0.0,0.0,0.0,0.0,0.0,0.0,0,0,2,False,0,0,0
480,Lascelles,,DEF,15,Newcastle,,15,,,,,0,0,0,0,0,0,0,0,0,0,0,0,0,0,0.0,0.0,0.0,0.0,0.0,0.0,0.0,0.0,0,0,2,False,0,0,0
481,A.Murphy,,DEF,15,Newcastle,,15,,,,,0,0,0,0,0,0,0,0,0,0,0,0,0,0,0.0,0.0,0.0,0.0,0.0,0.0,0.0,0.0,0,0,2,False,0,0,0
482,Ashby,,DEF,15,Newcastle,,15,,,,,0,0,0,0,0,0,0,0,0,0,0,0,0,0,0.0,0.0,0.0,0.0,0.0,0.0,0.0,0.0,0,0,2,False,0,0,0
483,Pivas,,DEF,15,Newcastle,,15,,,,,0,0,0,0,0,0,0,0,0,0,0,0,0,0,0.0,0.0,0.0,0.0,0.0,0.0,0.0,0.0,0,0,2,False,0,0,0
484,Targett,,DEF,15,Newcastle,,15,,,,,0,0,0,0,0,0,0,0,0,0,0,0,0,0,0.0,0.0,0.0,0.0,0.0,0.0,0.0,0.0,0,0,2,False,0,0,0
485,Gordon,,MID,15,Newcastle,,15,,,,,73,10,1,0,1,0,0,0,0,0,0,0,2,32,41.0,28.9,26.0,9.6,0.85,0.51,1.36,0.55,3,5,3,False,2,1,0
486,Elanga,,MID,15,Newcastle,,15,,,,,90,2,0,0,0,1,0,0,0,0,0,0,0,7,5.8,5.5,15.0,2.6,0.18,0.04,0.22,1.61,0,1,3,False,0,1,1
487,Barnes,,MID,15,Newcastle,,15,,,,,0,0,0,0,0,0,0,0,0,0,0,0,0,0,0.0,0.0,0.0,0.0,0.0,0.0,0.0,0.0,0,0,3,False,0,0,0
488,Bruno G.,,MID,15,Newcastle,,15,,,,,90,10,1,0,0,1,0,0,0,0,0,0,3,44,47.6,19.2,26.0,9.3,0.14,0.24,0.38,1.61,0,7,3,False,6,1,1
489,J.Murphy,,MID,15,Newcastle,,15,,,,,0,0,0,0,0,0,0,0,0,0,0,0,0,0,0.0,0.0,0.0,0.0,0.0,0.0,0.0,0.0,0,0,3,False,0,0,0
490,Joelinton,,MID,15,Newcastle,,15,,,,,16,1,0,0,0,1,0,0,0,0,0,0,0,6,4.4,12.8,0.0,1.7,0.0,0.01,0.01,1.06,0,3,3,False,2,0,1
491,Tonali,,MID,15,Newcastle,,15,,,,,1,1,0,0,0,0,0,0,0,0,0,0,0,3,0.0,0.0,0.0,0.0,0.0,0.0,0.0,0.23,0,1,3,False,1,0,0
492,Antoñito C.,,MID,15,Newcastle,,15,,,,,0,0,0,0,0,0,0,0,0,0,0,0,0,0,0.0,0.0,0.0,0.0,0.0,0.0,0.0,0.0,0,0,3,False,0,0,0
493,Longstaff,,MID,11,Leeds,,15,,,,,0,0,0,0,0,0,0,0,0,0,0,0,0,0,0.0,0.0,0.0,0.0,0.0,0.0,0.0,0.0,0,0,3,False,0,0,0
494,Willock,,MID,15,Newcastle,,15,,,,,62,3,0,0,1,0,0,0,0,0,0,0,0,14,7.2,14.9,5.0,2.7,0.08,0.02,0.1,0.55,1,3,3,False,0,1,2
495,Hayden,,MID,15,Newcastle,,15,,,,,0,0,0,0,0,0,0,0,0,0,0,0,0,0,0.0,0.0,0.0,0.0,0.0,0.0,0.0,0.0,0,0,3,False,0,0,0
496,Kuol,,MID,15,Newcastle,,15,,,,,0,0,0,0,0,0,0,0,0,0,0,0,0,0,0.0,0.0,0.0,0.0,0.0,0.0,0.0,0.0,0,0,3,False,0,0,0
497,L.Miley,,MID,15,Newcastle,,15,,,,,27,1,0,0,0,1,0,0,0,0,0,0,0,4,5.2,11.6,2.0,1.9,0.0,0.02,0.02,1.06,1,1,3,False,0,0,0
498,White,,MID,15,Newcastle,,15,,,,,0,0,0,0,0,0,0,0,0,0,0,0,0,0,0.0,0.0,0.0,0.0,0.0,0.0,0.0,0.0,0,0,3,False,0,0,0
499,Isak,,FWD,12,Liverpool,,15,,,,,6,1,0,0,0,1,0,0,0,0,0,0,0,2,0.0,0.3,4.0,0.2,0.03,0.0,0.03,0.27,0,0,4,False,0,0,0
500,Osula,,FWD,15,Newcastle,,15,,,,,0,0,0,0,0,0,0,0,0,0,0,0,0,0,0.0,0.0,0.0,0.0,0.0,0.0,0.0,0.0,0,0,4,False,0,0,0
501,Neave,,FWD,15,Newcastle,,15,,,,,0,0,0,0,0,0,0,0,0,0,0,0,0,0,0.0,0.0,0.0,0.0,0.0,0.0,0.0,0.0,0,0,4,False,0,0,0
502,Sels,,GK,16,Nott'm Forest,,15,,,,,90,2,0,0,0,3,0,0,0,0,0,3,0,3,22.4,0.0,0.0,2.2,0.0,0.0,0.0,1.12,1,0,1,False,5,1,0
503,C.Miguel,,GK,16,Nott'm Forest,,15,,,,,0,0,0,0,0,0,0,0,0,0,0,0,0,0,0.0,0.0,0.0,0.0,0.0,0.0,0.0,0.0,0,0,1,False,0,0,0
504,Turner,,GK,16,Nott'm Forest,,15,,,,,0,0,0,0,0,0,0,0,0,0,0,0,0,0,0.0,0.0,0.0,0.0,0.0,0.0,0.0,0.0,0,0,1,False,0,0,0
505,Milenković,,DEF,16,Nott'm Forest,,15,,,,,90,0,0,0,0,3,1,0,0,1,0,0,0,-4,17.8,0.7,8.0,2.7,0.03,0.0,0.03,1.12,11,11,2,False,4,1,0
506,Murillo,,DEF,16,Nott'm Forest,,15,,,,,0,0,0,0,0,0,0,0,0,0,0,0,0,0,0.0,0.0,0.0,0.0,0.0,0.0,0.0,0.0,0,0,2,False,0,0,0
507,Aina,,DEF,16,Nott'm Forest,,15,,,,,0,0,0,0,0,0,0,0,0,0,0,0,0,0,0.0,0.0,0.0,0.0,0.0,0.0,0.0,0.0,0,0,2,False,0,0,0
508,N.Williams,,DEF,16,Nott'm Forest,,15,,,,,90,1,0,0,0,3,0,0,0,0,0,0,0,8,21.4,16.8,5.0,4.3,0.07,0.11,0.18,1.12,3,5,2,False,4,1,2
509,David Carmo,,DEF,16,Nott'm Forest,,15,,,,,0,0,0,0,0,0,0,0,0,0,0,0,0,0,0.0,0.0,0.0,0.0,0.0,0.0,0.0,0.0,0,0,2,False,0,0,0
510,Jair Cunha,,DEF,16,Nott'm Forest,,15,,,,,0,0,0,0,0,0,0,0,0,0,0,0,0,0,0.0,0.0,0.0,0.0,0.0,0.0,0.0,0.0,0,0,2,False,0,0,0
511,Morato,,DEF,16,Nott'm Forest,,15,,,,,90,2,0,0,0,3,0,0,0,1,0,0,0,-2,27.4,0.8,0.0,2.8,0.0,0.0,0.0,1.12,9,11,2,False,1,1,2
512,O.Richards,,DEF,16,Nott'm Forest,,15,,,,,0,0,0,0,0,0,0,0,0,0,0,0,0,0,0.0,0.0,0.0,0.0,0.0,0.0,0.0,0.0,0,0,2,False,0,0,0
513,Abbott,,DEF,16,Nott'm Forest,,15,,,,,45,1,0,0,0,1,0,0,0,0,0,0,0,5,15.6,0.6,0.0,1.6,0.0,0.0,0.0,0.63,6,7,2,False,1,0,1
514,Boly,,DEF,16,Nott'm Forest,,15,,,,,0,0,0,0,0,0,0,0,0,0,0,0,0,0,0.0,0.0,0.0,0.0,0.0,0.0,0.0,0.0,0,0,2,False,0,0,0
515,Gibbs-White,,MID,16,Nott'm Forest,,15,,,,,90,2,0,0,0,3,0,0,0,0,0,0,0,7,5.6,3.0,2.0,1.1,0.0,0.01,0.01,1.12,2,6,3,False,3,1,1
516,Hudson-Odoi,,MID,16,Nott'm Forest,,15,,,,,45,1,0,0,0,1,0,0,0,0,0,0,0,0,0.0,1.3,1.0,0.1,0.03,0.01,0.04,0.63,0,1,3,False,1,0,0
517,Anderson,,MID,16,Nott'm Forest,,15,,,,,90,4,0,0,0,3,0,0,0,0,0,0,0,27,25.2,17.6,17.0,6.0,0.04,0.03,0.07,1.12,2,19,3,False,11,1,6
518,Jota,,MID,16,Nott'm Forest,,15,,,,,0,0,0,0,0,0,0,0,0,0,0,0,0,0,0.0,0.0,0.0,0.0,0.0,0.0,0.0,0.0,0,0,3,False,0,0,0
519,Dominguez,,MID,16,Nott'm Forest,,15,,,,,28,1,0,0,0,1,0,0,0,0,0,0,0,3,8.4,0.0,4.0,1.2,0.29,0.0,0.29,0.41,1,5,3,False,2,0,2
520,O'Brien,,MID,16,Nott'm Forest,,15,,,,,0,0,0,0,0,0,0,0,0,0,0,0,0,0,0.0,0.0,0.0,0.0,0.0,0.0,0.0,0.0,0,0,3,False,0,0,0
521,Sangaré,,MID,16,Nott'm Forest,,15,,,,,45,1,0,0,0,2,0,0,0,0,0,0,0,10,6.4,2.0,0.0,0.8,0.0,0.01,0.01,0.48,3,8,3,False,3,1,2
522,Yates,,MID,16,Nott'm Forest,,15,,,,,16,1,0,0,0,0,0,0,0,0,0,0,0,6,1.6,0.4,0.0,0.2,0.0,0.0,0.0,0.23,0,1,3,False,0,0,1
523,Da Silva Moreira,,MID,16,Nott'm Forest,,15,,,,,0,0,0,0,0,0,0,0,0,0,0,0,0,0,0.0,0.0,0.0,0.0,0.0,0.0,0.0,0.0,0,0,3,False,0,0,0
524,Stamenic,,MID,16,Nott'm Forest,,15,,,,,0,0,0,0,0,0,0,0,0,0,0,0,0,0,0.0,0.0,0.0,0.0,0.0,0.0,0.0,0.0,0,0,3,False,0,0,0
525,Wood,,FWD,16,Nott'm Forest,,15,,,,,0,0,0,0,0,0,0,0,0,0,0,0,0,0,0.0,0.0,0.0,0.0,0.0,0.0,0.0,0.0,0,0,4,False,0,0,0
526,Igor Jesus,,FWD,16,Nott'm Forest,,15,,,,,90,2,0,0,0,3,0,0,0,0,0,0,0,11,10.4,10.5,34.0,5.5,0.07,0.0,0.07,1.12,2,5,4,False,1,1,2
527,Awoniyi,,FWD,16,Nott'm Forest,,15,,,,,0,0,0,0,0,0,0,0,0,0,0,0,0,0,0.0,0.0,0.0,0.0,0.0,0.0,0.0,0.0,0,0,4,False,0,0,0
528,Patterson,,GK,17,Sunderland,,15,,,,,0,0,0,0,0,0,0,0,0,0,0,0,0,0,0.0,0.0,0.0,0.0,0.0,0.0,0.0,0.0,0,0,1,False,0,0,0
529,Moore,,GK,17,Sunderland,,15,,,,,0,0,0,0,0,0,0,0,0,0,0,0,0,0,0.0,0.0,0.0,0.0,0.0,0.0,0.0,0.0,0,0,1,False,0,0,0
530,Nna Noukeu,,GK,17,Sunderland,,15,,,,,0,0,0,0,0,0,0,0,0,0,0,0,0,0,0.0,0.0,0.0,0.0,0.0,0.0,0.0,0.0,0,0,1,False,0,0,0
531,Ballard,,DEF,17,Sunderland,,15,,,,,90,1,0,0,0,3,0,0,0,0,0,0,0,2,19.4,0.1,2.0,2.2,0.0,0.0,0.0,2.42,5,7,2,False,2,1,2
532,Hume,,DEF,17,Sunderland,,15,,,,,87,1,0,0,0,3,0,0,0,0,0,0,0,3,12.2,1.6,0.0,1.4,0.0,0.01,0.01,2.27,2,7,2,False,3,1,5
533,Alese,,DEF,17,Sunderland,,15,,,,,0,0,0,0,0,0,0,0,0,0,0,0,0,0,0.0,0.0,0.0,0.0,0.0,0.0,0.0,0.0,0,0,2,False,0,0,0
534,Anderson,,DEF,17,Sunderland,,15,,,,,0,0,0,0,0,0,0,0,0,0,0,0,0,0,0.0,0.0,0.0,0.0,0.0,0.0,0.0,0.0,0,0,2,False,0,0,0
535,Cirkin,,DEF,17,Sunderland,,15,,,,,0,0,0,0,0,0,0,0,0,0,0,0,0,0,0.0,0.0,0.0,0.0,0.0,0.0,0.0,0.0,0,0,2,False,0,0,0
536,Hjelde,,DEF,17,Sunderland,,15,,,,,0,0,0,0,0,0,0,0,0,0,0,0,0,0,0.0,0.0,0.0,0.0,0.0,0.0,0.0,0.0,0,0,2,False,0,0,0
537,Huggins,,DEF,17,Sunderland,,15,,,,,0,0,0,0,0,0,0,0,0,0,0,0,0,0,0.0,0.0,0.0,0.0,0.0,0.0,0.0,0.0,0,0,2,False,0,0,0
538,Johnson,,DEF,17,Sunderland,,15,,,,,0,0,0,0,0,0,0,0,0,0,0,0,0,0,0.0,0.0,0.0,0.0,0.0,0.0,0.0,0.0,0,0,2,False,0,0,0
539,O'Nien,,DEF,17,Sunderland,,15,,,,,3,-2,0,0,0,0,0,0,0,0,1,0,0,-7,0.0,0.4,0.0,0.0,0.0,0.0,0.0,0.15,0,0,2,False,0,0,0
540,Pembele,,DEF,17,Sunderland,,15,,,,,0,0,0,0,0,0,0,0,0,0,0,0,0,0,0.0,0.0,0.0,0.0,0.0,0.0,0.0,0.0,0,0,2,False,0,0,0
541,Reinildo,,DEF,17,Sunderland,,15,,,,,0,0,0,0,0,0,0,0,0,0,0,0,0,0,0.0,0.0,0.0,0.0,0.0,0.0,0.0,0.0,0,0,2,False,0,0,0
542,Seelt,,DEF,17,Sunderland,,15,,,,,0,0,0,0,0,0,0,0,0,0,0,0,0,0,0.0,0.0,0.0,0.0,0.0,0.0,0.0,0.0,0,0,2,False,0,0,0
543,Adingra,,MID,17,Sunderland,,15,,,,,18,1,0,0,0,0,0,0,0,0,0,0,0,2,0.0,1.0,0.0,0.1,0.0,0.0,0.0,0.56,1,1,3,False,0,0,0
544,Diarra,,MID,17,Sunderland,,15,,,,,0,0,0,0,0,0,0,0,0,0,0,0,0,0,0.0,0.0,0.0,0.0,0.0,0.0,0.0,0.0,0,0,3,False,0,0,0
545,Roberts,,MID,17,Sunderland,,15,,,,,0,0,0,0,0,0,0,0,0,0,0,0,0,0,0.0,0.0,0.0,0.0,0.0,0.0,0.0,0.0,0,0,3,False,0,0,0
546,Aleksić,,MID,17,Sunderland,,15,,,,,0,0,0,0,0,0,0,0,0,0,0,0,0,0,0.0,0.0,0.0,0.0,0.0,0.0,0.0,0.0,0,0,3,False,0,0,0
547,E.Le Fée,,MID,17,Sunderland,,15,,,,,90,2,0,0,0,3,0,0,0,0,0,0,0,16,9.6,5.6,1.0,1.6,0.02,0.01,0.03,2.42,0,10,3,False,5,1,5
548,Mundle,,MID,17,Sunderland,,15,,,,,17,1,0,0,0,0,0,0,0,0,0,0,0,1,0.0,0.9,3.0,0.2,0.04,0.01,0.05,0.56,0,2,3,False,2,0,0
549,Neil,,MID,17,Sunderland,,15,,,,,0,0,0,0,0,0,0,0,0,0,0,0,0,0,0.0,0.0,0.0,0.0,0.0,0.0,0.0,0.0,0,0,3,False,0,0,0
550,Poveda,,MID,17,Sunderland,,15,,,,,0,0,0,0,0,0,0,0,0,0,0,0,0,0,0.0,0.0,0.0,0.0,0.0,0.0,0.0,0.0,0,0,3,False,0,0,0
551,Rigg,,MID,17,Sunderland,,15,,,,,0,0,0,0,0,0,0,0,0,0,0,0,0,0,0.0,0.0,0.0,0.0,0.0,0.0,0.0,0.0,0,0,3,False,0,0,0
552,Sadiki,,MID,17,Sunderland,,15,,,,,71,2,0,0,0,3,0,0,0,0,0,0,0,9,9.6,0.5,1.0,1.1,0.06,0.0,0.06,1.86,4,7,3,False,3,1,0
553,Talbi,,MID,17,Sunderland,,15,,,,,34,1,0,0,0,1,0,0,0,0,0,0,0,7,7.6,24.7,0.0,3.2,0.0,0.04,0.04,1.44,1,4,3,False,2,0,1
554,Ba,,MID,17,Sunderland,,15,,,,,0,0,0,0,0,0,0,0,0,0,0,0,0,0,0.0,0.0,0.0,0.0,0.0,0.0,0.0,0.0,0,0,3,False,0,0,0
555,Browne,,MID,17,Sunderland,,15,,,,,0,0,0,0,0,0,0,0,0,0,0,0,0,0,0.0,0.0,0.0,0.0,0.0,0.0,0.0,0.0,0,0,3,False,0,0,0
556,Ekwah,,MID,17,Sunderland,,15,,,,,0,0,0,0,0,0,0,0,0,0,0,0,0,0,0.0,0.0,0.0,0.0,0.0,0.0,0.0,0.0,0,0,3,False,0,0,0
557,H.Jones,,MID,17,Sunderland,,15,,,,,0,0,0,0,0,0,0,0,0,0,0,0,0,0,0.0,0.0,0.0,0.0,0.0,0.0,0.0,0.0,0,0,3,False,0,0,0
558,Matete,,MID,17,Sunderland,,15,,,,,0,0,0,0,0,0,0,0,0,0,0,0,0,0,0.0,0.0,0.0,0.0,0.0,0.0,0.0,0.0,0,0,3,False,0,0,0
559,Triantis,,MID,17,Sunderland,,15,,,,,0,0,0,0,0,0,0,0,0,0,0,0,0,0,0.0,0.0,0.0,0.0,0.0,0.0,0.0,0.0,0,0,3,False,0,0,0
560,Isidor,,FWD,17,Sunderland,,15,,,,,55,1,0,0,0,2,0,0,0,0,0,0,0,3,5.0,0.3,22.0,2.7,0.45,0.0,0.45,0.98,1,6,4,False,4,1,1
561,Mayenda,,FWD,17,Sunderland,,15,,,,,0,0,0,0,0,0,0,0,0,0,0,0,0,0,0.0,0.0,0.0,0.0,0.0,0.0,0.0,0.0,0,0,4,False,0,0,0
562,Abdullahi,,FWD,17,Sunderland,,15,,,,,0,0,0,0,0,0,0,0,0,0,0,0,0,0,0.0,0.0,0.0,0.0,0.0,0.0,0.0,0.0,0,0,4,False,0,0,0
563,Luís Hemir,,FWD,17,Sunderland,,15,,,,,0,0,0,0,0,0,0,0,0,0,0,0,0,0,0.0,0.0,0.0,0.0,0.0,0.0,0.0,0.0,0,0,4,False,0,0,0
564,Rusyn,,FWD,17,Sunderland,,15,,,,,0,0,0,0,0,0,0,0,0,0,0,0,0,0,0.0,0.0,0.0,0.0,0.0,0.0,0.0,0.0,0,0,4,False,0,0,0
565,Vicario,,GK,18,Spurs,,15,,,,,90,6,0,0,1,0,0,0,0,0,0,1,0,24,12.0,0.0,0.0,1.2,0.0,0.0,0.0,0.29,0,0,1,False,10,1,0
566,Austin,,GK,18,Spurs,,15,,,,,0,0,0,0,0,0,0,0,0,0,0,0,0,0,0.0,0.0,0.0,0.0,0.0,0.0,0.0,0.0,0,0,1,False,0,0,0
567,Kinsky,,GK,18,Spurs,,15,,,,,0,0,0,0,0,0,0,0,0,0,0,0,0,0,0.0,0.0,0.0,0.0,0.0,0.0,0.0,0.0,0,0,1,False,0,0,0
568,Pedro Porro,,DEF,18,Spurs,,15,,,,,90,5,0,0,1,0,0,0,0,1,0,0,0,26,20.6,35.1,8.0,6.4,0.0,0.1,0.1,0.29,6,8,2,False,3,1,2
569,Romero,,DEF,18,Spurs,,15,,,,,80,6,0,0,1,0,0,0,0,1,0,0,1,29,13.8,10.5,4.0,2.8,0.02,0.01,0.03,0.08,6,8,2,False,4,1,2
570,Danso,,DEF,18,Spurs,,15,,,,,9,1,0,0,0,0,0,0,0,0,0,0,0,2,2.0,0.1,4.0,0.6,0.03,0.0,0.03,0.21,2,2,2,False,0,0,0
571,Davies,,DEF,18,Spurs,,15,,,,,0,0,0,0,0,0,0,0,0,0,0,0,0,0,0.0,0.0,0.0,0.0,0.0,0.0,0.0,0.0,0,0,2,False,0,0,0
572,Dragusin,,DEF,18,Spurs,,15,,,,,0,0,0,0,0,0,0,0,0,0,0,0,0,0,0.0,0.0,0.0,0.0,0.0,0.0,0.0,0.0,0,0,2,False,0,0,0
573,Spence,,DEF,18,Spurs,,15,,,,,90,6,0,0,1,0,0,0,0,0,0,0,0,25,14.4,17.0,21.0,5.2,0.29,0.19,0.48,0.29,4,4,2,False,4,1,0
574,Udogie,,DEF,18,Spurs,,15,,,,,0,0,0,0,0,0,0,0,0,0,0,0,0,0,0.0,0.0,0.0,0.0,0.0,0.0,0.0,0.0,0,0,2,False,0,0,0
575,Van de Ven,,DEF,18,Spurs,,15,,,,,90,6,0,0,1,0,0,0,0,0,0,0,0,25,14.8,1.2,4.0,2.0,0.05,0.01,0.06,0.29,7,7,2,False,4,1,0
576,Phillips,,DEF,18,Spurs,,15,,,,,0,0,0,0,0,0,0,0,0,0,0,0,0,0,0.0,0.0,0.0,0.0,0.0,0.0,0.0,0.0,0,0,2,False,0,0,0
577,Takai,,DEF,18,Spurs,,15,,,,,0,0,0,0,0,0,0,0,0,0,0,0,0,0,0.0,0.0,0.0,0.0,0.0,0.0,0.0,0.0,0,0,2,False,0,0,0
578,Vuskovic,,DEF,18,Spurs,,15,,,,,0,0,0,0,0,0,0,0,0,0,0,0,0,0,0.0,0.0,0.0,0.0,0.0,0.0,0.0,0.0,0,0,2,False,0,0,0
579,Son,,MID,18,Spurs,,15,,,,,0,0,0,0,0,0,0,0,0,0,0,0,0,0,0.0,0.0,0.0,0.0,0.0,0.0,0.0,0.0,0,0,3,False,0,0,0
580,Johnson,,MID,18,Spurs,,15,,,,,0,0,0,0,0,0,0,0,0,0,0,0,0,0,0.0,0.0,0.0,0.0,0.0,0.0,0.0,0.0,0,0,3,False,0,0,0
581,Maddison,,MID,18,Spurs,,15,,,,,0,0,0,0,0,0,0,0,0,0,0,0,0,0,0.0,0.0,0.0,0.0,0.0,0.0,0.0,0.0,0,0,3,False,0,0,0
582,Kudus,,MID,18,Spurs,,15,,,,,79,3,0,0,1,0,0,0,0,0,0,0,0,25,18.4,35.5,13.0,6.7,0.06,0.22,0.28,0.08,0,9,3,False,8,1,1
583,Kulusevski,,MID,18,Spurs,,15,,,,,0,0,0,0,0,0,0,0,0,0,0,0,0,0,0.0,0.0,0.0,0.0,0.0,0.0,0.0,0.0,0,0,3,False,0,0,0
584,Tel,,MID,18,Spurs,,15,,,,,0,0,0,0,0,0,0,0,0,0,0,0,0,0,0.0,0.0,0.0,0.0,0.0,0.0,0.0,0.0,0,0,3,False,0,0,0
585,Bentancur,,MID,18,Spurs,,15,,,,,64,5,0,0,1,0,0,0,0,0,0,0,0,16,12.6,5.8,2.0,2.0,0.03,0.03,0.06,0.07,6,15,3,False,7,1,2
586,Bergvall,,MID,18,Spurs,,15,,,,,0,0,0,0,0,0,0,0,0,0,0,0,0,0,0.0,0.0,0.0,0.0,0.0,0.0,0.0,0.0,0,0,3,False,0,0,0
587,Bissouma,,MID,18,Spurs,,15,,,,,0,0,0,0,0,0,0,0,0,0,0,0,0,0,0.0,0.0,0.0,0.0,0.0,0.0,0.0,0.0,0,0,3,False,0,0,0
588,Odobert,,MID,18,Spurs,,15,,,,,16,1,0,0,0,0,0,0,0,0,0,0,0,3,1.2,0.3,0.0,0.2,0.0,0.0,0.0,0.21,0,1,3,False,1,0,0
589,Solomon,,MID,18,Spurs,,15,,,,,0,0,0,0,0,0,0,0,0,0,0,0,0,0,0.0,0.0,0.0,0.0,0.0,0.0,0.0,0.0,0,0,3,False,0,0,0
590,Bryan,,MID,18,Spurs,,15,,,,,0,0,0,0,0,0,0,0,0,0,0,0,0,0,0.0,0.0,0.0,0.0,0.0,0.0,0.0,0.0,0,0,3,False,0,0,0
591,Gray,,MID,18,Spurs,,15,,,,,90,2,0,0,1,0,0,0,0,1,0,0,0,10,10.8,2.8,2.0,1.6,0.0,0.01,0.01,0.29,5,9,3,False,2,1,2
592,Moore,,MID,18,Spurs,,15,,,,,0,0,0,0,0,0,0,0,0,0,0,0,0,0,0.0,0.0,0.0,0.0,0.0,0.0,0.0,0.0,0,0,3,False,0,0,0
593,P.M.Sarr,,MID,18,Spurs,,15,,,,,10,1,0,0,0,0,0,0,0,0,0,0,0,2,3.2,0.5,17.0,2.1,0.3,0.0,0.3,0.21,0,1,3,False,1,0,0
594,Min-hyeok,,MID,18,Spurs,,15,,,,,0,0,0,0,0,0,0,0,0,0,0,0,0,0,0.0,0.0,0.0,0.0,0.0,0.0,0.0,0.0,0,0,3,False,0,0,0
595,Olusesi,,MID,18,Spurs,,15,,,,,0,0,0,0,0,0,0,0,0,0,0,0,0,0,0.0,0.0,0.0,0.0,0.0,0.0,0.0,0.0,0,0,3,False,0,0,0
596,Solanke,,FWD,18,Spurs,,15,,,,,0,0,0,0,0,0,0,0,0,0,0,0,0,0,0.0,0.0,0.0,0.0,0.0,0.0,0.0,0.0,0,0,4,False,0,0,0
597,Richarlison,,FWD,18,Spurs,,15,,,,,90,8,1,0,1,0,0,0,0,0,0,0,2,37,43.4,12.8,42.0,9.8,0.98,0.05,1.03,0.29,3,9,4,False,4,1,2
598,Lankshear,,FWD,18,Spurs,,15,,,,,0,0,0,0,0,0,0,0,0,0,0,0,0,0,0.0,0.0,0.0,0.0,0.0,0.0,0.0,0.0,0,0,4,False,0,0,0
599,Scarlett,,FWD,18,Spurs,,15,,,,,0,0,0,0,0,0,0,0,0,0,0,0,0,0,0.0,0.0,0.0,0.0,0.0,0.0,0.0,0.0,0,0,4,False,0,0,0
600,Areola,,GK,19,West Ham,,15,,,,,90,3,0,0,0,1,0,0,0,0,0,4,0,13,29.4,0.0,0.0,2.9,0.0,0.0,0.0,1.87,0,0,1,False,6,1,0
601,Foderingham,,GK,19,West Ham,,15,,,,,0,0,0,0,0,0,0,0,0,0,0,0,0,0,0.0,0.0,0.0,0.0,0.0,0.0,0.0,0.0,0,0,1,False,0,0,0
602,Hegyi,,GK,19,West Ham,,15,,,,,0,0,0,0,0,0,0,0,0,0,0,0,0,0,0.0,0.0,0.0,0.0,0.0,0.0,0.0,0.0,0,0,1,False,0,0,0
603,Diouf,,DEF,19,West Ham,,15,,,,,82,6,0,0,1,0,0,0,0,0,0,0,0,19,8.0,1.0,5.0,1.4,0.08,0.0,0.08,1.33,6,6,2,False,2,1,0
604,Emerson,,DEF,19,West Ham,,15,,,,,0,0,0,0,0,0,0,0,0,0,0,0,0,0,0.0,0.0,0.0,0.0,0.0,0.0,0.0,0.0,0,0,2,False,0,0,0
605,Kilman,,DEF,19,West Ham,,15,,,,,90,4,0,0,0,1,0,0,0,0,0,0,0,6,25.2,0.2,2.0,2.7,0.0,0.0,0.0,1.87,11,11,2,False,0,1,0
606,Mavropanos,,DEF,19,West Ham,,15,,,,,90,4,0,0,0,1,0,0,0,0,0,0,0,9,32.2,1.3,32.0,6.6,0.25,0.21,0.46,1.87,14,14,2,False,5,1,0
607,N.Aguerd,,DEF,19,West Ham,,15,,,,,0,0,0,0,0,0,0,0,0,0,0,0,0,0,0.0,0.0,0.0,0.0,0.0,0.0,0.0,0.0,0,0,2,False,0,0,0
608,Scarles,,DEF,19,West Ham,,15,,,,,0,0,0,0,0,0,0,0,0,0,0,0,0,0,0.0,0.0,0.0,0.0,0.0,0.0,0.0,0.0,0,0,2,False,0,0,0
609,Todibo,,DEF,19,West Ham,,15,,,,,90,2,0,0,0,1,0,0,0,0,0,0,0,7,25.2,10.7,2.0,3.8,0.0,0.0,0.0,1.87,6,9,2,False,4,1,3
610,Wan-Bissaka,,DEF,19,West Ham,,15,,,,,90,4,0,0,0,1,0,0,0,0,0,0,0,14,27.0,46.2,2.0,7.5,0.0,0.07,0.07,1.87,9,10,2,False,2,1,1
611,Casey,,DEF,19,West Ham,,15,,,,,0,0,0,0,0,0,0,0,0,0,0,0,0,0,0.0,0.0,0.0,0.0,0.0,0.0,0.0,0.0,0,0,2,False,0,0,0
612,L.Paquetá,,MID,19,West Ham,,15,,,,,81,3,0,0,1,0,0,0,0,0,0,0,0,19,15.4,44.7,7.0,6.7,0.02,0.09,0.11,1.33,2,3,3,False,1,1,0
613,Souček,,MID,19,West Ham,,15,,,,,8,1,0,0,0,1,0,0,0,0,0,0,0,2,1.0,0.0,0.0,0.1,0.0,0.0,0.0,0.54,1,1,3,False,0,0,0
614,Ward-Prowse,,MID,19,West Ham,,15,,,,,0,0,0,0,0,0,0,0,0,0,0,0,0,0,0.0,0.0,0.0,0.0,0.0,0.0,0.0,0.0,0,0,3,False,0,0,0
615,Summerville,,MID,19,West Ham,,15,,,,,71,3,0,0,1,0,0,0,0,0,0,0,0,0,0.6,3.8,25.0,2.9,0.43,0.01,0.44,0.84,0,4,3,False,4,1,0
616,Álvarez,,MID,19,West Ham,,15,,,,,0,0,0,0,0,0,0,0,0,0,0,0,0,0,0.0,0.0,0.0,0.0,0.0,0.0,0.0,0.0,0,0,3,False,0,0,0
617,Cornet,,MID,19,West Ham,,15,,,,,0,0,0,0,0,0,0,0,0,0,0,0,0,0,0.0,0.0,0.0,0.0,0.0,0.0,0.0,0.0,0,0,3,False,0,0,0
618,G.Rodriguez,,MID,19,West Ham,,15,,,,,63,2,0,0,1,0,0,0,0,1,0,0,0,5,1.8,1.9,0.0,0.4,0.0,0.01,0.01,0.81,1,5,3,False,3,1,1
619,L.Guilherme,,MID,19,West Ham,,15,,,,,0,0,0,0,0,0,0,0,0,0,0,0,0,0,0.0,0.0,0.0,0.0,0.0,0.0,0.0,0.0,0,0,3,False,0,0,0
620,Earthy,,MID,19,West Ham,,15,,,,,0,0,0,0,0,0,0,0,0,0,0,0,0,0,0.0,0.0,0.0,0.0,0.0,0.0,0.0,0.0,0,0,3,False,0,0,0
621,Irving,,MID,19,West Ham,,15,,,,,0,0,0,0,0,0,0,0,0,0,0,0,0,0,0.0,0.0,0.0,0.0,0.0,0.0,0.0,0.0,0,0,3,False,0,0,0
622,Orford,,MID,19,West Ham,,15,,,,,0,0,0,0,0,0,0,0,0,0,0,0,0,0,0.0,0.0,0.0,0.0,0.0,0.0,0.0,0.0,0,0,3,False,0,0,0
623,Potts,,MID,19,West Ham,,15,,,,,26,0,0,0,0,1,0,0,0,1,0,0,0,3,2.0,14.3,0.0,1.6,0.0,0.14,0.14,1.06,1,1,3,False,0,0,0
624,Bowen,,FWD,19,West Ham,,15,,,,,90,9,1,0,0,1,0,0,0,0,0,0,3,36,44.6,4.3,53.0,10.2,0.27,0.01,0.28,1.87,1,7,4,True,5,1,1
625,Füllkrug,,FWD,19,West Ham,,15,,,,,0,0,0,0,0,0,0,0,0,0,0,0,0,0,0.0,0.0,0.0,0.0,0.0,0.0,0.0,0.0,0,0,4,False,0,0,0
626,Marshall,,FWD,19,West Ham,,15,,,,,0,0,0,0,0,0,0,0,0,0,0,0,0,0,0.0,0.0,0.0,0.0,0.0,0.0,0.0,0.0,0,0,4,False,0,0,0
627,Johnstone,,GK,20,Wolves,,15,,,,,90,1,0,0,0,4,0,0,0,0,0,4,0,6,39.0,0.0,0.0,3.9,0.0,0.0,0.0,4.1,4,0,1,False,6,1,1
628,José Sá,,GK,20,Wolves,,15,,,,,0,0,0,0,0,0,0,0,0,0,0,0,0,0,0.0,0.0,0.0,0.0,0.0,0.0,0.0,0.0,0,0,1,False,0,0,0
629,Bentley,,GK,20,Wolves,,15,,,,,0,0,0,0,0,0,0,0,0,0,0,0,0,0,0.0,0.0,0.0,0.0,0.0,0.0,0.0,0.0,0,0,1,False,0,0,0
630,King,,GK,9,Everton,,15,,,,,0,0,0,0,0,0,0,0,0,0,0,0,0,0,0.0,0.0,0.0,0.0,0.0,0.0,0.0,0.0,0,0,1,False,0,0,0
631,Agbadou,,DEF,20,Wolves,,15,,,,,90,2,0,0,0,4,0,0,0,0,0,0,0,12,42.8,1.2,17.0,6.1,0.02,0.01,0.03,4.1,11,15,2,False,10,1,4
632,Doherty,,DEF,20,Wolves,,15,,,,,0,0,0,0,0,0,0,0,0,0,0,0,0,0,0.0,0.0,0.0,0.0,0.0,0.0,0.0,0.0,0,0,2,False,0,0,0
633,H.Bueno,,DEF,20,Wolves,,15,,,,,20,1,0,0,0,1,0,0,0,0,0,0,0,-3,2.4,0.8,2.0,0.5,0.0,0.0,0.0,0.97,0,2,2,False,1,0,2
634,Mosquera,,DEF,20,Wolves,,15,,,,,90,-1,0,0,0,4,0,0,0,1,0,0,0,-1,15.6,10.5,8.0,3.4,0.0,0.14,0.14,4.1,5,9,2,False,4,1,4
635,R.Gomes,,DEF,20,Wolves,,15,,,,,0,0,0,0,0,0,0,0,0,0,0,0,0,0,0.0,0.0,0.0,0.0,0.0,0.0,0.0,0.0,0,0,2,False,0,0,0
636,S.Bueno,,DEF,20,Wolves,,15,,,,,0,0,0,0,0,0,0,0,0,0,0,0,0,0,0.0,0.0,0.0,0.0,0.0,0.0,0.0,0.0,0,0,2,False,0,0,0
637,Toti,,DEF,20,Wolves,,15,,,,,69,1,0,0,0,3,0,0,0,0,0,0,0,7,27.8,5.2,0.0,3.3,0.0,0.01,0.01,3.12,6,7,2,False,1,1,1
638,Hoever,,DEF,20,Wolves,,15,,,,,85,0,0,0,0,4,0,0,0,0,0,0,0,3,21.6,15.6,0.0,3.7,0.0,0.02,0.02,4.1,4,8,2,False,4,1,4
639,Meupiyou,,DEF,20,Wolves,,15,,,,,0,0,0,0,0,0,0,0,0,0,0,0,0,0,0.0,0.0,0.0,0.0,0.0,0.0,0.0,0.0,0,0,2,False,0,0,0
640,Pedro Lima,,DEF,20,Wolves,,15,,,,,0,0,0,0,0,0,0,0,0,0,0,0,0,0,0.0,0.0,0.0,0.0,0.0,0.0,0.0,0.0,0,0,2,False,0,0,0
641,Pond,,DEF,20,Wolves,,15,,,,,0,0,0,0,0,0,0,0,0,0,0,0,0,0,0.0,0.0,0.0,0.0,0.0,0.0,0.0,0.0,0,0,2,False,0,0,0
642,Hee Chan,,MID,20,Wolves,,15,,,,,0,0,0,0,0,0,0,0,0,0,0,0,0,0,0.0,0.0,0.0,0.0,0.0,0.0,0.0,0.0,0,0,3,False,0,0,0
643,André,,MID,20,Wolves,,15,,,,,90,2,0,0,0,4,0,0,0,0,0,0,0,9,7.2,31.1,6.0,4.4,0.04,0.08,0.12,4.1,2,11,3,False,8,1,1
644,Bellegarde,,MID,20,Wolves,,15,,,,,53,6,1,0,0,2,0,0,0,0,0,0,0,23,44.0,3.0,18.0,6.5,0.27,0.02,0.29,2.21,3,9,3,False,4,1,2
645,Fer López,,MID,20,Wolves,,15,,,,,36,1,0,0,0,2,0,0,0,0,0,0,0,2,0.0,0.8,1.0,0.0,0.02,0.01,0.03,1.89,0,3,3,False,3,0,0
646,Gomes,,MID,20,Wolves,,15,,,,,0,0,0,0,0,0,0,0,0,0,0,0,0,0,0.0,0.0,0.0,0.0,0.0,0.0,0.0,0.0,0,0,3,False,0,0,0
647,Guedes,,MID,20,Wolves,,15,,,,,0,0,0,0,0,0,0,0,0,0,0,0,0,0,0.0,0.0,0.0,0.0,0.0,0.0,0.0,0.0,0,0,3,False,0,0,0
648,Munetsi,,MID,20,Wolves,,15,,,,,0,0,0,0,0,0,0,0,0,0,0,0,0,0,0.0,0.0,0.0,0.0,0.0,0.0,0.0,0.0,0,0,3,False,0,0,0
649,B.Traore,,MID,20,Wolves,,15,,,,,0,0,0,0,0,0,0,0,0,0,0,0,0,0,0.0,0.0,0.0,0.0,0.0,0.0,0.0,0.0,0,0,3,False,0,0,0
650,Chirewa,,MID,20,Wolves,,15,,,,,0,0,0,0,0,0,0,0,0,0,0,0,0,0,0.0,0.0,0.0,0.0,0.0,0.0,0.0,0.0,0,0,3,False,0,0,0
651,Edozie,,MID,20,Wolves,,15,,,,,0,0,0,0,0,0,0,0,0,0,0,0,0,0,0.0,0.0,0.0,0.0,0.0,0.0,0.0,0.0,0,0,3,False,0,0,0
652,Gonzalez,,MID,20,Wolves,,15,,,,,0,0,0,0,0,0,0,0,0,0,0,0,0,0,0.0,0.0,0.0,0.0,0.0,0.0,0.0,0.0,0,0,3,False,0,0,0
653,Hodge,,MID,20,Wolves,,15,,,,,0,0,0,0,0,0,0,0,0,0,0,0,0,0,0.0,0.0,0.0,0.0,0.0,0.0,0.0,0.0,0,0,3,False,0,0,0
654,Strand Larsen,,FWD,20,Wolves,,15,,,,,68,1,0,0,0,3,0,0,0,1,0,0,0,0,5.0,1.9,6.0,1.3,0.0,0.0,0.0,3.12,2,2,4,False,0,1,0
655,Fábio Silva,,FWD,20,Wolves,,15,,,,,0,0,0,0,0,0,0,0,0,0,0,0,0,0,0.0,0.0,0.0,0.0,0.0,0.0,0.0,0.0,0,0,4,False,0,0,0
656,Kalajdžić,,FWD,20,Wolves,,15,,,,,0,0,0,0,0,0,0,0,0,0,0,0,0,0,0.0,0.0,0.0,0.0,0.0,0.0,0.0,0.0,0,0,4,False,0,0,0
657,Chiwome,,FWD,20,Wolves,,15,,,,,0,0,0,0,0,0,0,0,0,0,0,0,0,0,0.0,0.0,0.0,0.0,0.0,0.0,0.0,0.0,0,0,4,False,0,0,0
658,Fraser,,FWD,20,Wolves,,15,,,,,0,0,0,0,0,0,0,0,0,0,0,0,0,0,0.0,0.0,0.0,0.0,0.0,0.0,0.0,0.0,0,0,4,False,0,0,0
659,Walker-Peters,,DEF,19,West Ham,,15,,,,,0,0,0,0,0,0,0,0,0,0,0,0,0,0,0.0,0.0,0.0,0.0,0.0,0.0,0.0,0.0,0,0,2,False,0,0,0
660,Stach,,MID,11,Leeds,,15,,,,,90,12,1,1,0,3,0,0,0,0,0,0,2,46,45.8,44.4,19.0,10.9,0.11,0.18,0.29,1.91,2,9,3,True,6,1,1
661,Ekitiké,,FWD,12,Liverpool,,15,,,,,83,13,2,0,0,2,0,0,0,0,0,0,3,56,70.6,12.8,101.0,18.4,0.98,0.04,1.02,1.24,1,4,4,True,3,1,0
662,Mosquera,,DEF,1,Arsenal,,15,,,,,0,0,0,0,0,0,0,0,0,0,0,0,0,0,0.0,0.0,0.0,0.0,0.0,0.0,0.0,0.0,0,0,2,False,0,0,0
663,J.Arias,,MID,20,Wolves,,15,,,,,69,2,0,0,0,3,0,0,0,0,0,0,0,9,12.0,1.6,2.0,1.6,0.0,0.02,0.02,3.12,1,9,3,False,5,1,3
664,Lecomte,,GK,10,Fulham,,15,,,,,0,0,0,0,0,0,0,0,0,0,0,0,0,0,0.0,0.0,0.0,0.0,0.0,0.0,0.0,0.0,0,0,1,False,0,0,0
665,Perri,,GK,11,Leeds,,15,,,,,90,2,0,0,0,3,0,0,0,0,0,4,0,9,34.0,0.0,0.0,3.4,0.0,0.0,0.0,1.91,2,0,1,False,7,1,0
666,Gyökeres,,FWD,1,Arsenal,,15,,,,,45,1,0,0,0,1,0,0,0,0,0,0,0,3,1.2,0.8,4.0,0.6,0.0,0.03,0.03,1.3,1,2,4,False,1,0,0
667,Aznou,,DEF,9,Everton,,15,,,,,0,0,0,0,0,0,0,0,0,0,0,0,0,0,0.0,0.0,0.0,0.0,0.0,0.0,0.0,0.0,0,0,2,False,0,0,0
668,Xhaka,,MID,17,Sunderland,,15,,,,,72,2,0,0,0,3,0,0,0,0,0,0,0,7,4.6,1.3,9.0,1.5,0.13,0.01,0.14,1.86,3,9,3,False,5,1,1
669,Ndoye,,MID,16,Nott'm Forest,,15,,,,,45,1,0,0,0,2,0,0,0,0,0,0,0,8,7.2,0.9,0.0,0.8,0.0,0.0,0.0,0.48,2,4,3,False,0,1,2
670,Roefs,,GK,17,Sunderland,,15,,,,,90,1,0,0,0,3,0,0,0,0,0,2,0,3,23.0,0.0,0.0,2.3,0.0,0.0,0.0,2.42,2,0,1,False,6,1,0
671,Wilson,,FWD,19,West Ham,,15,,,,,18,4,0,1,0,1,0,0,0,0,0,0,0,11,16.2,10.3,10.0,3.7,0.11,0.02,0.13,1.03,0,2,4,False,2,0,0
672,Hato,,DEF,7,Chelsea,,15,,,,,0,0,0,0,0,0,0,0,0,0,0,0,0,0,0.0,0.0,0.0,0.0,0.0,0.0,0.0,0.0,0,0,2,False,0,0,0
673,J.Palhinha,,MID,18,Spurs,,15,,,,,25,1,0,0,0,0,0,0,0,0,0,0,0,6,7.8,0.9,0.0,0.9,0.0,0.01,0.01,0.22,1,5,3,False,1,0,3
674,Ramsdale,,GK,15,Newcastle,,15,,,,,90,2,0,0,0,1,0,0,0,0,0,2,0,13,18.2,0.0,0.0,1.8,0.0,0.0,0.0,1.61,2,0,1,False,16,1,0
675,Gunn,,GK,16,Nott'm Forest,,15,,,,,0,0,0,0,0,0,0,0,0,0,0,0,0,0,0.0,0.0,0.0,0.0,0.0,0.0,0.0,0.0,0,0,1,False,0,0,0
676,Ugochukwu,,MID,3,Burnley,,15,,,,,90,2,0,0,0,2,0,0,0,0,0,0,0,5,5.6,23.3,4.0,3.3,0.0,0.02,0.02,1.77,2,9,3,False,7,1,0
677,Guessand,,MID,2,Aston Villa,,15,,,,,0,0,0,0,0,0,0,0,0,0,0,0,0,0,0.0,0.0,0.0,0.0,0.0,0.0,0.0,0.0,0,0,3,False,0,0,0
678,Masuaku,,DEF,17,Sunderland,,15,,,,,0,0,0,0,0,0,0,0,0,0,0,0,0,0,0.0,0.0,0.0,0.0,0.0,0.0,0.0,0.0,0,0,2,False,0,0,0
679,Hermansen,,GK,19,West Ham,,15,,,,,0,0,0,0,0,0,0,0,0,0,0,0,0,0,0.0,0.0,0.0,0.0,0.0,0.0,0.0,0.0,0,0,1,False,0,0,0
680,Broja,,FWD,3,Burnley,,15,,,,,85,2,0,0,0,2,0,0,0,0,0,0,0,-1,4.0,12.2,23.0,3.9,0.4,0.01,0.41,1.72,1,5,4,False,4,1,0
681,Šeško,,FWD,14,Man Utd,,15,,,,,0,0,0,0,0,0,0,0,0,0,0,0,0,0,0.0,0.0,0.0,0.0,0.0,0.0,0.0,0.0,0,0,4,False,0,0,0
682,Møller Wolfe,,DEF,20,Wolves,,15,,,,,90,3,0,1,0,4,0,0,0,0,0,0,0,1,29.2,11.1,6.0,4.6,0.0,0.16,0.16,4.1,3,4,2,False,2,1,1
683,Alderete,,DEF,17,Sunderland,,15,,,,,90,1,0,0,0,3,0,0,0,0,0,0,0,-3,16.4,0.1,5.0,2.2,0.02,0.0,0.02,2.42,8,8,2,False,2,1,0
684,Thiaw,,DEF,15,Newcastle,,15,,,,,90,2,0,0,0,1,0,0,0,0,0,0,0,14,26.8,1.4,0.0,2.8,0.0,0.01,0.01,1.61,7,8,2,False,3,1,1
685,Diakité,,DEF,4,Bournemouth,,15,,,,,90,6,0,0,1,0,0,0,0,0,0,0,0,22,12.4,0.6,2.0,1.5,0.0,0.02,0.02,0.92,4,6,2,False,4,1,2
686,Ngumoha,,MID,12,Liverpool,,15,,,,,0,0,0,0,0,0,0,0,0,0,0,0,0,0,0.0,0.0,0.0,0.0,0.0,0.0,0.0,0.0,0,0,3,False,0,0,0
687,Rees-Dottin,,MID,4,Bournemouth,,15,,,,,0,0,0,0,0,0,0,0,0,0,0,0,0,0,0.0,0.0,0.0,0.0,0.0,0.0,0.0,0.0,0,0,3,False,0,0,0
688,Wright,,GK,2,Aston Villa,,15,,,,,0,0,0,0,0,0,0,0,0,0,0,0,0,0,0.0,0.0,0.0,0.0,0.0,0.0,0.0,0.0,0,0,1,False,0,0,0
689,Seung soo,,MID,15,Newcastle,,15,,,,,0,0,0,0,0,0,0,0,0,0,0,0,0,0,0.0,0.0,0.0,0.0,0.0,0.0,0.0,0.0,0,0,3,False,0,0,0
690,Cardines,,MID,8,Crystal Palace,,15,,,,,0,0,0,0,0,0,0,0,0,0,0,0,0,0,0.0,0.0,0.0,0.0,0.0,0.0,0.0,0.0,0,0,3,False,0,0,0
691,Calvert-Lewin,,FWD,11,Leeds,,15,,,,,90,6,1,0,0,3,0,0,0,0,0,0,0,9,29.2,11.5,36.0,7.7,0.94,0.0,0.94,1.91,1,3,4,False,2,1,0
692,Leoni,,DEF,12,Liverpool,,15,,,,,0,0,0,0,0,0,0,0,0,0,0,0,0,0,0.0,0.0,0.0,0.0,0.0,0.0,0.0,0.0,0,0,2,False,0,0,0
693,Hutchinson,,MID,16,Nott'm Forest,,15,,,,,90,2,0,0,0,3,0,0,0,0,0,0,0,1,0.0,1.2,0.0,0.0,0.0,0.01,0.01,1.12,0,4,3,False,3,1,1
694,Mukiele,,DEF,17,Sunderland,,15,,,,,90,1,0,0,0,3,0,0,0,0,0,0,0,-2,13.4,13.5,0.0,2.7,0.0,0.19,0.19,2.42,7,9,2,False,8,1,2
695,Tchatchoua,,DEF,20,Wolves,,15,,,,,4,1,0,0,0,0,0,0,0,0,0,0,0,5,4.2,14.3,0.0,1.9,0.0,0.04,0.04,0.0,0,0,2,False,0,0,0
696,Kalimuendo,,FWD,16,Nott'm Forest,,15,,,,,0,0,0,0,0,0,0,0,0,0,0,0,0,0,0.0,0.0,0.0,0.0,0.0,0.0,0.0,0.0,0,0,4,False,0,0,0
697,Adli,,MID,4,Bournemouth,,15,,,,,16,1,0,0,0,0,0,0,0,0,0,0,0,4,0.2,3.1,0.0,0.3,0.0,0.0,0.0,0.03,0,2,3,False,2,0,0
698,Okafor,,MID,11,Leeds,,15,,,,,64,2,0,0,0,2,0,0,0,0,0,0,0,3,0.0,0.6,8.0,0.8,0.13,0.0,0.13,1.24,0,2,3,False,1,1,1
699,Douglas Luiz,,MID,16,Nott'm Forest,,15,,,,,0,0,0,0,0,0,0,0,0,0,0,0,0,0,0.0,0.0,0.0,0.0,0.0,0.0,0.0,0.0,0,0,3,False,0,0,0
700,Dowman,,MID,1,Arsenal,,15,,,,,0,0,0,0,0,0,0,0,0,0,0,0,0,0,0.0,0.0,0.0,0.0,0.0,0.0,0.0,0.0,0,0,3,False,0,0,0
701,Rowe,,DEF,2,Aston Villa,,15,,,,,0,0,0,0,0,0,0,0,0,0,0,0,0,0,0.0,0.0,0.0,0.0,0.0,0.0,0.0,0.0,0,0,2,False,0,0,0
702,Burrowes,,MID,2,Aston Villa,,15,,,,,0,0,0,0,0,0,0,0,0,0,0,0,0,0,0.0,0.0,0.0,0.0,0.0,0.0,0.0,0.0,0,0,3,False,0,0,0
703,Proctor,,GK,2,Aston Villa,,15,,,,,0,0,0,0,0,0,0,0,0,0,0,0,0,0,0.0,0.0,0.0,0.0,0.0,0.0,0.0,0.0,0,0,1,False,0,0,0
704,Onyango,,MID,9,Everton,,15,,,,,0,0,0,0,0,0,0,0,0,0,0,0,0,0,0.0,0.0,0.0,0.0,0.0,0.0,0.0,0.0,0,0,3,False,0,0,0
705,Campbell,,DEF,9,Everton,,15,,,,,0,0,0,0,0,0,0,0,0,0,0,0,0,0,0.0,0.0,0.0,0.0,0.0,0.0,0.0,0.0,0,0,2,False,0,0,0
706,Justin,,DEF,11,Leeds,,15,,,,,0,0,0,0,0,0,0,0,0,0,0,0,0,0,0.0,0.0,0.0,0.0,0.0,0.0,0.0,0.0,0,0,2,False,0,0,0
707,Dibling,,MID,9,Everton,,15,,,,,4,1,0,0,0,0,0,0,0,0,0,0,0,3,0.0,1.1,2.0,0.3,0.0,0.0,0.0,0.03,0,0,3,False,0,0,0
708,M.Fernandes,,MID,19,West Ham,,15,,,,,81,5,0,0,1,0,0,0,0,0,0,0,0,30,40.6,16.8,0.0,5.7,0.0,0.02,0.02,1.33,9,23,3,False,6,1,8
709,Krejčí,,DEF,20,Wolves,,15,,,,,90,1,0,0,0,4,0,0,0,1,0,0,0,-8,12.6,13.3,11.0,3.7,0.05,0.01,0.06,4.1,9,11,2,False,1,1,2
710,Patterson,,DEF,2,Aston Villa,,15,,,,,0,0,0,0,0,0,0,0,0,0,0,0,0,0,0.0,0.0,0.0,0.0,0.0,0.0,0.0,0.0,0,0,2,False,0,0,0
711,Harriman-Annous,,MID,1,Arsenal,,15,,,,,0,0,0,0,0,0,0,0,0,0,0,0,0,0,0.0,0.0,0.0,0.0,0.0,0.0,0.0,0.0,0,0,3,False,0,0,0
712,Yeremy,,MID,8,Crystal Palace,,15,,,,,90,5,0,1,0,1,0,0,0,0,0,0,0,29,25.8,42.2,10.0,7.8,0.24,0.4,0.64,0.67,2,5,3,False,2,1,1
713,A.Jimenez,,DEF,4,Bournemouth,,15,,,,,73,6,0,0,1,0,0,0,0,0,0,0,0,16,0.0,0.9,9.0,0.9,0.07,0.02,0.09,0.9,0,0,2,False,1,1,0
714,Woltemade,,FWD,15,Newcastle,,15,,,,,73,2,0,0,1,0,0,0,0,0,0,0,0,6,3.6,5.1,5.0,1.4,0.21,0.0,0.21,0.55,2,3,4,False,1,1,0
715,John,,GK,16,Nott'm Forest,,15,,,,,0,0,0,0,0,0,0,0,0,0,0,0,0,0,0.0,0.0,0.0,0.0,0.0,0.0,0.0,0.0,0,0,1,False,0,0,0
716,Savona,,DEF,16,Nott'm Forest,,15,,,,,45,-1,0,0,0,2,0,0,0,1,0,0,0,-5,10.6,15.7,0.0,2.6,0.0,0.05,0.05,0.48,3,5,2,False,2,1,2
717,Xavi,,MID,18,Spurs,,15,,,,,90,14,1,1,1,0,0,0,0,0,0,0,3,47,55.4,16.3,28.0,10.0,0.29,0.6,0.89,0.29,1,9,3,True,7,1,1
718,S.Magassa,,MID,19,West Ham,,15,,,,,8,1,0,0,0,1,0,0,0,0,0,0,0,3,0.0,0.0,0.0,0.0,0.0,0.0,0.0,0.54,0,0,3,False,0,0,0
719,Lindelöf,,DEF,2,Aston Villa,,15,,,,,4,1,0,0,0,0,0,0,0,0,0,0,0,3,0.6,0.2,0.0,0.1,0.0,0.0,0.0,0.05,0,0,2,False,0,0,0
720,Tolu,,FWD,20,Wolves,,15,,,,,21,1,0,0,0,1,0,0,0,0,0,0,0,2,0.0,3.8,2.0,0.5,0.0,0.01,0.01,0.97,0,0,4,False,0,0,0
721,Milosavljević,,DEF,4,Bournemouth,,15,,,,,0,0,0,0,0,0,0,0,0,0,0,0,0,0,0.0,0.0,0.0,0.0,0.0,0.0,0.0,0.0,0,0,2,False,0,0,0
722,Florentino,,MID,3,Burnley,,15,,,,,64,2,0,0,0,2,0,0,0,0,0,0,0,6,0.4,10.0,0.0,1.0,0.0,0.0,0.0,1.52,1,7,3,False,4,1,2
723,Canvot,,DEF,8,Crystal Palace,,15,,,,,13,1,0,0,0,0,0,0,0,0,0,0,0,3,0.2,0.4,0.0,0.1,0.0,0.0,0.0,0.15,0,0,2,False,0,0,0
724,Geertruida,,DEF,17,Sunderland,,15,,,,,90,1,0,0,0,3,0,0,0,0,0,0,0,12,17.4,11.1,0.0,2.9,0.0,0.01,0.01,2.42,5,7,2,False,3,1,2
725,Hincapie,,DEF,1,Arsenal,,15,,,,,90,3,0,0,0,2,0,0,0,0,0,0,0,11,33.2,0.9,0.0,3.4,0.0,0.01,0.01,2.16,10,13,2,False,6,1,3
726,Kolo Muani,,FWD,18,Spurs,,15,,,,,73,2,0,0,1,0,0,0,0,0,0,0,0,-1,7.6,13.6,37.0,5.8,0.12,0.02,0.14,0.08,0,5,4,False,3,1,2
727,Chukwueze,,MID,10,Fulham,,15,,,,,75,2,0,0,0,1,0,0,0,0,0,0,0,10,3.2,3.5,8.0,1.5,0.03,0.04,0.07,0.98,0,8,3,False,7,1,1
728,Röhl,,MID,9,Everton,,15,,,,,0,0,0,0,0,0,0,0,0,0,0,0,0,0,0.0,0.0,0.0,0.0,0.0,0.0,0.0,0.0,0,0,3,False,0,0,0
729,Cuiabano,,DEF,16,Nott'm Forest,,15,,,,,0,0,0,0,0,0,0,0,0,0,0,0,0,0,0.0,0.0,0.0,0.0,0.0,0.0,0.0,0.0,0,0,2,False,0,0,0
730,Brobbey,,FWD,17,Sunderland,,15,,,,,34,1,0,0,0,1,0,0,0,0,0,0,0,3,0.0,1.5,0.0,0.2,0.0,0.02,0.02,1.44,0,0,4,False,0,0,0
731,Kevin,,MID,10,Fulham,,15,,,,,22,1,0,0,0,1,0,0,0,0,0,0,0,0,0.0,1.6,8.0,0.7,0.03,0.02,0.05,0.68,0,2,3,False,2,0,0
732,Uche,,FWD,8,Crystal Palace,,15,,,,,24,1,0,0,0,0,0,0,0,0,0,0,0,1,2.2,1.2,21.0,2.4,0.29,0.0,0.29,0.17,0,2,4,False,2,0,0
733,Lammens,,GK,14,Man Utd,,15,,,,,90,2,0,0,0,1,0,0,0,0,0,1,0,8,11.0,0.0,0.0,1.1,0.0,0.0,0.0,0.41,0,0,1,False,7,1,0
734,Bakwa,,MID,16,Nott'm Forest,,15,,,,,0,0,0,0,0,0,0,0,0,0,0,0,0,0,0.0,0.0,0.0,0.0,0.0,0.0,0.0,0.0,0,0,3,False,0,0,0
735,Traoré,,MID,17,Sunderland,,15,,,,,55,1,0,0,0,2,0,0,0,0,0,0,0,7,11.0,10.7,0.0,2.2,0.0,0.0,0.0,0.98,2,3,3,False,0,1,1
736,Donnarumma,,GK,13,Man City,,15,,,,,90,6,0,0,1,0,0,0,0,0,0,1,0,22,11.2,0.0,0.0,1.1,0.0,0.0,0.0,0.71,1,0,1,False,3,1,0
737,Kusi-Asare,,FWD,10,Fulham,,15,,,,,0,0,0,0,0,0,0,0,0,0,0,0,0,0,0.0,0.0,0.0,0.0,0.0,0.0,0.0,0.0,0,0,4,False,0,0,0
738,Fabianski,,GK,19,West Ham,,15,,,,,0,0,0,0,0,0,0,0,0,0,0,0,0,0,0.0,0.0,0.0,0.0,0.0,0.0,0.0,0.0,0,0,1,False,0,0,0
739,Mukasa,,MID,13,Man City,,15,,,,,0,0,0,0,0,0,0,0,0,0,0,0,0,0,0.0,0.0,0.0,0.0,0.0,0.0,0.0,0.0,0,0,3,False,0,0,0
740,Mfuni,,DEF,13,Man City,,15,,,,,0,0,0,0,0,0,0,0,0,0,0,0,0,0,0.0,0.0,0.0,0.0,0.0,0.0,0.0,0.0,0,0,2,False,0,0,0
741,Gray,,FWD,11,Leeds,,15,,,,,0,0,0,0,0,0,0,0,0,0,0,0,0,0,0.0,0.0,0.0,0.0,0.0,0.0,0.0,0.0,0,0,4,False,0,0,0
742,McAidoo,,MID,13,Man City,,15,,,,,0,0,0,0,0,0,0,0,0,0,0,0,0,0,0.0,0.0,0.0,0.0,0.0,0.0,0.0,0.0,0,0,3,False,0,0,0
743,Emenalo,,MID,7,Chelsea,,15,,,,,0,0,0,0,0,0,0,0,0,0,0,0,0,0,0.0,0.0,0.0,0.0,0.0,0.0,0.0,0.0,0,0,3,False,0,0,0
744,Oriola,,MID,6,Brighton,,15,,,,,0,0,0,0,0,0,0,0,0,0,0,0,0,0,0.0,0.0,0.0,0.0,0.0,0.0,0.0,0.0,0,0,3,False,0,0,0
745,Byfield,,DEF,18,Spurs,,15,,,,,0,0,0,0,0,0,0,0,0,0,0,0,0,0,0.0,0.0,0.0,0.0,0.0,0.0,0.0,0.0,0,0,2,False,0,0,0
746,Morrison,,MID,12,Liverpool,,15,,,,,0,0,0,0,0,0,0,0,0,0,0,0,0,0,0.0,0.0,0.0,0.0,0.0,0.0,0.0,0.0,0,0,3,False,0,0,0
747,Mayers,,DEF,19,West Ham,,15,,,,,7,1,0,0,0,1,0,0,0,0,0,0,0,0,2.0,0.0,0.0,0.2,0.0,0.0,0.0,0.54,2,2,2,False,0,0,0
748,Dasilva,,MID,5,Brentford,,15,,,,,0,0,0,0,0,0,0,0,0,0,0,0,0,0,0.0,0.0,0.0,0.0,0.0,0.0,0.0,0.0,0,0,3,False,0,0,0
749,Mané,,FWD,20,Wolves,,15,,,,,20,1,0,0,0,1,0,0,0,0,0,0,0,7,4.6,1.3,2.0,0.8,0.0,0.01,0.01,0.97,1,6,4,False,4,0,1
750,Rowswell,,DEF,18,Spurs,,15,,,,,0,0,0,0,0,0,0,0,0,0,0,0,0,0,0.0,0.0,0.0,0.0,0.0,0.0,0.0,0.0,0,0,2,False,0,0,0
751,Akhamrich,,MID,18,Spurs,,15,,,,,0,0,0,0,0,0,0,0,0,0,0,0,0,0,0.0,0.0,0.0,0.0,0.0,0.0,0.0,0.0,0,0,3,False,0,0,0
752,Golambeckis,,DEF,19,West Ham,,15,,,,,0,0,0,0,0,0,0,0,0,0,0,0,0,0,0.0,0.0,0.0,0.0,0.0,0.0,0.0,0.0,0,0,2,False,0,0,0
753,Ruddy,,GK,15,Newcastle,,15,,,,,0,0,0,0,0,0,0,0,0,0,0,0,0,0,0.0,0.0,0.0,0.0,0.0,0.0,0.0,0.0,0,0,1,False,0,0,0
754,George Hemmings,,MID,2,Aston Villa,,15,,,,,0,0,0,0,0,0,0,0,0,0,0,0,0,0,0.0,0.0,0.0,0.0,0.0,0.0,0.0,0.0,0,0,3,False,0,0,0
755,Lacey,,MID,14,Man Utd,,15,,,,,0,0,0,0,0,0,0,0,0,0,0,0,0,0,0.0,0.0,0.0,0.0,0.0,0.0,0.0,0.0,0,0,3,False,0,0,0
756,DaCosta,,MID,4,Bournemouth,,15,,,,,0,0,0,0,0,0,0,0,0,0,0,0,0,0,0.0,0.0,0.0,0.0,0.0,0.0,0.0,0.0,0,0,3,False,0,0,0
757,Hollingshead,,GK,2,Aston Villa,,15,,,,,0,0,0,0,0,0,0,0,0,0,0,0,0,0,0.0,0.0,0.0,0.0,0.0,0.0,0.0,0.0,0,0,1,False,0,0,0
758,Mohamadou Kanté,,MID,19,West Ham,,15,,,,,0,0,0,0,0,0,0,0,0,0,0,0,0,0,0.0,0.0,0.0,0.0,0.0,0.0,0.0,0.0,0,0,3,False,0,0,0
759,Salmon,,DEF,1,Arsenal,,15,,,,,0,0,0,0,0,0,0,0,0,0,0,0,0,0,0.0,0.0,0.0,0.0,0.0,0.0,0.0,0.0,0,0,2,False,0,0,0
1,Raya,,GK,1,Arsenal,,16,,,,,90,2,0,0,0,1,0,0,0,0,0,1,0,8,13.6,0.1,0.0,1.4,0.0,0.0,0.0,0.38,1,0,1,False,9,1,0
2,Arrizabalaga,,GK,1,Arsenal,,16,,,,,0,0,0,0,0,0,0,0,0,0,0,0,0,0,0.0,0.0,0.0,0.0,0.0,0.0,0.0,0.0,0,0,1,False,0,0,0
3,Hein,,GK,1,Arsenal,,16,,,,,0,0,0,0,0,0,0,0,0,0,0,0,0,0,0.0,0.0,0.0,0.0,0.0,0.0,0.0,0.0,0,0,1,False,0,0,0
4,Setford,,GK,1,Arsenal,,16,,,,,0,0,0,0,0,0,0,0,0,0,0,0,0,0,0.0,0.0,0.0,0.0,0.0,0.0,0.0,0.0,0,0,1,False,0,0,0
5,Gabriel,,DEF,1,Arsenal,,16,,,,,0,0,0,0,0,0,0,0,0,0,0,0,0,0,0.0,0.0,0.0,0.0,0.0,0.0,0.0,0.0,0,0,2,False,0,0,0
6,Saliba,,DEF,1,Arsenal,,16,,,,,90,2,0,0,0,1,0,0,0,0,0,0,0,14,16.4,5.1,4.0,2.6,0.0,0.02,0.02,0.38,4,5,2,False,4,1,1
7,Calafiori,,DEF,1,Arsenal,,16,,,,,0,0,0,0,0,0,0,0,0,0,0,0,0,0,0.0,0.0,0.0,0.0,0.0,0.0,0.0,0.0,0,0,2,False,0,0,0
8,J.Timber,,DEF,1,Arsenal,,16,,,,,90,2,0,0,0,1,0,0,0,0,0,0,0,7,8.0,16.5,10.0,3.5,0.19,0.02,0.21,0.38,2,2,2,False,2,1,0
9,Kiwior,,DEF,1,Arsenal,,16,,,,,0,0,0,0,0,0,0,0,0,0,0,0,0,0,0.0,0.0,0.0,0.0,0.0,0.0,0.0,0.0,0,0,2,False,0,0,0
10,Lewis-Skelly,,DEF,1,Arsenal,,16,,,,,59,1,0,0,0,1,0,0,0,0,0,0,0,8,8.0,23.7,10.0,4.2,0.05,0.03,0.08,0.23,1,2,2,False,1,0,1
11,White,,DEF,1,Arsenal,,16,,,,,30,1,0,0,0,0,0,0,0,0,0,0,0,3,0.0,8.4,2.0,1.0,0.0,0.01,0.01,0.14,0,0,2,False,3,1,0
12,Zinchenko,,DEF,16,Nott'm Forest,,16,,,,,0,0,0,0,0,0,0,0,0,0,0,0,0,0,0.0,0.0,0.0,0.0,0.0,0.0,0.0,0.0,0,0,2,False,0,0,0
13,Clarke,,DEF,1,Arsenal,,16,,,,,0,0,0,0,0,0,0,0,0,0,0,0,0,0,0.0,0.0,0.0,0.0,0.0,0.0,0.0,0.0,0,0,2,False,0,0,0
14,Kacurri,,DEF,1,Arsenal,,16,,,,,0,0,0,0,0,0,0,0,0,0,0,0,0,0,0.0,0.0,0.0,0.0,0.0,0.0,0.0,0.0,0,0,2,False,0,0,0
15,Nichols,,DEF,1,Arsenal,,16,,,,,0,0,0,0,0,0,0,0,0,0,0,0,0,0,0.0,0.0,0.0,0.0,0.0,0.0,0.0,0.0,0,0,2,False,0,0,0
16,Saka,,MID,1,Arsenal,,16,,,,,90,11,0,2,0,1,0,0,0,0,0,0,3,52,21.6,59.5,14.0,9.5,0.03,0.42,0.45,0.38,0,2,3,False,2,1,0
17,Ødegaard,,MID,1,Arsenal,,16,,,,,33,1,0,0,0,1,0,0,0,0,0,0,0,2,0.0,15.9,9.0,2.5,0.12,0.02,0.14,0.09,0,3,3,False,3,0,0
18,Madueke,,MID,1,Arsenal,,16,,,,,0,0,0,0,0,0,0,0,0,0,0,0,0,0,0.0,0.0,0.0,0.0,0.0,0.0,0.0,0.0,0,0,3,False,0,0,0
19,Martinelli,,MID,1,Arsenal,,16,,,,,56,1,0,0,0,0,0,0,0,0,0,0,0,-1,0.0,2.4,24.0,2.0,0.34,0.03,0.37,0.28,0,1,3,False,1,1,0
20,Trossard,,MID,1,Arsenal,,16,,,,,33,1,0,0,0,1,0,0,0,0,0,0,0,9,9.6,38.2,6.0,5.4,0.03,0.21,0.24,0.09,1,5,3,False,3,0,1
21,Rice,,MID,1,Arsenal,,16,,,,,90,2,0,0,0,1,0,0,0,0,0,0,0,12,9.2,26.4,16.0,5.2,0.14,0.13,0.27,0.38,2,6,3,False,4,1,0
22,Merino,,MID,1,Arsenal,,16,,,,,32,1,0,0,0,1,0,0,0,0,0,0,0,5,5.8,3.5,5.0,1.4,0.05,0.0,0.05,0.09,3,5,3,False,2,0,0
23,Fábio Vieira,,MID,1,Arsenal,,16,,,,,0,0,0,0,0,0,0,0,0,0,0,0,0,0,0.0,0.0,0.0,0.0,0.0,0.0,0.0,0.0,0,0,3,False,0,0,0
24,Nørgaard,,MID,1,Arsenal,,16,,,,,0,0,0,0,0,0,0,0,0,0,0,0,0,0,0.0,0.0,0.0,0.0,0.0,0.0,0.0,0.0,0,0,3,False,0,0,0
25,Nwaneri,,MID,1,Arsenal,,16,,,,,0,0,0,0,0,0,0,0,0,0,0,0,0,0,0.0,0.0,0.0,0.0,0.0,0.0,0.0,0.0,0,0,3,False,0,0,0
26,Zubimendi,,MID,1,Arsenal,,16,,,,,57,1,0,0,0,0,0,0,0,0,0,0,0,6,5.4,16.9,0.0,2.2,0.0,0.03,0.03,0.28,2,4,3,False,2,1,0
27,Nelson,,MID,5,Brentford,,16,,,,,0,0,0,0,0,0,0,0,0,0,0,0,0,0,0.0,0.0,0.0,0.0,0.0,0.0,0.0,0.0,0,0,3,False,0,0,0
28,Kabia,,MID,1,Arsenal,,16,,,,,0,0,0,0,0,0,0,0,0,0,0,0,0,0,0.0,0.0,0.0,0.0,0.0,0.0,0.0,0.0,0,0,3,False,0,0,0
29,Sambi,,MID,1,Arsenal,,16,,,,,0,0,0,0,0,0,0,0,0,0,0,0,0,0,0.0,0.0,0.0,0.0,0.0,0.0,0.0,0.0,0,0,3,False,0,0,0
30,Havertz,,FWD,1,Arsenal,,16,,,,,0,0,0,0,0,0,0,0,0,0,0,0,0,0,0.0,0.0,0.0,0.0,0.0,0.0,0.0,0.0,0,0,4,False,0,0,0
31,G.Jesus,,FWD,1,Arsenal,,16,,,,,9,1,0,0,0,1,0,0,0,0,0,0,0,5,4.2,0.6,17.0,2.2,0.12,0.0,0.12,0.09,1,3,4,False,2,0,0
32,Martinez,,GK,2,Aston Villa,,16,,,,,0,0,0,0,0,0,0,0,0,0,0,0,0,0,0.0,0.0,0.0,0.0,0.0,0.0,0.0,0.0,0,0,1,False,0,0,0
33,M.Bizot,,GK,2,Aston Villa,,16,,,,,90,1,0,0,0,2,0,0,0,0,0,1,0,7,8.2,0.0,0.0,0.8,0.0,0.0,0.0,1.03,1,0,1,False,7,1,0
34,Gauci,,GK,2,Aston Villa,,16,,,,,0,0,0,0,0,0,0,0,0,0,0,0,0,0,0.0,0.0,0.0,0.0,0.0,0.0,0.0,0.0,0,0,1,False,0,0,0
35,Marschall,,GK,2,Aston Villa,,16,,,,,0,0,0,0,0,0,0,0,0,0,0,0,0,0,0.0,0.0,0.0,0.0,0.0,0.0,0.0,0.0,0,0,1,False,0,0,0
36,Cash,,DEF,2,Aston Villa,,16,,,,,90,0,0,0,0,2,0,0,0,1,0,0,0,7,11.6,12.8,0.0,2.4,0.0,0.01,0.01,1.03,3,6,2,False,4,1,3
37,Digne,,DEF,2,Aston Villa,,16,,,,,15,1,0,0,0,0,0,0,0,0,0,0,0,8,6.2,0.9,17.0,2.4,0.01,0.0,0.01,0.04,0,1,2,False,3,0,1
38,Konsa,,DEF,2,Aston Villa,,16,,,,,90,1,0,0,0,2,0,0,0,0,0,0,0,2,6.4,2.1,0.0,0.9,0.0,0.02,0.02,1.03,2,2,2,False,4,1,0
39,Maatsen,,DEF,2,Aston Villa,,16,,,,,74,1,0,0,0,2,0,0,0,0,0,0,0,9,15.4,3.4,2.0,2.1,0.0,0.02,0.02,0.98,1,5,2,False,7,1,4
40,Mings,,DEF,2,Aston Villa,,16,,,,,0,0,0,0,0,0,0,0,0,0,0,0,0,0,0.0,0.0,0.0,0.0,0.0,0.0,0.0,0.0,0,0,2,False,0,0,0
41,Pau,,DEF,2,Aston Villa,,16,,,,,0,0,0,0,0,0,0,0,0,0,0,0,0,0,0.0,0.0,0.0,0.0,0.0,0.0,0.0,0.0,0,0,2,False,0,0,0
42,A.García,,DEF,2,Aston Villa,,16,,,,,0,0,0,0,0,0,0,0,0,0,0,0,0,0,0.0,0.0,0.0,0.0,0.0,0.0,0.0,0.0,0,0,2,False,0,0,0
43,Alex Moreno,,DEF,2,Aston Villa,,16,,,,,0,0,0,0,0,0,0,0,0,0,0,0,0,0,0.0,0.0,0.0,0.0,0.0,0.0,0.0,0.0,0,0,2,False,0,0,0
44,Bogarde,,DEF,2,Aston Villa,,16,,,,,0,0,0,0,0,0,0,0,0,0,0,0,0,0,0.0,0.0,0.0,0.0,0.0,0.0,0.0,0.0,0,0,2,False,0,0,0
45,Sousa,,DEF,2,Aston Villa,,16,,,,,0,0,0,0,0,0,0,0,0,0,0,0,0,0,0.0,0.0,0.0,0.0,0.0,0.0,0.0,0.0,0,0,2,False,0,0,0
46,Yasin,,DEF,2,Aston Villa,,16,,,,,0,0,0,0,0,0,0,0,0,0,0,0,0,0,0.0,0.0,0.0,0.0,0.0,0.0,0.0,0.0,0,0,2,False,0,0,0
47,Rogers,,MID,2,Aston Villa,,16,,,,,90,15,2,0,0,2,0,0,0,0,0,0,3,54,74.4,8.3,36.0,11.9,0.63,0.1,0.73,1.03,2,5,3,True,0,1,3
48,Tielemans,,MID,2,Aston Villa,,16,,,,,90,6,0,1,0,2,0,0,0,0,0,0,1,32,34.4,18.8,2.0,5.5,0.0,0.09,0.09,1.03,3,8,3,False,3,1,2
49,Bailey,,MID,2,Aston Villa,,16,,,,,0,0,0,0,0,0,0,0,0,0,0,0,0,0,0.0,0.0,0.0,0.0,0.0,0.0,0.0,0.0,0,0,3,False,0,0,0
50,Buendía,,MID,2,Aston Villa,,16,,,,,15,1,0,0,0,0,0,0,0,0,0,0,0,8,9.6,22.1,0.0,3.2,0.0,0.0,0.0,0.04,0,4,3,False,2,0,2
51,Iling Jr,,MID,2,Aston Villa,,16,,,,,0,0,0,0,0,0,0,0,0,0,0,0,0,0,0.0,0.0,0.0,0.0,0.0,0.0,0.0,0.0,0,0,3,False,0,0,0
52,J.Ramsey,,MID,15,Newcastle,,16,,,,,0,0,0,0,0,0,0,0,0,0,0,0,0,0,0.0,0.0,0.0,0.0,0.0,0.0,0.0,0.0,0,0,3,False,0,0,0
53,Malen,,MID,2,Aston Villa,,16,,,,,26,1,0,0,0,0,0,0,0,0,0,0,0,6,5.2,10.3,9.0,2.5,0.02,0.01,0.03,0.09,0,1,3,False,1,0,0
54,McGinn,,MID,2,Aston Villa,,16,,,,,90,2,0,0,0,2,0,0,0,0,0,0,0,16,14.0,19.8,2.0,3.6,0.0,0.33,0.33,1.03,2,11,3,False,6,1,3
55,Barkley,,MID,2,Aston Villa,,16,,,,,0,0,0,0,0,0,0,0,0,0,0,0,0,0,0.0,0.0,0.0,0.0,0.0,0.0,0.0,0.0,0,0,3,False,0,0,0
56,Barrenechea,,MID,2,Aston Villa,,16,,,,,0,0,0,0,0,0,0,0,0,0,0,0,0,0,0.0,0.0,0.0,0.0,0.0,0.0,0.0,0.0,0,0,3,False,0,0,0
57,Dobbin,,MID,2,Aston Villa,,16,,,,,0,0,0,0,0,0,0,0,0,0,0,0,0,0,0.0,0.0,0.0,0.0,0.0,0.0,0.0,0.0,0,0,3,False,0,0,0
58,Kamara,,MID,2,Aston Villa,,16,,,,,90,1,0,0,0,2,0,0,0,1,0,0,0,11,5.4,7.3,0.0,1.3,0.0,0.04,0.04,1.03,2,10,3,False,7,1,1
59,Onana,,MID,2,Aston Villa,,16,,,,,63,2,0,0,0,2,0,0,0,0,0,0,0,15,8.2,6.8,2.0,1.7,0.0,0.02,0.02,0.94,2,4,3,False,0,1,2
60,Broggio,,MID,2,Aston Villa,,16,,,,,0,0,0,0,0,0,0,0,0,0,0,0,0,0,0.0,0.0,0.0,0.0,0.0,0.0,0.0,0.0,0,0,3,False,0,0,0
61,Dendoncker,,MID,2,Aston Villa,,16,,,,,0,0,0,0,0,0,0,0,0,0,0,0,0,0,0.0,0.0,0.0,0.0,0.0,0.0,0.0,0.0,0,0,3,False,0,0,0
62,Jimoh-Aloba,,MID,2,Aston Villa,,16,,,,,0,0,0,0,0,0,0,0,0,0,0,0,0,0,0.0,0.0,0.0,0.0,0.0,0.0,0.0,0.0,0,0,3,False,0,0,0
63,Young,,MID,2,Aston Villa,,16,,,,,0,0,0,0,0,0,0,0,0,0,0,0,0,0,0.0,0.0,0.0,0.0,0.0,0.0,0.0,0.0,0,0,3,False,0,0,0
64,Watkins,,FWD,2,Aston Villa,,16,,,,,74,5,0,1,0,2,0,0,0,0,0,0,0,13,0.0,1.3,4.0,0.4,0.0,0.01,0.01,0.98,0,0,4,False,0,1,0
65,Redmond,,FWD,2,Aston Villa,,16,,,,,0,0,0,0,0,0,0,0,0,0,0,0,0,0,0.0,0.0,0.0,0.0,0.0,0.0,0.0,0.0,0,0,4,False,0,0,0
66,Neto,,GK,4,Bournemouth,,16,,,,,0,0,0,0,0,0,0,0,0,0,0,0,0,0,0.0,0.0,0.0,0.0,0.0,0.0,0.0,0.0,0,0,1,False,0,0,0
67,Petrović,,GK,4,Bournemouth,,16,,,,,90,1,0,0,0,4,0,0,0,0,0,5,0,3,26.6,0.0,0.0,2.7,0.0,0.0,0.0,3.29,2,0,1,False,9,1,0
68,Dennis,,GK,4,Bournemouth,,16,,,,,0,0,0,0,0,0,0,0,0,0,0,0,0,0,0.0,0.0,0.0,0.0,0.0,0.0,0.0,0.0,0,0,1,False,0,0,0
69,McKenna,,GK,4,Bournemouth,,16,,,,,0,0,0,0,0,0,0,0,0,0,0,0,0,0,0.0,0.0,0.0,0.0,0.0,0.0,0.0,0.0,0,0,1,False,0,0,0
70,Paulsen,,GK,4,Bournemouth,,16,,,,,0,0,0,0,0,0,0,0,0,0,0,0,0,0,0.0,0.0,0.0,0.0,0.0,0.0,0.0,0.0,0,0,1,False,0,0,0
71,Zabarnyi,,DEF,4,Bournemouth,,16,,,,,0,0,0,0,0,0,0,0,0,0,0,0,0,0,0.0,0.0,0.0,0.0,0.0,0.0,0.0,0.0,0,0,2,False,0,0,0
72,Senesi,,DEF,4,Bournemouth,,16,,,,,90,1,0,0,0,4,0,0,0,1,0,0,0,2,53.6,11.7,21.0,8.6,0.02,0.05,0.07,3.29,16,21,2,False,5,1,5
73,Smith,,DEF,4,Bournemouth,,16,,,,,90,2,0,1,0,4,0,0,0,1,0,0,0,-5,22.2,11.1,4.0,3.7,0.0,0.01,0.01,3.29,4,4,2,False,2,1,0
74,Truffert,,DEF,4,Bournemouth,,16,,,,,90,0,0,0,0,4,0,0,0,0,0,0,0,-6,12.8,2.3,4.0,1.9,0.0,0.02,0.02,3.29,6,9,2,False,2,1,3
75,Akinmboni,,DEF,4,Bournemouth,,16,,,,,0,0,0,0,0,0,0,0,0,0,0,0,0,0,0.0,0.0,0.0,0.0,0.0,0.0,0.0,0.0,0,0,2,False,0,0,0
76,Bevan,,DEF,4,Bournemouth,,16,,,,,0,0,0,0,0,0,0,0,0,0,0,0,0,0,0.0,0.0,0.0,0.0,0.0,0.0,0.0,0.0,0,0,2,False,0,0,0
77,Hill,,DEF,4,Bournemouth,,16,,,,,1,1,0,0,0,0,0,0,0,0,0,0,0,3,0.2,0.1,0.0,0.0,0.0,0.0,0.0,0.0,0,0,2,False,0,0,0
78,J.Araujo,,DEF,4,Bournemouth,,16,,,,,0,0,0,0,0,0,0,0,0,0,0,0,0,0,0.0,0.0,0.0,0.0,0.0,0.0,0.0,0.0,0,0,2,False,0,0,0
79,Mepham,,DEF,4,Bournemouth,,16,,,,,0,0,0,0,0,0,0,0,0,0,0,0,0,0,0.0,0.0,0.0,0.0,0.0,0.0,0.0,0.0,0,0,2,False,0,0,0
80,Soler,,DEF,4,Bournemouth,,16,,,,,0,0,0,0,0,0,0,0,0,0,0,0,0,0,0.0,0.0,0.0,0.0,0.0,0.0,0.0,0.0,0,0,2,False,0,0,0
81,Kluivert,,MID,4,Bournemouth,,16,,,,,90,2,0,0,0,4,0,0,0,0,0,0,0,12,4.6,31.5,7.0,4.3,0.02,0.16,0.18,3.29,0,6,3,False,6,1,0
82,Semenyo,,MID,4,Bournemouth,,16,,,,,90,6,1,0,0,4,0,0,0,1,0,0,0,27,39.2,21.8,17.0,7.8,0.13,0.04,0.17,3.29,3,7,3,False,4,1,0
83,O.Dango,,MID,5,Brentford,,16,,,,,90,2,0,0,0,1,0,0,0,0,0,0,0,2,2.8,2.4,10.0,1.5,0.14,0.01,0.15,1.52,2,9,3,False,6,1,1
84,Tavernier,,MID,4,Bournemouth,,16,,,,,90,12,1,1,0,4,0,0,0,0,0,0,2,44,62.4,32.4,40.0,13.5,0.85,0.02,0.87,3.29,2,7,3,False,4,1,1
85,Adams,,MID,4,Bournemouth,,16,,,,,4,1,0,0,0,0,0,0,0,0,0,0,0,3,4.0,0.0,0.0,0.4,0.0,0.0,0.0,0.18,1,1,3,False,0,1,0
86,Brooks,,MID,4,Bournemouth,,16,,,,,1,1,0,0,0,0,0,0,0,0,0,0,0,2,7.2,0.3,36.0,4.4,0.28,0.0,0.28,0.0,0,0,3,False,0,0,0
87,Christie,,MID,4,Bournemouth,,16,,,,,0,0,0,0,0,0,0,0,0,0,0,0,0,0,0.0,0.0,0.0,0.0,0.0,0.0,0.0,0.0,0,0,3,False,0,0,0
88,Cook,,MID,4,Bournemouth,,16,,,,,0,0,0,0,0,0,0,0,0,0,0,0,0,0,0.0,0.0,0.0,0.0,0.0,0.0,0.0,0.0,0,0,3,False,0,0,0
89,Philip,,MID,4,Bournemouth,,16,,,,,0,0,0,0,0,0,0,0,0,0,0,0,0,0,0.0,0.0,0.0,0.0,0.0,0.0,0.0,0.0,0,0,3,False,0,0,0
90,Scott,,MID,4,Bournemouth,,16,,,,,85,2,0,0,0,4,0,0,0,0,0,0,0,10,8.6,1.6,5.0,1.5,0.12,0.01,0.13,3.11,4,11,3,False,6,0,1
91,Sinisterra,,MID,4,Bournemouth,,16,,,,,0,0,0,0,0,0,0,0,0,0,0,0,0,0,0.0,0.0,0.0,0.0,0.0,0.0,0.0,0.0,0,0,3,False,0,0,0
92,Faivre,,MID,4,Bournemouth,,16,,,,,0,0,0,0,0,0,0,0,0,0,0,0,0,0,0.0,0.0,0.0,0.0,0.0,0.0,0.0,0.0,0,0,3,False,0,0,0
93,H.Traorè,,MID,4,Bournemouth,,16,,,,,0,0,0,0,0,0,0,0,0,0,0,0,0,0,0.0,0.0,0.0,0.0,0.0,0.0,0.0,0.0,0,0,3,False,0,0,0
94,Sadi,,MID,4,Bournemouth,,16,,,,,0,0,0,0,0,0,0,0,0,0,0,0,0,0,0.0,0.0,0.0,0.0,0.0,0.0,0.0,0.0,0,0,3,False,0,0,0
95,Silcott-Duberry,,MID,4,Bournemouth,,16,,,,,0,0,0,0,0,0,0,0,0,0,0,0,0,0,0.0,0.0,0.0,0.0,0.0,0.0,0.0,0.0,0,0,3,False,0,0,0
96,Winterburn,,MID,4,Bournemouth,,16,,,,,0,0,0,0,0,0,0,0,0,0,0,0,0,0,0.0,0.0,0.0,0.0,0.0,0.0,0.0,0.0,0,0,3,False,0,0,0
97,Evanilson,,FWD,4,Bournemouth,,16,,,,,77,6,1,0,0,3,0,0,0,0,0,0,0,34,32.2,1.9,20.0,5.4,0.28,0.05,0.33,2.81,0,2,4,False,2,1,0
98,Enes Ünal,,FWD,4,Bournemouth,,16,,,,,0,0,0,0,0,0,0,0,0,0,0,0,0,0,0.0,0.0,0.0,0.0,0.0,0.0,0.0,0.0,0,0,4,False,0,0,0
99,Adu-Adjei,,FWD,4,Bournemouth,,16,,,,,0,0,0,0,0,0,0,0,0,0,0,0,0,0,0.0,0.0,0.0,0.0,0.0,0.0,0.0,0.0,0,0,4,False,0,0,0
100,Kroupi.Jr,,FWD,4,Bournemouth,,16,,,,,12,5,1,0,0,1,0,0,0,0,0,0,0,29,33.0,0.3,17.0,5.0,0.23,0.0,0.23,0.49,0,0,4,False,0,0,0
101,Kelleher,,GK,5,Brentford,,16,,,,,90,3,0,0,0,1,0,0,0,0,0,3,0,14,29.6,0.0,0.0,3.0,0.0,0.0,0.0,1.52,3,0,1,False,6,1,0
102,Balcombe,,GK,5,Brentford,,16,,,,,0,0,0,0,0,0,0,0,0,0,0,0,0,0,0.0,0.0,0.0,0.0,0.0,0.0,0.0,0.0,0,0,1,False,0,0,0
103,Cox,,GK,5,Brentford,,16,,,,,0,0,0,0,0,0,0,0,0,0,0,0,0,0,0.0,0.0,0.0,0.0,0.0,0.0,0.0,0.0,0,0,1,False,0,0,0
104,Eyestone,,GK,5,Brentford,,16,,,,,0,0,0,0,0,0,0,0,0,0,0,0,0,0,0.0,0.0,0.0,0.0,0.0,0.0,0.0,0.0,0,0,1,False,0,0,0
105,Valdimarsson,,GK,5,Brentford,,16,,,,,0,0,0,0,0,0,0,0,0,0,0,0,0,0,0.0,0.0,0.0,0.0,0.0,0.0,0.0,0.0,0,0,1,False,0,0,0
106,Collins,,DEF,5,Brentford,,16,,,,,90,4,0,0,0,1,0,0,0,0,0,0,0,9,34.6,1.3,9.0,4.5,0.05,0.01,0.06,1.52,13,13,2,False,3,1,0
107,Lewis-Potter,,DEF,5,Brentford,,16,,,,,60,6,0,0,1,0,0,0,0,0,0,0,0,21,6.2,8.4,19.0,3.4,0.21,0.03,0.24,0.72,1,1,2,False,0,1,0
108,Ajer,,DEF,5,Brentford,,16,,,,,9,1,0,0,0,1,0,0,0,0,0,0,0,1,6.2,10.2,2.0,1.8,0.0,0.0,0.0,0.46,2,2,2,False,0,0,0
109,Henry,,DEF,5,Brentford,,16,,,,,29,4,0,1,0,1,0,0,0,0,0,0,0,8,1.2,0.2,2.0,0.3,0.0,0.0,0.0,0.79,1,1,2,False,1,0,0
110,Kayode,,DEF,5,Brentford,,16,,,,,90,5,0,0,0,1,0,0,0,0,0,0,1,25,29.0,14.6,2.0,4.6,0.0,0.02,0.02,1.52,6,11,2,False,6,1,5
111,Pinnock,,DEF,5,Brentford,,16,,,,,0,0,0,0,0,0,0,0,0,0,0,0,0,0,0.0,0.0,0.0,0.0,0.0,0.0,0.0,0.0,0,0,2,False,0,0,0
112,Roerslev,,DEF,5,Brentford,,16,,,,,0,0,0,0,0,0,0,0,0,0,0,0,0,0,0.0,0.0,0.0,0.0,0.0,0.0,0.0,0.0,0,0,2,False,0,0,0
113,Van den Berg,,DEF,5,Brentford,,16,,,,,90,4,0,0,0,1,0,0,0,0,0,0,0,16,32.4,1.0,2.0,3.5,0.0,0.01,0.01,1.52,14,14,2,False,3,1,0
114,Arthur,,DEF,5,Brentford,,16,,,,,0,0,0,0,0,0,0,0,0,0,0,0,0,0,0.0,0.0,0.0,0.0,0.0,0.0,0.0,0.0,0,0,2,False,0,0,0
115,Fredrick,,DEF,5,Brentford,,16,,,,,0,0,0,0,0,0,0,0,0,0,0,0,0,0,0.0,0.0,0.0,0.0,0.0,0.0,0.0,0.0,0,0,2,False,0,0,0
116,Hickey,,DEF,5,Brentford,,16,,,,,60,6,0,0,1,0,0,0,0,0,0,0,0,23,3.6,1.9,0.0,0.6,0.0,0.01,0.01,0.72,3,3,2,False,5,1,0
117,Ji-soo,,DEF,5,Brentford,,16,,,,,0,0,0,0,0,0,0,0,0,0,0,0,0,0,0.0,0.0,0.0,0.0,0.0,0.0,0.0,0.0,0,0,2,False,0,0,0
118,Meghoma,,DEF,5,Brentford,,16,,,,,0,0,0,0,0,0,0,0,0,0,0,0,0,0,0.0,0.0,0.0,0.0,0.0,0.0,0.0,0.0,0,0,2,False,0,0,0
119,Mbeumo,,MID,14,Man Utd,,16,,,,,90,2,0,0,0,4,0,0,0,0,0,0,0,10,13.0,30.4,40.0,8.3,0.4,0.48,0.88,1.62,2,5,3,False,1,1,2
120,Schade,,MID,5,Brentford,,16,,,,,0,0,0,0,0,0,0,0,0,0,0,0,0,0,0.0,0.0,0.0,0.0,0.0,0.0,0.0,0.0,0,0,3,False,0,0,0
121,Damsgaard,,MID,5,Brentford,,16,,,,,29,1,0,0,0,1,0,0,0,0,0,0,0,6,3.6,0.9,0.0,0.5,0.0,0.03,0.03,0.79,2,4,3,False,1,0,1
122,Milambo,,MID,5,Brentford,,16,,,,,0,0,0,0,0,0,0,0,0,0,0,0,0,0,0.0,0.0,0.0,0.0,0.0,0.0,0.0,0.0,0,0,3,False,0,0,0
123,Carvalho,,MID,5,Brentford,,16,,,,,0,0,0,0,0,0,0,0,0,0,0,0,0,0,0.0,0.0,0.0,0.0,0.0,0.0,0.0,0.0,0,0,3,False,0,0,0
124,Henderson,,MID,5,Brentford,,16,,,,,90,9,1,0,0,1,0,0,0,0,0,0,2,29,47.2,27.1,20.0,9.4,0.26,0.04,0.3,1.52,1,6,3,False,4,1,1
125,Janelt,,MID,5,Brentford,,16,,,,,79,3,0,0,1,0,0,0,0,0,0,0,0,13,15.8,4.4,0.0,2.0,0.0,0.01,0.01,1.06,6,9,3,False,0,1,3
126,Jensen,,MID,5,Brentford,,16,,,,,80,3,0,0,1,0,0,0,0,0,0,0,0,15,3.0,5.3,3.0,1.1,0.06,0.04,0.1,1.06,0,5,3,False,4,1,1
127,Nunes,,MID,5,Brentford,,16,,,,,0,0,0,0,0,0,0,0,0,0,0,0,0,0,0.0,0.0,0.0,0.0,0.0,0.0,0.0,0.0,0,0,3,False,0,0,0
128,Onyeka,,MID,5,Brentford,,16,,,,,0,0,0,0,0,0,0,0,0,0,0,0,0,0,0.0,0.0,0.0,0.0,0.0,0.0,0.0,0.0,0,0,3,False,0,0,0
129,Yarmoliuk,,MID,5,Brentford,,16,,,,,10,1,0,0,0,1,0,0,0,0,0,0,0,4,6.2,0.3,0.0,0.7,0.0,0.0,0.0,0.46,2,2,3,False,0,0,0
130,Donovan,,MID,5,Brentford,,16,,,,,0,0,0,0,0,0,0,0,0,0,0,0,0,0,0.0,0.0,0.0,0.0,0.0,0.0,0.0,0.0,0,0,3,False,0,0,0
131,Konak,,MID,5,Brentford,,16,,,,,0,0,0,0,0,0,0,0,0,0,0,0,0,0,0.0,0.0,0.0,0.0,0.0,0.0,0.0,0.0,0,0,3,False,0,0,0
132,Maghoma,,MID,5,Brentford,,16,,,,,0,0,0,0,0,0,0,0,0,0,0,0,0,0,0.0,0.0,0.0,0.0,0.0,0.0,0.0,0.0,0,0,3,False,0,0,0
133,Peart-Harris,,MID,5,Brentford,,16,,,,,0,0,0,0,0,0,0,0,0,0,0,0,0,0,0.0,0.0,0.0,0.0,0.0,0.0,0.0,0.0,0,0,3,False,0,0,0
134,Trevitt,,MID,5,Brentford,,16,,,,,0,0,0,0,0,0,0,0,0,0,0,0,0,0,0.0,0.0,0.0,0.0,0.0,0.0,0.0,0.0,0,0,3,False,0,0,0
135,Wissa,,FWD,15,Newcastle,,16,,,,,15,1,0,0,0,0,0,0,0,0,0,0,0,3,0.0,0.0,2.0,0.2,0.0,0.0,0.0,0.03,0,0,4,False,0,0,0
136,Thiago,,FWD,5,Brentford,,16,,,,,90,2,0,0,0,1,0,0,0,0,0,0,0,4,4.4,4.4,0.0,0.9,0.0,0.01,0.01,1.52,3,6,4,False,3,1,0
137,Morgan,,FWD,5,Brentford,,16,,,,,0,0,0,0,0,0,0,0,0,0,0,0,0,0,0.0,0.0,0.0,0.0,0.0,0.0,0.0,0.0,0,0,4,False,0,0,0
138,Steele,,GK,6,Brighton,,16,,,,,0,0,0,0,0,0,0,0,0,0,0,0,0,0,0.0,0.0,0.0,0.0,0.0,0.0,0.0,0.0,0,0,1,False,0,0,0
139,Verbruggen,,GK,6,Brighton,,16,,,,,90,1,0,0,0,2,0,0,0,0,0,2,0,11,14.8,0.0,0.0,1.5,0.0,0.0,0.0,1.89,0,0,1,False,15,1,0
140,McGill,,GK,6,Brighton,,16,,,,,0,0,0,0,0,0,0,0,0,0,0,0,0,0,0.0,0.0,0.0,0.0,0.0,0.0,0.0,0.0,0,0,1,False,0,0,0
141,Rushworth,,GK,6,Brighton,,16,,,,,0,0,0,0,0,0,0,0,0,0,0,0,0,0,0.0,0.0,0.0,0.0,0.0,0.0,0.0,0.0,0,0,1,False,0,0,0
142,Scherpen,,GK,6,Brighton,,16,,,,,0,0,0,0,0,0,0,0,0,0,0,0,0,0,0.0,0.0,0.0,0.0,0.0,0.0,0.0,0.0,0,0,1,False,0,0,0
143,Boscagli,,DEF,6,Brighton,,16,,,,,0,0,0,0,0,0,0,0,0,0,0,0,0,0,0.0,0.0,0.0,0.0,0.0,0.0,0.0,0.0,0,0,2,False,0,0,0
144,Coppola,,DEF,6,Brighton,,16,,,,,0,0,0,0,0,0,0,0,0,0,0,0,0,0,0.0,0.0,0.0,0.0,0.0,0.0,0.0,0.0,0,0,2,False,0,0,0
145,De Cuyper,,DEF,6,Brighton,,16,,,,,0,0,0,0,0,0,0,0,0,0,0,0,0,0,0.0,0.0,0.0,0.0,0.0,0.0,0.0,0.0,0,0,2,False,0,0,0
146,Dunk,,DEF,6,Brighton,,16,,,,,90,0,0,0,0,2,0,0,0,1,0,0,0,5,23.2,2.8,2.0,2.8,0.0,0.02,0.02,1.89,4,5,2,False,4,1,1
147,Estupiñan,,DEF,6,Brighton,,16,,,,,0,0,0,0,0,0,0,0,0,0,0,0,0,0,0.0,0.0,0.0,0.0,0.0,0.0,0.0,0.0,0,0,2,False,0,0,0
148,F.Kadıoğlu,,DEF,6,Brighton,,16,,,,,90,1,0,0,0,2,0,0,0,0,0,0,0,6,13.8,19.5,4.0,3.7,0.08,0.07,0.15,1.89,3,5,2,False,4,1,2
149,Igor,,DEF,19,West Ham,,16,,,,,0,0,0,0,0,0,0,0,0,0,0,0,0,0,0.0,0.0,0.0,0.0,0.0,0.0,0.0,0.0,0,0,2,False,0,0,0
150,Lamptey,,DEF,6,Brighton,,16,,,,,0,0,0,0,0,0,0,0,0,0,0,0,0,0,0.0,0.0,0.0,0.0,0.0,0.0,0.0,0.0,0,0,2,False,0,0,0
151,Van Hecke,,DEF,6,Brighton,,16,,,,,90,1,0,0,0,2,0,0,0,0,0,0,0,4,16.6,8.3,0.0,2.5,0.0,0.09,0.09,1.89,1,2,2,False,3,1,1
152,Veltman,,DEF,6,Brighton,,16,,,,,0,0,0,0,0,0,0,0,0,0,0,0,0,0,0.0,0.0,0.0,0.0,0.0,0.0,0.0,0.0,0,0,2,False,0,0,0
153,Webster,,DEF,6,Brighton,,16,,,,,0,0,0,0,0,0,0,0,0,0,0,0,0,0,0.0,0.0,0.0,0.0,0.0,0.0,0.0,0.0,0,0,2,False,0,0,0
154,Cashin,,DEF,6,Brighton,,16,,,,,0,0,0,0,0,0,0,0,0,0,0,0,0,0,0.0,0.0,0.0,0.0,0.0,0.0,0.0,0.0,0,0,2,False,0,0,0
155,Slater,,DEF,6,Brighton,,16,,,,,0,0,0,0,0,0,0,0,0,0,0,0,0,0,0.0,0.0,0.0,0.0,0.0,0.0,0.0,0.0,0,0,2,False,0,0,0
156,Tasker,,DEF,6,Brighton,,16,,,,,0,0,0,0,0,0,0,0,0,0,0,0,0,0,0.0,0.0,0.0,0.0,0.0,0.0,0.0,0.0,0,0,2,False,0,0,0
157,Mitoma,,MID,6,Brighton,,16,,,,,26,1,0,0,0,0,0,0,0,0,0,0,0,0,2.0,14.8,10.0,2.7,0.19,0.04,0.23,0.49,1,1,3,False,0,0,0
158,Georginio,,MID,6,Brighton,,16,,,,,81,2,0,0,0,2,0,0,0,0,0,0,0,10,9.0,56.7,5.0,7.1,0.03,0.18,0.21,1.55,2,3,3,False,1,1,0
159,March,,MID,6,Brighton,,16,,,,,0,0,0,0,0,0,0,0,0,0,0,0,0,0,0.0,0.0,0.0,0.0,0.0,0.0,0.0,0.0,0,0,3,False,0,0,0
160,Minteh,,MID,6,Brighton,,16,,,,,90,2,0,0,0,2,0,0,0,0,0,0,0,17,11.0,26.8,18.0,5.6,0.18,0.39,0.57,1.89,0,9,3,False,8,1,1
161,Enciso,,MID,6,Brighton,,16,,,,,0,0,0,0,0,0,0,0,0,0,0,0,0,0,0.0,0.0,0.0,0.0,0.0,0.0,0.0,0.0,0,0,3,False,0,0,0
162,Gruda,,MID,6,Brighton,,16,,,,,63,2,0,0,0,2,0,0,0,0,0,0,0,6,3.6,2.2,4.0,1.0,0.05,0.01,0.06,1.4,0,5,3,False,2,1,3
163,Hinshelwood,,MID,6,Brighton,,16,,,,,81,2,0,0,0,2,0,0,0,0,0,0,0,7,4.8,0.8,0.0,0.6,0.0,0.0,0.0,1.55,1,4,3,False,2,1,1
164,O'Riley,,MID,6,Brighton,,16,,,,,0,0,0,0,0,0,0,0,0,0,0,0,0,0,0.0,0.0,0.0,0.0,0.0,0.0,0.0,0.0,0,0,3,False,0,0,0
165,Sima,,MID,6,Brighton,,16,,,,,0,0,0,0,0,0,0,0,0,0,0,0,0,0,0.0,0.0,0.0,0.0,0.0,0.0,0.0,0.0,0,0,3,False,0,0,0
166,Ayari,,MID,6,Brighton,,16,,,,,26,1,0,0,0,0,0,0,0,0,0,0,0,5,3.4,2.4,7.0,1.3,0.1,0.02,0.12,0.49,0,5,3,False,5,0,0
167,Baleba,,MID,6,Brighton,,16,,,,,63,2,0,0,0,2,0,0,0,0,0,0,0,4,4.8,3.3,5.0,1.3,0.05,0.0,0.05,1.4,0,4,3,False,1,1,3
168,Buonanotte,,MID,7,Chelsea,,16,,,,,0,0,0,0,0,0,0,0,0,0,0,0,0,0,0.0,0.0,0.0,0.0,0.0,0.0,0.0,0.0,0,0,3,False,0,0,0
169,Gomez,,MID,6,Brighton,,16,,,,,86,1,0,0,0,2,0,0,0,1,0,0,0,-7,0.6,11.5,31.0,4.3,1.14,0.02,1.16,1.55,1,2,3,False,1,1,0
170,Milner,,MID,6,Brighton,,16,,,,,3,1,0,0,0,0,0,0,0,0,0,0,0,3,1.8,0.6,0.0,0.2,0.0,0.0,0.0,0.33,0,1,3,False,1,0,0
171,Sarmiento,,MID,6,Brighton,,16,,,,,0,0,0,0,0,0,0,0,0,0,0,0,0,0,0.0,0.0,0.0,0.0,0.0,0.0,0.0,0.0,0,0,3,False,0,0,0
172,Watson,,MID,6,Brighton,,16,,,,,0,0,0,0,0,0,0,0,0,0,0,0,0,0,0.0,0.0,0.0,0.0,0.0,0.0,0.0,0.0,0,0,3,False,0,0,0
173,Wieffer,,MID,6,Brighton,,16,,,,,90,2,0,0,0,2,0,0,0,0,0,0,0,16,12.6,27.5,10.0,5.0,0.04,0.28,0.32,1.89,4,11,3,False,7,1,0
174,Yalcouye,,MID,6,Brighton,,16,,,,,0,0,0,0,0,0,0,0,0,0,0,0,0,0,0.0,0.0,0.0,0.0,0.0,0.0,0.0,0.0,0,0,3,False,0,0,0
175,Knight,,MID,6,Brighton,,16,,,,,0,0,0,0,0,0,0,0,0,0,0,0,0,0,0.0,0.0,0.0,0.0,0.0,0.0,0.0,0.0,0,0,3,False,0,0,0
176,Mazilu,,MID,6,Brighton,,16,,,,,0,0,0,0,0,0,0,0,0,0,0,0,0,0,0.0,0.0,0.0,0.0,0.0,0.0,0.0,0.0,0,0,3,False,0,0,0
177,Moran,,MID,6,Brighton,,16,,,,,0,0,0,0,0,0,0,0,0,0,0,0,0,0,0.0,0.0,0.0,0.0,0.0,0.0,0.0,0.0,0,0,3,False,0,0,0
178,Welbeck,,FWD,6,Brighton,,16,,,,,8,1,0,0,0,0,0,0,0,0,0,0,0,3,0.2,1.5,0.0,0.2,0.0,0.01,0.01,0.33,0,0,4,False,0,0,0
179,Ferguson,,FWD,6,Brighton,,16,,,,,0,0,0,0,0,0,0,0,0,0,0,0,0,0,0.0,0.0,0.0,0.0,0.0,0.0,0.0,0.0,0,0,4,False,0,0,0
180,Tzimas,,FWD,6,Brighton,,16,,,,,0,0,0,0,0,0,0,0,0,0,0,0,0,0,0.0,0.0,0.0,0.0,0.0,0.0,0.0,0.0,0,0,4,False,0,0,0
181,Kostoulas,,FWD,6,Brighton,,16,,,,,8,1,0,0,0,0,0,0,0,0,0,0,0,4,1.2,1.6,10.0,1.3,0.05,0.0,0.05,0.33,0,3,4,False,2,0,1
182,Trafford,,GK,13,Man City,,16,,,,,0,0,0,0,0,0,0,0,0,0,0,0,0,0,0.0,0.0,0.0,0.0,0.0,0.0,0.0,0.0,0,0,1,False,0,0,0
183,Weiss,,GK,3,Burnley,,16,,,,,0,0,0,0,0,0,0,0,0,0,0,0,0,0,0.0,0.0,0.0,0.0,0.0,0.0,0.0,0.0,0,0,1,False,0,0,0
184,Green,,GK,3,Burnley,,16,,,,,0,0,0,0,0,0,0,0,0,0,0,0,0,0,0.0,0.0,0.0,0.0,0.0,0.0,0.0,0.0,0,0,1,False,0,0,0
185,Hladký,,GK,3,Burnley,,16,,,,,0,0,0,0,0,0,0,0,0,0,0,0,0,0,0.0,0.0,0.0,0.0,0.0,0.0,0.0,0.0,0,0,1,False,0,0,0
186,Roberts,,DEF,3,Burnley,,16,,,,,0,0,0,0,0,0,0,0,0,0,0,0,0,0,0.0,0.0,0.0,0.0,0.0,0.0,0.0,0.0,0,0,2,False,0,0,0
187,Walker,,DEF,3,Burnley,,16,,,,,0,0,0,0,0,0,0,0,0,0,0,0,0,0,0.0,0.0,0.0,0.0,0.0,0.0,0.0,0.0,0,0,2,False,0,0,0
188,Delcroix,,DEF,3,Burnley,,16,,,,,0,0,0,0,0,0,0,0,0,0,0,0,0,0,0.0,0.0,0.0,0.0,0.0,0.0,0.0,0.0,0,0,2,False,0,0,0
189,Dodgson,,DEF,3,Burnley,,16,,,,,0,0,0,0,0,0,0,0,0,0,0,0,0,0,0.0,0.0,0.0,0.0,0.0,0.0,0.0,0.0,0,0,2,False,0,0,0
190,Ekdal,,DEF,3,Burnley,,16,,,,,90,1,0,0,0,3,0,0,0,0,0,0,0,-2,14.2,1.5,0.0,1.6,0.0,0.01,0.01,2.23,2,3,2,False,4,1,1
191,Estève,,DEF,3,Burnley,,16,,,,,90,1,0,0,0,3,0,0,0,0,0,0,0,3,11.4,1.3,16.0,2.9,0.22,0.01,0.23,2.23,3,4,2,False,7,1,1
192,Hartman,,DEF,3,Burnley,,16,,,,,90,4,0,1,0,3,0,0,0,0,0,0,0,6,11.2,2.8,8.0,2.2,0.0,0.04,0.04,2.23,4,6,2,False,6,1,2
193,Humphreys,,DEF,3,Burnley,,16,,,,,0,0,0,0,0,0,0,0,0,0,0,0,0,0,0.0,0.0,0.0,0.0,0.0,0.0,0.0,0.0,0,0,2,False,0,0,0
194,Jordan,,DEF,3,Burnley,,16,,,,,0,0,0,0,0,0,0,0,0,0,0,0,0,0,0.0,0.0,0.0,0.0,0.0,0.0,0.0,0.0,0,0,2,False,0,0,0
195,Lucas Pires,,DEF,3,Burnley,,16,,,,,0,0,0,0,0,0,0,0,0,0,0,0,0,0,0.0,0.0,0.0,0.0,0.0,0.0,0.0,0.0,0,0,2,False,0,0,0
196,Sambo,,DEF,3,Burnley,,16,,,,,0,0,0,0,0,0,0,0,0,0,0,0,0,0,0.0,0.0,0.0,0.0,0.0,0.0,0.0,0.0,0,0,2,False,0,0,0
197,Sonne,,DEF,3,Burnley,,16,,,,,13,7,1,0,0,0,0,0,0,0,0,0,0,16,32.6,0.8,17.0,5.0,0.39,0.0,0.39,0.0,0,0,2,False,0,0,0
198,Tuanzebe,,DEF,3,Burnley,,16,,,,,76,1,0,0,0,3,0,0,0,0,0,0,0,4,6.2,3.8,0.0,1.0,0.0,0.08,0.08,2.23,1,4,2,False,4,1,3
199,Worrall,,DEF,3,Burnley,,16,,,,,0,0,0,0,0,0,0,0,0,0,0,0,0,0,0.0,0.0,0.0,0.0,0.0,0.0,0.0,0.0,0,0,2,False,0,0,0
200,Anthony,,MID,3,Burnley,,16,,,,,13,1,0,0,0,0,0,0,0,0,0,0,0,3,0.0,0.3,0.0,0.0,0.0,0.0,0.0,0.0,0,0,3,False,0,0,0
201,Benson,,MID,3,Burnley,,16,,,,,0,0,0,0,0,0,0,0,0,0,0,0,0,0,0.0,0.0,0.0,0.0,0.0,0.0,0.0,0.0,0,0,3,False,0,0,0
202,Bruun Larsen,,MID,3,Burnley,,16,,,,,76,2,0,0,0,3,0,0,0,0,0,0,0,19,18.0,69.5,23.0,11.1,0.16,0.28,0.44,2.23,1,6,3,False,5,1,0
203,Boateng,,MID,3,Burnley,,16,,,,,0,0,0,0,0,0,0,0,0,0,0,0,0,0,0.0,0.0,0.0,0.0,0.0,0.0,0.0,0.0,0,0,3,False,0,0,0
204,Churlinov,,MID,3,Burnley,,16,,,,,0,0,0,0,0,0,0,0,0,0,0,0,0,0,0.0,0.0,0.0,0.0,0.0,0.0,0.0,0.0,0,0,3,False,0,0,0
205,Cullen,,MID,3,Burnley,,16,,,,,90,4,0,1,0,3,0,0,0,1,0,0,0,26,26.4,29.9,3.0,5.9,0.05,0.25,0.3,2.23,2,8,3,False,4,1,2
206,Edwards,,MID,3,Burnley,,16,,,,,28,1,0,0,0,0,0,0,0,0,0,0,0,4,5.6,12.4,4.0,2.2,0.04,0.05,0.09,0.19,0,1,3,False,0,0,1
207,Hannibal,,MID,3,Burnley,,16,,,,,0,0,0,0,0,0,0,0,0,0,0,0,0,0,0.0,0.0,0.0,0.0,0.0,0.0,0.0,0.0,0,0,3,False,0,0,0
208,Koleosho,,MID,3,Burnley,,16,,,,,0,0,0,0,0,0,0,0,0,0,0,0,0,0,0.0,0.0,0.0,0.0,0.0,0.0,0.0,0.0,0,0,3,False,0,0,0
209,Laurent,,MID,3,Burnley,,16,,,,,0,0,0,0,0,0,0,0,0,0,0,0,0,0,0.0,0.0,0.0,0.0,0.0,0.0,0.0,0.0,0,0,3,False,0,0,0
210,Tchaouna,,MID,3,Burnley,,16,,,,,0,0,0,0,0,0,0,0,0,0,0,0,0,0,0.0,0.0,0.0,0.0,0.0,0.0,0.0,0.0,0,0,3,False,0,0,0
211,A.Ramsey,,MID,3,Burnley,,16,,,,,0,0,0,0,0,0,0,0,0,0,0,0,0,0,0.0,0.0,0.0,0.0,0.0,0.0,0.0,0.0,0,0,3,False,0,0,0
212,Adewumi,,MID,3,Burnley,,16,,,,,0,0,0,0,0,0,0,0,0,0,0,0,0,0,0.0,0.0,0.0,0.0,0.0,0.0,0.0,0.0,0,0,3,False,0,0,0
213,Banel,,MID,3,Burnley,,16,,,,,0,0,0,0,0,0,0,0,0,0,0,0,0,0,0.0,0.0,0.0,0.0,0.0,0.0,0.0,0.0,0,0,3,False,0,0,0
214,Trésor,,MID,3,Burnley,,16,,,,,7,1,0,0,0,0,0,0,0,0,0,0,0,2,0.2,0.0,0.0,0.0,0.0,0.0,0.0,0.0,0,0,3,False,0,0,0
215,Flemming,,FWD,3,Burnley,,16,,,,,28,1,0,0,0,0,0,0,0,0,0,0,0,4,4.4,4.8,17.0,2.6,0.06,0.01,0.07,0.19,0,1,4,False,1,0,0
216,Amdouni,,FWD,3,Burnley,,16,,,,,0,0,0,0,0,0,0,0,0,0,0,0,0,0,0.0,0.0,0.0,0.0,0.0,0.0,0.0,0.0,0,0,4,False,0,0,0
217,Foster,,FWD,3,Burnley,,16,,,,,61,2,0,0,0,3,0,0,0,0,0,0,0,5,4.4,13.6,5.0,2.3,0.03,0.02,0.05,2.04,3,6,4,False,2,1,1
218,Barnes,,FWD,3,Burnley,,16,,,,,0,0,0,0,0,0,0,0,0,0,0,0,0,0,0.0,0.0,0.0,0.0,0.0,0.0,0.0,0.0,0,0,4,False,0,0,0
219,Obafemi,,FWD,3,Burnley,,16,,,,,0,0,0,0,0,0,0,0,0,0,0,0,0,0,0.0,0.0,0.0,0.0,0.0,0.0,0.0,0.0,0,0,4,False,0,0,0
220,Sánchez,,GK,7,Chelsea,,16,,,,,90,6,0,0,1,0,0,0,0,0,0,2,0,30,23.4,10.0,0.0,3.3,0.0,0.0,0.0,1.03,1,0,1,False,7,1,0
221,Jörgensen,,GK,7,Chelsea,,16,,,,,0,0,0,0,0,0,0,0,0,0,0,0,0,0,0.0,0.0,0.0,0.0,0.0,0.0,0.0,0.0,0,0,1,False,0,0,0
222,Penders,,GK,7,Chelsea,,16,,,,,0,0,0,0,0,0,0,0,0,0,0,0,0,0,0.0,0.0,0.0,0.0,0.0,0.0,0.0,0.0,0,0,1,False,0,0,0
223,Slonina,,GK,7,Chelsea,,16,,,,,0,0,0,0,0,0,0,0,0,0,0,0,0,0,0.0,0.0,0.0,0.0,0.0,0.0,0.0,0.0,0,0,1,False,0,0,0
224,Cucurella,,DEF,7,Chelsea,,16,,,,,90,6,0,0,1,0,0,0,0,0,0,0,0,28,17.2,12.0,0.0,2.9,0.0,0.03,0.03,1.03,5,6,2,False,3,1,1
225,James,,DEF,7,Chelsea,,16,,,,,90,6,0,0,1,0,0,0,0,0,0,0,0,28,13.0,21.3,12.0,4.6,0.09,0.05,0.14,1.03,2,3,2,False,6,1,1
226,Chalobah,,DEF,7,Chelsea,,16,,,,,90,9,0,0,1,0,0,0,0,0,0,0,1,31,29.8,0.2,7.0,3.7,0.05,0.0,0.05,1.03,9,13,2,False,4,1,4
227,Colwill,,DEF,7,Chelsea,,16,,,,,0,0,0,0,0,0,0,0,0,0,0,0,0,0,0.0,0.0,0.0,0.0,0.0,0.0,0.0,0.0,0,0,2,False,0,0,0
228,Gusto,,DEF,7,Chelsea,,16,,,,,90,18,1,1,1,0,0,0,0,0,0,0,3,56,67.2,30.4,24.0,12.2,0.33,0.13,0.46,1.03,5,5,2,True,4,1,0
229,B.Badiashile,,DEF,7,Chelsea,,16,,,,,0,0,0,0,0,0,0,0,0,0,0,0,0,0,0.0,0.0,0.0,0.0,0.0,0.0,0.0,0.0,0,0,2,False,0,0,0
230,Fofana,,DEF,7,Chelsea,,16,,,,,90,9,0,0,1,0,0,0,0,1,0,0,2,34,48.0,0.6,0.0,4.9,0.0,0.0,0.0,1.03,18,20,2,False,5,1,2
231,M.Sarr,,DEF,7,Chelsea,,16,,,,,0,0,0,0,0,0,0,0,0,0,0,0,0,0,0.0,0.0,0.0,0.0,0.0,0.0,0.0,0.0,0,0,2,False,0,0,0
232,Tosin,,DEF,7,Chelsea,,16,,,,,0,0,0,0,0,0,0,0,0,0,0,0,0,0,0.0,0.0,0.0,0.0,0.0,0.0,0.0,0.0,0,0,2,False,0,0,0
233,Acheampong,,DEF,7,Chelsea,,16,,,,,0,0,0,0,0,0,0,0,0,0,0,0,0,0,0.0,0.0,0.0,0.0,0.0,0.0,0.0,0.0,0,0,2,False,0,0,0
234,Anselmino,,DEF,7,Chelsea,,16,,,,,0,0,0,0,0,0,0,0,0,0,0,0,0,0,0.0,0.0,0.0,0.0,0.0,0.0,0.0,0.0,0,0,2,False,0,0,0
235,Palmer,,MID,7,Chelsea,,16,,,,,57,6,1,0,0,0,0,0,0,0,0,0,0,24,35.0,23.3,19.0,7.7,0.49,0.04,0.53,0.47,0,1,3,False,1,1,0
236,Neto,,MID,7,Chelsea,,16,,,,,90,6,0,1,1,0,0,0,0,0,0,0,0,22,24.8,28.8,9.0,6.3,0.04,0.27,0.31,1.03,1,7,3,False,4,1,2
237,Enzo,,MID,7,Chelsea,,16,,,,,90,3,0,0,1,0,0,0,0,0,0,0,0,19,13.2,19.9,27.0,6.0,0.33,0.55,0.88,1.03,3,11,3,False,7,1,1
238,Estêvão,,MID,7,Chelsea,,16,,,,,9,1,0,0,0,0,0,0,0,0,0,0,0,3,1.2,0.2,2.0,0.3,0.0,0.0,0.0,0.21,0,1,3,False,1,0,0
239,Gittens,,MID,7,Chelsea,,16,,,,,25,1,0,0,0,0,0,0,0,0,0,0,0,6,5.2,1.2,3.0,0.9,0.05,0.01,0.06,0.56,0,6,3,False,3,0,3
240,Nkunku,,MID,7,Chelsea,,16,,,,,0,0,0,0,0,0,0,0,0,0,0,0,0,0,0.0,0.0,0.0,0.0,0.0,0.0,0.0,0.0,0,0,3,False,0,0,0
241,Caicedo,,MID,7,Chelsea,,16,,,,,0,0,0,0,0,0,0,0,0,0,0,0,0,0,0.0,0.0,0.0,0.0,0.0,0.0,0.0,0.0,0,0,3,False,0,0,0
242,Dewsbury-Hall,,MID,9,Everton,,16,,,,,15,1,0,0,0,0,0,0,0,0,0,0,0,3,1.2,1.9,0.0,0.3,0.0,0.0,0.0,0.05,0,1,3,False,0,1,1
243,George,,MID,7,Chelsea,,16,,,,,0,0,0,0,0,0,0,0,0,0,0,0,0,0,0.0,0.0,0.0,0.0,0.0,0.0,0.0,0.0,0,0,3,False,0,0,0
244,Lavia,,MID,7,Chelsea,,16,,,,,0,0,0,0,0,0,0,0,0,0,0,0,0,0,0.0,0.0,0.0,0.0,0.0,0.0,0.0,0.0,0,0,3,False,0,0,0
245,Mudryk,,MID,7,Chelsea,,16,,,,,0,0,0,0,0,0,0,0,0,0,0,0,0,0,0.0,0.0,0.0,0.0,0.0,0.0,0.0,0.0,0,0,3,False,0,0,0
246,Andrey Santos,,MID,7,Chelsea,,16,,,,,32,1,0,0,0,0,0,0,0,0,0,0,0,1,2.2,11.1,1.0,1.4,0.14,0.01,0.15,0.56,0,3,3,False,2,0,1
247,D.Essugo,,MID,7,Chelsea,,16,,,,,0,0,0,0,0,0,0,0,0,0,0,0,0,0,0.0,0.0,0.0,0.0,0.0,0.0,0.0,0.0,0,0,3,False,0,0,0
248,Paez,,MID,7,Chelsea,,16,,,,,0,0,0,0,0,0,0,0,0,0,0,0,0,0,0.0,0.0,0.0,0.0,0.0,0.0,0.0,0.0,0,0,3,False,0,0,0
249,João Pedro,,FWD,7,Chelsea,,16,,,,,80,2,0,0,1,0,0,0,0,0,0,0,0,3,1.4,17.3,12.0,3.1,0.06,0.02,0.08,0.83,1,2,4,False,1,1,0
250,Delap,,FWD,7,Chelsea,,16,,,,,0,0,0,0,0,0,0,0,0,0,0,0,0,0,0.0,0.0,0.0,0.0,0.0,0.0,0.0,0.0,0,0,4,False,0,0,0
251,N.Jackson,,FWD,7,Chelsea,,16,,,,,0,0,0,0,0,0,0,0,0,0,0,0,0,0,0.0,0.0,0.0,0.0,0.0,0.0,0.0,0.0,0,0,4,False,0,0,0
252,Marc Guiu,,FWD,7,Chelsea,,16,,,,,0,0,0,0,0,0,0,0,0,0,0,0,0,0,0.0,0.0,0.0,0.0,0.0,0.0,0.0,0.0,0,0,4,False,0,0,0
253,Henderson,,GK,8,Crystal Palace,,16,,,,,90,1,0,0,0,3,0,0,0,1,0,3,0,-3,15.6,0.0,0.0,1.6,0.0,0.0,0.0,1.19,0,0,1,False,6,1,0
254,Benitez,,GK,8,Crystal Palace,,16,,,,,0,0,0,0,0,0,0,0,0,0,0,0,0,0,0.0,0.0,0.0,0.0,0.0,0.0,0.0,0.0,0,0,1,False,0,0,0
255,Matthews,,GK,8,Crystal Palace,,16,,,,,0,0,0,0,0,0,0,0,0,0,0,0,0,0,0.0,0.0,0.0,0.0,0.0,0.0,0.0,0.0,0,0,1,False,0,0,0
256,Muñoz,,DEF,8,Crystal Palace,,16,,,,,0,0,0,0,0,0,0,0,0,0,0,0,0,0,0.0,0.0,0.0,0.0,0.0,0.0,0.0,0.0,0,0,2,False,0,0,0
257,Lacroix,,DEF,8,Crystal Palace,,16,,,,,90,1,0,0,0,3,0,0,0,0,0,0,0,10,22.8,4.3,2.0,2.9,0.0,0.08,0.08,1.19,5,9,2,False,6,1,4
258,Mitchell,,DEF,8,Crystal Palace,,16,,,,,90,1,0,0,0,3,0,0,0,0,0,0,0,-6,3.6,2.5,2.0,0.8,0.0,0.01,0.01,1.19,2,3,2,False,5,1,1
259,Sosa,,DEF,8,Crystal Palace,,16,,,,,0,0,0,0,0,0,0,0,0,0,0,0,0,0,0.0,0.0,0.0,0.0,0.0,0.0,0.0,0.0,0,0,2,False,0,0,0
260,Guéhi,,DEF,8,Crystal Palace,,16,,,,,90,1,0,0,0,3,0,0,0,0,0,0,0,1,16.4,0.8,7.0,2.4,0.18,0.01,0.19,1.19,6,7,2,False,3,1,1
261,Richards,,DEF,8,Crystal Palace,,16,,,,,90,1,0,0,0,3,0,0,0,0,0,0,0,4,16.0,1.7,2.0,2.0,0.0,0.01,0.01,1.19,6,9,2,False,1,1,3
262,Chadi Riad,,DEF,8,Crystal Palace,,16,,,,,0,0,0,0,0,0,0,0,0,0,0,0,0,0,0.0,0.0,0.0,0.0,0.0,0.0,0.0,0.0,0,0,2,False,0,0,0
263,Clyne,,DEF,8,Crystal Palace,,16,,,,,76,1,0,0,0,2,0,0,0,0,0,0,0,-1,0.8,1.5,4.0,0.6,0.14,0.01,0.15,0.38,1,2,2,False,1,1,1
264,Holding,,DEF,8,Crystal Palace,,16,,,,,0,0,0,0,0,0,0,0,0,0,0,0,0,0,0.0,0.0,0.0,0.0,0.0,0.0,0.0,0.0,0,0,2,False,0,0,0
265,Kporha,,DEF,8,Crystal Palace,,16,,,,,0,0,0,0,0,0,0,0,0,0,0,0,0,0,0.0,0.0,0.0,0.0,0.0,0.0,0.0,0.0,0,0,2,False,0,0,0
266,Eze,,MID,1,Arsenal,,16,,,,,56,1,0,0,0,0,0,0,0,0,0,0,0,4,4.4,10.9,2.0,1.7,0.0,0.03,0.03,0.28,2,3,3,False,1,1,0
267,Sarr,,MID,8,Crystal Palace,,16,,,,,90,2,0,0,0,3,0,0,0,0,0,0,0,6,6.4,22.3,22.0,5.1,0.22,0.04,0.26,1.19,1,8,3,False,7,1,0
268,Doucouré,,MID,8,Crystal Palace,,16,,,,,0,0,0,0,0,0,0,0,0,0,0,0,0,0,0.0,0.0,0.0,0.0,0.0,0.0,0.0,0.0,0,0,3,False,0,0,0
269,Esse,,MID,8,Crystal Palace,,16,,,,,0,0,0,0,0,0,0,0,0,0,0,0,0,0,0.0,0.0,0.0,0.0,0.0,0.0,0.0,0.0,0,0,3,False,0,0,0
270,Hughes,,MID,8,Crystal Palace,,16,,,,,23,1,0,0,0,2,0,0,0,0,0,0,0,6,5.6,4.7,7.0,1.7,0.11,0.03,0.14,0.89,0,2,3,False,1,0,1
271,Kamada,,MID,8,Crystal Palace,,16,,,,,66,1,0,0,0,1,0,0,0,1,0,0,0,9,7.6,18.0,4.0,3.0,0.0,0.2,0.2,0.3,2,10,3,False,6,1,2
272,Lerma,,MID,8,Crystal Palace,,16,,,,,0,0,0,0,0,0,0,0,0,0,0,0,0,0,0.0,0.0,0.0,0.0,0.0,0.0,0.0,0.0,0,0,3,False,0,0,0
273,Wharton,,MID,8,Crystal Palace,,16,,,,,90,4,0,0,0,3,0,0,0,0,0,0,0,20,14.8,15.4,6.0,3.6,0.23,0.2,0.43,1.19,2,16,3,False,8,1,6
274,Agbinone,,MID,8,Crystal Palace,,16,,,,,0,0,0,0,0,0,0,0,0,0,0,0,0,0,0.0,0.0,0.0,0.0,0.0,0.0,0.0,0.0,0,0,3,False,0,0,0
275,Ahamada,,MID,8,Crystal Palace,,16,,,,,0,0,0,0,0,0,0,0,0,0,0,0,0,0,0.0,0.0,0.0,0.0,0.0,0.0,0.0,0.0,0,0,3,False,0,0,0
276,Devenny,,MID,8,Crystal Palace,,16,,,,,0,0,0,0,0,0,0,0,0,0,0,0,0,0,0.0,0.0,0.0,0.0,0.0,0.0,0.0,0.0,0,0,3,False,0,0,0
277,Ebiowei,,MID,8,Crystal Palace,,16,,,,,0,0,0,0,0,0,0,0,0,0,0,0,0,0,0.0,0.0,0.0,0.0,0.0,0.0,0.0,0.0,0,0,3,False,0,0,0
278,J.Rak-Sakyi,,MID,8,Crystal Palace,,16,,,,,0,0,0,0,0,0,0,0,0,0,0,0,0,0,0.0,0.0,0.0,0.0,0.0,0.0,0.0,0.0,0,0,3,False,0,0,0
279,M.França,,MID,8,Crystal Palace,,16,,,,,0,0,0,0,0,0,0,0,0,0,0,0,0,0,0.0,0.0,0.0,0.0,0.0,0.0,0.0,0.0,0,0,3,False,0,0,0
280,Ozoh,,MID,8,Crystal Palace,,16,,,,,0,0,0,0,0,0,0,0,0,0,0,0,0,0,0.0,0.0,0.0,0.0,0.0,0.0,0.0,0.0,0,0,3,False,0,0,0
281,Rodney,,MID,8,Crystal Palace,,16,,,,,0,0,0,0,0,0,0,0,0,0,0,0,0,0,0.0,0.0,0.0,0.0,0.0,0.0,0.0,0.0,0,0,3,False,0,0,0
282,Umeh,,MID,8,Crystal Palace,,16,,,,,0,0,0,0,0,0,0,0,0,0,0,0,0,0,0.0,0.0,0.0,0.0,0.0,0.0,0.0,0.0,0,0,3,False,0,0,0
283,Mateta,,FWD,8,Crystal Palace,,16,,,,,62,2,0,0,0,1,0,0,0,0,0,0,0,3,0.4,0.3,27.0,2.8,0.2,0.11,0.31,0.3,0,2,4,False,2,1,0
284,Nketiah,,FWD,8,Crystal Palace,,16,,,,,27,1,0,0,0,2,0,0,0,0,0,0,0,6,3.0,0.3,17.0,2.0,0.03,0.0,0.03,0.89,0,0,4,False,0,0,0
285,Édouard,,FWD,8,Crystal Palace,,16,,,,,0,0,0,0,0,0,0,0,0,0,0,0,0,0,0.0,0.0,0.0,0.0,0.0,0.0,0.0,0.0,0,0,4,False,0,0,0
286,Marsh,,FWD,8,Crystal Palace,,16,,,,,0,0,0,0,0,0,0,0,0,0,0,0,0,0,0.0,0.0,0.0,0.0,0.0,0.0,0.0,0.0,0,0,4,False,0,0,0
287,Pickford,,GK,9,Everton,,16,,,,,90,2,0,0,0,2,0,0,0,0,0,3,0,10,21.4,0.0,0.0,2.1,0.0,0.0,0.0,2.2,2,0,1,False,12,1,0
288,Travers,,GK,9,Everton,,16,,,,,0,0,0,0,0,0,0,0,0,0,0,0,0,0,0.0,0.0,0.0,0.0,0.0,0.0,0.0,0.0,0,0,1,False,0,0,0
289,Tyrer,,GK,9,Everton,,16,,,,,0,0,0,0,0,0,0,0,0,0,0,0,0,0,0.0,0.0,0.0,0.0,0.0,0.0,0.0,0.0,0,0,1,False,0,0,0
290,Branthwaite,,DEF,9,Everton,,16,,,,,0,0,0,0,0,0,0,0,0,0,0,0,0,0,0.0,0.0,0.0,0.0,0.0,0.0,0.0,0.0,0,0,2,False,0,0,0
291,Tarkowski,,DEF,9,Everton,,16,,,,,90,1,0,0,0,2,0,0,0,0,0,0,0,0,12.8,0.8,6.0,2.0,0.04,0.01,0.05,2.2,2,3,2,False,3,1,1
292,Mykolenko,,DEF,9,Everton,,16,,,,,90,1,0,0,0,2,0,0,0,0,0,0,0,11,19.2,23.0,2.0,4.4,0.0,0.08,0.08,2.2,4,6,2,False,3,1,2
293,O'Brien,,DEF,9,Everton,,16,,,,,90,1,0,0,0,2,0,0,0,0,0,0,0,4,12.4,27.2,6.0,4.6,0.0,0.09,0.09,2.2,0,2,2,False,1,1,2
294,Coleman,,DEF,9,Everton,,16,,,,,0,0,0,0,0,0,0,0,0,0,0,0,0,0,0.0,0.0,0.0,0.0,0.0,0.0,0.0,0.0,0,0,2,False,0,0,0
295,Keane,,DEF,9,Everton,,16,,,,,90,1,0,0,0,2,0,0,0,0,0,0,0,5,11.8,0.4,7.0,1.9,0.05,0.0,0.05,2.2,7,7,2,False,3,1,0
296,Patterson,,DEF,9,Everton,,16,,,,,0,0,0,0,0,0,0,0,0,0,0,0,0,0,0.0,0.0,0.0,0.0,0.0,0.0,0.0,0.0,0,0,2,False,0,0,0
297,Dixon,,DEF,9,Everton,,16,,,,,0,0,0,0,0,0,0,0,0,0,0,0,0,0,0.0,0.0,0.0,0.0,0.0,0.0,0.0,0.0,0,0,2,False,0,0,0
298,Welch,,DEF,9,Everton,,16,,,,,0,0,0,0,0,0,0,0,0,0,0,0,0,0,0.0,0.0,0.0,0.0,0.0,0.0,0.0,0.0,0,0,2,False,0,0,0
299,Ndiaye,,MID,9,Everton,,16,,,,,90,2,0,0,0,2,0,0,0,0,0,0,0,7,7.0,5.0,27.0,3.9,0.13,0.03,0.16,2.2,1,6,3,False,3,1,2
300,McNeil,,MID,9,Everton,,16,,,,,0,0,0,0,0,0,0,0,0,0,0,0,0,0,0.0,0.0,0.0,0.0,0.0,0.0,0.0,0.0,0,0,3,False,0,0,0
301,Alcaraz,,MID,9,Everton,,16,,,,,74,2,0,0,0,2,0,0,0,0,0,0,0,17,12.4,54.3,7.0,7.4,0.09,0.24,0.33,2.15,2,5,3,False,2,0,1
302,Gana,,MID,9,Everton,,16,,,,,90,4,0,0,0,2,0,0,0,0,0,0,0,15,24.2,4.3,2.0,3.1,0.0,0.01,0.01,2.2,2,13,3,False,2,1,9
303,Garner,,MID,9,Everton,,16,,,,,83,4,0,0,0,2,0,0,0,0,0,0,0,25,15.6,31.3,4.0,5.1,0.03,0.04,0.07,2.14,2,13,3,False,9,1,2
304,Iroegbunam,,MID,9,Everton,,16,,,,,6,1,0,0,0,0,0,0,0,0,0,0,0,2,0.2,0.0,0.0,0.0,0.0,0.0,0.0,0.05,0,1,3,False,1,0,0
305,Armstrong,,MID,9,Everton,,16,,,,,0,0,0,0,0,0,0,0,0,0,0,0,0,0,0.0,0.0,0.0,0.0,0.0,0.0,0.0,0.0,0,0,3,False,0,0,0
306,Bates,,MID,9,Everton,,16,,,,,0,0,0,0,0,0,0,0,0,0,0,0,0,0,0.0,0.0,0.0,0.0,0.0,0.0,0.0,0.0,0,0,3,False,0,0,0
307,Ebere,,MID,9,Everton,,16,,,,,0,0,0,0,0,0,0,0,0,0,0,0,0,0,0.0,0.0,0.0,0.0,0.0,0.0,0.0,0.0,0,0,3,False,0,0,0
308,Heath,,MID,9,Everton,,16,,,,,0,0,0,0,0,0,0,0,0,0,0,0,0,0,0.0,0.0,0.0,0.0,0.0,0.0,0.0,0.0,0,0,3,False,0,0,0
309,Metcalfe,,MID,9,Everton,,16,,,,,0,0,0,0,0,0,0,0,0,0,0,0,0,0,0.0,0.0,0.0,0.0,0.0,0.0,0.0,0.0,0,0,3,False,0,0,0
310,Barry,,FWD,9,Everton,,16,,,,,67,2,0,0,0,2,0,0,0,0,0,0,0,5,0.0,1.5,2.0,0.3,0.0,0.0,0.0,1.6,0,0,4,False,0,1,0
311,Beto,,FWD,9,Everton,,16,,,,,22,1,0,0,0,0,0,0,0,0,0,0,0,1,4.0,0.0,0.0,0.4,0.0,0.0,0.0,0.6,1,2,4,False,0,0,1
312,Y.Chermiti,,FWD,9,Everton,,16,,,,,0,0,0,0,0,0,0,0,0,0,0,0,0,0,0.0,0.0,0.0,0.0,0.0,0.0,0.0,0.0,0,0,4,False,0,0,0
313,Sherif,,FWD,9,Everton,,16,,,,,0,0,0,0,0,0,0,0,0,0,0,0,0,0,0.0,0.0,0.0,0.0,0.0,0.0,0.0,0.0,0,0,4,False,0,0,0
314,Leno,,GK,10,Fulham,,16,,,,,90,3,0,0,0,2,0,0,0,0,0,6,0,20,50.2,0.0,0.0,5.0,0.0,0.0,0.0,2.46,2,0,1,False,6,1,0
315,Benda,,GK,10,Fulham,,16,,,,,0,0,0,0,0,0,0,0,0,0,0,0,0,0,0.0,0.0,0.0,0.0,0.0,0.0,0.0,0.0,0,0,1,False,0,0,0
316,Robinson,,DEF,10,Fulham,,16,,,,,90,3,0,0,0,2,0,0,0,0,0,0,0,12,26.2,5.7,10.0,4.2,0.19,0.03,0.22,2.46,9,13,2,False,6,1,4
317,Andersen,,DEF,10,Fulham,,16,,,,,90,2,0,0,0,2,0,0,0,1,0,0,0,2,25.6,0.6,0.0,2.6,0.0,0.0,0.0,2.46,11,14,2,False,2,1,3
318,Bassey,,DEF,10,Fulham,,16,,,,,90,9,1,0,0,2,0,0,0,0,0,0,0,29,62.4,4.4,37.0,10.4,0.74,0.01,0.75,2.46,7,12,2,False,9,1,5
319,Castagne,,DEF,10,Fulham,,16,,,,,1,1,0,0,0,0,0,0,0,0,0,0,0,3,0.0,0.0,0.0,0.0,0.0,0.0,0.0,0.0,0,0,2,False,0,0,0
320,Diop,,DEF,10,Fulham,,16,,,,,0,0,0,0,0,0,0,0,0,0,0,0,0,0,0.0,0.0,0.0,0.0,0.0,0.0,0.0,0.0,0,0,2,False,0,0,0
321,J.Cuenca,,DEF,10,Fulham,,16,,,,,0,0,0,0,0,0,0,0,0,0,0,0,0,0,0.0,0.0,0.0,0.0,0.0,0.0,0.0,0.0,0,0,2,False,0,0,0
322,Tete,,DEF,10,Fulham,,16,,,,,90,2,0,0,0,2,0,0,0,1,0,0,0,5,20.6,3.0,0.0,2.4,0.0,0.01,0.01,2.46,8,11,2,False,6,1,3
323,Amissah,,DEF,10,Fulham,,16,,,,,0,0,0,0,0,0,0,0,0,0,0,0,0,0,0.0,0.0,0.0,0.0,0.0,0.0,0.0,0.0,0,0,2,False,0,0,0
324,Iwobi,,MID,10,Fulham,,16,,,,,78,2,0,0,0,1,0,0,0,0,0,0,0,11,4.4,1.3,0.0,0.6,0.0,0.01,0.01,1.93,2,8,3,False,6,1,0
325,Smith Rowe,,MID,10,Fulham,,16,,,,,88,8,1,0,0,2,0,0,0,0,0,0,1,35,36.8,7.3,37.0,8.1,0.71,0.02,0.73,2.46,1,6,3,False,3,1,2
326,Adama,,MID,10,Fulham,,16,,,,,1,1,0,0,0,0,0,0,0,0,0,0,0,3,0.0,0.0,0.0,0.0,0.0,0.0,0.0,0.0,0,0,3,False,0,0,0
327,Andreas,,MID,10,Fulham,,16,,,,,0,0,0,0,0,0,0,0,0,0,0,0,0,0,0.0,0.0,0.0,0.0,0.0,0.0,0.0,0.0,0,0,3,False,0,0,0
328,Sessegnon,,MID,10,Fulham,,16,,,,,0,0,0,0,0,0,0,0,0,0,0,0,0,0,0.0,0.0,0.0,0.0,0.0,0.0,0.0,0.0,0,0,3,False,0,0,0
329,Wilson,,MID,10,Fulham,,16,,,,,88,16,1,2,0,2,0,0,0,0,0,0,3,60,78.4,40.7,40.0,15.9,0.59,0.8,1.39,2.46,2,5,3,True,2,1,1
330,Berge,,MID,10,Fulham,,16,,,,,90,2,0,0,0,2,0,0,0,0,0,0,0,16,21.0,16.8,0.0,3.8,0.0,0.19,0.19,2.46,3,9,3,False,4,1,2
331,Cairney,,MID,10,Fulham,,16,,,,,0,0,0,0,0,0,0,0,0,0,0,0,0,0,0.0,0.0,0.0,0.0,0.0,0.0,0.0,0.0,0,0,3,False,0,0,0
332,Lukić,,MID,10,Fulham,,16,,,,,11,1,0,0,0,1,0,0,0,0,0,0,0,6,7.4,0.0,0.0,0.7,0.0,0.0,0.0,0.53,3,5,3,False,1,0,1
333,Godo,,MID,10,Fulham,,16,,,,,0,0,0,0,0,0,0,0,0,0,0,0,0,0,0.0,0.0,0.0,0.0,0.0,0.0,0.0,0.0,0,0,3,False,0,0,0
334,Harris,,MID,10,Fulham,,16,,,,,0,0,0,0,0,0,0,0,0,0,0,0,0,0,0.0,0.0,0.0,0.0,0.0,0.0,0.0,0.0,0,0,3,False,0,0,0
335,King,,MID,10,Fulham,,16,,,,,11,1,0,0,0,1,0,0,0,0,0,0,0,4,2.0,0.3,0.0,0.2,0.0,0.0,0.0,0.53,2,3,3,False,1,0,0
336,Reed,,MID,10,Fulham,,16,,,,,0,0,0,0,0,0,0,0,0,0,0,0,0,0,0.0,0.0,0.0,0.0,0.0,0.0,0.0,0.0,0,0,3,False,0,0,0
337,Raúl,,FWD,10,Fulham,,16,,,,,78,2,0,0,0,1,0,0,0,0,0,0,0,3,2.0,12.9,0.0,1.5,0.0,0.01,0.01,1.93,0,3,4,False,2,1,1
338,Muniz,,FWD,10,Fulham,,16,,,,,0,0,0,0,0,0,0,0,0,0,0,0,0,0,0.0,0.0,0.0,0.0,0.0,0.0,0.0,0.0,0,0,4,False,0,0,0
339,Meslier,,GK,11,Leeds,,16,,,,,0,0,0,0,0,0,0,0,0,0,0,0,0,0,0.0,0.0,0.0,0.0,0.0,0.0,0.0,0.0,0,0,1,False,0,0,0
340,Cairns,,GK,11,Leeds,,16,,,,,0,0,0,0,0,0,0,0,0,0,0,0,0,0,0.0,0.0,0.0,0.0,0.0,0.0,0.0,0.0,0,0,1,False,0,0,0
341,Darlow,,GK,11,Leeds,,16,,,,,0,0,0,0,0,0,0,0,0,0,0,0,0,0,0.0,0.0,0.0,0.0,0.0,0.0,0.0,0.0,0,0,1,False,0,0,0
342,Bogle,,DEF,11,Leeds,,16,,,,,90,2,0,0,0,1,0,0,0,0,0,0,0,13,18.6,27.3,10.0,5.6,0.06,0.36,0.42,0.72,4,7,2,False,4,1,3
343,Struijk,,DEF,11,Leeds,,16,,,,,90,4,0,0,0,1,0,0,0,0,0,0,0,22,45.6,21.6,4.0,7.1,0.0,0.01,0.01,0.72,16,20,2,False,8,1,4
344,Bijol,,DEF,11,Leeds,,16,,,,,72,2,0,0,0,1,0,0,0,0,0,0,0,9,15.4,0.3,0.0,1.6,0.0,0.02,0.02,0.59,7,8,2,False,1,1,1
345,Bornauw,,DEF,11,Leeds,,16,,,,,0,0,0,0,0,0,0,0,0,0,0,0,0,0,0.0,0.0,0.0,0.0,0.0,0.0,0.0,0.0,0,0,2,False,0,0,0
346,Byram,,DEF,11,Leeds,,16,,,,,0,0,0,0,0,0,0,0,0,0,0,0,0,0,0.0,0.0,0.0,0.0,0.0,0.0,0.0,0.0,0,0,2,False,0,0,0
347,Gudmundsson,,DEF,11,Leeds,,16,,,,,88,2,0,0,0,1,0,0,0,0,0,0,0,9,7.4,12.3,0.0,2.0,0.0,0.0,0.0,0.63,1,3,2,False,8,1,2
348,Rodon,,DEF,11,Leeds,,16,,,,,90,2,0,0,0,1,0,0,0,0,0,0,0,6,18.6,1.6,0.0,2.0,0.0,0.01,0.01,0.72,9,9,2,False,0,1,0
349,Schmidt,,DEF,11,Leeds,,16,,,,,0,0,0,0,0,0,0,0,0,0,0,0,0,0,0.0,0.0,0.0,0.0,0.0,0.0,0.0,0.0,0,0,2,False,0,0,0
350,Aaronson,,MID,11,Leeds,,16,,,,,17,1,0,0,0,0,0,0,0,0,0,0,0,5,4.2,0.5,19.0,2.4,0.06,0.0,0.06,0.13,1,4,3,False,3,0,0
351,Gnonto,,MID,11,Leeds,,16,,,,,17,4,0,1,0,0,0,0,0,0,0,0,0,18,23.0,24.6,0.0,4.8,0.0,0.33,0.33,0.13,1,1,3,False,0,0,0
352,Harrison,,MID,11,Leeds,,16,,,,,1,1,0,0,0,0,0,0,0,0,0,0,0,3,0.0,0.0,0.0,0.0,0.0,0.0,0.0,0.09,0,0,3,False,0,0,0
353,James,,MID,11,Leeds,,16,,,,,0,0,0,0,0,0,0,0,0,0,0,0,0,0,0.0,0.0,0.0,0.0,0.0,0.0,0.0,0.0,0,0,3,False,0,0,0
354,Ampadu,,MID,11,Leeds,,16,,,,,90,2,0,0,0,1,0,0,0,0,0,0,0,14,13.6,20.8,3.0,3.7,0.07,0.2,0.27,0.72,3,10,3,False,6,1,1
355,Greenwood,,MID,11,Leeds,,16,,,,,0,0,0,0,0,0,0,0,0,0,0,0,0,0,0.0,0.0,0.0,0.0,0.0,0.0,0.0,0.0,0,0,3,False,0,0,0
356,Gruev,,MID,11,Leeds,,16,,,,,0,0,0,0,0,0,0,0,0,0,0,0,0,0,0.0,0.0,0.0,0.0,0.0,0.0,0.0,0.0,0,0,3,False,0,0,0
357,Ramazani,,MID,11,Leeds,,16,,,,,0,0,0,0,0,0,0,0,0,0,0,0,0,0,0.0,0.0,0.0,0.0,0.0,0.0,0.0,0.0,0,0,3,False,0,0,0
358,Tanaka,,MID,11,Leeds,,16,,,,,72,2,0,0,0,1,0,0,0,0,0,0,0,8,2.6,11.0,3.0,1.7,0.03,0.1,0.13,0.59,2,5,3,False,2,1,1
359,Crew,,MID,11,Leeds,,16,,,,,0,0,0,0,0,0,0,0,0,0,0,0,0,0,0.0,0.0,0.0,0.0,0.0,0.0,0.0,0.0,0,0,3,False,0,0,0
360,Gelhardt,,MID,11,Leeds,,16,,,,,0,0,0,0,0,0,0,0,0,0,0,0,0,0,0.0,0.0,0.0,0.0,0.0,0.0,0.0,0.0,0,0,3,False,0,0,0
361,Gyabi,,MID,11,Leeds,,16,,,,,0,0,0,0,0,0,0,0,0,0,0,0,0,0,0.0,0.0,0.0,0.0,0.0,0.0,0.0,0.0,0,0,3,False,0,0,0
362,Piroe,,FWD,11,Leeds,,16,,,,,0,0,0,0,0,0,0,0,0,0,0,0,0,0,0.0,0.0,0.0,0.0,0.0,0.0,0.0,0.0,0,0,4,False,0,0,0
363,Bamford,,FWD,11,Leeds,,16,,,,,0,0,0,0,0,0,0,0,0,0,0,0,0,0,0.0,0.0,0.0,0.0,0.0,0.0,0.0,0.0,0,0,4,False,0,0,0
364,Mateo Joseph,,FWD,11,Leeds,,16,,,,,0,0,0,0,0,0,0,0,0,0,0,0,0,0,0.0,0.0,0.0,0.0,0.0,0.0,0.0,0.0,0,0,4,False,0,0,0
365,Nmecha,,FWD,11,Leeds,,16,,,,,0,0,0,0,0,0,0,0,0,0,0,0,0,0,0.0,0.0,0.0,0.0,0.0,0.0,0.0,0.0,0,0,4,False,0,0,0
366,A.Becker,,GK,12,Liverpool,,16,,,,,90,7,0,0,1,0,0,0,0,0,0,1,1,27,15.2,0.0,0.0,1.5,0.0,0.01,0.01,1.9,3,0,1,False,9,1,0
367,Mamardashvili,,GK,12,Liverpool,,16,,,,,0,0,0,0,0,0,0,0,0,0,0,0,0,0,0.0,0.0,0.0,0.0,0.0,0.0,0.0,0.0,0,0,1,False,0,0,0
368,Pécsi,,GK,12,Liverpool,,16,,,,,0,0,0,0,0,0,0,0,0,0,0,0,0,0,0.0,0.0,0.0,0.0,0.0,0.0,0.0,0.0,0,0,1,False,0,0,0
369,Woodman,,GK,12,Liverpool,,16,,,,,0,0,0,0,0,0,0,0,0,0,0,0,0,0,0.0,0.0,0.0,0.0,0.0,0.0,0.0,0.0,0,0,1,False,0,0,0
370,Frimpong,,DEF,12,Liverpool,,16,,,,,0,0,0,0,0,0,0,0,0,0,0,0,0,0,0.0,0.0,0.0,0.0,0.0,0.0,0.0,0.0,0,0,2,False,0,0,0
371,Kerkez,,DEF,12,Liverpool,,16,,,,,90,7,0,0,1,0,0,0,0,0,0,0,1,27,15.6,13.8,2.0,3.1,0.0,0.01,0.01,1.9,4,7,2,False,3,1,3
372,Robertson,,DEF,12,Liverpool,,16,,,,,12,1,0,0,0,0,0,0,0,0,0,0,0,4,1.6,0.7,0.0,0.2,0.0,0.01,0.01,0.22,0,0,2,False,2,0,0
373,Virgil,,DEF,12,Liverpool,,16,,,,,90,6,0,0,1,0,0,0,0,0,0,0,0,25,22.8,1.0,0.0,2.4,0.0,0.01,0.01,1.9,6,7,2,False,0,1,1
374,Konaté,,DEF,12,Liverpool,,16,,,,,90,9,0,0,1,0,0,0,0,1,0,0,2,30,36.4,1.2,0.0,3.8,0.0,0.01,0.01,1.9,11,16,2,False,6,1,5
375,Bradley,,DEF,12,Liverpool,,16,,,,,0,0,0,0,0,0,0,0,0,0,0,0,0,0,0.0,0.0,0.0,0.0,0.0,0.0,0.0,0.0,0,0,2,False,0,0,0
376,Gomez,,DEF,12,Liverpool,,16,,,,,25,4,0,1,0,0,0,0,0,0,0,0,0,18,20.6,21.3,2.0,4.4,0.0,0.08,0.08,0.71,1,1,2,False,0,1,0
377,Tsimikas,,DEF,12,Liverpool,,16,,,,,0,0,0,0,0,0,0,0,0,0,0,0,0,0,0.0,0.0,0.0,0.0,0.0,0.0,0.0,0.0,0,0,2,False,0,0,0
378,Nallo,,DEF,12,Liverpool,,16,,,,,0,0,0,0,0,0,0,0,0,0,0,0,0,0,0.0,0.0,0.0,0.0,0.0,0.0,0.0,0.0,0,0,2,False,0,0,0
379,R.Williams,,DEF,12,Liverpool,,16,,,,,0,0,0,0,0,0,0,0,0,0,0,0,0,0,0.0,0.0,0.0,0.0,0.0,0.0,0.0,0.0,0,0,2,False,0,0,0
380,Ramsay,,DEF,12,Liverpool,,16,,,,,0,0,0,0,0,0,0,0,0,0,0,0,0,0,0.0,0.0,0.0,0.0,0.0,0.0,0.0,0.0,0,0,2,False,0,0,0
381,M.Salah,,MID,12,Liverpool,,16,,,,,64,7,0,1,1,0,0,0,0,0,0,0,1,27,31.0,65.3,28.0,12.4,0.67,0.52,1.19,1.19,0,6,3,False,5,0,1
382,Wirtz,,MID,12,Liverpool,,16,,,,,77,5,0,0,1,0,0,0,0,0,0,0,0,26,20.2,34.2,18.0,7.2,0.05,0.14,0.19,1.68,3,16,3,False,9,1,4
383,Luis Díaz,,MID,12,Liverpool,,16,,,,,0,0,0,0,0,0,0,0,0,0,0,0,0,0,0.0,0.0,0.0,0.0,0.0,0.0,0.0,0.0,0,0,3,False,0,0,0
384,Gakpo,,MID,12,Liverpool,,16,,,,,0,0,0,0,0,0,0,0,0,0,0,0,0,0,0.0,0.0,0.0,0.0,0.0,0.0,0.0,0.0,0,0,3,False,0,0,0
385,Chiesa,,MID,12,Liverpool,,16,,,,,7,1,0,0,0,0,0,0,0,0,0,0,0,6,2.2,10.5,2.0,1.5,0.0,0.24,0.24,0.22,1,2,3,False,1,0,0
386,Mac Allister,,MID,12,Liverpool,,16,,,,,90,3,0,0,1,0,0,0,0,0,0,0,0,11,9.0,4.2,11.0,2.4,0.16,0.03,0.19,1.9,2,5,3,False,2,1,1
387,Szoboszlai,,MID,12,Liverpool,,16,,,,,82,3,0,0,1,0,0,0,0,0,0,0,0,19,9.8,32.5,5.0,4.7,0.06,0.11,0.17,1.68,2,5,3,False,2,1,1
388,C.Jones,,MID,12,Liverpool,,16,,,,,90,3,0,0,1,0,0,0,0,0,0,0,0,20,22.6,4.3,4.0,3.1,0.03,0.02,0.05,1.9,4,9,3,False,3,1,2
389,Elliott,,MID,2,Aston Villa,,16,,,,,0,0,0,0,0,0,0,0,0,0,0,0,0,0,0.0,0.0,0.0,0.0,0.0,0.0,0.0,0.0,0,0,3,False,0,0,0
390,Gravenberch,,MID,12,Liverpool,,16,,,,,90,5,0,0,1,0,0,0,0,0,0,0,0,22,25.2,24.8,11.0,6.1,0.11,0.02,0.13,1.9,6,12,3,False,4,1,2
391,Gannon-Doak,,MID,4,Bournemouth,,16,,,,,0,0,0,0,0,0,0,0,0,0,0,0,0,0,0.0,0.0,0.0,0.0,0.0,0.0,0.0,0.0,0,0,3,False,0,0,0
392,Endo,,MID,12,Liverpool,,16,,,,,0,0,0,0,0,0,0,0,0,0,0,0,0,0,0.0,0.0,0.0,0.0,0.0,0.0,0.0,0.0,0,0,3,False,0,0,0
393,Bajcetic,,MID,12,Liverpool,,16,,,,,0,0,0,0,0,0,0,0,0,0,0,0,0,0,0.0,0.0,0.0,0.0,0.0,0.0,0.0,0.0,0,0,3,False,0,0,0
394,McConnell,,MID,12,Liverpool,,16,,,,,0,0,0,0,0,0,0,0,0,0,0,0,0,0,0.0,0.0,0.0,0.0,0.0,0.0,0.0,0.0,0,0,3,False,0,0,0
395,Morton,,MID,12,Liverpool,,16,,,,,0,0,0,0,0,0,0,0,0,0,0,0,0,0,0.0,0.0,0.0,0.0,0.0,0.0,0.0,0.0,0,0,3,False,0,0,0
396,Nyoni,,MID,12,Liverpool,,16,,,,,0,0,0,0,0,0,0,0,0,0,0,0,0,0,0.0,0.0,0.0,0.0,0.0,0.0,0.0,0.0,0,0,3,False,0,0,0
397,Darwin,,FWD,12,Liverpool,,16,,,,,0,0,0,0,0,0,0,0,0,0,0,0,0,0,0.0,0.0,0.0,0.0,0.0,0.0,0.0,0.0,0,0,4,False,0,0,0
398,Danns,,FWD,12,Liverpool,,16,,,,,0,0,0,0,0,0,0,0,0,0,0,0,0,0,0.0,0.0,0.0,0.0,0.0,0.0,0.0,0.0,0,0,4,False,0,0,0
399,Ederson M.,,GK,13,Man City,,16,,,,,0,0,0,0,0,0,0,0,0,0,0,0,0,0,0.0,0.0,0.0,0.0,0.0,0.0,0.0,0.0,0,0,1,False,0,0,0
400,Ortega Moreno,,GK,13,Man City,,16,,,,,0,0,0,0,0,0,0,0,0,0,0,0,0,0,0.0,0.0,0.0,0.0,0.0,0.0,0.0,0.0,0,0,1,False,0,0,0
401,Bettinelli,,GK,13,Man City,,16,,,,,0,0,0,0,0,0,0,0,0,0,0,0,0,0,0.0,0.0,0.0,0.0,0.0,0.0,0.0,0.0,0,0,1,False,0,0,0
402,Aït-Nouri,,DEF,13,Man City,,16,,,,,1,1,0,0,0,0,0,0,0,0,0,0,0,3,2.4,10.3,0.0,1.3,0.0,0.0,0.0,0.0,0,0,2,False,0,0,0
403,Gvardiol,,DEF,13,Man City,,16,,,,,90,8,0,0,1,0,0,0,0,0,0,0,0,28,21.8,2.7,19.0,4.4,0.06,0.01,0.07,1.88,10,10,2,False,3,1,0
404,Akanji,,DEF,13,Man City,,16,,,,,0,0,0,0,0,0,0,0,0,0,0,0,0,0,0.0,0.0,0.0,0.0,0.0,0.0,0.0,0.0,0,0,2,False,0,0,0
405,Aké,,DEF,13,Man City,,16,,,,,0,0,0,0,0,0,0,0,0,0,0,0,0,0,0.0,0.0,0.0,0.0,0.0,0.0,0.0,0.0,0,0,2,False,0,0,0
406,Khusanov,,DEF,13,Man City,,16,,,,,0,0,0,0,0,0,0,0,0,0,0,0,0,0,0.0,0.0,0.0,0.0,0.0,0.0,0.0,0.0,0,0,2,False,0,0,0
407,Matheus N.,,DEF,13,Man City,,16,,,,,90,11,0,1,1,0,0,0,0,0,0,0,2,45,37.2,22.8,0.0,6.0,0.0,0.12,0.12,1.88,6,8,2,True,4,1,2
408,Rúben,,DEF,13,Man City,,16,,,,,90,8,0,0,1,0,0,0,0,0,0,0,0,30,39.2,2.4,0.0,4.2,0.0,0.02,0.02,1.88,13,13,2,False,3,1,0
409,Stones,,DEF,13,Man City,,16,,,,,0,0,0,0,0,0,0,0,0,0,0,0,0,0,0.0,0.0,0.0,0.0,0.0,0.0,0.0,0.0,0,0,2,False,0,0,0
410,Lewis,,DEF,13,Man City,,16,,,,,1,1,0,0,0,0,0,0,0,0,0,0,0,3,0.0,0.0,0.0,0.0,0.0,0.0,0.0,0.0,0,0,2,False,0,0,0
411,O'Reilly,,DEF,13,Man City,,16,,,,,90,6,0,0,1,0,0,0,0,0,0,0,0,21,18.6,1.9,4.0,2.5,0.0,0.01,0.01,1.88,6,9,2,False,6,1,3
412,Vitor Reis,,DEF,13,Man City,,16,,,,,0,0,0,0,0,0,0,0,0,0,0,0,0,0,0.0,0.0,0.0,0.0,0.0,0.0,0.0,0.0,0,0,2,False,0,0,0
413,Marmoush,,MID,13,Man City,,16,,,,,1,1,0,0,0,0,0,0,0,0,0,0,0,3,0.2,0.3,0.0,0.1,0.0,0.0,0.0,0.0,0,0,3,False,0,0,0
414,Foden,,MID,13,Man City,,16,,,,,90,11,1,0,1,0,0,0,0,0,0,0,1,36,51.0,8.4,18.0,7.7,0.13,0.02,0.15,1.88,2,12,3,False,7,1,3
415,Savinho,,MID,13,Man City,,16,,,,,5,4,0,1,0,0,0,0,0,0,0,0,0,14,1.2,0.3,4.0,0.6,0.0,0.0,0.0,0.18,0,2,3,False,2,0,0
416,Bernardo,,MID,13,Man City,,16,,,,,90,3,0,0,1,0,0,0,0,0,0,0,0,14,5.2,6.7,0.0,1.2,0.0,0.01,0.01,1.88,1,9,3,False,8,1,0
417,Cherki,,MID,13,Man City,,16,,,,,90,6,0,1,1,0,0,0,0,0,0,0,0,29,29.8,42.3,0.0,7.2,0.0,0.13,0.13,1.88,1,6,3,False,5,1,0
418,Doku,,MID,13,Man City,,16,,,,,0,0,0,0,0,0,0,0,0,0,0,0,0,0,0.0,0.0,0.0,0.0,0.0,0.0,0.0,0.0,0,0,3,False,0,0,0
419,Grealish,,MID,9,Everton,,16,,,,,83,2,0,0,0,2,0,0,0,0,0,0,0,2,0.0,5.9,55.0,5.9,0.7,0.02,0.72,2.14,0,3,3,False,3,1,0
420,Gündoğan,,MID,13,Man City,,16,,,,,0,0,0,0,0,0,0,0,0,0,0,0,0,0,0.0,0.0,0.0,0.0,0.0,0.0,0.0,0.0,0,0,3,False,0,0,0
421,Rodrigo,,MID,13,Man City,,16,,,,,0,0,0,0,0,0,0,0,0,0,0,0,0,0,0.0,0.0,0.0,0.0,0.0,0.0,0.0,0.0,0,0,3,False,0,0,0
422,Kovačić,,MID,13,Man City,,16,,,,,0,0,0,0,0,0,0,0,0,0,0,0,0,0,0.0,0.0,0.0,0.0,0.0,0.0,0.0,0.0,0,0,3,False,0,0,0
423,N.Gonzalez,,MID,13,Man City,,16,,,,,90,5,0,0,1,0,0,0,0,0,0,0,0,10,13.8,4.3,2.0,2.0,0.0,0.02,0.02,1.88,5,12,3,False,5,1,2
424,Bobb,,MID,13,Man City,,16,,,,,0,0,0,0,0,0,0,0,0,0,0,0,0,0,0.0,0.0,0.0,0.0,0.0,0.0,0.0,0.0,0,0,3,False,0,0,0
425,Echeverri,,MID,13,Man City,,16,,,,,0,0,0,0,0,0,0,0,0,0,0,0,0,0,0.0,0.0,0.0,0.0,0.0,0.0,0.0,0.0,0,0,3,False,0,0,0
426,McAtee,,MID,16,Nott'm Forest,,16,,,,,0,0,0,0,0,0,0,0,0,0,0,0,0,0,0.0,0.0,0.0,0.0,0.0,0.0,0.0,0.0,0,0,3,False,0,0,0
427,Reijnders,,MID,13,Man City,,16,,,,,84,3,0,0,1,0,0,0,0,0,0,0,0,6,10.0,1.9,21.0,3.3,0.04,0.01,0.05,1.71,3,6,3,False,2,1,1
428,Nypan,,MID,13,Man City,,16,,,,,0,0,0,0,0,0,0,0,0,0,0,0,0,0,0.0,0.0,0.0,0.0,0.0,0.0,0.0,0.0,0,0,3,False,0,0,0
429,Phillips,,MID,13,Man City,,16,,,,,0,0,0,0,0,0,0,0,0,0,0,0,0,0,0.0,0.0,0.0,0.0,0.0,0.0,0.0,0.0,0,0,3,False,0,0,0
430,Haaland,,FWD,13,Man City,,16,,,,,90,13,2,0,1,0,0,0,0,0,0,0,3,53,75.0,0.5,36.0,11.2,0.96,0.0,0.96,1.88,3,8,4,True,2,1,3
431,Bayindir,,GK,14,Man Utd,,16,,,,,0,0,0,0,0,0,0,0,0,0,0,0,0,0,0.0,0.0,0.0,0.0,0.0,0.0,0.0,0.0,0,0,1,False,0,0,0
432,Onana,,GK,14,Man Utd,,16,,,,,0,0,0,0,0,0,0,0,0,0,0,0,0,0,0.0,0.0,0.0,0.0,0.0,0.0,0.0,0.0,0,0,1,False,0,0,0
433,Harrison,,GK,14,Man Utd,,16,,,,,0,0,0,0,0,0,0,0,0,0,0,0,0,0,0.0,0.0,0.0,0.0,0.0,0.0,0.0,0.0,0,0,1,False,0,0,0
434,Heaton,,GK,14,Man Utd,,16,,,,,0,0,0,0,0,0,0,0,0,0,0,0,0,0,0.0,0.0,0.0,0.0,0.0,0.0,0.0,0.0,0,0,1,False,0,0,0
435,Mee,,GK,14,Man Utd,,16,,,,,0,0,0,0,0,0,0,0,0,0,0,0,0,0,0.0,0.0,0.0,0.0,0.0,0.0,0.0,0.0,0,0,1,False,0,0,0
436,De Ligt,,DEF,14,Man Utd,,16,,,,,0,0,0,0,0,0,0,0,0,0,0,0,0,0,0.0,0.0,0.0,0.0,0.0,0.0,0.0,0.0,0,0,2,False,0,0,0
437,Martinez,,DEF,14,Man Utd,,16,,,,,21,1,0,0,0,1,0,0,0,0,0,0,0,0,5.4,0.1,0.0,0.6,0.0,0.0,0.0,0.55,3,3,2,False,1,0,0
438,Mazraoui,,DEF,14,Man Utd,,16,,,,,0,0,0,0,0,0,0,0,0,0,0,0,0,0,0.0,0.0,0.0,0.0,0.0,0.0,0.0,0.0,0,0,2,False,0,0,0
439,D.Leon,,DEF,14,Man Utd,,16,,,,,0,0,0,0,0,0,0,0,0,0,0,0,0,0,0.0,0.0,0.0,0.0,0.0,0.0,0.0,0.0,0,0,2,False,0,0,0
440,Dalot,,DEF,14,Man Utd,,16,,,,,90,2,0,1,0,4,0,0,0,1,0,0,0,8,17.2,26.7,2.0,4.6,0.0,0.12,0.12,1.92,5,6,2,False,4,1,1
441,Dorgu,,DEF,14,Man Utd,,16,,,,,1,1,0,0,0,0,0,0,0,0,0,0,0,3,0.0,0.0,4.0,0.4,0.0,0.0,0.0,0.3,0,0,2,False,0,0,0
442,Maguire,,DEF,14,Man Utd,,16,,,,,0,0,0,0,0,0,0,0,0,0,0,0,0,0,0.0,0.0,0.0,0.0,0.0,0.0,0.0,0.0,0,0,2,False,0,0,0
443,Shaw,,DEF,14,Man Utd,,16,,,,,90,0,0,0,0,4,0,0,0,0,0,0,0,-2,16.4,1.2,4.0,2.2,0.0,0.01,0.01,1.62,5,8,2,False,2,1,3
444,Yoro,,DEF,14,Man Utd,,16,,,,,68,1,0,0,0,3,0,0,0,0,0,0,0,-3,8.8,1.7,0.0,1.1,0.0,0.01,0.01,1.37,7,7,2,False,2,1,0
445,Amass,,DEF,14,Man Utd,,16,,,,,0,0,0,0,0,0,0,0,0,0,0,0,0,0,0.0,0.0,0.0,0.0,0.0,0.0,0.0,0.0,0,0,2,False,0,0,0
446,Fredricson,,DEF,14,Man Utd,,16,,,,,0,0,0,0,0,0,0,0,0,0,0,0,0,0,0.0,0.0,0.0,0.0,0.0,0.0,0.0,0.0,0,0,2,False,0,0,0
447,Heaven,,DEF,14,Man Utd,,16,,,,,90,2,0,0,0,4,0,0,0,0,0,0,0,2,25.6,10.6,2.0,3.8,0.0,0.01,0.01,1.92,10,11,2,False,3,1,1
448,Malacia,,DEF,14,Man Utd,,16,,,,,0,0,0,0,0,0,0,0,0,0,0,0,0,0,0.0,0.0,0.0,0.0,0.0,0.0,0.0,0.0,0,0,2,False,0,0,0
449,B.Fernandes,,MID,14,Man Utd,,16,,,,,90,13,1,1,0,4,0,0,0,0,0,0,3,48,73.0,67.6,19.0,16.0,0.23,0.42,0.65,1.92,5,10,3,True,3,1,2
450,Cunha,,MID,14,Man Utd,,16,,,,,90,8,1,0,0,4,0,0,0,0,0,0,1,38,53.6,37.1,63.0,15.4,0.87,0.15,1.02,1.92,1,10,3,False,7,1,2
451,Rashford,,MID,14,Man Utd,,16,,,,,0,0,0,0,0,0,0,0,0,0,0,0,0,0,0.0,0.0,0.0,0.0,0.0,0.0,0.0,0.0,0,0,3,False,0,0,0
452,Amad,,MID,14,Man Utd,,16,,,,,90,7,1,0,0,4,0,0,0,0,0,0,0,31,42.6,18.5,60.0,12.1,1.18,0.28,1.46,1.92,1,5,3,False,2,1,2
453,Garnacho,,MID,7,Chelsea,,16,,,,,64,3,0,0,1,0,0,0,0,0,0,0,0,-7,0.0,2.9,23.0,1.9,0.61,0.01,0.62,0.47,2,6,3,False,4,1,0
454,Antony,,MID,14,Man Utd,,16,,,,,0,0,0,0,0,0,0,0,0,0,0,0,0,0,0.0,0.0,0.0,0.0,0.0,0.0,0.0,0.0,0,0,3,False,0,0,0
455,Mount,,MID,14,Man Utd,,16,,,,,68,2,0,0,0,3,0,0,0,0,0,0,0,11,8.2,22.4,23.0,5.4,0.1,0.07,0.17,1.37,1,4,3,False,3,1,0
456,Sancho,,MID,2,Aston Villa,,16,,,,,0,0,0,0,0,0,0,0,0,0,0,0,0,0,0.0,0.0,0.0,0.0,0.0,0.0,0.0,0.0,0,0,3,False,0,0,0
457,Casemiro,,MID,14,Man Utd,,16,,,,,60,6,1,0,0,3,0,0,0,1,0,0,0,22,35.4,11.8,54.0,10.1,0.52,0.02,0.54,1.37,3,5,3,False,1,1,1
458,Mainoo,,MID,14,Man Utd,,16,,,,,29,1,0,0,0,1,0,0,0,0,0,0,0,6,11.0,11.4,2.0,2.4,0.0,0.01,0.01,0.55,4,5,3,False,1,0,0
459,Ugarte,,MID,14,Man Utd,,16,,,,,0,0,0,0,0,0,0,0,0,0,0,0,0,0,0.0,0.0,0.0,0.0,0.0,0.0,0.0,0.0,0,0,3,False,0,0,0
460,Collyer,,MID,14,Man Utd,,16,,,,,0,0,0,0,0,0,0,0,0,0,0,0,0,0,0.0,0.0,0.0,0.0,0.0,0.0,0.0,0.0,0,0,3,False,0,0,0
461,Fitzgerald,,MID,14,Man Utd,,16,,,,,0,0,0,0,0,0,0,0,0,0,0,0,0,0,0.0,0.0,0.0,0.0,0.0,0.0,0.0,0.0,0,0,3,False,0,0,0
462,J.Fletcher,,MID,14,Man Utd,,16,,,,,0,0,0,0,0,0,0,0,0,0,0,0,0,0,0.0,0.0,0.0,0.0,0.0,0.0,0.0,0.0,0,0,3,False,0,0,0
463,Kone,,MID,14,Man Utd,,16,,,,,0,0,0,0,0,0,0,0,0,0,0,0,0,0,0.0,0.0,0.0,0.0,0.0,0.0,0.0,0.0,0,0,3,False,0,0,0
464,Moorhouse,,MID,14,Man Utd,,16,,,,,0,0,0,0,0,0,0,0,0,0,0,0,0,0,0.0,0.0,0.0,0.0,0.0,0.0,0.0,0.0,0,0,3,False,0,0,0
465,Højlund,,FWD,14,Man Utd,,16,,,,,0,0,0,0,0,0,0,0,0,0,0,0,0,0,0.0,0.0,0.0,0.0,0.0,0.0,0.0,0.0,0,0,4,False,0,0,0
466,Zirkzee,,FWD,14,Man Utd,,16,,,,,1,1,0,0,0,0,0,0,0,0,0,0,0,3,2.2,1.1,0.0,0.3,0.0,0.0,0.0,0.3,1,1,4,False,0,0,0
467,Obi,,FWD,14,Man Utd,,16,,,,,0,0,0,0,0,0,0,0,0,0,0,0,0,0,0.0,0.0,0.0,0.0,0.0,0.0,0.0,0.0,0,0,4,False,0,0,0
468,Wheatley,,FWD,14,Man Utd,,16,,,,,0,0,0,0,0,0,0,0,0,0,0,0,0,0,0.0,0.0,0.0,0.0,0.0,0.0,0.0,0.0,0,0,4,False,0,0,0
469,Pope,,GK,15,Newcastle,,16,,,,,0,0,0,0,0,0,0,0,0,0,0,0,0,0,0.0,0.0,0.0,0.0,0.0,0.0,0.0,0.0,0,0,1,False,0,0,0
470,Dúbravka,,GK,3,Burnley,,16,,,,,90,1,0,0,0,3,0,0,0,0,0,1,0,-1,11.2,0.0,0.0,1.1,0.0,0.0,0.0,2.23,1,0,1,False,6,1,0
471,Gillespie,,GK,15,Newcastle,,16,,,,,0,0,0,0,0,0,0,0,0,0,0,0,0,0,0.0,0.0,0.0,0.0,0.0,0.0,0.0,0.0,0,0,1,False,0,0,0
472,Odysseas,,GK,15,Newcastle,,16,,,,,0,0,0,0,0,0,0,0,0,0,0,0,0,0,0.0,0.0,0.0,0.0,0.0,0.0,0.0,0.0,0,0,1,False,0,0,0
473,Hall,,DEF,15,Newcastle,,16,,,,,90,4,0,0,0,1,0,0,0,0,0,0,0,13,25.4,2.5,4.0,3.2,0.0,0.05,0.05,0.3,9,11,2,False,3,1,2
474,Schär,,DEF,15,Newcastle,,16,,,,,48,1,0,0,0,1,0,0,0,0,0,0,0,5,9.0,1.3,4.0,1.4,0.02,0.26,0.28,0.19,4,4,2,False,5,0,0
475,Botman,,DEF,15,Newcastle,,16,,,,,0,0,0,0,0,0,0,0,0,0,0,0,0,0,0.0,0.0,0.0,0.0,0.0,0.0,0.0,0.0,0,0,2,False,0,0,0
476,Burn,,DEF,15,Newcastle,,16,,,,,41,1,0,0,0,0,0,0,0,0,0,0,0,6,11.4,0.2,0.0,1.2,0.0,0.0,0.0,0.1,6,6,2,False,0,1,0
477,Livramento,,DEF,15,Newcastle,,16,,,,,90,2,0,0,0,1,0,0,0,0,0,0,0,8,8.0,18.8,2.0,2.9,0.0,0.04,0.04,0.3,0,0,2,False,4,1,0
478,Trippier,,DEF,15,Newcastle,,16,,,,,0,0,0,0,0,0,0,0,0,0,0,0,0,0,0.0,0.0,0.0,0.0,0.0,0.0,0.0,0.0,0,0,2,False,0,0,0
479,Krafth,,DEF,15,Newcastle,,16,,,,,0,0,0,0,0,0,0,0,0,0,0,0,0,0,0.0,0.0,0.0,0.0,0.0,0.0,0.0,0.0,0,0,2,False,0,0,0
480,Lascelles,,DEF,15,Newcastle,,16,,,,,0,0,0,0,0,0,0,0,0,0,0,0,0,0,0.0,0.0,0.0,0.0,0.0,0.0,0.0,0.0,0,0,2,False,0,0,0
481,A.Murphy,,DEF,15,Newcastle,,16,,,,,0,0,0,0,0,0,0,0,0,0,0,0,0,0,0.0,0.0,0.0,0.0,0.0,0.0,0.0,0.0,0,0,2,False,0,0,0
482,Ashby,,DEF,15,Newcastle,,16,,,,,0,0,0,0,0,0,0,0,0,0,0,0,0,0,0.0,0.0,0.0,0.0,0.0,0.0,0.0,0.0,0,0,2,False,0,0,0
483,Pivas,,DEF,15,Newcastle,,16,,,,,0,0,0,0,0,0,0,0,0,0,0,0,0,0,0.0,0.0,0.0,0.0,0.0,0.0,0.0,0.0,0,0,2,False,0,0,0
484,Targett,,DEF,15,Newcastle,,16,,,,,0,0,0,0,0,0,0,0,0,0,0,0,0,0,0.0,0.0,0.0,0.0,0.0,0.0,0.0,0.0,0,0,2,False,0,0,0
485,Gordon,,MID,15,Newcastle,,16,,,,,58,1,0,0,0,1,0,0,0,0,0,0,0,6,4.8,1.7,0.0,0.7,0.0,0.01,0.01,0.24,2,6,3,False,4,1,0
486,Elanga,,MID,15,Newcastle,,16,,,,,58,1,0,0,0,1,0,0,0,0,0,0,0,1,0.8,1.1,2.0,0.4,0.0,0.01,0.01,0.24,0,3,3,False,3,1,0
487,Barnes,,MID,15,Newcastle,,16,,,,,31,1,0,0,0,0,0,0,0,0,0,0,0,3,2.4,11.4,4.0,1.8,0.0,0.01,0.01,0.06,0,0,3,False,0,0,0
488,Bruno G.,,MID,15,Newcastle,,16,,,,,90,1,0,0,0,1,0,0,0,1,0,0,0,20,26.0,21.8,14.0,6.2,0.08,0.09,0.17,0.3,6,11,3,False,3,1,2
489,J.Murphy,,MID,15,Newcastle,,16,,,,,31,1,0,0,0,0,0,0,0,0,0,0,0,4,5.0,11.9,2.0,1.9,0.0,0.02,0.02,0.06,0,2,3,False,1,0,1
490,Joelinton,,MID,15,Newcastle,,16,,,,,0,0,0,0,0,0,0,0,0,0,0,0,0,0,0.0,0.0,0.0,0.0,0.0,0.0,0.0,0.0,0,0,3,False,0,0,0
491,Tonali,,MID,15,Newcastle,,16,,,,,58,0,0,0,0,1,0,0,0,1,0,0,0,5,9.6,1.3,0.0,1.1,0.0,0.0,0.0,0.24,5,6,3,False,1,1,0
492,Antoñito C.,,MID,15,Newcastle,,16,,,,,0,0,0,0,0,0,0,0,0,0,0,0,0,0,0.0,0.0,0.0,0.0,0.0,0.0,0.0,0.0,0,0,3,False,0,0,0
493,Longstaff,,MID,11,Leeds,,16,,,,,0,0,0,0,0,0,0,0,0,0,0,0,0,0,0.0,0.0,0.0,0.0,0.0,0.0,0.0,0.0,0,0,3,False,0,0,0
494,Willock,,MID,15,Newcastle,,16,,,,,31,0,0,0,0,0,0,0,0,1,0,0,0,2,2.8,14.8,2.0,2.0,0.0,0.01,0.01,0.06,0,3,3,False,2,0,1
495,Hayden,,MID,15,Newcastle,,16,,,,,0,0,0,0,0,0,0,0,0,0,0,0,0,0,0.0,0.0,0.0,0.0,0.0,0.0,0.0,0.0,0,0,3,False,0,0,0
496,Kuol,,MID,15,Newcastle,,16,,,,,0,0,0,0,0,0,0,0,0,0,0,0,0,0,0.0,0.0,0.0,0.0,0.0,0.0,0.0,0.0,0,0,3,False,0,0,0
497,L.Miley,,MID,15,Newcastle,,16,,,,,90,2,0,0,0,1,0,0,0,0,0,0,0,13,12.2,3.2,14.0,2.9,0.12,0.01,0.13,0.3,2,5,3,False,1,1,2
498,White,,MID,15,Newcastle,,16,,,,,0,0,0,0,0,0,0,0,0,0,0,0,0,0,0.0,0.0,0.0,0.0,0.0,0.0,0.0,0.0,0,0,3,False,0,0,0
499,Isak,,FWD,12,Liverpool,,16,,,,,12,1,0,0,0,0,0,0,0,0,0,0,0,2,4.2,0.3,2.0,0.7,0.0,0.0,0.0,0.22,1,2,4,False,0,0,1
500,Osula,,FWD,15,Newcastle,,16,,,,,0,0,0,0,0,0,0,0,0,0,0,0,0,0,0.0,0.0,0.0,0.0,0.0,0.0,0.0,0.0,0,0,4,False,0,0,0
501,Neave,,FWD,15,Newcastle,,16,,,,,0,0,0,0,0,0,0,0,0,0,0,0,0,0,0.0,0.0,0.0,0.0,0.0,0.0,0.0,0.0,0,0,4,False,0,0,0
502,Sels,,GK,16,Nott'm Forest,,16,,,,,0,0,0,0,0,0,0,0,0,0,0,0,0,0,0.0,0.0,0.0,0.0,0.0,0.0,0.0,0.0,0,0,1,False,0,0,0
503,C.Miguel,,GK,16,Nott'm Forest,,16,,,,,0,0,0,0,0,0,0,0,0,0,0,0,0,0,0.0,0.0,0.0,0.0,0.0,0.0,0.0,0.0,0,0,1,False,0,0,0
504,Turner,,GK,16,Nott'm Forest,,16,,,,,0,0,0,0,0,0,0,0,0,0,0,0,0,0,0.0,0.0,0.0,0.0,0.0,0.0,0.0,0.0,0,0,1,False,0,0,0
505,Milenković,,DEF,16,Nott'm Forest,,16,,,,,90,8,0,0,1,0,0,0,0,0,0,0,0,25,24.6,0.7,4.0,2.9,0.07,0.01,0.08,0.33,11,12,2,False,2,1,1
506,Murillo,,DEF,16,Nott'm Forest,,16,,,,,90,6,0,0,1,0,0,0,0,0,0,0,0,27,10.6,1.0,2.0,1.4,0.0,0.01,0.01,0.33,5,7,2,False,5,1,2
507,Aina,,DEF,16,Nott'm Forest,,16,,,,,0,0,0,0,0,0,0,0,0,0,0,0,0,0,0.0,0.0,0.0,0.0,0.0,0.0,0.0,0.0,0,0,2,False,0,0,0
508,N.Williams,,DEF,16,Nott'm Forest,,16,,,,,90,7,0,0,1,0,0,0,0,0,0,0,1,30,27.6,29.4,21.0,7.8,0.09,0.13,0.22,0.33,6,7,2,False,4,1,1
509,David Carmo,,DEF,16,Nott'm Forest,,16,,,,,0,0,0,0,0,0,0,0,0,0,0,0,0,0,0.0,0.0,0.0,0.0,0.0,0.0,0.0,0.0,0,0,2,False,0,0,0
510,Jair Cunha,,DEF,16,Nott'm Forest,,16,,,,,0,0,0,0,0,0,0,0,0,0,0,0,0,0,0.0,0.0,0.0,0.0,0.0,0.0,0.0,0.0,0,0,2,False,0,0,0
511,Morato,,DEF,16,Nott'm Forest,,16,,,,,0,0,0,0,0,0,0,0,0,0,0,0,0,0,0.0,0.0,0.0,0.0,0.0,0.0,0.0,0.0,0,0,2,False,0,0,0
512,O.Richards,,DEF,16,Nott'm Forest,,16,,,,,0,0,0,0,0,0,0,0,0,0,0,0,0,0,0.0,0.0,0.0,0.0,0.0,0.0,0.0,0.0,0,0,2,False,0,0,0
513,Abbott,,DEF,16,Nott'm Forest,,16,,,,,0,0,0,0,0,0,0,0,0,0,0,0,0,0,0.0,0.0,0.0,0.0,0.0,0.0,0.0,0.0,0,0,2,False,0,0,0
514,Boly,,DEF,16,Nott'm Forest,,16,,,,,0,0,0,0,0,0,0,0,0,0,0,0,0,0,0.0,0.0,0.0,0.0,0.0,0.0,0.0,0.0,0,0,2,False,0,0,0
515,Gibbs-White,,MID,16,Nott'm Forest,,16,,,,,90,3,0,0,1,0,0,0,0,0,0,0,0,5,3.6,8.6,18.0,3.0,0.73,0.03,0.76,0.33,0,2,3,False,1,1,1
516,Hudson-Odoi,,MID,16,Nott'm Forest,,16,,,,,90,19,2,1,1,0,0,0,0,0,0,0,3,61,89.0,28.0,61.0,17.8,0.96,0.04,1.0,0.33,0,6,3,True,4,1,2
517,Anderson,,MID,16,Nott'm Forest,,16,,,,,90,3,0,0,1,0,0,0,0,0,0,0,0,8,7.8,13.4,0.0,2.1,0.0,0.02,0.02,0.33,1,8,3,False,6,1,1
518,Jota,,MID,16,Nott'm Forest,,16,,,,,0,0,0,0,0,0,0,0,0,0,0,0,0,0,0.0,0.0,0.0,0.0,0.0,0.0,0.0,0.0,0,0,3,False,0,0,0
519,Dominguez,,MID,16,Nott'm Forest,,16,,,,,0,0,0,0,0,0,0,0,0,0,0,0,0,0,0.0,0.0,0.0,0.0,0.0,0.0,0.0,0.0,0,0,3,False,0,0,0
520,O'Brien,,MID,16,Nott'm Forest,,16,,,,,0,0,0,0,0,0,0,0,0,0,0,0,0,0,0.0,0.0,0.0,0.0,0.0,0.0,0.0,0.0,0,0,3,False,0,0,0
521,Sangaré,,MID,16,Nott'm Forest,,16,,,,,90,18,1,2,1,0,0,0,0,0,0,0,2,54,80.6,21.8,13.0,11.5,0.13,0.87,1.0,0.33,4,12,3,True,6,1,2
522,Yates,,MID,16,Nott'm Forest,,16,,,,,0,0,0,0,0,0,0,0,0,0,0,0,0,0,0.0,0.0,0.0,0.0,0.0,0.0,0.0,0.0,0,0,3,False,0,0,0
523,Da Silva Moreira,,MID,16,Nott'm Forest,,16,,,,,0,0,0,0,0,0,0,0,0,0,0,0,0,0,0.0,0.0,0.0,0.0,0.0,0.0,0.0,0.0,0,0,3,False,0,0,0
524,Stamenic,,MID,16,Nott'm Forest,,16,,,,,0,0,0,0,0,0,0,0,0,0,0,0,0,0,0.0,0.0,0.0,0.0,0.0,0.0,0.0,0.0,0,0,3,False,0,0,0
525,Wood,,FWD,16,Nott'm Forest,,16,,,,,0,0,0,0,0,0,0,0,0,0,0,0,0,0,0.0,0.0,0.0,0.0,0.0,0.0,0.0,0.0,0,0,4,False,0,0,0
526,Igor Jesus,,FWD,16,Nott'm Forest,,16,,,,,84,2,0,0,1,0,0,0,0,0,0,0,0,8,8.4,17.5,15.0,4.1,0.21,0.35,0.56,0.31,4,6,4,False,1,1,1
527,Awoniyi,,FWD,16,Nott'm Forest,,16,,,,,0,0,0,0,0,0,0,0,0,0,0,0,0,0,0.0,0.0,0.0,0.0,0.0,0.0,0.0,0.0,0,0,4,False,0,0,0
528,Patterson,,GK,17,Sunderland,,16,,,,,0,0,0,0,0,0,0,0,0,0,0,0,0,0,0.0,0.0,0.0,0.0,0.0,0.0,0.0,0.0,0,0,1,False,0,0,0
529,Moore,,GK,17,Sunderland,,16,,,,,0,0,0,0,0,0,0,0,0,0,0,0,0,0,0.0,0.0,0.0,0.0,0.0,0.0,0.0,0.0,0,0,1,False,0,0,0
530,Nna Noukeu,,GK,17,Sunderland,,16,,,,,0,0,0,0,0,0,0,0,0,0,0,0,0,0,0.0,0.0,0.0,0.0,0.0,0.0,0.0,0.0,0,0,1,False,0,0,0
531,Ballard,,DEF,17,Sunderland,,16,,,,,90,8,0,0,1,0,0,0,0,0,0,0,0,24,19.2,1.2,9.0,2.9,0.13,0.01,0.14,0.24,9,10,2,False,1,1,1
532,Hume,,DEF,17,Sunderland,,16,,,,,20,1,0,0,0,0,0,0,0,0,0,0,0,7,6.6,11.8,4.0,2.2,0.0,0.0,0.0,0.12,2,3,2,False,0,0,1
533,Alese,,DEF,17,Sunderland,,16,,,,,0,0,0,0,0,0,0,0,0,0,0,0,0,0,0.0,0.0,0.0,0.0,0.0,0.0,0.0,0.0,0,0,2,False,0,0,0
534,Anderson,,DEF,17,Sunderland,,16,,,,,0,0,0,0,0,0,0,0,0,0,0,0,0,0,0.0,0.0,0.0,0.0,0.0,0.0,0.0,0.0,0,0,2,False,0,0,0
535,Cirkin,,DEF,17,Sunderland,,16,,,,,0,0,0,0,0,0,0,0,0,0,0,0,0,0,0.0,0.0,0.0,0.0,0.0,0.0,0.0,0.0,0,0,2,False,0,0,0
536,Hjelde,,DEF,17,Sunderland,,16,,,,,0,0,0,0,0,0,0,0,0,0,0,0,0,0,0.0,0.0,0.0,0.0,0.0,0.0,0.0,0.0,0,0,2,False,0,0,0
537,Huggins,,DEF,17,Sunderland,,16,,,,,0,0,0,0,0,0,0,0,0,0,0,0,0,0,0.0,0.0,0.0,0.0,0.0,0.0,0.0,0.0,0,0,2,False,0,0,0
538,Johnson,,DEF,17,Sunderland,,16,,,,,0,0,0,0,0,0,0,0,0,0,0,0,0,0,0.0,0.0,0.0,0.0,0.0,0.0,0.0,0.0,0,0,2,False,0,0,0
539,O'Nien,,DEF,17,Sunderland,,16,,,,,0,0,0,0,0,0,0,0,0,0,0,0,0,0,0.0,0.0,0.0,0.0,0.0,0.0,0.0,0.0,0,0,2,False,0,0,0
540,Pembele,,DEF,17,Sunderland,,16,,,,,0,0,0,0,0,0,0,0,0,0,0,0,0,0,0.0,0.0,0.0,0.0,0.0,0.0,0.0,0.0,0,0,2,False,0,0,0
541,Reinildo,,DEF,17,Sunderland,,16,,,,,90,10,0,0,1,0,0,0,0,1,0,0,3,29,20.4,2.5,0.0,2.3,0.0,0.01,0.01,0.24,8,10,2,True,7,1,2
542,Seelt,,DEF,17,Sunderland,,16,,,,,0,0,0,0,0,0,0,0,0,0,0,0,0,0,0.0,0.0,0.0,0.0,0.0,0.0,0.0,0.0,0,0,2,False,0,0,0
543,Adingra,,MID,17,Sunderland,,16,,,,,0,0,0,0,0,0,0,0,0,0,0,0,0,0,0.0,0.0,0.0,0.0,0.0,0.0,0.0,0.0,0,0,3,False,0,0,0
544,Diarra,,MID,17,Sunderland,,16,,,,,0,0,0,0,0,0,0,0,0,0,0,0,0,0,0.0,0.0,0.0,0.0,0.0,0.0,0.0,0.0,0,0,3,False,0,0,0
545,Roberts,,MID,17,Sunderland,,16,,,,,0,0,0,0,0,0,0,0,0,0,0,0,0,0,0.0,0.0,0.0,0.0,0.0,0.0,0.0,0.0,0,0,3,False,0,0,0
546,Aleksić,,MID,17,Sunderland,,16,,,,,0,0,0,0,0,0,0,0,0,0,0,0,0,0,0.0,0.0,0.0,0.0,0.0,0.0,0.0,0.0,0,0,3,False,0,0,0
547,E.Le Fée,,MID,17,Sunderland,,16,,,,,90,2,0,0,1,0,0,0,0,1,0,0,0,8,2.8,8.8,2.0,1.4,0.08,0.02,0.1,0.24,0,5,3,False,4,1,1
548,Mundle,,MID,17,Sunderland,,16,,,,,7,1,0,0,0,0,0,0,0,0,0,0,0,3,1.2,0.0,0.0,0.1,0.0,0.0,0.0,0.02,0,1,3,False,1,0,0
549,Neil,,MID,17,Sunderland,,16,,,,,0,0,0,0,0,0,0,0,0,0,0,0,0,0,0.0,0.0,0.0,0.0,0.0,0.0,0.0,0.0,0,0,3,False,0,0,0
550,Poveda,,MID,17,Sunderland,,16,,,,,0,0,0,0,0,0,0,0,0,0,0,0,0,0,0.0,0.0,0.0,0.0,0.0,0.0,0.0,0.0,0,0,3,False,0,0,0
551,Rigg,,MID,17,Sunderland,,16,,,,,0,0,0,0,0,0,0,0,0,0,0,0,0,0,0.0,0.0,0.0,0.0,0.0,0.0,0.0,0.0,0,0,3,False,0,0,0
552,Sadiki,,MID,17,Sunderland,,16,,,,,90,3,0,0,1,0,0,0,0,0,0,0,0,14,8.6,5.1,0.0,1.4,0.0,0.02,0.02,0.24,2,7,3,False,4,1,1
553,Talbi,,MID,17,Sunderland,,16,,,,,82,3,0,0,1,0,0,0,0,0,0,0,0,8,1.6,6.6,6.0,1.4,0.0,0.1,0.1,0.22,0,3,3,False,3,1,0
554,Ba,,MID,17,Sunderland,,16,,,,,0,0,0,0,0,0,0,0,0,0,0,0,0,0,0.0,0.0,0.0,0.0,0.0,0.0,0.0,0.0,0,0,3,False,0,0,0
555,Browne,,MID,17,Sunderland,,16,,,,,0,0,0,0,0,0,0,0,0,0,0,0,0,0,0.0,0.0,0.0,0.0,0.0,0.0,0.0,0.0,0,0,3,False,0,0,0
556,Ekwah,,MID,17,Sunderland,,16,,,,,0,0,0,0,0,0,0,0,0,0,0,0,0,0,0.0,0.0,0.0,0.0,0.0,0.0,0.0,0.0,0,0,3,False,0,0,0
557,H.Jones,,MID,17,Sunderland,,16,,,,,0,0,0,0,0,0,0,0,0,0,0,0,0,0,0.0,0.0,0.0,0.0,0.0,0.0,0.0,0.0,0,0,3,False,0,0,0
558,Matete,,MID,17,Sunderland,,16,,,,,0,0,0,0,0,0,0,0,0,0,0,0,0,0,0.0,0.0,0.0,0.0,0.0,0.0,0.0,0.0,0,0,3,False,0,0,0
559,Triantis,,MID,17,Sunderland,,16,,,,,0,0,0,0,0,0,0,0,0,0,0,0,0,0,0.0,0.0,0.0,0.0,0.0,0.0,0.0,0.0,0,0,3,False,0,0,0
560,Isidor,,FWD,17,Sunderland,,16,,,,,20,0,0,0,0,0,0,0,0,1,0,0,0,2,4.2,0.3,17.0,2.2,0.03,0.0,0.03,0.12,0,2,4,False,1,0,1
561,Mayenda,,FWD,17,Sunderland,,16,,,,,0,0,0,0,0,0,0,0,0,0,0,0,0,0,0.0,0.0,0.0,0.0,0.0,0.0,0.0,0.0,0,0,4,False,0,0,0
562,Abdullahi,,FWD,17,Sunderland,,16,,,,,0,0,0,0,0,0,0,0,0,0,0,0,0,0,0.0,0.0,0.0,0.0,0.0,0.0,0.0,0.0,0,0,4,False,0,0,0
563,Luís Hemir,,FWD,17,Sunderland,,16,,,,,0,0,0,0,0,0,0,0,0,0,0,0,0,0,0.0,0.0,0.0,0.0,0.0,0.0,0.0,0.0,0,0,4,False,0,0,0
564,Rusyn,,FWD,17,Sunderland,,16,,,,,0,0,0,0,0,0,0,0,0,0,0,0,0,0,0.0,0.0,0.0,0.0,0.0,0.0,0.0,0.0,0,0,4,False,0,0,0
565,Vicario,,GK,18,Spurs,,16,,,,,90,2,0,0,0,3,0,0,0,0,0,3,0,5,23.6,0.0,0.0,2.4,0.0,0.0,0.0,2.32,2,0,1,False,6,1,0
566,Austin,,GK,18,Spurs,,16,,,,,0,0,0,0,0,0,0,0,0,0,0,0,0,0,0.0,0.0,0.0,0.0,0.0,0.0,0.0,0.0,0,0,1,False,0,0,0
567,Kinsky,,GK,18,Spurs,,16,,,,,0,0,0,0,0,0,0,0,0,0,0,0,0,0,0.0,0.0,0.0,0.0,0.0,0.0,0.0,0.0,0,0,1,False,0,0,0
568,Pedro Porro,,DEF,18,Spurs,,16,,,,,90,0,0,0,0,3,0,0,0,1,0,0,0,-5,12.0,3.7,0.0,1.6,0.0,0.04,0.04,2.32,3,6,2,False,3,1,3
569,Romero,,DEF,18,Spurs,,16,,,,,90,1,0,0,0,3,0,0,0,0,0,0,0,1,13.2,0.4,0.0,1.4,0.0,0.01,0.01,2.32,5,7,2,False,3,1,2
570,Danso,,DEF,18,Spurs,,16,,,,,0,0,0,0,0,0,0,0,0,0,0,0,0,0,0.0,0.0,0.0,0.0,0.0,0.0,0.0,0.0,0,0,2,False,0,0,0
571,Davies,,DEF,18,Spurs,,16,,,,,31,1,0,0,0,1,0,0,0,0,0,0,0,4,11.2,1.0,0.0,1.2,0.0,0.0,0.0,0.3,4,7,2,False,2,0,3
572,Dragusin,,DEF,18,Spurs,,16,,,,,0,0,0,0,0,0,0,0,0,0,0,0,0,0,0.0,0.0,0.0,0.0,0.0,0.0,0.0,0.0,0,0,2,False,0,0,0
573,Spence,,DEF,18,Spurs,,16,,,,,58,0,0,0,0,2,0,0,0,0,0,0,0,0,5.0,1.8,7.0,1.4,0.11,0.01,0.12,2.01,0,1,2,False,4,1,1
574,Udogie,,DEF,18,Spurs,,16,,,,,0,0,0,0,0,0,0,0,0,0,0,0,0,0,0.0,0.0,0.0,0.0,0.0,0.0,0.0,0.0,0,0,2,False,0,0,0
575,Van de Ven,,DEF,18,Spurs,,16,,,,,90,1,0,0,0,3,0,0,0,0,0,0,0,3,8.4,0.8,2.0,1.1,0.03,0.0,0.03,2.32,1,2,2,False,2,1,1
576,Phillips,,DEF,18,Spurs,,16,,,,,0,0,0,0,0,0,0,0,0,0,0,0,0,0,0.0,0.0,0.0,0.0,0.0,0.0,0.0,0.0,0,0,2,False,0,0,0
577,Takai,,DEF,18,Spurs,,16,,,,,0,0,0,0,0,0,0,0,0,0,0,0,0,0,0.0,0.0,0.0,0.0,0.0,0.0,0.0,0.0,0,0,2,False,0,0,0
578,Vuskovic,,DEF,18,Spurs,,16,,,,,0,0,0,0,0,0,0,0,0,0,0,0,0,0,0.0,0.0,0.0,0.0,0.0,0.0,0.0,0.0,0,0,2,False,0,0,0
579,Son,,MID,18,Spurs,,16,,,,,0,0,0,0,0,0,0,0,0,0,0,0,0,0,0.0,0.0,0.0,0.0,0.0,0.0,0.0,0.0,0,0,3,False,0,0,0
580,Johnson,,MID,18,Spurs,,16,,,,,10,1,0,0,0,0,0,0,0,0,0,0,0,3,0.0,0.3,0.0,0.0,0.0,0.0,0.0,0.2,0,0,3,False,0,0,0
581,Maddison,,MID,18,Spurs,,16,,,,,0,0,0,0,0,0,0,0,0,0,0,0,0,0,0.0,0.0,0.0,0.0,0.0,0.0,0.0,0.0,0,0,3,False,0,0,0
582,Kudus,,MID,18,Spurs,,16,,,,,79,2,0,0,0,3,0,0,0,0,0,0,0,11,10.0,20.2,15.0,4.5,0.05,0.25,0.3,2.11,0,8,3,False,5,1,3
583,Kulusevski,,MID,18,Spurs,,16,,,,,0,0,0,0,0,0,0,0,0,0,0,0,0,0,0.0,0.0,0.0,0.0,0.0,0.0,0.0,0.0,0,0,3,False,0,0,0
584,Tel,,MID,18,Spurs,,16,,,,,10,1,0,0,0,0,0,0,0,0,0,0,0,4,3.0,14.6,0.0,1.8,0.0,0.03,0.03,0.2,0,2,3,False,2,0,0
585,Bentancur,,MID,18,Spurs,,16,,,,,58,1,0,0,0,2,0,0,0,0,0,0,0,11,25.2,14.3,0.0,4.0,0.0,0.02,0.02,2.01,6,11,3,False,2,1,3
586,Bergvall,,MID,18,Spurs,,16,,,,,31,0,0,0,0,1,0,0,0,1,0,0,0,-1,0.0,2.0,0.0,0.2,0.0,0.01,0.01,0.3,0,2,3,False,2,0,0
587,Bissouma,,MID,18,Spurs,,16,,,,,0,0,0,0,0,0,0,0,0,0,0,0,0,0,0.0,0.0,0.0,0.0,0.0,0.0,0.0,0.0,0,0,3,False,0,0,0
588,Odobert,,MID,18,Spurs,,16,,,,,0,0,0,0,0,0,0,0,0,0,0,0,0,0,0.0,0.0,0.0,0.0,0.0,0.0,0.0,0.0,0,0,3,False,0,0,0
589,Solomon,,MID,18,Spurs,,16,,,,,0,0,0,0,0,0,0,0,0,0,0,0,0,0,0.0,0.0,0.0,0.0,0.0,0.0,0.0,0.0,0,0,3,False,0,0,0
590,Bryan,,MID,18,Spurs,,16,,,,,0,0,0,0,0,0,0,0,0,0,0,0,0,0,0.0,0.0,0.0,0.0,0.0,0.0,0.0,0.0,0,0,3,False,0,0,0
591,Gray,,MID,18,Spurs,,16,,,,,58,0,0,0,0,2,0,0,0,1,0,0,0,-2,0.2,2.0,17.0,1.9,0.05,0.01,0.06,2.01,2,4,3,False,2,1,0
592,Moore,,MID,18,Spurs,,16,,,,,0,0,0,0,0,0,0,0,0,0,0,0,0,0,0.0,0.0,0.0,0.0,0.0,0.0,0.0,0.0,0,0,3,False,0,0,0
593,P.M.Sarr,,MID,18,Spurs,,16,,,,,0,0,0,0,0,0,0,0,0,0,0,0,0,0,0.0,0.0,0.0,0.0,0.0,0.0,0.0,0.0,0,0,3,False,0,0,0
594,Min-hyeok,,MID,18,Spurs,,16,,,,,0,0,0,0,0,0,0,0,0,0,0,0,0,0,0.0,0.0,0.0,0.0,0.0,0.0,0.0,0.0,0,0,3,False,0,0,0
595,Olusesi,,MID,18,Spurs,,16,,,,,0,0,0,0,0,0,0,0,0,0,0,0,0,0,0.0,0.0,0.0,0.0,0.0,0.0,0.0,0.0,0,0,3,False,0,0,0
596,Solanke,,FWD,18,Spurs,,16,,,,,0,0,0,0,0,0,0,0,0,0,0,0,0,0,0.0,0.0,0.0,0.0,0.0,0.0,0.0,0.0,0,0,4,False,0,0,0
597,Richarlison,,FWD,18,Spurs,,16,,,,,90,2,0,0,0,3,0,0,0,0,0,0,0,11,3.2,0.3,9.0,1.3,0.09,0.0,0.09,2.32,1,5,4,False,2,1,2
598,Lankshear,,FWD,18,Spurs,,16,,,,,0,0,0,0,0,0,0,0,0,0,0,0,0,0,0.0,0.0,0.0,0.0,0.0,0.0,0.0,0.0,0,0,4,False,0,0,0
599,Scarlett,,FWD,18,Spurs,,16,,,,,0,0,0,0,0,0,0,0,0,0,0,0,0,0,0.0,0.0,0.0,0.0,0.0,0.0,0.0,0.0,0,0,4,False,0,0,0
600,Areola,,GK,19,West Ham,,16,,,,,90,1,0,0,0,3,0,0,0,0,0,2,0,1,14.0,0.0,0.0,1.4,0.0,0.0,0.0,0.67,0,0,1,False,5,1,0
601,Foderingham,,GK,19,West Ham,,16,,,,,0,0,0,0,0,0,0,0,0,0,0,0,0,0,0.0,0.0,0.0,0.0,0.0,0.0,0.0,0.0,0,0,1,False,0,0,0
602,Hegyi,,GK,19,West Ham,,16,,,,,0,0,0,0,0,0,0,0,0,0,0,0,0,0,0.0,0.0,0.0,0.0,0.0,0.0,0.0,0.0,0,0,1,False,0,0,0
603,Diouf,,DEF,19,West Ham,,16,,,,,90,0,0,0,0,3,0,0,0,1,0,0,0,-11,7.4,1.8,10.0,1.9,0.05,0.01,0.06,0.67,4,6,2,False,0,1,2
604,Emerson,,DEF,19,West Ham,,16,,,,,0,0,0,0,0,0,0,0,0,0,0,0,0,0,0.0,0.0,0.0,0.0,0.0,0.0,0.0,0.0,0,0,2,False,0,0,0
605,Kilman,,DEF,19,West Ham,,16,,,,,0,0,0,0,0,0,0,0,0,0,0,0,0,0,0.0,0.0,0.0,0.0,0.0,0.0,0.0,0.0,0,0,2,False,0,0,0
606,Mavropanos,,DEF,19,West Ham,,16,,,,,90,1,0,0,0,3,1,0,0,0,0,0,0,4,14.6,0.7,2.0,1.7,0.0,0.01,0.01,0.67,8,10,2,False,5,1,2
607,N.Aguerd,,DEF,19,West Ham,,16,,,,,0,0,0,0,0,0,0,0,0,0,0,0,0,0,0.0,0.0,0.0,0.0,0.0,0.0,0.0,0.0,0,0,2,False,0,0,0
608,Scarles,,DEF,19,West Ham,,16,,,,,0,0,0,0,0,0,0,0,0,0,0,0,0,0,0.0,0.0,0.0,0.0,0.0,0.0,0.0,0.0,0,0,2,False,0,0,0
609,Todibo,,DEF,19,West Ham,,16,,,,,90,1,0,0,0,3,0,0,0,0,0,0,0,3,12.4,11.4,0.0,2.4,0.0,0.01,0.01,0.67,2,2,2,False,4,1,0
610,Wan-Bissaka,,DEF,19,West Ham,,16,,,,,90,1,0,0,0,3,0,0,0,0,0,0,0,-6,7.8,3.0,0.0,1.1,0.0,0.01,0.01,0.67,3,4,2,False,2,1,1
611,Casey,,DEF,19,West Ham,,16,,,,,0,0,0,0,0,0,0,0,0,0,0,0,0,0,0.0,0.0,0.0,0.0,0.0,0.0,0.0,0.0,0,0,2,False,0,0,0
612,L.Paquetá,,MID,19,West Ham,,16,,,,,88,2,0,0,0,3,0,0,0,0,0,0,0,4,0.2,16.5,2.0,1.9,0.0,0.16,0.16,0.58,0,2,3,False,2,1,0
613,Souček,,MID,19,West Ham,,16,,,,,2,1,0,0,0,0,0,0,0,0,0,0,0,3,0.2,0.2,0.0,0.0,0.0,0.0,0.0,0.09,0,0,3,False,0,0,0
614,Ward-Prowse,,MID,19,West Ham,,16,,,,,0,0,0,0,0,0,0,0,0,0,0,0,0,0,0.0,0.0,0.0,0.0,0.0,0.0,0.0,0.0,0,0,3,False,0,0,0
615,Summerville,,MID,19,West Ham,,16,,,,,87,2,0,0,0,3,0,0,0,0,0,0,0,9,0.0,12.6,17.0,2.9,0.11,0.0,0.11,0.58,1,4,3,False,2,1,1
616,Álvarez,,MID,19,West Ham,,16,,,,,0,0,0,0,0,0,0,0,0,0,0,0,0,0,0.0,0.0,0.0,0.0,0.0,0.0,0.0,0.0,0,0,3,False,0,0,0
617,Cornet,,MID,19,West Ham,,16,,,,,0,0,0,0,0,0,0,0,0,0,0,0,0,0,0.0,0.0,0.0,0.0,0.0,0.0,0.0,0.0,0,0,3,False,0,0,0
618,G.Rodriguez,,MID,19,West Ham,,16,,,,,1,1,0,0,0,0,0,0,0,0,0,0,0,2,0.0,0.6,0.0,0.0,0.0,0.0,0.0,0.09,0,1,3,False,1,0,0
619,L.Guilherme,,MID,19,West Ham,,16,,,,,0,0,0,0,0,0,0,0,0,0,0,0,0,0,0.0,0.0,0.0,0.0,0.0,0.0,0.0,0.0,0,0,3,False,0,0,0
620,Earthy,,MID,19,West Ham,,16,,,,,0,0,0,0,0,0,0,0,0,0,0,0,0,0,0.0,0.0,0.0,0.0,0.0,0.0,0.0,0.0,0,0,3,False,0,0,0
621,Irving,,MID,19,West Ham,,16,,,,,0,0,0,0,0,0,0,0,0,0,0,0,0,0,0.0,0.0,0.0,0.0,0.0,0.0,0.0,0.0,0,0,3,False,0,0,0
622,Orford,,MID,19,West Ham,,16,,,,,0,0,0,0,0,0,0,0,0,0,0,0,0,0,0.0,0.0,0.0,0.0,0.0,0.0,0.0,0.0,0,0,3,False,0,0,0
623,Potts,,MID,19,West Ham,,16,,,,,87,5,0,1,0,3,0,0,0,0,0,0,0,29,27.0,12.5,5.0,4.5,0.04,0.01,0.05,0.58,2,6,3,False,1,1,3
624,Bowen,,FWD,19,West Ham,,16,,,,,90,8,1,0,0,3,0,0,0,0,0,0,2,33,39.4,12.7,45.0,9.7,0.65,0.0,0.65,0.67,0,4,4,False,2,1,2
625,Füllkrug,,FWD,19,West Ham,,16,,,,,0,0,0,0,0,0,0,0,0,0,0,0,0,0,0.0,0.0,0.0,0.0,0.0,0.0,0.0,0.0,0,0,4,False,0,0,0
626,Marshall,,FWD,19,West Ham,,16,,,,,0,0,0,0,0,0,0,0,0,0,0,0,0,0,0.0,0.0,0.0,0.0,0.0,0.0,0.0,0.0,0,0,4,False,0,0,0
627,Johnstone,,GK,20,Wolves,,16,,,,,90,-1,0,0,0,2,1,0,0,0,0,2,0,1,9.2,0.0,0.0,0.9,0.0,0.0,0.0,1.13,4,0,1,False,8,1,0
628,José Sá,,GK,20,Wolves,,16,,,,,0,0,0,0,0,0,0,0,0,0,0,0,0,0,0.0,0.0,0.0,0.0,0.0,0.0,0.0,0.0,0,0,1,False,0,0,0
629,Bentley,,GK,20,Wolves,,16,,,,,0,0,0,0,0,0,0,0,0,0,0,0,0,0,0.0,0.0,0.0,0.0,0.0,0.0,0.0,0.0,0,0,1,False,0,0,0
630,King,,GK,9,Everton,,16,,,,,0,0,0,0,0,0,0,0,0,0,0,0,0,0,0.0,0.0,0.0,0.0,0.0,0.0,0.0,0.0,0,0,1,False,0,0,0
631,Agbadou,,DEF,20,Wolves,,16,,,,,90,0,0,0,0,2,0,0,0,1,0,0,0,3,18.4,3.6,2.0,2.4,0.0,0.01,0.01,1.13,8,9,2,False,4,1,1
632,Doherty,,DEF,20,Wolves,,16,,,,,68,5,0,0,1,0,0,0,0,1,0,0,0,16,6.6,0.5,0.0,0.7,0.0,0.01,0.01,0.81,4,5,2,False,0,1,1
633,H.Bueno,,DEF,20,Wolves,,16,,,,,0,0,0,0,0,0,0,0,0,0,0,0,0,0,0.0,0.0,0.0,0.0,0.0,0.0,0.0,0.0,0,0,2,False,0,0,0
634,Mosquera,,DEF,20,Wolves,,16,,,,,90,0,0,0,0,2,1,0,0,1,0,0,0,1,15.2,10.7,2.0,2.8,0.0,0.0,0.0,1.13,10,10,2,False,4,1,0
635,R.Gomes,,DEF,20,Wolves,,16,,,,,0,0,0,0,0,0,0,0,0,0,0,0,0,0,0.0,0.0,0.0,0.0,0.0,0.0,0.0,0.0,0,0,2,False,0,0,0
636,S.Bueno,,DEF,20,Wolves,,16,,,,,0,0,0,0,0,0,0,0,0,0,0,0,0,0,0.0,0.0,0.0,0.0,0.0,0.0,0.0,0.0,0,0,2,False,0,0,0
637,Toti,,DEF,20,Wolves,,16,,,,,85,4,0,0,0,1,0,0,0,0,0,0,0,8,19.2,0.4,0.0,2.0,0.0,0.0,0.0,1.01,12,13,2,False,0,1,1
638,Hoever,,DEF,20,Wolves,,16,,,,,0,0,0,0,0,0,0,0,0,0,0,0,0,0,0.0,0.0,0.0,0.0,0.0,0.0,0.0,0.0,0,0,2,False,0,0,0
639,Meupiyou,,DEF,20,Wolves,,16,,,,,0,0,0,0,0,0,0,0,0,0,0,0,0,0,0.0,0.0,0.0,0.0,0.0,0.0,0.0,0.0,0,0,2,False,0,0,0
640,Pedro Lima,,DEF,20,Wolves,,16,,,,,0,0,0,0,0,0,0,0,0,0,0,0,0,0,0.0,0.0,0.0,0.0,0.0,0.0,0.0,0.0,0,0,2,False,0,0,0
641,Pond,,DEF,20,Wolves,,16,,,,,0,0,0,0,0,0,0,0,0,0,0,0,0,0,0.0,0.0,0.0,0.0,0.0,0.0,0.0,0.0,0,0,2,False,0,0,0
642,Hee Chan,,MID,20,Wolves,,16,,,,,79,1,0,0,0,1,0,0,0,1,0,0,0,-2,0.0,0.8,17.0,1.7,0.14,0.04,0.18,0.97,2,7,3,False,5,1,0
643,André,,MID,20,Wolves,,16,,,,,90,4,0,0,0,2,0,0,0,0,0,0,0,15,13.8,3.2,0.0,1.7,0.0,0.01,0.01,1.13,9,13,3,False,4,1,0
644,Bellegarde,,MID,20,Wolves,,16,,,,,0,0,0,0,0,0,0,0,0,0,0,0,0,0,0.0,0.0,0.0,0.0,0.0,0.0,0.0,0.0,0,0,3,False,0,0,0
645,Fer López,,MID,20,Wolves,,16,,,,,10,1,0,0,0,1,0,0,0,0,0,0,0,4,1.4,3.4,2.0,0.7,0.0,0.08,0.08,0.16,0,1,3,False,1,0,0
646,Gomes,,MID,20,Wolves,,16,,,,,90,5,0,0,0,2,0,0,0,0,0,0,1,17,11.0,9.7,4.0,2.5,0.0,0.06,0.06,1.13,3,12,3,False,6,1,3
647,Guedes,,MID,20,Wolves,,16,,,,,0,0,0,0,0,0,0,0,0,0,0,0,0,0,0.0,0.0,0.0,0.0,0.0,0.0,0.0,0.0,0,0,3,False,0,0,0
648,Munetsi,,MID,20,Wolves,,16,,,,,0,0,0,0,0,0,0,0,0,0,0,0,0,0,0.0,0.0,0.0,0.0,0.0,0.0,0.0,0.0,0,0,3,False,0,0,0
649,B.Traore,,MID,20,Wolves,,16,,,,,0,0,0,0,0,0,0,0,0,0,0,0,0,0,0.0,0.0,0.0,0.0,0.0,0.0,0.0,0.0,0,0,3,False,0,0,0
650,Chirewa,,MID,20,Wolves,,16,,,,,0,0,0,0,0,0,0,0,0,0,0,0,0,0,0.0,0.0,0.0,0.0,0.0,0.0,0.0,0.0,0,0,3,False,0,0,0
651,Edozie,,MID,20,Wolves,,16,,,,,0,0,0,0,0,0,0,0,0,0,0,0,0,0,0.0,0.0,0.0,0.0,0.0,0.0,0.0,0.0,0,0,3,False,0,0,0
652,Gonzalez,,MID,20,Wolves,,16,,,,,0,0,0,0,0,0,0,0,0,0,0,0,0,0,0.0,0.0,0.0,0.0,0.0,0.0,0.0,0.0,0,0,3,False,0,0,0
653,Hodge,,MID,20,Wolves,,16,,,,,0,0,0,0,0,0,0,0,0,0,0,0,0,0,0.0,0.0,0.0,0.0,0.0,0.0,0.0,0.0,0,0,3,False,0,0,0
654,Strand Larsen,,FWD,20,Wolves,,16,,,,,68,2,0,0,1,0,0,0,0,0,0,0,0,8,8.2,1.4,5.0,1.5,0.14,0.0,0.14,0.81,4,5,4,False,0,1,1
655,Fábio Silva,,FWD,20,Wolves,,16,,,,,0,0,0,0,0,0,0,0,0,0,0,0,0,0,0.0,0.0,0.0,0.0,0.0,0.0,0.0,0.0,0,0,4,False,0,0,0
656,Kalajdžić,,FWD,20,Wolves,,16,,,,,0,0,0,0,0,0,0,0,0,0,0,0,0,0,0.0,0.0,0.0,0.0,0.0,0.0,0.0,0.0,0,0,4,False,0,0,0
657,Chiwome,,FWD,20,Wolves,,16,,,,,0,0,0,0,0,0,0,0,0,0,0,0,0,0,0.0,0.0,0.0,0.0,0.0,0.0,0.0,0.0,0,0,4,False,0,0,0
658,Fraser,,FWD,20,Wolves,,16,,,,,0,0,0,0,0,0,0,0,0,0,0,0,0,0,0.0,0.0,0.0,0.0,0.0,0.0,0.0,0.0,0,0,4,False,0,0,0
659,Walker-Peters,,DEF,19,West Ham,,16,,,,,0,0,0,0,0,0,0,0,0,0,0,0,0,0,0.0,0.0,0.0,0.0,0.0,0.0,0.0,0.0,0,0,2,False,0,0,0
660,Stach,,MID,11,Leeds,,16,,,,,90,2,0,0,0,1,0,0,0,0,0,0,0,13,10.2,18.1,23.0,5.1,0.24,0.09,0.33,0.72,3,9,3,False,5,1,1
661,Ekitiké,,FWD,12,Liverpool,,16,,,,,77,13,2,0,1,0,0,0,0,0,0,0,3,65,62.6,4.3,79.0,14.6,0.8,0.03,0.83,1.68,1,6,4,True,4,1,1
662,Mosquera,,DEF,1,Arsenal,,16,,,,,0,0,0,0,0,0,0,0,0,0,0,0,0,0,0.0,0.0,0.0,0.0,0.0,0.0,0.0,0.0,0,0,2,False,0,0,0
663,J.Arias,,MID,20,Wolves,,16,,,,,10,1,0,0,0,1,0,0,0,0,0,0,0,3,0.4,1.9,2.0,0.4,0.0,0.0,0.0,0.16,0,0,3,False,0,0,0
664,Lecomte,,GK,10,Fulham,,16,,,,,0,0,0,0,0,0,0,0,0,0,0,0,0,0,0.0,0.0,0.0,0.0,0.0,0.0,0.0,0.0,0,0,1,False,0,0,0
665,Perri,,GK,11,Leeds,,16,,,,,90,2,0,0,0,1,0,0,0,0,0,1,0,8,9.6,0.0,0.0,1.0,0.0,0.0,0.0,0.72,0,0,1,False,9,1,0
666,Gyökeres,,FWD,1,Arsenal,,16,,,,,80,2,0,0,1,0,0,0,0,0,0,0,0,4,0.0,0.3,12.0,1.0,0.04,0.0,0.04,0.28,0,2,4,False,1,1,1
667,Aznou,,DEF,9,Everton,,16,,,,,0,0,0,0,0,0,0,0,0,0,0,0,0,0,0.0,0.0,0.0,0.0,0.0,0.0,0.0,0.0,0,0,2,False,0,0,0
668,Xhaka,,MID,17,Sunderland,,16,,,,,90,3,0,0,1,0,0,0,0,0,0,0,0,17,15.8,19.3,1.0,3.6,0.03,0.17,0.2,0.24,5,8,3,False,1,1,2
669,Ndoye,,MID,16,Nott'm Forest,,16,,,,,1,1,0,0,0,0,0,0,0,0,0,0,0,2,2.2,0.5,0.0,0.3,0.0,0.0,0.0,0.0,0,2,3,False,1,0,1
670,Roefs,,GK,17,Sunderland,,16,,,,,90,9,0,0,1,0,0,0,0,0,0,2,3,29,10.6,0.0,0.0,1.1,0.0,0.0,0.0,0.24,1,0,1,True,16,1,0
671,Wilson,,FWD,19,West Ham,,16,,,,,9,1,0,0,0,0,0,0,0,0,0,0,0,3,0.0,0.0,0.0,0.0,0.0,0.0,0.0,0.12,0,0,4,False,0,0,0
672,Hato,,DEF,7,Chelsea,,16,,,,,0,0,0,0,0,0,0,0,0,0,0,0,0,0,0.0,0.0,0.0,0.0,0.0,0.0,0.0,0.0,0,0,2,False,0,0,0
673,J.Palhinha,,MID,18,Spurs,,16,,,,,31,1,0,0,0,1,0,0,0,0,0,0,0,8,13.2,0.6,0.0,1.4,0.0,0.0,0.0,0.3,2,10,3,False,4,0,4
674,Ramsdale,,GK,15,Newcastle,,16,,,,,90,2,0,0,0,1,0,0,0,0,0,1,0,10,13.2,0.0,0.0,1.3,0.0,0.0,0.0,0.3,1,0,1,False,10,1,0
675,Gunn,,GK,16,Nott'm Forest,,16,,,,,0,0,0,0,0,0,0,0,0,0,0,0,0,0,0.0,0.0,0.0,0.0,0.0,0.0,0.0,0.0,0,0,1,False,0,0,0
676,Ugochukwu,,MID,3,Burnley,,16,,,,,82,9,1,0,0,3,0,0,0,0,0,0,2,36,48.2,13.0,43.0,10.4,1.04,0.02,1.06,2.23,1,6,3,False,4,1,1
677,Guessand,,MID,2,Aston Villa,,16,,,,,0,0,0,0,0,0,0,0,0,0,0,0,0,0,0.0,0.0,0.0,0.0,0.0,0.0,0.0,0.0,0,0,3,False,0,0,0
678,Masuaku,,DEF,17,Sunderland,,16,,,,,0,0,0,0,0,0,0,0,0,0,0,0,0,0,0.0,0.0,0.0,0.0,0.0,0.0,0.0,0.0,0,0,2,False,0,0,0
679,Hermansen,,GK,19,West Ham,,16,,,,,0,0,0,0,0,0,0,0,0,0,0,0,0,0,0.0,0.0,0.0,0.0,0.0,0.0,0.0,0.0,0,0,1,False,0,0,0
680,Broja,,FWD,3,Burnley,,16,,,,,90,2,0,0,0,3,0,0,0,0,0,0,0,3,6.6,0.5,47.0,5.4,0.48,0.0,0.48,2.23,0,3,4,False,2,1,1
681,Šeško,,FWD,14,Man Utd,,16,,,,,21,4,0,1,0,1,0,0,0,0,0,0,0,10,0.0,0.0,0.0,0.0,0.0,0.0,0.0,0.55,0,2,4,False,2,0,0
682,Møller Wolfe,,DEF,20,Wolves,,16,,,,,90,1,0,0,0,2,0,0,0,0,0,0,0,1,11.6,15.2,0.0,2.7,0.0,0.02,0.02,1.13,5,5,2,False,2,1,0
683,Alderete,,DEF,17,Sunderland,,16,,,,,90,7,0,0,1,0,0,0,0,0,0,0,1,26,21.6,11.3,6.0,3.9,0.0,0.02,0.02,0.24,8,8,2,False,3,1,0
684,Thiaw,,DEF,15,Newcastle,,16,,,,,90,3,0,0,0,1,0,0,0,1,0,0,0,13,46.4,2.2,0.0,4.9,0.0,0.03,0.03,0.3,22,22,2,False,2,1,0
685,Diakité,,DEF,4,Bournemouth,,16,,,,,90,0,0,0,0,4,0,0,0,0,0,0,0,-5,20.2,1.2,2.0,2.3,0.0,0.02,0.02,3.29,6,8,2,False,1,1,2
686,Ngumoha,,MID,12,Liverpool,,16,,,,,0,0,0,0,0,0,0,0,0,0,0,0,0,0,0.0,0.0,0.0,0.0,0.0,0.0,0.0,0.0,0,0,3,False,0,0,0
687,Rees-Dottin,,MID,4,Bournemouth,,16,,,,,0,0,0,0,0,0,0,0,0,0,0,0,0,0,0.0,0.0,0.0,0.0,0.0,0.0,0.0,0.0,0,0,3,False,0,0,0
688,Wright,,GK,2,Aston Villa,,16,,,,,0,0,0,0,0,0,0,0,0,0,0,0,0,0,0.0,0.0,0.0,0.0,0.0,0.0,0.0,0.0,0,0,1,False,0,0,0
689,Seung soo,,MID,15,Newcastle,,16,,,,,0,0,0,0,0,0,0,0,0,0,0,0,0,0,0.0,0.0,0.0,0.0,0.0,0.0,0.0,0.0,0,0,3,False,0,0,0
690,Cardines,,MID,8,Crystal Palace,,16,,,,,0,0,0,0,0,0,0,0,0,0,0,0,0,0,0.0,0.0,0.0,0.0,0.0,0.0,0.0,0.0,0,0,3,False,0,0,0
691,Calvert-Lewin,,FWD,11,Leeds,,16,,,,,90,9,1,0,0,1,0,0,0,0,0,0,3,35,41.0,7.0,62.0,11.0,0.5,0.06,0.56,0.72,2,3,4,False,0,1,1
692,Leoni,,DEF,12,Liverpool,,16,,,,,0,0,0,0,0,0,0,0,0,0,0,0,0,0,0.0,0.0,0.0,0.0,0.0,0.0,0.0,0.0,0,0,2,False,0,0,0
693,Hutchinson,,MID,16,Nott'm Forest,,16,,,,,90,5,0,0,1,0,0,0,0,0,0,0,0,15,16.4,4.2,24.0,4.5,0.15,0.01,0.16,0.33,3,16,3,False,8,1,5
694,Mukiele,,DEF,17,Sunderland,,16,,,,,90,8,0,1,1,0,0,0,0,1,0,0,0,25,14.6,3.6,11.0,2.9,0.03,0.03,0.06,0.24,7,8,2,False,3,1,1
695,Tchatchoua,,DEF,20,Wolves,,16,,,,,21,0,0,0,0,2,0,0,0,0,0,0,0,-5,2.0,4.8,0.0,0.7,0.0,0.0,0.0,0.32,0,0,2,False,1,0,0
696,Kalimuendo,,FWD,16,Nott'm Forest,,16,,,,,0,0,0,0,0,0,0,0,0,0,0,0,0,0,0.0,0.0,0.0,0.0,0.0,0.0,0.0,0.0,0,0,4,False,0,0,0
697,Adli,,MID,4,Bournemouth,,16,,,,,0,0,0,0,0,0,0,0,0,0,0,0,0,0,0.0,0.0,0.0,0.0,0.0,0.0,0.0,0.0,0,0,3,False,0,0,0
698,Okafor,,MID,11,Leeds,,16,,,,,90,2,0,0,0,1,0,0,0,0,0,0,0,9,11.4,26.6,43.0,8.1,0.55,0.1,0.65,0.63,1,2,3,False,0,1,1
699,Douglas Luiz,,MID,16,Nott'm Forest,,16,,,,,5,1,0,0,0,0,0,0,0,0,0,0,0,3,4.6,0.6,0.0,0.5,0.0,0.0,0.0,0.03,2,3,3,False,1,0,0
700,Dowman,,MID,1,Arsenal,,16,,,,,0,0,0,0,0,0,0,0,0,0,0,0,0,0,0.0,0.0,0.0,0.0,0.0,0.0,0.0,0.0,0,0,3,False,0,0,0
701,Rowe,,DEF,2,Aston Villa,,16,,,,,0,0,0,0,0,0,0,0,0,0,0,0,0,0,0.0,0.0,0.0,0.0,0.0,0.0,0.0,0.0,0,0,2,False,0,0,0
702,Burrowes,,MID,2,Aston Villa,,16,,,,,0,0,0,0,0,0,0,0,0,0,0,0,0,0,0.0,0.0,0.0,0.0,0.0,0.0,0.0,0.0,0,0,3,False,0,0,0
703,Proctor,,GK,2,Aston Villa,,16,,,,,0,0,0,0,0,0,0,0,0,0,0,0,0,0,0.0,0.0,0.0,0.0,0.0,0.0,0.0,0.0,0,0,1,False,0,0,0
704,Onyango,,MID,9,Everton,,16,,,,,0,0,0,0,0,0,0,0,0,0,0,0,0,0,0.0,0.0,0.0,0.0,0.0,0.0,0.0,0.0,0,0,3,False,0,0,0
705,Campbell,,DEF,9,Everton,,16,,,,,0,0,0,0,0,0,0,0,0,0,0,0,0,0,0.0,0.0,0.0,0.0,0.0,0.0,0.0,0.0,0,0,2,False,0,0,0
706,Justin,,DEF,11,Leeds,,16,,,,,1,1,0,0,0,0,0,0,0,0,0,0,0,3,2.0,0.0,0.0,0.2,0.0,0.0,0.0,0.09,1,1,2,False,0,0,0
707,Dibling,,MID,9,Everton,,16,,,,,6,1,0,0,0,0,0,0,0,0,0,0,0,6,2.4,0.7,0.0,0.3,0.0,0.0,0.0,0.05,0,4,3,False,3,0,1
708,M.Fernandes,,MID,19,West Ham,,16,,,,,90,9,1,0,0,3,0,0,0,0,0,0,0,25,30.0,9.3,18.0,5.7,0.16,0.01,0.17,0.67,1,13,3,False,11,1,1
709,Krejčí,,DEF,20,Wolves,,16,,,,,79,2,0,0,0,1,0,0,0,0,0,0,0,2,2.8,1.3,0.0,0.4,0.0,0.0,0.0,0.97,1,2,2,False,1,1,1
710,Patterson,,DEF,2,Aston Villa,,16,,,,,0,0,0,0,0,0,0,0,0,0,0,0,0,0,0.0,0.0,0.0,0.0,0.0,0.0,0.0,0.0,0,0,2,False,0,0,0
711,Harriman-Annous,,MID,1,Arsenal,,16,,,,,0,0,0,0,0,0,0,0,0,0,0,0,0,0,0.0,0.0,0.0,0.0,0.0,0.0,0.0,0.0,0,0,3,False,0,0,0
712,Yeremy,,MID,8,Crystal Palace,,16,,,,,90,2,0,0,0,3,0,0,0,0,0,0,0,14,19.0,26.1,43.0,8.8,0.78,0.22,1.0,1.19,1,9,3,False,4,1,4
713,A.Jimenez,,DEF,4,Bournemouth,,16,,,,,90,3,0,1,0,4,0,0,0,0,0,0,0,6,10.0,17.4,4.0,3.1,0.0,0.22,0.22,3.29,1,1,2,False,2,1,0
714,Woltemade,,FWD,15,Newcastle,,16,,,,,74,0,0,0,0,1,1,0,0,0,0,0,0,-3,0.0,4.1,4.0,0.0,0.02,0.0,0.02,0.26,1,1,4,False,0,1,0
715,John,,GK,16,Nott'm Forest,,16,,,,,90,6,0,0,1,0,0,0,0,0,0,1,0,24,12.4,0.0,0.0,1.2,0.0,0.0,0.0,0.33,2,0,1,False,7,1,0
716,Savona,,DEF,16,Nott'm Forest,,16,,,,,90,5,0,0,1,0,0,0,0,1,0,0,0,27,10.8,29.4,0.0,4.0,0.0,0.16,0.16,0.33,1,1,2,False,4,1,0
717,Xavi,,MID,18,Spurs,,16,,,,,90,4,0,0,0,3,0,0,0,0,0,0,0,21,18.6,15.1,2.0,3.6,0.0,0.09,0.09,2.32,2,12,3,False,4,1,6
718,S.Magassa,,MID,19,West Ham,,16,,,,,80,4,0,0,0,3,0,0,0,0,0,0,0,21,21.0,13.5,7.0,4.2,0.01,0.01,0.02,0.54,3,15,3,False,7,1,5
719,Lindelöf,,DEF,2,Aston Villa,,16,,,,,90,4,0,1,0,2,0,0,0,0,0,0,0,14,30.4,12.3,0.0,4.3,0.0,0.02,0.02,1.03,3,4,2,False,3,1,1
720,Tolu,,FWD,20,Wolves,,16,,,,,21,7,1,0,0,2,0,0,0,0,0,0,2,28,34.0,2.8,27.0,6.4,0.09,0.0,0.09,0.32,0,1,4,False,1,0,0
721,Milosavljević,,DEF,4,Bournemouth,,16,,,,,0,0,0,0,0,0,0,0,0,0,0,0,0,0,0.0,0.0,0.0,0.0,0.0,0.0,0.0,0.0,0,0,2,False,0,0,0
722,Florentino,,MID,3,Burnley,,16,,,,,61,2,0,0,0,3,0,0,0,0,0,0,0,12,1.8,4.0,0.0,0.6,0.0,0.02,0.02,2.04,1,5,3,False,4,1,0
723,Canvot,,DEF,8,Crystal Palace,,16,,,,,0,0,0,0,0,0,0,0,0,0,0,0,0,0,0.0,0.0,0.0,0.0,0.0,0.0,0.0,0.0,0,0,2,False,0,0,0
724,Geertruida,,DEF,17,Sunderland,,16,,,,,0,0,0,0,0,0,0,0,0,0,0,0,0,0,0.0,0.0,0.0,0.0,0.0,0.0,0.0,0.0,0,0,2,False,0,0,0
725,Hincapie,,DEF,1,Arsenal,,16,,,,,90,4,0,0,0,1,0,0,0,0,0,0,0,14,30.8,14.1,4.0,4.9,0.0,0.02,0.02,0.38,11,12,2,False,5,1,1
726,Kolo Muani,,FWD,18,Spurs,,16,,,,,79,2,0,0,0,3,0,0,0,0,0,0,0,11,13.0,16.8,4.0,3.4,0.0,0.13,0.13,2.11,2,6,4,False,2,1,2
727,Chukwueze,,MID,10,Fulham,,16,,,,,90,5,0,1,0,2,0,0,0,0,0,0,0,27,25.2,16.9,2.0,4.4,0.0,0.38,0.38,2.46,4,9,3,False,5,1,0
728,Röhl,,MID,9,Everton,,16,,,,,0,0,0,0,0,0,0,0,0,0,0,0,0,0,0.0,0.0,0.0,0.0,0.0,0.0,0.0,0.0,0,0,3,False,0,0,0
729,Cuiabano,,DEF,16,Nott'm Forest,,16,,,,,0,0,0,0,0,0,0,0,0,0,0,0,0,0,0.0,0.0,0.0,0.0,0.0,0.0,0.0,0.0,0,0,2,False,0,0,0
730,Brobbey,,FWD,17,Sunderland,,16,,,,,69,1,0,0,1,0,0,0,0,1,0,0,0,5,0.0,3.0,2.0,0.3,0.0,0.0,0.0,0.13,0,2,4,False,2,1,0
731,Kevin,,MID,10,Fulham,,16,,,,,0,0,0,0,0,0,0,0,0,0,0,0,0,0,0.0,0.0,0.0,0.0,0.0,0.0,0.0,0.0,0,0,3,False,0,0,0
732,Uche,,FWD,8,Crystal Palace,,16,,,,,13,1,0,0,0,1,0,0,0,0,0,0,0,3,0.2,0.1,2.0,0.2,0.0,0.0,0.0,0.81,0,0,4,False,0,0,0
733,Lammens,,GK,14,Man Utd,,16,,,,,90,1,0,0,0,4,0,0,0,0,0,5,0,6,37.2,0.0,0.0,3.7,0.0,0.0,0.0,1.92,0,0,1,False,7,1,0
734,Bakwa,,MID,16,Nott'm Forest,,16,,,,,0,0,0,0,0,0,0,0,0,0,0,0,0,0,0.0,0.0,0.0,0.0,0.0,0.0,0.0,0.0,0,0,3,False,0,0,0
735,Traoré,,MID,17,Sunderland,,16,,,,,69,3,0,0,1,0,0,0,0,0,0,0,0,5,2.6,13.8,0.0,1.6,0.0,0.03,0.03,0.13,1,2,3,False,1,1,0
736,Donnarumma,,GK,13,Man City,,16,,,,,90,7,0,0,1,0,0,0,0,0,0,4,0,33,32.4,0.0,0.0,3.2,0.0,0.0,0.0,1.88,3,0,1,False,9,1,0
737,Kusi-Asare,,FWD,10,Fulham,,16,,,,,0,0,0,0,0,0,0,0,0,0,0,0,0,0,0.0,0.0,0.0,0.0,0.0,0.0,0.0,0.0,0,0,4,False,0,0,0
738,Fabianski,,GK,19,West Ham,,16,,,,,0,0,0,0,0,0,0,0,0,0,0,0,0,0,0.0,0.0,0.0,0.0,0.0,0.0,0.0,0.0,0,0,1,False,0,0,0
739,Mukasa,,MID,13,Man City,,16,,,,,0,0,0,0,0,0,0,0,0,0,0,0,0,0,0.0,0.0,0.0,0.0,0.0,0.0,0.0,0.0,0,0,3,False,0,0,0
740,Mfuni,,DEF,13,Man City,,16,,,,,0,0,0,0,0,0,0,0,0,0,0,0,0,0,0.0,0.0,0.0,0.0,0.0,0.0,0.0,0.0,0,0,2,False,0,0,0
741,Gray,,FWD,11,Leeds,,16,,,,,0,0,0,0,0,0,0,0,0,0,0,0,0,0,0.0,0.0,0.0,0.0,0.0,0.0,0.0,0.0,0,0,4,False,0,0,0
742,McAidoo,,MID,13,Man City,,16,,,,,0,0,0,0,0,0,0,0,0,0,0,0,0,0,0.0,0.0,0.0,0.0,0.0,0.0,0.0,0.0,0,0,3,False,0,0,0
743,Emenalo,,MID,7,Chelsea,,16,,,,,0,0,0,0,0,0,0,0,0,0,0,0,0,0,0.0,0.0,0.0,0.0,0.0,0.0,0.0,0.0,0,0,3,False,0,0,0
744,Oriola,,MID,6,Brighton,,16,,,,,0,0,0,0,0,0,0,0,0,0,0,0,0,0,0.0,0.0,0.0,0.0,0.0,0.0,0.0,0.0,0,0,3,False,0,0,0
745,Byfield,,DEF,18,Spurs,,16,,,,,0,0,0,0,0,0,0,0,0,0,0,0,0,0,0.0,0.0,0.0,0.0,0.0,0.0,0.0,0.0,0,0,2,False,0,0,0
746,Morrison,,MID,12,Liverpool,,16,,,,,0,0,0,0,0,0,0,0,0,0,0,0,0,0,0.0,0.0,0.0,0.0,0.0,0.0,0.0,0.0,0,0,3,False,0,0,0
747,Mayers,,DEF,19,West Ham,,16,,,,,0,0,0,0,0,0,0,0,0,0,0,0,0,0,0.0,0.0,0.0,0.0,0.0,0.0,0.0,0.0,0,0,2,False,0,0,0
748,Dasilva,,MID,5,Brentford,,16,,,,,0,0,0,0,0,0,0,0,0,0,0,0,0,0,0.0,0.0,0.0,0.0,0.0,0.0,0.0,0.0,0,0,3,False,0,0,0
749,Mané,,FWD,20,Wolves,,16,,,,,4,4,0,1,0,1,0,0,0,0,0,0,0,13,19.0,14.0,0.0,3.3,0.0,0.14,0.14,0.12,0,0,4,False,0,0,0
750,Rowswell,,DEF,18,Spurs,,16,,,,,0,0,0,0,0,0,0,0,0,0,0,0,0,0,0.0,0.0,0.0,0.0,0.0,0.0,0.0,0.0,0,0,2,False,0,0,0
751,Akhamrich,,MID,18,Spurs,,16,,,,,0,0,0,0,0,0,0,0,0,0,0,0,0,0,0.0,0.0,0.0,0.0,0.0,0.0,0.0,0.0,0,0,3,False,0,0,0
752,Golambeckis,,DEF,19,West Ham,,16,,,,,0,0,0,0,0,0,0,0,0,0,0,0,0,0,0.0,0.0,0.0,0.0,0.0,0.0,0.0,0.0,0,0,2,False,0,0,0
753,Ruddy,,GK,15,Newcastle,,16,,,,,0,0,0,0,0,0,0,0,0,0,0,0,0,0,0.0,0.0,0.0,0.0,0.0,0.0,0.0,0.0,0,0,1,False,0,0,0
754,George Hemmings,,MID,2,Aston Villa,,16,,,,,0,0,0,0,0,0,0,0,0,0,0,0,0,0,0.0,0.0,0.0,0.0,0.0,0.0,0.0,0.0,0,0,3,False,0,0,0
755,Lacey,,MID,14,Man Utd,,16,,,,,0,0,0,0,0,0,0,0,0,0,0,0,0,0,0.0,0.0,0.0,0.0,0.0,0.0,0.0,0.0,0,0,3,False,0,0,0
756,DaCosta,,MID,4,Bournemouth,,16,,,,,0,0,0,0,0,0,0,0,0,0,0,0,0,0,0.0,0.0,0.0,0.0,0.0,0.0,0.0,0.0,0,0,3,False,0,0,0
757,Hollingshead,,GK,2,Aston Villa,,16,,,,,0,0,0,0,0,0,0,0,0,0,0,0,0,0,0.0,0.0,0.0,0.0,0.0,0.0,0.0,0.0,0,0,1,False,0,0,0
758,Mohamadou Kanté,,MID,19,West Ham,,16,,,,,2,1,0,0,0,0,0,0,0,0,0,0,0,4,0.0,0.3,0.0,0.0,0.0,0.0,0.0,0.09,0,3,3,False,3,0,0
759,Salmon,,DEF,1,Arsenal,,16,,,,,0,0,0,0,0,0,0,0,0,0,0,0,0,0,0.0,0.0,0.0,0.0,0.0,0.0,0.0,0.0,0,0,2,False,0,0,0
760,Lucky,,DEF,12,Liverpool,,16,,,,,0,0,0,0,0,0,0,0,0,0,0,0,0,0,0.0,0.0,0.0,0.0,0.0,0.0,0.0,0.0,0,0,2,False,0,0,0
1,Raya,,GK,1,Arsenal,,18,,,,,90,2,0,0,0,1,0,0,0,0,0,2,0,11,21.8,10.0,0.0,3.2,0.0,0.0,0.0,0.85,0,0,1,False,6,1,0
2,Arrizabalaga,,GK,1,Arsenal,,18,,,,,0,0,0,0,0,0,0,0,0,0,0,0,0,0,0.0,0.0,0.0,0.0,0.0,0.0,0.0,0.0,0,0,1,False,0,0,0
3,Hein,,GK,1,Arsenal,,18,,,,,0,0,0,0,0,0,0,0,0,0,0,0,0,0,0.0,0.0,0.0,0.0,0.0,0.0,0.0,0.0,0,0,1,False,0,0,0
4,Setford,,GK,1,Arsenal,,18,,,,,0,0,0,0,0,0,0,0,0,0,0,0,0,0,0.0,0.0,0.0,0.0,0.0,0.0,0.0,0.0,0,0,1,False,0,0,0
5,Gabriel,,DEF,1,Arsenal,,18,,,,,19,1,0,0,0,0,0,0,0,0,0,0,0,2,0.0,0.2,4.0,0.3,0.02,0.0,0.02,0.32,1,1,2,False,1,0,0
6,Saliba,,DEF,1,Arsenal,,18,,,,,90,2,0,0,0,1,0,0,0,0,0,0,0,10,10.4,0.8,2.0,1.3,0.0,0.0,0.0,0.85,3,3,2,False,4,1,0
7,Calafiori,,DEF,1,Arsenal,,18,,,,,0,0,0,0,0,0,0,0,0,0,0,0,0,0,0.0,0.0,0.0,0.0,0.0,0.0,0.0,0.0,0,0,2,False,0,0,0
8,J.Timber,,DEF,1,Arsenal,,18,,,,,0,0,0,0,0,0,0,0,0,0,0,0,0,0,0.0,0.0,0.0,0.0,0.0,0.0,0.0,0.0,0,0,2,False,0,0,0
9,Kiwior,,DEF,1,Arsenal,,18,,,,,0,0,0,0,0,0,0,0,0,0,0,0,0,0,0.0,0.0,0.0,0.0,0.0,0.0,0.0,0.0,0,0,2,False,0,0,0
10,Lewis-Skelly,,DEF,1,Arsenal,,18,,,,,70,1,0,0,0,1,0,0,0,1,0,0,0,4,7.4,2.1,4.0,1.4,0.0,0.01,0.01,0.54,3,3,2,False,1,1,0
11,White,,DEF,1,Arsenal,,18,,,,,0,0,0,0,0,0,0,0,0,0,0,0,0,0,0.0,0.0,0.0,0.0,0.0,0.0,0.0,0.0,0,0,2,False,0,0,0
12,Zinchenko,,DEF,16,Nott'm Forest,,18,,,,,0,0,0,0,0,0,0,0,0,0,0,0,0,0,0.0,0.0,0.0,0.0,0.0,0.0,0.0,0.0,0,0,2,False,0,0,0
13,Clarke,,DEF,1,Arsenal,,18,,,,,0,0,0,0,0,0,0,0,0,0,0,0,0,0,0.0,0.0,0.0,0.0,0.0,0.0,0.0,0.0,0,0,2,False,0,0,0
14,Kacurri,,DEF,1,Arsenal,,18,,,,,0,0,0,0,0,0,0,0,0,0,0,0,0,0,0.0,0.0,0.0,0.0,0.0,0.0,0.0,0.0,0,0,2,False,0,0,0
15,Nichols,,DEF,1,Arsenal,,18,,,,,0,0,0,0,0,0,0,0,0,0,0,0,0,0,0.0,0.0,0.0,0.0,0.0,0.0,0.0,0.0,0,0,2,False,0,0,0
16,Saka,,MID,1,Arsenal,,18,,,,,90,7,0,1,0,1,0,0,0,0,0,0,2,30,36.2,52.3,75.0,16.4,0.64,0.3,0.94,0.85,1,8,3,False,5,1,2
17,Ødegaard,,MID,1,Arsenal,,18,,,,,90,10,1,0,0,1,0,0,0,0,0,0,3,37,54.4,64.3,14.0,13.3,0.15,0.07,0.22,0.85,1,8,3,True,5,1,2
18,Madueke,,MID,1,Arsenal,,18,,,,,0,0,0,0,0,0,0,0,0,0,0,0,0,0,0.0,0.0,0.0,0.0,0.0,0.0,0.0,0.0,0,0,3,False,0,0,0
19,Martinelli,,MID,1,Arsenal,,18,,,,,8,1,0,0,0,0,0,0,0,0,0,0,0,1,3.6,10.8,6.0,2.0,0.49,0.01,0.5,0.0,0,1,3,False,0,0,1
20,Trossard,,MID,1,Arsenal,,18,,,,,81,2,0,0,0,1,0,0,0,0,0,0,0,11,8.0,46.5,30.0,8.5,0.51,0.26,0.77,0.85,1,5,3,False,4,1,0
21,Rice,,MID,1,Arsenal,,18,,,,,90,5,0,1,0,1,0,0,0,0,0,0,0,22,13.4,23.2,16.0,5.3,0.24,0.15,0.39,0.85,5,10,3,False,4,1,1
22,Merino,,MID,1,Arsenal,,18,,,,,90,2,0,0,0,1,0,0,0,0,0,0,0,12,8.0,14.9,9.0,3.2,0.1,0.02,0.12,0.85,3,9,3,False,4,1,2
23,Fábio Vieira,,MID,1,Arsenal,,18,,,,,0,0,0,0,0,0,0,0,0,0,0,0,0,0,0.0,0.0,0.0,0.0,0.0,0.0,0.0,0.0,0,0,3,False,0,0,0
24,Nørgaard,,MID,1,Arsenal,,18,,,,,0,0,0,0,0,0,0,0,0,0,0,0,0,0,0.0,0.0,0.0,0.0,0.0,0.0,0.0,0.0,0,0,3,False,0,0,0
25,Nwaneri,,MID,1,Arsenal,,18,,,,,0,0,0,0,0,0,0,0,0,0,0,0,0,0,0.0,0.0,0.0,0.0,0.0,0.0,0.0,0.0,0,0,3,False,0,0,0
26,Zubimendi,,MID,1,Arsenal,,18,,,,,90,2,0,0,0,1,0,0,0,0,0,0,0,20,28.8,16.9,23.0,6.9,0.42,0.06,0.48,0.85,6,10,3,False,3,1,1
27,Nelson,,MID,5,Brentford,,18,,,,,1,1,0,0,0,0,0,0,0,0,0,0,0,3,0.0,0.0,3.0,0.3,0.11,0.0,0.11,0.08,1,2,3,False,1,0,0
28,Kabia,,MID,1,Arsenal,,18,,,,,0,0,0,0,0,0,0,0,0,0,0,0,0,0,0.0,0.0,0.0,0.0,0.0,0.0,0.0,0.0,0,0,3,False,0,0,0
29,Sambi,,MID,1,Arsenal,,18,,,,,0,0,0,0,0,0,0,0,0,0,0,0,0,0,0.0,0.0,0.0,0.0,0.0,0.0,0.0,0.0,0,0,3,False,0,0,0
30,Havertz,,FWD,1,Arsenal,,18,,,,,0,0,0,0,0,0,0,0,0,0,0,0,0,0,0.0,0.0,0.0,0.0,0.0,0.0,0.0,0.0,0,0,4,False,0,0,0
31,G.Jesus,,FWD,1,Arsenal,,18,,,,,19,1,0,0,0,0,0,0,0,0,0,0,0,1,2.8,1.3,20.0,2.4,0.09,0.01,0.1,0.32,0,2,4,False,1,0,1
32,Martinez,,GK,2,Aston Villa,,18,,,,,90,2,0,0,0,1,0,0,0,0,0,2,0,10,17.6,0.0,0.0,1.8,0.0,0.0,0.0,2.14,1,0,1,False,4,1,0
33,M.Bizot,,GK,2,Aston Villa,,18,,,,,0,0,0,0,0,0,0,0,0,0,0,0,0,0,0.0,0.0,0.0,0.0,0.0,0.0,0.0,0.0,0,0,1,False,0,0,0
34,Gauci,,GK,2,Aston Villa,,18,,,,,0,0,0,0,0,0,0,0,0,0,0,0,0,0,0.0,0.0,0.0,0.0,0.0,0.0,0.0,0.0,0,0,1,False,0,0,0
35,Marschall,,GK,2,Aston Villa,,18,,,,,0,0,0,0,0,0,0,0,0,0,0,0,0,0,0.0,0.0,0.0,0.0,0.0,0.0,0.0,0.0,0,0,1,False,0,0,0
36,Cash,,DEF,2,Aston Villa,,18,,,,,90,1,0,0,0,1,0,0,0,1,0,0,0,2,11.6,10.8,2.0,2.4,0.0,0.0,0.0,2.14,3,5,2,False,1,1,2
37,Digne,,DEF,2,Aston Villa,,18,,,,,7,1,0,0,0,0,0,0,0,0,0,0,0,5,3.0,0.0,7.0,1.0,0.1,0.0,0.1,0.03,0,0,2,False,0,0,0
38,Konsa,,DEF,2,Aston Villa,,18,,,,,90,4,0,0,0,1,0,0,0,0,0,0,0,14,23.8,0.2,0.0,2.4,0.0,0.01,0.01,2.14,10,10,2,False,1,1,0
39,Maatsen,,DEF,2,Aston Villa,,18,,,,,82,2,0,0,0,1,0,0,0,0,0,0,0,0,10.0,0.6,17.0,2.8,0.12,0.0,0.12,2.12,4,4,2,False,5,1,0
40,Mings,,DEF,2,Aston Villa,,18,,,,,0,0,0,0,0,0,0,0,0,0,0,0,0,0,0.0,0.0,0.0,0.0,0.0,0.0,0.0,0.0,0,0,2,False,0,0,0
41,Pau,,DEF,2,Aston Villa,,18,,,,,0,0,0,0,0,0,0,0,0,0,0,0,0,0,0.0,0.0,0.0,0.0,0.0,0.0,0.0,0.0,0,0,2,False,0,0,0
42,A.García,,DEF,2,Aston Villa,,18,,,,,0,0,0,0,0,0,0,0,0,0,0,0,0,0,0.0,0.0,0.0,0.0,0.0,0.0,0.0,0.0,0,0,2,False,0,0,0
43,Alex Moreno,,DEF,2,Aston Villa,,18,,,,,0,0,0,0,0,0,0,0,0,0,0,0,0,0,0.0,0.0,0.0,0.0,0.0,0.0,0.0,0.0,0,0,2,False,0,0,0
44,Bogarde,,DEF,2,Aston Villa,,18,,,,,7,1,0,0,0,0,0,0,0,0,0,0,0,2,5.0,0.1,0.0,0.5,0.0,0.0,0.0,0.03,1,1,2,False,0,0,0
45,Sousa,,DEF,2,Aston Villa,,18,,,,,0,0,0,0,0,0,0,0,0,0,0,0,0,0,0.0,0.0,0.0,0.0,0.0,0.0,0.0,0.0,0,0,2,False,0,0,0
46,Yasin,,DEF,2,Aston Villa,,18,,,,,0,0,0,0,0,0,0,0,0,0,0,0,0,0,0.0,0.0,0.0,0.0,0.0,0.0,0.0,0.0,0,0,2,False,0,0,0
47,Rogers,,MID,2,Aston Villa,,18,,,,,90,1,0,0,0,1,0,0,0,1,0,0,0,7,7.2,40.4,7.0,5.5,0.06,0.44,0.5,2.14,1,6,3,False,4,1,1
48,Tielemans,,MID,2,Aston Villa,,18,,,,,90,7,0,1,0,1,0,0,0,0,0,0,0,26,39.0,27.3,6.0,7.2,0.0,0.2,0.2,2.14,4,16,3,False,11,1,1
49,Bailey,,MID,2,Aston Villa,,18,,,,,0,0,0,0,0,0,0,0,0,0,0,0,0,0,0.0,0.0,0.0,0.0,0.0,0.0,0.0,0.0,0,0,3,False,0,0,0
50,Buendía,,MID,2,Aston Villa,,18,,,,,58,3,0,0,0,1,0,0,0,0,0,0,0,4,3.8,11.8,4.0,2.0,0.02,0.0,0.02,1.99,2,12,3,False,8,1,2
51,Iling Jr,,MID,2,Aston Villa,,18,,,,,0,0,0,0,0,0,0,0,0,0,0,0,0,0,0.0,0.0,0.0,0.0,0.0,0.0,0.0,0.0,0,0,3,False,0,0,0
52,J.Ramsey,,MID,15,Newcastle,,18,,,,,67,2,0,0,0,1,0,0,0,0,0,0,0,15,8.4,7.3,8.0,2.4,0.0,0.02,0.02,0.69,2,10,3,False,5,1,3
53,Malen,,MID,2,Aston Villa,,18,,,,,58,1,0,0,0,1,0,0,0,0,0,0,0,2,0.0,0.3,0.0,0.0,0.0,0.0,0.0,1.99,0,1,3,False,1,1,0
54,McGinn,,MID,2,Aston Villa,,18,,,,,58,1,0,0,0,1,0,0,0,0,0,0,0,5,0.0,0.3,0.0,0.0,0.0,0.0,0.0,1.99,1,2,3,False,1,1,0
55,Barkley,,MID,2,Aston Villa,,18,,,,,0,0,0,0,0,0,0,0,0,0,0,0,0,0,0.0,0.0,0.0,0.0,0.0,0.0,0.0,0.0,0,0,3,False,0,0,0
56,Barrenechea,,MID,2,Aston Villa,,18,,,,,0,0,0,0,0,0,0,0,0,0,0,0,0,0,0.0,0.0,0.0,0.0,0.0,0.0,0.0,0.0,0,0,3,False,0,0,0
57,Dobbin,,MID,2,Aston Villa,,18,,,,,0,0,0,0,0,0,0,0,0,0,0,0,0,0,0.0,0.0,0.0,0.0,0.0,0.0,0.0,0.0,0,0,3,False,0,0,0
58,Kamara,,MID,2,Aston Villa,,18,,,,,82,1,0,0,0,1,0,0,0,1,0,0,0,6,10.6,2.5,17.0,3.0,0.18,0.0,0.18,2.12,2,7,3,False,4,1,1
59,Onana,,MID,2,Aston Villa,,18,,,,,31,1,0,0,0,0,0,0,0,0,0,0,0,5,4.2,0.4,0.0,0.5,0.0,0.0,0.0,0.15,2,4,3,False,2,0,0
60,Broggio,,MID,2,Aston Villa,,18,,,,,0,0,0,0,0,0,0,0,0,0,0,0,0,0,0.0,0.0,0.0,0.0,0.0,0.0,0.0,0.0,0,0,3,False,0,0,0
61,Dendoncker,,MID,2,Aston Villa,,18,,,,,0,0,0,0,0,0,0,0,0,0,0,0,0,0,0.0,0.0,0.0,0.0,0.0,0.0,0.0,0.0,0,0,3,False,0,0,0
62,Jimoh-Aloba,,MID,2,Aston Villa,,18,,,,,0,0,0,0,0,0,0,0,0,0,0,0,0,0,0.0,0.0,0.0,0.0,0.0,0.0,0.0,0.0,0,0,3,False,0,0,0
63,Young,,MID,2,Aston Villa,,18,,,,,0,0,0,0,0,0,0,0,0,0,0,0,0,0,0.0,0.0,0.0,0.0,0.0,0.0,0.0,0.0,0,0,3,False,0,0,0
64,Watkins,,FWD,2,Aston Villa,,18,,,,,32,12,2,0,0,0,0,0,0,0,0,0,3,59,74.0,3.7,76.0,15.4,0.68,0.01,0.69,0.15,0,1,4,True,1,0,0
65,Redmond,,FWD,2,Aston Villa,,18,,,,,0,0,0,0,0,0,0,0,0,0,0,0,0,0,0.0,0.0,0.0,0.0,0.0,0.0,0.0,0.0,0,0,4,False,0,0,0
66,Neto,,GK,4,Bournemouth,,18,,,,,0,0,0,0,0,0,0,0,0,0,0,0,0,0,0.0,0.0,0.0,0.0,0.0,0.0,0.0,0.0,0,0,1,False,0,0,0
67,Petrović,,GK,4,Bournemouth,,18,,,,,90,-1,0,0,0,4,1,0,0,0,0,4,0,-6,17.0,0.0,0.0,1.7,0.0,0.0,0.0,3.66,2,0,1,False,8,1,0
68,Dennis,,GK,4,Bournemouth,,18,,,,,0,0,0,0,0,0,0,0,0,0,0,0,0,0,0.0,0.0,0.0,0.0,0.0,0.0,0.0,0.0,0,0,1,False,0,0,0
69,McKenna,,GK,4,Bournemouth,,18,,,,,0,0,0,0,0,0,0,0,0,0,0,0,0,0,0.0,0.0,0.0,0.0,0.0,0.0,0.0,0.0,0,0,1,False,0,0,0
70,Paulsen,,GK,4,Bournemouth,,18,,,,,0,0,0,0,0,0,0,0,0,0,0,0,0,0,0.0,0.0,0.0,0.0,0.0,0.0,0.0,0.0,0,0,1,False,0,0,0
71,Zabarnyi,,DEF,4,Bournemouth,,18,,,,,0,0,0,0,0,0,0,0,0,0,0,0,0,0,0.0,0.0,0.0,0.0,0.0,0.0,0.0,0.0,0,0,2,False,0,0,0
72,Senesi,,DEF,4,Bournemouth,,18,,,,,90,2,0,0,0,4,0,0,0,0,0,0,0,0,30.6,1.3,27.0,5.9,0.03,0.04,0.07,3.66,10,10,2,False,6,1,0
73,Smith,,DEF,4,Bournemouth,,18,,,,,45,0,0,0,0,2,0,0,0,0,0,0,0,-4,2.6,0.0,4.0,0.7,0.0,0.0,0.0,1.53,2,2,2,False,2,1,0
74,Truffert,,DEF,4,Bournemouth,,18,,,,,76,1,0,0,0,3,0,0,0,0,0,0,0,-2,7.4,12.5,0.0,2.0,0.0,0.01,0.01,2.21,1,3,2,False,6,1,2
75,Akinmboni,,DEF,4,Bournemouth,,18,,,,,0,0,0,0,0,0,0,0,0,0,0,0,0,0,0.0,0.0,0.0,0.0,0.0,0.0,0.0,0.0,0,0,2,False,0,0,0
76,Bevan,,DEF,4,Bournemouth,,18,,,,,0,0,0,0,0,0,0,0,0,0,0,0,0,0,0.0,0.0,0.0,0.0,0.0,0.0,0.0,0.0,0,0,2,False,0,0,0
77,Hill,,DEF,4,Bournemouth,,18,,,,,0,0,0,0,0,0,0,0,0,0,0,0,0,0,0.0,0.0,0.0,0.0,0.0,0.0,0.0,0.0,0,0,2,False,0,0,0
78,J.Araujo,,DEF,4,Bournemouth,,18,,,,,0,0,0,0,0,0,0,0,0,0,0,0,0,0,0.0,0.0,0.0,0.0,0.0,0.0,0.0,0.0,0,0,2,False,0,0,0
79,Mepham,,DEF,4,Bournemouth,,18,,,,,0,0,0,0,0,0,0,0,0,0,0,0,0,0,0.0,0.0,0.0,0.0,0.0,0.0,0.0,0.0,0,0,2,False,0,0,0
80,Soler,,DEF,4,Bournemouth,,18,,,,,13,1,0,0,0,1,0,0,0,0,0,0,0,0,1.2,0.7,0.0,0.2,0.0,0.0,0.0,1.45,0,1,2,False,3,0,1
81,Kluivert,,MID,4,Bournemouth,,18,,,,,45,0,0,0,0,2,0,0,0,1,0,0,0,3,6.6,36.3,22.0,6.5,0.85,0.2,1.05,2.13,0,1,3,False,1,0,0
82,Semenyo,,MID,4,Bournemouth,,18,,,,,90,9,1,0,0,4,0,0,0,0,0,0,2,38,52.2,15.0,77.0,14.4,0.75,0.08,0.83,3.66,3,9,3,False,5,1,1
83,O.Dango,,MID,5,Brentford,,18,,,,,0,0,0,0,0,0,0,0,0,0,0,0,0,0,0.0,0.0,0.0,0.0,0.0,0.0,0.0,0.0,0,0,3,False,0,0,0
84,Tavernier,,MID,4,Bournemouth,,18,,,,,90,1,0,0,0,4,0,0,0,1,0,0,0,19,18.2,22.2,21.0,6.1,0.04,0.06,0.1,3.66,1,7,3,False,3,1,3
85,Adams,,MID,4,Bournemouth,,18,,,,,0,0,0,0,0,0,0,0,0,0,0,0,0,0,0.0,0.0,0.0,0.0,0.0,0.0,0.0,0.0,0,0,3,False,0,0,0
86,Brooks,,MID,4,Bournemouth,,18,,,,,45,1,0,0,0,2,0,0,0,0,0,0,0,17,22.0,36.6,47.0,10.6,0.34,0.44,0.78,2.13,1,4,3,False,2,0,1
87,Christie,,MID,4,Bournemouth,,18,,,,,0,0,0,0,0,0,0,0,0,0,0,0,0,0,0.0,0.0,0.0,0.0,0.0,0.0,0.0,0.0,0,0,3,False,0,0,0
88,Cook,,MID,4,Bournemouth,,18,,,,,90,4,0,0,0,4,0,0,0,0,0,0,0,17,19.8,2.5,2.0,2.4,0.03,0.02,0.05,3.66,7,12,3,False,3,1,2
89,Philip,,MID,4,Bournemouth,,18,,,,,0,0,0,0,0,0,0,0,0,0,0,0,0,0,0.0,0.0,0.0,0.0,0.0,0.0,0.0,0.0,0,0,3,False,0,0,0
90,Scott,,MID,4,Bournemouth,,18,,,,,83,5,0,0,0,3,0,0,0,0,0,0,1,33,22.0,32.3,11.0,6.5,0.33,0.07,0.4,2.99,4,13,3,False,7,1,2
91,Sinisterra,,MID,4,Bournemouth,,18,,,,,0,0,0,0,0,0,0,0,0,0,0,0,0,0,0.0,0.0,0.0,0.0,0.0,0.0,0.0,0.0,0,0,3,False,0,0,0
92,Faivre,,MID,4,Bournemouth,,18,,,,,0,0,0,0,0,0,0,0,0,0,0,0,0,0,0.0,0.0,0.0,0.0,0.0,0.0,0.0,0.0,0,0,3,False,0,0,0
93,H.Traorè,,MID,4,Bournemouth,,18,,,,,0,0,0,0,0,0,0,0,0,0,0,0,0,0,0.0,0.0,0.0,0.0,0.0,0.0,0.0,0.0,0,0,3,False,0,0,0
94,Sadi,,MID,4,Bournemouth,,18,,,,,0,0,0,0,0,0,0,0,0,0,0,0,0,0,0.0,0.0,0.0,0.0,0.0,0.0,0.0,0.0,0,0,3,False,0,0,0
95,Silcott-Duberry,,MID,4,Bournemouth,,18,,,,,0,0,0,0,0,0,0,0,0,0,0,0,0,0,0.0,0.0,0.0,0.0,0.0,0.0,0.0,0.0,0,0,3,False,0,0,0
96,Winterburn,,MID,4,Bournemouth,,18,,,,,0,0,0,0,0,0,0,0,0,0,0,0,0,0,0.0,0.0,0.0,0.0,0.0,0.0,0.0,0.0,0,0,3,False,0,0,0
97,Evanilson,,FWD,4,Bournemouth,,18,,,,,45,1,0,0,0,2,0,0,0,0,0,0,0,4,1.0,0.8,10.0,1.2,0.26,0.0,0.26,2.13,0,1,4,False,1,0,0
98,Enes Ünal,,FWD,4,Bournemouth,,18,,,,,0,0,0,0,0,0,0,0,0,0,0,0,0,0,0.0,0.0,0.0,0.0,0.0,0.0,0.0,0.0,0,0,4,False,0,0,0
99,Adu-Adjei,,FWD,4,Bournemouth,,18,,,,,0,0,0,0,0,0,0,0,0,0,0,0,0,0,0.0,0.0,0.0,0.0,0.0,0.0,0.0,0.0,0,0,4,False,0,0,0
100,Kroupi.Jr,,FWD,4,Bournemouth,,18,,,,,45,1,0,0,0,2,0,0,0,0,0,0,0,7,3.4,1.1,0.0,0.5,0.0,0.02,0.02,1.53,1,3,4,False,1,1,1
101,Kelleher,,GK,5,Brentford,,18,,,,,90,4,0,0,0,1,0,0,0,0,0,8,0,25,49.8,0.0,0.0,5.0,0.0,0.0,0.0,2.72,1,0,1,False,10,1,0
102,Balcombe,,GK,5,Brentford,,18,,,,,0,0,0,0,0,0,0,0,0,0,0,0,0,0,0.0,0.0,0.0,0.0,0.0,0.0,0.0,0.0,0,0,1,False,0,0,0
103,Cox,,GK,5,Brentford,,18,,,,,0,0,0,0,0,0,0,0,0,0,0,0,0,0,0.0,0.0,0.0,0.0,0.0,0.0,0.0,0.0,0,0,1,False,0,0,0
104,Eyestone,,GK,5,Brentford,,18,,,,,0,0,0,0,0,0,0,0,0,0,0,0,0,0,0.0,0.0,0.0,0.0,0.0,0.0,0.0,0.0,0,0,1,False,0,0,0
105,Valdimarsson,,GK,5,Brentford,,18,,,,,0,0,0,0,0,0,0,0,0,0,0,0,0,0,0.0,0.0,0.0,0.0,0.0,0.0,0.0,0.0,0,0,1,False,0,0,0
106,Collins,,DEF,5,Brentford,,18,,,,,90,4,0,0,0,1,0,0,0,0,0,0,0,12,39.8,0.8,0.0,4.1,0.0,0.0,0.0,2.72,15,15,2,False,1,1,0
107,Lewis-Potter,,DEF,5,Brentford,,18,,,,,88,2,0,0,0,1,0,0,0,0,0,0,0,3,9.2,22.7,8.0,4.0,0.0,0.02,0.02,2.64,0,1,2,False,2,1,1
108,Ajer,,DEF,5,Brentford,,18,,,,,90,4,0,0,0,1,0,0,0,0,0,0,0,12,39.6,0.8,11.0,5.1,0.21,0.01,0.22,2.72,21,21,2,False,3,1,0
109,Henry,,DEF,5,Brentford,,18,,,,,76,2,0,0,0,1,0,0,0,0,0,0,0,-4,1.8,0.5,2.0,0.4,0.0,0.02,0.02,2.47,4,4,2,False,0,1,0
110,Kayode,,DEF,5,Brentford,,18,,,,,90,3,0,0,0,1,0,0,0,1,0,0,0,21,26.8,11.0,5.0,4.3,0.02,0.0,0.02,2.72,8,12,2,False,7,1,4
111,Pinnock,,DEF,5,Brentford,,18,,,,,0,0,0,0,0,0,0,0,0,0,0,0,0,0,0.0,0.0,0.0,0.0,0.0,0.0,0.0,0.0,0,0,2,False,0,0,0
112,Roerslev,,DEF,5,Brentford,,18,,,,,0,0,0,0,0,0,0,0,0,0,0,0,0,0,0.0,0.0,0.0,0.0,0.0,0.0,0.0,0.0,0,0,2,False,0,0,0
113,Van den Berg,,DEF,5,Brentford,,18,,,,,0,0,0,0,0,0,0,0,0,0,0,0,0,0,0.0,0.0,0.0,0.0,0.0,0.0,0.0,0.0,0,0,2,False,0,0,0
114,Arthur,,DEF,5,Brentford,,18,,,,,0,0,0,0,0,0,0,0,0,0,0,0,0,0,0.0,0.0,0.0,0.0,0.0,0.0,0.0,0.0,0,0,2,False,0,0,0
115,Fredrick,,DEF,5,Brentford,,18,,,,,0,0,0,0,0,0,0,0,0,0,0,0,0,0,0.0,0.0,0.0,0.0,0.0,0.0,0.0,0.0,0,0,2,False,0,0,0
116,Hickey,,DEF,5,Brentford,,18,,,,,13,1,0,0,0,0,0,0,0,0,0,0,0,3,1.2,0.2,0.0,0.1,0.0,0.0,0.0,0.25,1,1,2,False,1,0,0
117,Ji-soo,,DEF,5,Brentford,,18,,,,,0,0,0,0,0,0,0,0,0,0,0,0,0,0,0.0,0.0,0.0,0.0,0.0,0.0,0.0,0.0,0,0,2,False,0,0,0
118,Meghoma,,DEF,5,Brentford,,18,,,,,0,0,0,0,0,0,0,0,0,0,0,0,0,0,0.0,0.0,0.0,0.0,0.0,0.0,0.0,0.0,0,0,2,False,0,0,0
119,Mbeumo,,MID,14,Man Utd,,18,,,,,0,0,0,0,0,0,0,0,0,0,0,0,0,0,0.0,0.0,0.0,0.0,0.0,0.0,0.0,0.0,0,0,3,False,0,0,0
120,Schade,,MID,5,Brentford,,18,,,,,90,20,3,0,0,1,0,0,0,0,0,0,3,67,114.8,3.8,98.0,21.7,2.94,0.03,2.97,2.72,4,9,3,True,4,1,1
121,Damsgaard,,MID,5,Brentford,,18,,,,,13,4,0,1,0,0,0,0,0,0,0,0,0,20,24.8,31.8,6.0,6.3,0.0,0.58,0.58,0.25,1,5,3,False,4,0,0
122,Milambo,,MID,5,Brentford,,18,,,,,0,0,0,0,0,0,0,0,0,0,0,0,0,0,0.0,0.0,0.0,0.0,0.0,0.0,0.0,0.0,0,0,3,False,0,0,0
123,Carvalho,,MID,5,Brentford,,18,,,,,0,0,0,0,0,0,0,0,0,0,0,0,0,0,0.0,0.0,0.0,0.0,0.0,0.0,0.0,0.0,0,0,3,False,0,0,0
124,Henderson,,MID,5,Brentford,,18,,,,,1,1,0,0,0,0,0,0,0,0,0,0,0,3,0.6,0.5,0.0,0.1,0.0,0.01,0.01,0.08,0,1,3,False,1,0,0
125,Janelt,,MID,5,Brentford,,18,,,,,90,4,0,0,0,1,0,0,0,0,0,0,0,22,21.8,23.6,9.0,5.4,0.03,0.26,0.29,2.72,7,15,3,False,8,1,0
126,Jensen,,MID,5,Brentford,,18,,,,,76,1,0,0,0,1,0,0,0,1,0,0,0,12,8.6,3.7,8.0,2.0,0.02,0.03,0.05,2.47,1,8,3,False,4,1,3
127,Nunes,,MID,5,Brentford,,18,,,,,0,0,0,0,0,0,0,0,0,0,0,0,0,0,0.0,0.0,0.0,0.0,0.0,0.0,0.0,0.0,0,0,3,False,0,0,0
128,Onyeka,,MID,5,Brentford,,18,,,,,0,0,0,0,0,0,0,0,0,0,0,0,0,0,0.0,0.0,0.0,0.0,0.0,0.0,0.0,0.0,0,0,3,False,0,0,0
129,Yarmoliuk,,MID,5,Brentford,,18,,,,,88,5,0,1,0,1,0,0,0,0,0,0,0,28,31.6,24.2,8.0,6.4,0.14,0.25,0.39,2.64,3,11,3,False,6,1,2
130,Donovan,,MID,5,Brentford,,18,,,,,0,0,0,0,0,0,0,0,0,0,0,0,0,0,0.0,0.0,0.0,0.0,0.0,0.0,0.0,0.0,0,0,3,False,0,0,0
131,Konak,,MID,5,Brentford,,18,,,,,0,0,0,0,0,0,0,0,0,0,0,0,0,0,0.0,0.0,0.0,0.0,0.0,0.0,0.0,0.0,0,0,3,False,0,0,0
132,Maghoma,,MID,5,Brentford,,18,,,,,0,0,0,0,0,0,0,0,0,0,0,0,0,0,0.0,0.0,0.0,0.0,0.0,0.0,0.0,0.0,0,0,3,False,0,0,0
133,Peart-Harris,,MID,5,Brentford,,18,,,,,0,0,0,0,0,0,0,0,0,0,0,0,0,0,0.0,0.0,0.0,0.0,0.0,0.0,0.0,0.0,0,0,3,False,0,0,0
134,Trevitt,,MID,5,Brentford,,18,,,,,0,0,0,0,0,0,0,0,0,0,0,0,0,0,0.0,0.0,0.0,0.0,0.0,0.0,0.0,0.0,0,0,3,False,0,0,0
135,Wissa,,FWD,15,Newcastle,,18,,,,,22,1,0,0,0,0,0,0,0,0,0,0,0,2,0.2,10.3,8.0,1.9,0.14,0.0,0.14,0.58,0,1,4,False,1,0,0
136,Thiago,,FWD,5,Brentford,,18,,,,,90,5,0,1,0,1,0,0,0,0,0,0,0,23,27.8,28.1,25.0,8.1,0.19,0.24,0.43,2.72,3,5,4,False,1,1,1
137,Morgan,,FWD,5,Brentford,,18,,,,,0,0,0,0,0,0,0,0,0,0,0,0,0,0,0.0,0.0,0.0,0.0,0.0,0.0,0.0,0.0,0,0,4,False,0,0,0
138,Steele,,GK,6,Brighton,,18,,,,,0,0,0,0,0,0,0,0,0,0,0,0,0,0,0.0,0.0,0.0,0.0,0.0,0.0,0.0,0.0,0,0,1,False,0,0,0
139,Verbruggen,,GK,6,Brighton,,18,,,,,90,1,0,0,0,2,0,0,0,1,0,5,0,13,37.2,0.0,0.0,3.7,0.0,0.0,0.0,3.08,3,0,1,False,11,1,0
140,McGill,,GK,6,Brighton,,18,,,,,0,0,0,0,0,0,0,0,0,0,0,0,0,0,0.0,0.0,0.0,0.0,0.0,0.0,0.0,0.0,0,0,1,False,0,0,0
141,Rushworth,,GK,6,Brighton,,18,,,,,0,0,0,0,0,0,0,0,0,0,0,0,0,0,0.0,0.0,0.0,0.0,0.0,0.0,0.0,0.0,0,0,1,False,0,0,0
142,Scherpen,,GK,6,Brighton,,18,,,,,0,0,0,0,0,0,0,0,0,0,0,0,0,0,0.0,0.0,0.0,0.0,0.0,0.0,0.0,0.0,0,0,1,False,0,0,0
143,Boscagli,,DEF,6,Brighton,,18,,,,,0,0,0,0,0,0,0,0,0,0,0,0,0,0,0.0,0.0,0.0,0.0,0.0,0.0,0.0,0.0,0,0,2,False,0,0,0
144,Coppola,,DEF,6,Brighton,,18,,,,,86,0,0,0,0,2,0,0,0,1,0,0,0,0,6.0,1.0,2.0,0.9,0.0,0.0,0.0,2.93,2,3,2,False,2,1,1
145,De Cuyper,,DEF,6,Brighton,,18,,,,,45,1,0,0,0,1,0,0,0,0,0,0,0,-2,0.0,0.8,0.0,0.0,0.0,0.0,0.0,2.11,0,0,2,False,2,1,0
146,Dunk,,DEF,6,Brighton,,18,,,,,90,0,0,0,0,2,0,0,0,1,0,0,0,6,25.0,5.8,0.0,3.1,0.0,0.04,0.04,3.08,6,7,2,False,4,1,1
147,Estupiñan,,DEF,6,Brighton,,18,,,,,0,0,0,0,0,0,0,0,0,0,0,0,0,0,0.0,0.0,0.0,0.0,0.0,0.0,0.0,0.0,0,0,2,False,0,0,0
148,F.Kadıoğlu,,DEF,6,Brighton,,18,,,,,90,1,0,0,0,2,0,0,0,0,0,0,0,6,7.2,16.3,2.0,2.6,0.0,0.24,0.24,3.08,3,3,2,False,4,1,0
149,Igor,,DEF,19,West Ham,,18,,,,,0,0,0,0,0,0,0,0,0,0,0,0,0,0,0.0,0.0,0.0,0.0,0.0,0.0,0.0,0.0,0,0,2,False,0,0,0
150,Lamptey,,DEF,6,Brighton,,18,,,,,0,0,0,0,0,0,0,0,0,0,0,0,0,0,0.0,0.0,0.0,0.0,0.0,0.0,0.0,0.0,0,0,2,False,0,0,0
151,Van Hecke,,DEF,6,Brighton,,18,,,,,90,3,0,0,0,2,0,0,0,0,0,0,0,12,46.2,1.2,0.0,4.7,0.0,0.01,0.01,3.08,12,15,2,False,1,1,3
152,Veltman,,DEF,6,Brighton,,18,,,,,0,0,0,0,0,0,0,0,0,0,0,0,0,0,0.0,0.0,0.0,0.0,0.0,0.0,0.0,0.0,0,0,2,False,0,0,0
153,Webster,,DEF,6,Brighton,,18,,,,,0,0,0,0,0,0,0,0,0,0,0,0,0,0,0.0,0.0,0.0,0.0,0.0,0.0,0.0,0.0,0,0,2,False,0,0,0
154,Cashin,,DEF,6,Brighton,,18,,,,,0,0,0,0,0,0,0,0,0,0,0,0,0,0,0.0,0.0,0.0,0.0,0.0,0.0,0.0,0.0,0,0,2,False,0,0,0
155,Slater,,DEF,6,Brighton,,18,,,,,0,0,0,0,0,0,0,0,0,0,0,0,0,0,0.0,0.0,0.0,0.0,0.0,0.0,0.0,0.0,0,0,2,False,0,0,0
156,Tasker,,DEF,6,Brighton,,18,,,,,0,0,0,0,0,0,0,0,0,0,0,0,0,0,0.0,0.0,0.0,0.0,0.0,0.0,0.0,0.0,0,0,2,False,0,0,0
157,Mitoma,,MID,6,Brighton,,18,,,,,0,0,0,0,0,0,0,0,0,0,0,0,0,0,0.0,0.0,0.0,0.0,0.0,0.0,0.0,0.0,0,0,3,False,0,0,0
158,Georginio,,MID,6,Brighton,,18,,,,,90,0,0,0,0,2,1,0,0,0,0,0,0,0,6.2,21.9,10.0,3.8,0.0,0.1,0.1,3.08,2,5,3,False,2,1,1
159,March,,MID,6,Brighton,,18,,,,,0,0,0,0,0,0,0,0,0,0,0,0,0,0,0.0,0.0,0.0,0.0,0.0,0.0,0.0,0.0,0,0,3,False,0,0,0
160,Minteh,,MID,6,Brighton,,18,,,,,45,1,0,0,0,1,0,0,0,0,0,0,0,12,12.6,5.3,21.0,3.9,0.08,0.1,0.18,0.97,0,4,3,False,1,0,3
161,Enciso,,MID,6,Brighton,,18,,,,,0,0,0,0,0,0,0,0,0,0,0,0,0,0,0.0,0.0,0.0,0.0,0.0,0.0,0.0,0.0,0,0,3,False,0,0,0
162,Gruda,,MID,6,Brighton,,18,,,,,45,1,0,0,0,1,0,0,0,0,0,0,0,1,0.0,2.3,0.0,0.0,0.0,0.0,0.0,2.11,0,4,3,False,3,1,1
163,Hinshelwood,,MID,6,Brighton,,18,,,,,74,2,0,0,0,2,0,0,0,0,0,0,0,8,7.2,3.3,17.0,2.8,0.08,0.01,0.09,2.3,1,3,3,False,2,1,0
164,O'Riley,,MID,6,Brighton,,18,,,,,0,0,0,0,0,0,0,0,0,0,0,0,0,0,0.0,0.0,0.0,0.0,0.0,0.0,0.0,0.0,0,0,3,False,0,0,0
165,Sima,,MID,6,Brighton,,18,,,,,0,0,0,0,0,0,0,0,0,0,0,0,0,0,0.0,0.0,0.0,0.0,0.0,0.0,0.0,0.0,0,0,3,False,0,0,0
166,Ayari,,MID,6,Brighton,,18,,,,,90,5,0,1,0,2,0,0,0,0,0,0,0,20,7.6,3.1,15.0,2.6,0.34,0.01,0.35,3.08,5,11,3,False,5,1,1
167,Baleba,,MID,6,Brighton,,18,,,,,0,0,0,0,0,0,0,0,0,0,0,0,0,0,0.0,0.0,0.0,0.0,0.0,0.0,0.0,0.0,0,0,3,False,0,0,0
168,Buonanotte,,MID,7,Chelsea,,18,,,,,0,0,0,0,0,0,0,0,0,0,0,0,0,0,0.0,0.0,0.0,0.0,0.0,0.0,0.0,0.0,0,0,3,False,0,0,0
169,Gomez,,MID,6,Brighton,,18,,,,,86,9,1,0,0,2,0,0,0,0,0,0,2,30,38.6,3.1,17.0,5.9,0.12,0.0,0.12,2.93,1,5,3,False,2,1,2
170,Milner,,MID,6,Brighton,,18,,,,,0,0,0,0,0,0,0,0,0,0,0,0,0,0,0.0,0.0,0.0,0.0,0.0,0.0,0.0,0.0,0,0,3,False,0,0,0
171,Sarmiento,,MID,6,Brighton,,18,,,,,0,0,0,0,0,0,0,0,0,0,0,0,0,0,0.0,0.0,0.0,0.0,0.0,0.0,0.0,0.0,0,0,3,False,0,0,0
172,Watson,,MID,6,Brighton,,18,,,,,3,1,0,0,0,0,0,0,0,0,0,0,0,3,0.2,0.3,0.0,0.1,0.0,0.02,0.02,0.15,0,0,3,False,0,0,0
173,Wieffer,,MID,6,Brighton,,18,,,,,45,1,0,0,0,1,0,0,0,0,0,0,0,7,16.2,11.2,11.0,3.8,0.23,0.01,0.24,0.97,7,11,3,False,2,0,2
174,Yalcouye,,MID,6,Brighton,,18,,,,,0,0,0,0,0,0,0,0,0,0,0,0,0,0,0.0,0.0,0.0,0.0,0.0,0.0,0.0,0.0,0,0,3,False,0,0,0
175,Knight,,MID,6,Brighton,,18,,,,,0,0,0,0,0,0,0,0,0,0,0,0,0,0,0.0,0.0,0.0,0.0,0.0,0.0,0.0,0.0,0,0,3,False,0,0,0
176,Mazilu,,MID,6,Brighton,,18,,,,,0,0,0,0,0,0,0,0,0,0,0,0,0,0,0.0,0.0,0.0,0.0,0.0,0.0,0.0,0.0,0,0,3,False,0,0,0
177,Moran,,MID,6,Brighton,,18,,,,,0,0,0,0,0,0,0,0,0,0,0,0,0,0,0.0,0.0,0.0,0.0,0.0,0.0,0.0,0.0,0,0,3,False,0,0,0
178,Welbeck,,FWD,6,Brighton,,18,,,,,15,1,0,0,0,0,0,0,0,0,0,0,0,3,2.2,0.3,0.0,0.3,0.0,0.0,0.0,0.77,0,2,4,False,1,0,1
179,Ferguson,,FWD,6,Brighton,,18,,,,,0,0,0,0,0,0,0,0,0,0,0,0,0,0,0.0,0.0,0.0,0.0,0.0,0.0,0.0,0.0,0,0,4,False,0,0,0
180,Tzimas,,FWD,6,Brighton,,18,,,,,0,0,0,0,0,0,0,0,0,0,0,0,0,0,0.0,0.0,0.0,0.0,0.0,0.0,0.0,0.0,0,0,4,False,0,0,0
181,Kostoulas,,FWD,6,Brighton,,18,,,,,3,1,0,0,0,0,0,0,0,0,0,0,0,1,0.4,0.1,0.0,0.1,0.0,0.0,0.0,0.15,0,1,4,False,1,0,0
182,Trafford,,GK,13,Man City,,18,,,,,0,0,0,0,0,0,0,0,0,0,0,0,0,0,0.0,0.0,0.0,0.0,0.0,0.0,0.0,0.0,0,0,1,False,0,0,0
183,Weiss,,GK,3,Burnley,,18,,,,,0,0,0,0,0,0,0,0,0,0,0,0,0,0,0.0,0.0,0.0,0.0,0.0,0.0,0.0,0.0,0,0,1,False,0,0,0
184,Green,,GK,3,Burnley,,18,,,,,0,0,0,0,0,0,0,0,0,0,0,0,0,0,0.0,0.0,0.0,0.0,0.0,0.0,0.0,0.0,0,0,1,False,0,0,0
185,Hladký,,GK,3,Burnley,,18,,,,,0,0,0,0,0,0,0,0,0,0,0,0,0,0,0.0,0.0,0.0,0.0,0.0,0.0,0.0,0.0,0,0,1,False,0,0,0
186,Roberts,,DEF,3,Burnley,,18,,,,,0,0,0,0,0,0,0,0,0,0,0,0,0,0,0.0,0.0,0.0,0.0,0.0,0.0,0.0,0.0,0,0,2,False,0,0,0
187,Walker,,DEF,3,Burnley,,18,,,,,90,6,0,0,1,0,0,0,0,0,0,0,0,18,9.8,13.2,4.0,2.7,0.0,0.04,0.04,0.85,2,2,2,False,1,1,0
188,Delcroix,,DEF,3,Burnley,,18,,,,,0,0,0,0,0,0,0,0,0,0,0,0,0,0,0.0,0.0,0.0,0.0,0.0,0.0,0.0,0.0,0,0,2,False,0,0,0
189,Dodgson,,DEF,3,Burnley,,18,,,,,0,0,0,0,0,0,0,0,0,0,0,0,0,0,0.0,0.0,0.0,0.0,0.0,0.0,0.0,0.0,0,0,2,False,0,0,0
190,Ekdal,,DEF,3,Burnley,,18,,,,,90,9,0,0,1,0,0,0,0,0,0,0,1,33,27.4,10.8,5.0,4.3,0.03,0.02,0.05,0.85,11,13,2,False,1,1,2
191,Estève,,DEF,3,Burnley,,18,,,,,0,0,0,0,0,0,0,0,0,0,0,0,0,0,0.0,0.0,0.0,0.0,0.0,0.0,0.0,0.0,0,0,2,False,0,0,0
192,Hartman,,DEF,3,Burnley,,18,,,,,0,0,0,0,0,0,0,0,0,0,0,0,0,0,0.0,0.0,0.0,0.0,0.0,0.0,0.0,0.0,0,0,2,False,0,0,0
193,Humphreys,,DEF,3,Burnley,,18,,,,,90,8,0,0,1,0,0,0,0,0,0,0,0,25,22.2,2.0,8.0,3.2,0.13,0.01,0.14,0.85,7,10,2,False,2,1,3
194,Jordan,,DEF,3,Burnley,,18,,,,,0,0,0,0,0,0,0,0,0,0,0,0,0,0,0.0,0.0,0.0,0.0,0.0,0.0,0.0,0.0,0,0,2,False,0,0,0
195,Lucas Pires,,DEF,3,Burnley,,18,,,,,90,6,0,0,1,0,0,0,0,0,0,0,0,26,14.6,18.4,5.0,3.8,0.02,0.13,0.15,0.85,3,4,2,False,4,1,1
196,Sambo,,DEF,3,Burnley,,18,,,,,0,0,0,0,0,0,0,0,0,0,0,0,0,0,0.0,0.0,0.0,0.0,0.0,0.0,0.0,0.0,0,0,2,False,0,0,0
197,Sonne,,DEF,3,Burnley,,18,,,,,0,0,0,0,0,0,0,0,0,0,0,0,0,0,0.0,0.0,0.0,0.0,0.0,0.0,0.0,0.0,0,0,2,False,0,0,0
198,Tuanzebe,,DEF,3,Burnley,,18,,,,,0,0,0,0,0,0,0,0,0,0,0,0,0,0,0.0,0.0,0.0,0.0,0.0,0.0,0.0,0.0,0,0,2,False,0,0,0
199,Worrall,,DEF,3,Burnley,,18,,,,,0,0,0,0,0,0,0,0,0,0,0,0,0,0,0.0,0.0,0.0,0.0,0.0,0.0,0.0,0.0,0,0,2,False,0,0,0
200,Anthony,,MID,3,Burnley,,18,,,,,17,1,0,0,0,0,0,0,0,0,0,0,0,8,10.6,12.9,2.0,2.6,0.0,0.01,0.01,0.27,2,3,3,False,1,0,0
201,Benson,,MID,3,Burnley,,18,,,,,0,0,0,0,0,0,0,0,0,0,0,0,0,0,0.0,0.0,0.0,0.0,0.0,0.0,0.0,0.0,0,0,3,False,0,0,0
202,Bruun Larsen,,MID,3,Burnley,,18,,,,,72,3,0,0,1,0,0,0,0,0,0,0,0,-2,0.0,3.8,10.0,1.3,0.59,0.02,0.61,0.58,1,4,3,False,2,1,1
203,Boateng,,MID,3,Burnley,,18,,,,,0,0,0,0,0,0,0,0,0,0,0,0,0,0,0.0,0.0,0.0,0.0,0.0,0.0,0.0,0.0,0,0,3,False,0,0,0
204,Churlinov,,MID,3,Burnley,,18,,,,,0,0,0,0,0,0,0,0,0,0,0,0,0,0,0.0,0.0,0.0,0.0,0.0,0.0,0.0,0.0,0,0,3,False,0,0,0
205,Cullen,,MID,3,Burnley,,18,,,,,52,1,0,0,0,0,0,0,0,0,0,0,0,7,4.4,3.5,7.0,1.5,0.04,0.01,0.05,0.28,1,8,3,False,4,1,3
206,Edwards,,MID,3,Burnley,,18,,,,,87,3,0,0,1,0,0,0,0,0,0,0,0,15,8.4,38.3,12.0,5.9,0.0,0.38,0.38,0.8,1,8,3,False,7,1,0
207,Hannibal,,MID,3,Burnley,,18,,,,,0,0,0,0,0,0,0,0,0,0,0,0,0,0,0.0,0.0,0.0,0.0,0.0,0.0,0.0,0.0,0,0,3,False,0,0,0
208,Koleosho,,MID,3,Burnley,,18,,,,,0,0,0,0,0,0,0,0,0,0,0,0,0,0,0.0,0.0,0.0,0.0,0.0,0.0,0.0,0.0,0,0,3,False,0,0,0
209,Laurent,,MID,3,Burnley,,18,,,,,90,5,0,0,1,0,0,0,0,0,0,0,0,13,23.0,1.7,7.0,3.2,0.06,0.01,0.07,0.85,4,13,3,False,2,1,7
210,Tchaouna,,MID,3,Burnley,,18,,,,,0,0,0,0,0,0,0,0,0,0,0,0,0,0,0.0,0.0,0.0,0.0,0.0,0.0,0.0,0.0,0,0,3,False,0,0,0
211,A.Ramsey,,MID,3,Burnley,,18,,,,,0,0,0,0,0,0,0,0,0,0,0,0,0,0,0.0,0.0,0.0,0.0,0.0,0.0,0.0,0.0,0,0,3,False,0,0,0
212,Adewumi,,MID,3,Burnley,,18,,,,,0,0,0,0,0,0,0,0,0,0,0,0,0,0,0.0,0.0,0.0,0.0,0.0,0.0,0.0,0.0,0,0,3,False,0,0,0
213,Banel,,MID,3,Burnley,,18,,,,,0,0,0,0,0,0,0,0,0,0,0,0,0,0,0.0,0.0,0.0,0.0,0.0,0.0,0.0,0.0,0,0,3,False,0,0,0
214,Trésor,,MID,3,Burnley,,18,,,,,2,1,0,0,0,0,0,0,0,0,0,0,0,3,0.2,0.3,0.0,0.1,0.0,0.0,0.0,0.05,0,0,3,False,0,0,0
215,Flemming,,FWD,3,Burnley,,18,,,,,2,1,0,0,0,0,0,0,0,0,0,0,0,2,0.0,0.0,0.0,0.0,0.0,0.0,0.0,0.05,0,0,4,False,0,0,0
216,Amdouni,,FWD,3,Burnley,,18,,,,,0,0,0,0,0,0,0,0,0,0,0,0,0,0,0.0,0.0,0.0,0.0,0.0,0.0,0.0,0.0,0,0,4,False,0,0,0
217,Foster,,FWD,3,Burnley,,18,,,,,0,0,0,0,0,0,0,0,0,0,0,0,0,0,0.0,0.0,0.0,0.0,0.0,0.0,0.0,0.0,0,0,4,False,0,0,0
218,Barnes,,FWD,3,Burnley,,18,,,,,0,0,0,0,0,0,0,0,0,0,0,0,0,0,0.0,0.0,0.0,0.0,0.0,0.0,0.0,0.0,0,0,4,False,0,0,0
219,Obafemi,,FWD,3,Burnley,,18,,,,,0,0,0,0,0,0,0,0,0,0,0,0,0,0,0.0,0.0,0.0,0.0,0.0,0.0,0.0,0.0,0,0,4,False,0,0,0
220,Sánchez,,GK,7,Chelsea,,18,,,,,90,3,0,0,0,2,0,0,0,0,0,6,0,21,47.2,0.0,0.0,4.7,0.0,0.0,0.0,1.19,0,0,1,False,9,1,0
221,Jörgensen,,GK,7,Chelsea,,18,,,,,0,0,0,0,0,0,0,0,0,0,0,0,0,0,0.0,0.0,0.0,0.0,0.0,0.0,0.0,0.0,0,0,1,False,0,0,0
222,Penders,,GK,7,Chelsea,,18,,,,,0,0,0,0,0,0,0,0,0,0,0,0,0,0,0.0,0.0,0.0,0.0,0.0,0.0,0.0,0.0,0,0,1,False,0,0,0
223,Slonina,,GK,7,Chelsea,,18,,,,,0,0,0,0,0,0,0,0,0,0,0,0,0,0,0.0,0.0,0.0,0.0,0.0,0.0,0.0,0.0,0,0,1,False,0,0,0
224,Cucurella,,DEF,7,Chelsea,,18,,,,,68,2,0,0,0,1,0,0,0,0,0,0,0,13,12.8,17.4,6.0,3.6,0.0,0.05,0.05,0.75,2,4,2,False,4,1,2
225,James,,DEF,7,Chelsea,,18,,,,,90,6,0,1,0,2,0,0,0,1,0,0,1,31,41.0,47.2,3.0,9.1,0.12,0.27,0.39,1.19,3,10,2,False,7,1,7
226,Chalobah,,DEF,7,Chelsea,,18,,,,,90,0,0,0,0,2,0,0,0,1,0,0,0,3,5.2,1.8,0.0,0.7,0.0,0.01,0.01,1.19,0,0,2,False,6,1,0
227,Colwill,,DEF,7,Chelsea,,18,,,,,0,0,0,0,0,0,0,0,0,0,0,0,0,0,0.0,0.0,0.0,0.0,0.0,0.0,0.0,0.0,0,0,2,False,0,0,0
228,Gusto,,DEF,7,Chelsea,,18,,,,,21,1,0,0,0,1,0,0,0,0,0,0,0,3,7.2,0.7,4.0,1.2,0.0,0.03,0.03,0.44,0,3,2,False,2,0,3
229,B.Badiashile,,DEF,7,Chelsea,,18,,,,,90,1,0,0,0,2,0,0,0,0,0,0,0,5,11.6,2.3,0.0,1.4,0.0,0.02,0.02,1.19,6,7,2,False,3,1,1
230,Fofana,,DEF,7,Chelsea,,18,,,,,0,0,0,0,0,0,0,0,0,0,0,0,0,0,0.0,0.0,0.0,0.0,0.0,0.0,0.0,0.0,0,0,2,False,0,0,0
231,M.Sarr,,DEF,7,Chelsea,,18,,,,,0,0,0,0,0,0,0,0,0,0,0,0,0,0,0.0,0.0,0.0,0.0,0.0,0.0,0.0,0.0,0,0,2,False,0,0,0
232,Tosin,,DEF,7,Chelsea,,18,,,,,0,0,0,0,0,0,0,0,0,0,0,0,0,0,0.0,0.0,0.0,0.0,0.0,0.0,0.0,0.0,0,0,2,False,0,0,0
233,Acheampong,,DEF,7,Chelsea,,18,,,,,0,0,0,0,0,0,0,0,0,0,0,0,0,0,0.0,0.0,0.0,0.0,0.0,0.0,0.0,0.0,0,0,2,False,0,0,0
234,Anselmino,,DEF,7,Chelsea,,18,,,,,0,0,0,0,0,0,0,0,0,0,0,0,0,0,0.0,0.0,0.0,0.0,0.0,0.0,0.0,0.0,0,0,2,False,0,0,0
235,Palmer,,MID,7,Chelsea,,18,,,,,71,2,0,0,0,1,0,0,0,0,0,0,0,8,6.2,4.2,32.0,4.2,0.21,0.05,0.26,0.82,2,7,3,False,4,1,1
236,Neto,,MID,7,Chelsea,,18,,,,,90,2,0,0,0,2,0,0,0,0,0,0,0,17,10.2,30.4,10.0,5.1,0.03,0.17,0.2,1.19,0,4,3,False,3,1,1
237,Enzo,,MID,7,Chelsea,,18,,,,,90,1,0,0,0,2,0,0,0,1,0,0,0,16,7.8,17.4,13.0,3.8,0.2,0.28,0.48,1.19,1,10,3,False,5,1,4
238,Estêvão,,MID,7,Chelsea,,18,,,,,18,1,0,0,0,1,0,0,0,0,0,0,0,3,1.0,0.3,2.0,0.3,0.0,0.0,0.0,0.37,0,1,3,False,1,0,0
239,Gittens,,MID,7,Chelsea,,18,,,,,21,1,0,0,0,1,0,0,0,0,0,0,0,6,4.0,0.8,9.0,1.4,0.06,0.01,0.07,0.44,0,1,3,False,0,0,1
240,Nkunku,,MID,7,Chelsea,,18,,,,,0,0,0,0,0,0,0,0,0,0,0,0,0,0,0.0,0.0,0.0,0.0,0.0,0.0,0.0,0.0,0,0,3,False,0,0,0
241,Caicedo,,MID,7,Chelsea,,18,,,,,90,3,0,0,0,2,0,0,0,1,0,0,0,10,15.0,17.8,2.0,3.5,0.06,0.06,0.12,1.19,2,14,3,False,10,1,2
242,Dewsbury-Hall,,MID,9,Everton,,18,,,,,0,0,0,0,0,0,0,0,0,0,0,0,0,0,0.0,0.0,0.0,0.0,0.0,0.0,0.0,0.0,0,0,3,False,0,0,0
243,George,,MID,7,Chelsea,,18,,,,,0,0,0,0,0,0,0,0,0,0,0,0,0,0,0.0,0.0,0.0,0.0,0.0,0.0,0.0,0.0,0,0,3,False,0,0,0
244,Lavia,,MID,7,Chelsea,,18,,,,,0,0,0,0,0,0,0,0,0,0,0,0,0,0,0.0,0.0,0.0,0.0,0.0,0.0,0.0,0.0,0,0,3,False,0,0,0
245,Mudryk,,MID,7,Chelsea,,18,,,,,0,0,0,0,0,0,0,0,0,0,0,0,0,0,0.0,0.0,0.0,0.0,0.0,0.0,0.0,0.0,0,0,3,False,0,0,0
246,Andrey Santos,,MID,7,Chelsea,,18,,,,,0,0,0,0,0,0,0,0,0,0,0,0,0,0,0.0,0.0,0.0,0.0,0.0,0.0,0.0,0.0,0,0,3,False,0,0,0
247,D.Essugo,,MID,7,Chelsea,,18,,,,,0,0,0,0,0,0,0,0,0,0,0,0,0,0,0.0,0.0,0.0,0.0,0.0,0.0,0.0,0.0,0,0,3,False,0,0,0
248,Paez,,MID,7,Chelsea,,18,,,,,0,0,0,0,0,0,0,0,0,0,0,0,0,0,0.0,0.0,0.0,0.0,0.0,0.0,0.0,0.0,0,0,3,False,0,0,0
249,João Pedro,,FWD,7,Chelsea,,18,,,,,68,8,1,0,0,1,0,0,0,0,0,0,2,35,40.2,2.8,63.0,10.6,1.44,0.02,1.46,0.75,1,4,4,False,1,1,2
250,Delap,,FWD,7,Chelsea,,18,,,,,21,0,0,0,0,1,0,0,0,1,0,0,0,-1,0.0,0.1,0.0,0.0,0.0,0.0,0.0,0.44,0,0,4,False,0,0,0
251,N.Jackson,,FWD,7,Chelsea,,18,,,,,0,0,0,0,0,0,0,0,0,0,0,0,0,0,0.0,0.0,0.0,0.0,0.0,0.0,0.0,0.0,0,0,4,False,0,0,0
252,Marc Guiu,,FWD,7,Chelsea,,18,,,,,0,0,0,0,0,0,0,0,0,0,0,0,0,0,0.0,0.0,0.0,0.0,0.0,0.0,0.0,0.0,0,0,4,False,0,0,0
253,Henderson,,GK,8,Crystal Palace,,18,,,,,90,3,0,0,0,1,0,0,0,0,0,3,0,12,22.2,0.0,0.0,2.2,0.0,0.0,0.0,0.84,0,0,1,False,8,1,0
254,Benitez,,GK,8,Crystal Palace,,18,,,,,0,0,0,0,0,0,0,0,0,0,0,0,0,0,0.0,0.0,0.0,0.0,0.0,0.0,0.0,0.0,0,0,1,False,0,0,0
255,Matthews,,GK,8,Crystal Palace,,18,,,,,0,0,0,0,0,0,0,0,0,0,0,0,0,0,0.0,0.0,0.0,0.0,0.0,0.0,0.0,0.0,0,0,1,False,0,0,0
256,Muñoz,,DEF,8,Crystal Palace,,18,,,,,0,0,0,0,0,0,0,0,0,0,0,0,0,0,0.0,0.0,0.0,0.0,0.0,0.0,0.0,0.0,0,0,2,False,0,0,0
257,Lacroix,,DEF,8,Crystal Palace,,18,,,,,90,3,0,0,0,1,0,0,0,1,0,0,0,14,26.0,12.0,6.0,4.4,0.15,0.34,0.49,0.84,10,12,2,False,3,1,2
258,Mitchell,,DEF,8,Crystal Palace,,18,,,,,90,2,0,0,0,1,0,0,0,0,0,0,0,7,9.0,18.8,4.0,3.2,0.03,0.09,0.12,0.84,2,3,2,False,5,1,1
259,Sosa,,DEF,8,Crystal Palace,,18,,,,,0,0,0,0,0,0,0,0,0,0,0,0,0,0,0.0,0.0,0.0,0.0,0.0,0.0,0.0,0.0,0,0,2,False,0,0,0
260,Guéhi,,DEF,8,Crystal Palace,,18,,,,,90,2,0,0,0,1,0,0,0,0,0,0,0,14,20.4,2.4,7.0,3.0,0.28,0.03,0.31,0.84,6,7,2,False,12,1,1
261,Richards,,DEF,8,Crystal Palace,,18,,,,,0,0,0,0,0,0,0,0,0,0,0,0,0,0,0.0,0.0,0.0,0.0,0.0,0.0,0.0,0.0,0,0,2,False,0,0,0
262,Chadi Riad,,DEF,8,Crystal Palace,,18,,,,,0,0,0,0,0,0,0,0,0,0,0,0,0,0,0.0,0.0,0.0,0.0,0.0,0.0,0.0,0.0,0,0,2,False,0,0,0
263,Clyne,,DEF,8,Crystal Palace,,18,,,,,57,1,0,0,0,1,0,0,0,0,0,0,0,11,8.0,14.3,12.0,3.4,0.0,0.17,0.17,0.54,2,4,2,False,6,1,2
264,Holding,,DEF,8,Crystal Palace,,18,,,,,0,0,0,0,0,0,0,0,0,0,0,0,0,0,0.0,0.0,0.0,0.0,0.0,0.0,0.0,0.0,0,0,2,False,0,0,0
265,Kporha,,DEF,8,Crystal Palace,,18,,,,,0,0,0,0,0,0,0,0,0,0,0,0,0,0,0.0,0.0,0.0,0.0,0.0,0.0,0.0,0.0,0,0,2,False,0,0,0
266,Eze,,MID,1,Arsenal,,18,,,,,0,0,0,0,0,0,0,0,0,0,0,0,0,0,0.0,0.0,0.0,0.0,0.0,0.0,0.0,0.0,0,0,3,False,0,0,0
267,Sarr,,MID,8,Crystal Palace,,18,,,,,0,0,0,0,0,0,0,0,0,0,0,0,0,0,0.0,0.0,0.0,0.0,0.0,0.0,0.0,0.0,0,0,3,False,0,0,0
268,Doucouré,,MID,8,Crystal Palace,,18,,,,,0,0,0,0,0,0,0,0,0,0,0,0,0,0,0.0,0.0,0.0,0.0,0.0,0.0,0.0,0.0,0,0,3,False,0,0,0
269,Esse,,MID,8,Crystal Palace,,18,,,,,5,1,0,0,0,0,0,0,0,0,0,0,0,2,2.2,1.0,2.0,0.5,0.0,0.01,0.01,0.14,0,2,3,False,1,0,1
270,Hughes,,MID,8,Crystal Palace,,18,,,,,90,1,0,0,0,1,0,0,0,1,0,0,0,16,11.8,34.8,3.0,5.0,0.07,0.09,0.16,0.84,0,10,3,False,6,1,4
271,Kamada,,MID,8,Crystal Palace,,18,,,,,0,0,0,0,0,0,0,0,0,0,0,0,0,0,0.0,0.0,0.0,0.0,0.0,0.0,0.0,0.0,0,0,3,False,0,0,0
272,Lerma,,MID,8,Crystal Palace,,18,,,,,90,1,0,0,0,1,0,0,0,1,0,0,0,14,15.6,22.5,2.0,4.0,0.0,0.23,0.23,0.84,5,9,3,False,3,1,1
273,Wharton,,MID,8,Crystal Palace,,18,,,,,90,2,0,0,0,1,0,0,0,0,0,0,0,17,14.2,29.8,29.0,7.3,0.1,0.46,0.56,0.84,1,10,3,False,8,1,1
274,Agbinone,,MID,8,Crystal Palace,,18,,,,,0,0,0,0,0,0,0,0,0,0,0,0,0,0,0.0,0.0,0.0,0.0,0.0,0.0,0.0,0.0,0,0,3,False,0,0,0
275,Ahamada,,MID,8,Crystal Palace,,18,,,,,0,0,0,0,0,0,0,0,0,0,0,0,0,0,0.0,0.0,0.0,0.0,0.0,0.0,0.0,0.0,0,0,3,False,0,0,0
276,Devenny,,MID,8,Crystal Palace,,18,,,,,84,2,0,0,0,1,0,0,0,0,0,0,0,9,8.8,32.8,34.0,7.6,0.3,0.05,0.35,0.7,1,4,3,False,2,1,1
277,Ebiowei,,MID,8,Crystal Palace,,18,,,,,0,0,0,0,0,0,0,0,0,0,0,0,0,0,0.0,0.0,0.0,0.0,0.0,0.0,0.0,0.0,0,0,3,False,0,0,0
278,J.Rak-Sakyi,,MID,8,Crystal Palace,,18,,,,,0,0,0,0,0,0,0,0,0,0,0,0,0,0,0.0,0.0,0.0,0.0,0.0,0.0,0.0,0.0,0,0,3,False,0,0,0
279,M.França,,MID,8,Crystal Palace,,18,,,,,0,0,0,0,0,0,0,0,0,0,0,0,0,0,0.0,0.0,0.0,0.0,0.0,0.0,0.0,0.0,0,0,3,False,0,0,0
280,Ozoh,,MID,8,Crystal Palace,,18,,,,,0,0,0,0,0,0,0,0,0,0,0,0,0,0,0.0,0.0,0.0,0.0,0.0,0.0,0.0,0.0,0,0,3,False,0,0,0
281,Rodney,,MID,8,Crystal Palace,,18,,,,,0,0,0,0,0,0,0,0,0,0,0,0,0,0,0.0,0.0,0.0,0.0,0.0,0.0,0.0,0.0,0,0,3,False,0,0,0
282,Umeh,,MID,8,Crystal Palace,,18,,,,,0,0,0,0,0,0,0,0,0,0,0,0,0,0,0.0,0.0,0.0,0.0,0.0,0.0,0.0,0.0,0,0,3,False,0,0,0
283,Mateta,,FWD,8,Crystal Palace,,18,,,,,90,2,0,0,0,1,0,0,0,0,0,0,0,0,0.0,5.3,13.0,1.8,0.3,0.19,0.49,0.84,1,4,4,False,3,1,0
284,Nketiah,,FWD,8,Crystal Palace,,18,,,,,32,1,0,0,0,0,0,0,0,0,0,0,0,2,1.2,2.1,6.0,0.9,0.0,0.0,0.0,0.3,1,4,4,False,3,0,0
285,Édouard,,FWD,8,Crystal Palace,,18,,,,,0,0,0,0,0,0,0,0,0,0,0,0,0,0,0.0,0.0,0.0,0.0,0.0,0.0,0.0,0.0,0,0,4,False,0,0,0
286,Marsh,,FWD,8,Crystal Palace,,18,,,,,0,0,0,0,0,0,0,0,0,0,0,0,0,0,0.0,0.0,0.0,0.0,0.0,0.0,0.0,0.0,0,0,4,False,0,0,0
287,Pickford,,GK,9,Everton,,18,,,,,90,6,0,0,1,0,0,0,0,0,0,0,0,21,5.6,0.0,0.0,0.6,0.0,0.01,0.01,1.41,2,0,1,False,8,1,0
288,Travers,,GK,9,Everton,,18,,,,,0,0,0,0,0,0,0,0,0,0,0,0,0,0,0.0,0.0,0.0,0.0,0.0,0.0,0.0,0.0,0,0,1,False,0,0,0
289,Tyrer,,GK,9,Everton,,18,,,,,0,0,0,0,0,0,0,0,0,0,0,0,0,0,0.0,0.0,0.0,0.0,0.0,0.0,0.0,0.0,0,0,1,False,0,0,0
290,Branthwaite,,DEF,9,Everton,,18,,,,,0,0,0,0,0,0,0,0,0,0,0,0,0,0,0.0,0.0,0.0,0.0,0.0,0.0,0.0,0.0,0,0,2,False,0,0,0
291,Tarkowski,,DEF,9,Everton,,18,,,,,90,8,0,0,1,0,0,0,0,0,0,0,0,30,24.4,0.3,0.0,2.5,0.0,0.0,0.0,1.41,13,13,2,False,3,1,0
292,Mykolenko,,DEF,9,Everton,,18,,,,,90,6,0,0,1,0,0,0,0,0,0,0,0,27,24.6,37.5,4.0,6.6,0.0,0.13,0.13,1.41,7,8,2,False,3,1,1
293,O'Brien,,DEF,9,Everton,,18,,,,,90,6,0,0,1,0,0,0,0,0,0,0,0,27,23.0,3.1,17.0,4.3,0.02,0.01,0.03,1.41,6,8,2,False,4,1,2
294,Coleman,,DEF,9,Everton,,18,,,,,0,0,0,0,0,0,0,0,0,0,0,0,0,0,0.0,0.0,0.0,0.0,0.0,0.0,0.0,0.0,0,0,2,False,0,0,0
295,Keane,,DEF,9,Everton,,18,,,,,90,10,0,0,1,0,0,0,0,0,0,0,2,37,46.2,0.8,2.0,4.9,0.0,0.0,0.0,1.41,18,21,2,True,3,1,3
296,Patterson,,DEF,9,Everton,,18,,,,,2,1,0,0,0,0,0,0,0,0,0,0,0,7,5.0,0.3,17.0,2.2,0.03,0.0,0.03,0.02,0,1,2,False,0,0,1
297,Dixon,,DEF,9,Everton,,18,,,,,0,0,0,0,0,0,0,0,0,0,0,0,0,0,0.0,0.0,0.0,0.0,0.0,0.0,0.0,0.0,0,0,2,False,0,0,0
298,Welch,,DEF,9,Everton,,18,,,,,0,0,0,0,0,0,0,0,0,0,0,0,0,0,0.0,0.0,0.0,0.0,0.0,0.0,0.0,0.0,0,0,2,False,0,0,0
299,Ndiaye,,MID,9,Everton,,18,,,,,0,0,0,0,0,0,0,0,0,0,0,0,0,0,0.0,0.0,0.0,0.0,0.0,0.0,0.0,0.0,0,0,3,False,0,0,0
300,McNeil,,MID,9,Everton,,18,,,,,90,5,0,0,1,0,0,0,0,0,0,0,0,12,10.0,12.5,10.0,3.3,0.03,0.01,0.04,1.41,2,12,3,False,6,1,4
301,Alcaraz,,MID,9,Everton,,18,,,,,68,3,0,0,1,0,0,0,0,0,0,0,0,15,14.0,14.8,40.0,6.9,0.25,0.03,0.28,1.1,3,10,3,False,5,1,2
302,Gana,,MID,9,Everton,,18,,,,,0,0,0,0,0,0,0,0,0,0,0,0,0,0,0.0,0.0,0.0,0.0,0.0,0.0,0.0,0.0,0,0,3,False,0,0,0
303,Garner,,MID,9,Everton,,18,,,,,90,5,0,0,1,0,0,0,0,0,0,0,0,18,29.0,23.7,1.0,5.4,0.05,0.11,0.16,1.41,4,15,3,False,4,1,7
304,Iroegbunam,,MID,9,Everton,,18,,,,,90,4,0,0,1,0,0,0,0,1,0,0,0,11,14.0,14.3,6.0,3.4,0.0,0.45,0.45,1.41,3,12,3,False,6,1,3
305,Armstrong,,MID,9,Everton,,18,,,,,0,0,0,0,0,0,0,0,0,0,0,0,0,0,0.0,0.0,0.0,0.0,0.0,0.0,0.0,0.0,0,0,3,False,0,0,0
306,Bates,,MID,9,Everton,,18,,,,,0,0,0,0,0,0,0,0,0,0,0,0,0,0,0.0,0.0,0.0,0.0,0.0,0.0,0.0,0.0,0,0,3,False,0,0,0
307,Ebere,,MID,9,Everton,,18,,,,,0,0,0,0,0,0,0,0,0,0,0,0,0,0,0.0,0.0,0.0,0.0,0.0,0.0,0.0,0.0,0,0,3,False,0,0,0
308,Heath,,MID,9,Everton,,18,,,,,0,0,0,0,0,0,0,0,0,0,0,0,0,0,0.0,0.0,0.0,0.0,0.0,0.0,0.0,0.0,0,0,3,False,0,0,0
309,Metcalfe,,MID,9,Everton,,18,,,,,0,0,0,0,0,0,0,0,0,0,0,0,0,0,0.0,0.0,0.0,0.0,0.0,0.0,0.0,0.0,0,0,3,False,0,0,0
310,Barry,,FWD,9,Everton,,18,,,,,20,1,0,0,0,0,0,0,0,0,0,0,0,5,9.0,0.1,19.0,2.8,0.08,0.0,0.08,0.31,2,3,4,False,1,0,0
311,Beto,,FWD,9,Everton,,18,,,,,69,2,0,0,1,0,0,0,0,0,0,0,0,-2,0.2,3.0,25.0,2.8,0.26,0.01,0.27,1.1,1,2,4,False,1,1,0
312,Y.Chermiti,,FWD,9,Everton,,18,,,,,0,0,0,0,0,0,0,0,0,0,0,0,0,0,0.0,0.0,0.0,0.0,0.0,0.0,0.0,0.0,0,0,4,False,0,0,0
313,Sherif,,FWD,9,Everton,,18,,,,,0,0,0,0,0,0,0,0,0,0,0,0,0,0,0.0,0.0,0.0,0.0,0.0,0.0,0.0,0.0,0,0,4,False,0,0,0
314,Leno,,GK,10,Fulham,,18,,,,,90,6,0,0,1,0,0,0,0,0,0,2,0,27,18.8,0.0,0.0,1.9,0.0,0.0,0.0,0.91,2,0,1,False,4,1,0
315,Benda,,GK,10,Fulham,,18,,,,,0,0,0,0,0,0,0,0,0,0,0,0,0,0,0.0,0.0,0.0,0.0,0.0,0.0,0.0,0.0,0,0,1,False,0,0,0
316,Robinson,,DEF,10,Fulham,,18,,,,,90,8,0,0,1,0,0,0,0,0,0,0,2,36,33.2,62.0,8.0,10.3,0.03,0.55,0.58,0.91,5,9,2,False,3,1,4
317,Andersen,,DEF,10,Fulham,,18,,,,,90,5,0,0,1,0,0,0,0,1,0,0,0,23,22.2,2.3,7.0,3.2,0.02,0.02,0.04,0.91,8,8,2,False,4,1,0
318,Bassey,,DEF,10,Fulham,,18,,,,,0,0,0,0,0,0,0,0,0,0,0,0,0,0,0.0,0.0,0.0,0.0,0.0,0.0,0.0,0.0,0,0,2,False,0,0,0
319,Castagne,,DEF,10,Fulham,,18,,,,,8,1,0,0,0,0,0,0,0,0,0,0,0,4,8.2,0.7,0.0,0.9,0.0,0.0,0.0,0.0,3,4,2,False,0,0,1
320,Diop,,DEF,10,Fulham,,18,,,,,2,1,0,0,0,0,0,0,0,0,0,0,0,3,1.0,0.1,0.0,0.1,0.0,0.0,0.0,0.0,1,1,2,False,0,0,0
321,J.Cuenca,,DEF,10,Fulham,,18,,,,,90,9,0,0,1,0,0,0,0,0,0,0,1,31,25.6,0.9,0.0,2.7,0.0,0.01,0.01,0.91,12,14,2,False,5,1,2
322,Tete,,DEF,10,Fulham,,18,,,,,81,6,0,0,1,0,0,0,0,0,0,0,0,22,11.0,10.2,9.0,3.0,0.08,0.04,0.12,0.91,2,4,2,False,0,1,2
323,Amissah,,DEF,10,Fulham,,18,,,,,0,0,0,0,0,0,0,0,0,0,0,0,0,0,0.0,0.0,0.0,0.0,0.0,0.0,0.0,0.0,0,0,2,False,0,0,0
324,Iwobi,,MID,10,Fulham,,18,,,,,0,0,0,0,0,0,0,0,0,0,0,0,0,0,0.0,0.0,0.0,0.0,0.0,0.0,0.0,0.0,0,0,3,False,0,0,0
325,Smith Rowe,,MID,10,Fulham,,18,,,,,81,3,0,0,1,0,0,0,0,0,0,0,0,8,9.6,27.3,10.0,4.7,0.03,0.04,0.07,0.91,3,8,3,False,4,1,1
326,Adama,,MID,10,Fulham,,18,,,,,0,0,0,0,0,0,0,0,0,0,0,0,0,0,0.0,0.0,0.0,0.0,0.0,0.0,0.0,0.0,0,0,3,False,0,0,0
327,Andreas,,MID,10,Fulham,,18,,,,,0,0,0,0,0,0,0,0,0,0,0,0,0,0,0.0,0.0,0.0,0.0,0.0,0.0,0.0,0.0,0,0,3,False,0,0,0
328,Sessegnon,,MID,10,Fulham,,18,,,,,0,0,0,0,0,0,0,0,0,0,0,0,0,0,0.0,0.0,0.0,0.0,0.0,0.0,0.0,0.0,0,0,3,False,0,0,0
329,Wilson,,MID,10,Fulham,,18,,,,,90,5,0,1,1,0,0,0,0,1,0,0,0,26,32.8,50.0,23.0,10.6,0.19,0.64,0.83,0.91,5,7,3,False,2,1,0
330,Berge,,MID,10,Fulham,,18,,,,,90,3,0,0,1,0,0,0,0,0,0,0,0,18,26.8,18.6,2.0,4.7,0.04,0.02,0.06,0.91,6,10,3,False,4,1,0
331,Cairney,,MID,10,Fulham,,18,,,,,8,1,0,0,0,0,0,0,0,0,0,0,0,3,1.2,0.5,0.0,0.2,0.0,0.0,0.0,0.0,0,1,3,False,1,0,0
332,Lukić,,MID,10,Fulham,,18,,,,,87,3,0,0,1,0,0,0,0,0,0,0,0,12,10.6,18.3,15.0,4.4,0.19,0.07,0.26,0.91,2,9,3,False,5,1,2
333,Godo,,MID,10,Fulham,,18,,,,,0,0,0,0,0,0,0,0,0,0,0,0,0,0,0.0,0.0,0.0,0.0,0.0,0.0,0.0,0.0,0,0,3,False,0,0,0
334,Harris,,MID,10,Fulham,,18,,,,,0,0,0,0,0,0,0,0,0,0,0,0,0,0,0.0,0.0,0.0,0.0,0.0,0.0,0.0,0.0,0,0,3,False,0,0,0
335,King,,MID,10,Fulham,,18,,,,,21,0,0,0,0,0,0,0,0,1,0,0,0,-3,2.6,1.3,15.0,1.9,0.07,0.01,0.08,0.17,1,3,3,False,1,0,1
336,Reed,,MID,10,Fulham,,18,,,,,0,0,0,0,0,0,0,0,0,0,0,0,0,0,0.0,0.0,0.0,0.0,0.0,0.0,0.0,0.0,0,0,3,False,0,0,0
337,Raúl,,FWD,10,Fulham,,18,,,,,90,9,1,0,1,0,0,0,0,0,0,0,3,38,44.6,25.1,81.0,15.1,0.9,0.01,0.91,0.91,1,5,4,False,1,1,3
338,Muniz,,FWD,10,Fulham,,18,,,,,0,0,0,0,0,0,0,0,0,0,0,0,0,0,0.0,0.0,0.0,0.0,0.0,0.0,0.0,0.0,0,0,4,False,0,0,0
339,Meslier,,GK,11,Leeds,,18,,,,,0,0,0,0,0,0,0,0,0,0,0,0,0,0,0.0,0.0,0.0,0.0,0.0,0.0,0.0,0.0,0,0,1,False,0,0,0
340,Cairns,,GK,11,Leeds,,18,,,,,0,0,0,0,0,0,0,0,0,0,0,0,0,0,0.0,0.0,0.0,0.0,0.0,0.0,0.0,0.0,0,0,1,False,0,0,0
341,Darlow,,GK,11,Leeds,,18,,,,,0,0,0,0,0,0,0,0,0,0,0,0,0,0,0.0,0.0,0.0,0.0,0.0,0.0,0.0,0.0,0,0,1,False,0,0,0
342,Bogle,,DEF,11,Leeds,,18,,,,,90,2,0,0,0,1,0,0,0,0,0,0,0,7,8.8,3.4,7.0,1.9,0.43,0.02,0.45,0.7,2,5,2,False,7,1,3
343,Struijk,,DEF,11,Leeds,,18,,,,,90,2,0,0,0,1,0,0,0,0,0,0,0,13,18.8,21.6,8.0,4.8,0.0,0.16,0.16,0.7,5,5,2,False,5,1,0
344,Bijol,,DEF,11,Leeds,,18,,,,,90,2,0,0,0,1,0,0,0,0,0,0,0,14,16.2,1.9,40.0,5.8,0.21,0.08,0.29,0.7,4,4,2,False,4,1,0
345,Bornauw,,DEF,11,Leeds,,18,,,,,0,0,0,0,0,0,0,0,0,0,0,0,0,0,0.0,0.0,0.0,0.0,0.0,0.0,0.0,0.0,0,0,2,False,0,0,0
346,Byram,,DEF,11,Leeds,,18,,,,,0,0,0,0,0,0,0,0,0,0,0,0,0,0,0.0,0.0,0.0,0.0,0.0,0.0,0.0,0.0,0,0,2,False,0,0,0
347,Gudmundsson,,DEF,11,Leeds,,18,,,,,90,2,0,0,0,1,0,0,0,0,0,0,0,13,16.0,12.6,2.0,3.1,0.0,0.12,0.12,0.7,5,6,2,False,3,1,1
348,Rodon,,DEF,11,Leeds,,18,,,,,30,1,0,0,0,1,0,0,0,0,0,0,0,-1,0.0,0.4,0.0,0.0,0.0,0.0,0.0,0.13,0,0,2,False,1,1,0
349,Schmidt,,DEF,11,Leeds,,18,,,,,0,0,0,0,0,0,0,0,0,0,0,0,0,0,0.0,0.0,0.0,0.0,0.0,0.0,0.0,0.0,0,0,2,False,0,0,0
350,Aaronson,,MID,11,Leeds,,18,,,,,90,5,0,1,0,1,0,0,0,0,0,0,0,25,30.4,58.5,36.0,12.5,0.24,0.79,1.03,0.7,0,2,3,False,2,1,0
351,Gnonto,,MID,11,Leeds,,18,,,,,5,1,0,0,0,0,0,0,0,0,0,0,0,3,2.0,0.0,0.0,0.2,0.0,0.0,0.0,0.0,2,3,3,False,1,0,0
352,Harrison,,MID,11,Leeds,,18,,,,,0,0,0,0,0,0,0,0,0,0,0,0,0,0,0.0,0.0,0.0,0.0,0.0,0.0,0.0,0.0,0,0,3,False,0,0,0
353,James,,MID,11,Leeds,,18,,,,,0,0,0,0,0,0,0,0,0,0,0,0,0,0,0.0,0.0,0.0,0.0,0.0,0.0,0.0,0.0,0,0,3,False,0,0,0
354,Ampadu,,MID,11,Leeds,,18,,,,,90,4,0,0,0,1,0,0,0,0,0,0,0,15,24.2,7.3,25.0,5.7,0.34,0.21,0.55,0.7,6,14,3,False,6,1,2
355,Greenwood,,MID,11,Leeds,,18,,,,,0,0,0,0,0,0,0,0,0,0,0,0,0,0,0.0,0.0,0.0,0.0,0.0,0.0,0.0,0.0,0,0,3,False,0,0,0
356,Gruev,,MID,11,Leeds,,18,,,,,0,0,0,0,0,0,0,0,0,0,0,0,0,0,0.0,0.0,0.0,0.0,0.0,0.0,0.0,0.0,0,0,3,False,0,0,0
357,Ramazani,,MID,11,Leeds,,18,,,,,0,0,0,0,0,0,0,0,0,0,0,0,0,0,0.0,0.0,0.0,0.0,0.0,0.0,0.0,0.0,0,0,3,False,0,0,0
358,Tanaka,,MID,11,Leeds,,18,,,,,59,1,0,0,0,0,0,0,0,0,0,0,0,11,7.2,22.8,8.0,3.8,0.2,0.08,0.28,0.57,0,6,3,False,4,0,2
359,Crew,,MID,11,Leeds,,18,,,,,0,0,0,0,0,0,0,0,0,0,0,0,0,0,0.0,0.0,0.0,0.0,0.0,0.0,0.0,0.0,0,0,3,False,0,0,0
360,Gelhardt,,MID,11,Leeds,,18,,,,,0,0,0,0,0,0,0,0,0,0,0,0,0,0,0.0,0.0,0.0,0.0,0.0,0.0,0.0,0.0,0,0,3,False,0,0,0
361,Gyabi,,MID,11,Leeds,,18,,,,,0,0,0,0,0,0,0,0,0,0,0,0,0,0,0.0,0.0,0.0,0.0,0.0,0.0,0.0,0.0,0,0,3,False,0,0,0
362,Piroe,,FWD,11,Leeds,,18,,,,,0,0,0,0,0,0,0,0,0,0,0,0,0,0,0.0,0.0,0.0,0.0,0.0,0.0,0.0,0.0,0,0,4,False,0,0,0
363,Bamford,,FWD,11,Leeds,,18,,,,,0,0,0,0,0,0,0,0,0,0,0,0,0,0,0.0,0.0,0.0,0.0,0.0,0.0,0.0,0.0,0,0,4,False,0,0,0
364,Mateo Joseph,,FWD,11,Leeds,,18,,,,,0,0,0,0,0,0,0,0,0,0,0,0,0,0,0.0,0.0,0.0,0.0,0.0,0.0,0.0,0.0,0,0,4,False,0,0,0
365,Nmecha,,FWD,11,Leeds,,18,,,,,17,1,0,0,0,0,0,0,0,0,0,0,0,3,0.0,0.3,0.0,0.0,0.0,0.0,0.0,0.12,0,1,4,False,1,0,0
366,A.Becker,,GK,12,Liverpool,,18,,,,,90,3,0,0,0,1,0,0,0,0,0,3,0,12,19.2,0.0,0.0,1.9,0.0,0.0,0.0,1.07,0,0,1,False,9,1,0
367,Mamardashvili,,GK,12,Liverpool,,18,,,,,0,0,0,0,0,0,0,0,0,0,0,0,0,0,0.0,0.0,0.0,0.0,0.0,0.0,0.0,0.0,0,0,1,False,0,0,0
368,Pécsi,,GK,12,Liverpool,,18,,,,,0,0,0,0,0,0,0,0,0,0,0,0,0,0,0.0,0.0,0.0,0.0,0.0,0.0,0.0,0.0,0,0,1,False,0,0,0
369,Woodman,,GK,12,Liverpool,,18,,,,,0,0,0,0,0,0,0,0,0,0,0,0,0,0,0.0,0.0,0.0,0.0,0.0,0.0,0.0,0.0,0,0,1,False,0,0,0
370,Frimpong,,DEF,12,Liverpool,,18,,,,,90,5,0,1,0,1,0,0,0,0,0,0,0,24,30.0,33.8,6.0,7.0,0.0,0.2,0.2,1.07,2,2,2,False,5,1,0
371,Kerkez,,DEF,12,Liverpool,,18,,,,,90,2,0,0,0,1,0,0,0,0,0,0,0,15,18.4,20.8,8.0,4.7,0.03,0.03,0.06,1.07,5,9,2,False,5,1,4
372,Robertson,,DEF,12,Liverpool,,18,,,,,0,0,0,0,0,0,0,0,0,0,0,0,0,0,0.0,0.0,0.0,0.0,0.0,0.0,0.0,0.0,0,0,2,False,0,0,0
373,Virgil,,DEF,12,Liverpool,,18,,,,,90,2,0,0,0,1,0,0,0,0,0,0,0,14,24.0,14.9,8.0,4.7,0.0,0.08,0.08,1.07,3,5,2,False,3,1,2
374,Konaté,,DEF,12,Liverpool,,18,,,,,90,2,0,0,0,1,0,0,0,0,0,0,0,10,19.0,1.9,2.0,2.3,0.0,0.02,0.02,1.07,4,4,2,False,1,1,0
375,Bradley,,DEF,12,Liverpool,,18,,,,,29,1,0,0,0,0,0,0,0,0,0,0,0,10,11.0,0.9,0.0,1.2,0.0,0.0,0.0,0.19,4,6,2,False,3,0,2
376,Gomez,,DEF,12,Liverpool,,18,,,,,0,0,0,0,0,0,0,0,0,0,0,0,0,0,0.0,0.0,0.0,0.0,0.0,0.0,0.0,0.0,0,0,2,False,0,0,0
377,Tsimikas,,DEF,12,Liverpool,,18,,,,,0,0,0,0,0,0,0,0,0,0,0,0,0,0,0.0,0.0,0.0,0.0,0.0,0.0,0.0,0.0,0,0,2,False,0,0,0
378,Nallo,,DEF,12,Liverpool,,18,,,,,0,0,0,0,0,0,0,0,0,0,0,0,0,0,0.0,0.0,0.0,0.0,0.0,0.0,0.0,0.0,0,0,2,False,0,0,0
379,R.Williams,,DEF,12,Liverpool,,18,,,,,0,0,0,0,0,0,0,0,0,0,0,0,0,0,0.0,0.0,0.0,0.0,0.0,0.0,0.0,0.0,0,0,2,False,0,0,0
380,Ramsay,,DEF,12,Liverpool,,18,,,,,0,0,0,0,0,0,0,0,0,0,0,0,0,0,0.0,0.0,0.0,0.0,0.0,0.0,0.0,0.0,0,0,2,False,0,0,0
381,M.Salah,,MID,12,Liverpool,,18,,,,,0,0,0,0,0,0,0,0,0,0,0,0,0,0,0.0,0.0,0.0,0.0,0.0,0.0,0.0,0.0,0,0,3,False,0,0,0
382,Wirtz,,MID,12,Liverpool,,18,,,,,90,10,1,0,0,1,0,0,0,0,0,0,3,45,53.2,48.5,35.0,13.7,0.75,0.38,1.13,1.07,2,6,3,True,2,1,2
383,Luis Díaz,,MID,12,Liverpool,,18,,,,,0,0,0,0,0,0,0,0,0,0,0,0,0,0,0.0,0.0,0.0,0.0,0.0,0.0,0.0,0.0,0,0,3,False,0,0,0
384,Gakpo,,MID,12,Liverpool,,18,,,,,4,1,0,0,0,0,0,0,0,0,0,0,0,2,0.0,0.3,4.0,0.2,0.03,0.0,0.03,0.0,0,0,3,False,0,0,0
385,Chiesa,,MID,12,Liverpool,,18,,,,,60,2,0,0,0,1,0,0,0,0,0,0,0,3,2.6,1.8,10.0,1.4,0.0,0.13,0.13,0.88,3,5,3,False,2,1,0
386,Mac Allister,,MID,12,Liverpool,,18,,,,,90,2,0,0,0,1,0,0,0,0,0,0,0,16,15.0,45.8,24.0,8.5,0.12,0.12,0.24,1.07,2,6,3,False,2,1,2
387,Szoboszlai,,MID,12,Liverpool,,18,,,,,0,0,0,0,0,0,0,0,0,0,0,0,0,0,0.0,0.0,0.0,0.0,0.0,0.0,0.0,0.0,0,0,3,False,0,0,0
388,C.Jones,,MID,12,Liverpool,,18,,,,,90,5,0,0,0,1,0,0,0,0,0,0,1,26,21.2,15.8,7.0,4.4,0.1,0.07,0.17,1.07,0,18,3,False,15,1,3
389,Elliott,,MID,2,Aston Villa,,18,,,,,0,0,0,0,0,0,0,0,0,0,0,0,0,0,0.0,0.0,0.0,0.0,0.0,0.0,0.0,0.0,0,0,3,False,0,0,0
390,Gravenberch,,MID,12,Liverpool,,18,,,,,90,11,1,0,0,1,0,0,0,0,0,0,2,40,48.4,8.5,30.0,8.7,0.24,0.1,0.34,1.07,5,13,3,True,5,1,3
391,Gannon-Doak,,MID,4,Bournemouth,,18,,,,,0,0,0,0,0,0,0,0,0,0,0,0,0,0,0.0,0.0,0.0,0.0,0.0,0.0,0.0,0.0,0,0,3,False,0,0,0
392,Endo,,MID,12,Liverpool,,18,,,,,0,0,0,0,0,0,0,0,0,0,0,0,0,0,0.0,0.0,0.0,0.0,0.0,0.0,0.0,0.0,0,0,3,False,0,0,0
393,Bajcetic,,MID,12,Liverpool,,18,,,,,0,0,0,0,0,0,0,0,0,0,0,0,0,0,0.0,0.0,0.0,0.0,0.0,0.0,0.0,0.0,0,0,3,False,0,0,0
394,McConnell,,MID,12,Liverpool,,18,,,,,0,0,0,0,0,0,0,0,0,0,0,0,0,0,0.0,0.0,0.0,0.0,0.0,0.0,0.0,0.0,0,0,3,False,0,0,0
395,Morton,,MID,12,Liverpool,,18,,,,,0,0,0,0,0,0,0,0,0,0,0,0,0,0,0.0,0.0,0.0,0.0,0.0,0.0,0.0,0.0,0,0,3,False,0,0,0
396,Nyoni,,MID,12,Liverpool,,18,,,,,1,1,0,0,0,0,0,0,0,0,0,0,0,3,2.2,10.3,0.0,1.3,0.0,0.0,0.0,0.0,0,0,3,False,0,0,0
397,Darwin,,FWD,12,Liverpool,,18,,,,,0,0,0,0,0,0,0,0,0,0,0,0,0,0,0.0,0.0,0.0,0.0,0.0,0.0,0.0,0.0,0,0,4,False,0,0,0
398,Danns,,FWD,12,Liverpool,,18,,,,,0,0,0,0,0,0,0,0,0,0,0,0,0,0,0.0,0.0,0.0,0.0,0.0,0.0,0.0,0.0,0,0,4,False,0,0,0
399,Ederson M.,,GK,13,Man City,,18,,,,,0,0,0,0,0,0,0,0,0,0,0,0,0,0,0.0,0.0,0.0,0.0,0.0,0.0,0.0,0.0,0,0,1,False,0,0,0
400,Ortega Moreno,,GK,13,Man City,,18,,,,,0,0,0,0,0,0,0,0,0,0,0,0,0,0,0.0,0.0,0.0,0.0,0.0,0.0,0.0,0.0,0,0,1,False,0,0,0
401,Bettinelli,,GK,13,Man City,,18,,,,,0,0,0,0,0,0,0,0,0,0,0,0,0,0,0.0,0.0,0.0,0.0,0.0,0.0,0.0,0.0,0,0,1,False,0,0,0
402,Aït-Nouri,,DEF,13,Man City,,18,,,,,0,0,0,0,0,0,0,0,0,0,0,0,0,0,0.0,0.0,0.0,0.0,0.0,0.0,0.0,0.0,0,0,2,False,0,0,0
403,Gvardiol,,DEF,13,Man City,,18,,,,,90,8,0,1,0,1,0,0,0,0,0,0,1,25,48.2,15.7,2.0,6.6,0.0,0.05,0.05,0.55,10,13,2,False,1,1,3
404,Akanji,,DEF,13,Man City,,18,,,,,0,0,0,0,0,0,0,0,0,0,0,0,0,0,0.0,0.0,0.0,0.0,0.0,0.0,0.0,0.0,0,0,2,False,0,0,0
405,Aké,,DEF,13,Man City,,18,,,,,1,1,0,0,0,0,0,0,0,0,0,0,0,4,3.2,0.1,0.0,0.3,0.0,0.0,0.0,0.0,2,2,2,False,0,0,0
406,Khusanov,,DEF,13,Man City,,18,,,,,0,0,0,0,0,0,0,0,0,0,0,0,0,0,0.0,0.0,0.0,0.0,0.0,0.0,0.0,0.0,0,0,2,False,0,0,0
407,Matheus N.,,DEF,13,Man City,,18,,,,,90,4,0,0,0,1,0,0,0,0,0,0,0,20,29.4,22.2,4.0,5.6,0.02,0.05,0.07,0.55,6,11,2,False,6,1,5
408,Rúben,,DEF,13,Man City,,18,,,,,90,3,0,0,0,1,0,0,0,1,0,0,0,9,24.8,3.3,0.0,2.8,0.0,0.02,0.02,0.55,10,10,2,False,3,1,0
409,Stones,,DEF,13,Man City,,18,,,,,0,0,0,0,0,0,0,0,0,0,0,0,0,0,0.0,0.0,0.0,0.0,0.0,0.0,0.0,0.0,0,0,2,False,0,0,0
410,Lewis,,DEF,13,Man City,,18,,,,,0,0,0,0,0,0,0,0,0,0,0,0,0,0,0.0,0.0,0.0,0.0,0.0,0.0,0.0,0.0,0,0,2,False,0,0,0
411,O'Reilly,,DEF,13,Man City,,18,,,,,90,1,0,0,0,1,0,0,0,1,0,0,0,8,15.0,33.1,6.0,5.4,0.0,0.13,0.13,0.55,3,4,2,False,4,1,1
412,Vitor Reis,,DEF,13,Man City,,18,,,,,0,0,0,0,0,0,0,0,0,0,0,0,0,0,0.0,0.0,0.0,0.0,0.0,0.0,0.0,0.0,0,0,2,False,0,0,0
413,Marmoush,,MID,13,Man City,,18,,,,,0,0,0,0,0,0,0,0,0,0,0,0,0,0,0.0,0.0,0.0,0.0,0.0,0.0,0.0,0.0,0,0,3,False,0,0,0
414,Foden,,MID,13,Man City,,18,,,,,90,2,0,0,0,1,0,0,0,0,0,0,0,14,9.4,26.7,38.0,7.4,0.48,0.18,0.66,0.55,2,6,3,False,4,1,0
415,Savinho,,MID,13,Man City,,18,,,,,17,1,0,0,0,0,0,0,0,0,0,0,0,3,3.0,2.1,21.0,2.6,0.04,0.01,0.05,0.03,0,0,3,False,0,0,0
416,Bernardo,,MID,13,Man City,,18,,,,,90,2,0,0,0,1,0,0,0,0,0,0,0,17,16.4,28.6,4.0,4.9,0.0,0.1,0.1,0.55,4,9,3,False,4,1,1
417,Cherki,,MID,13,Man City,,18,,,,,88,13,1,1,0,1,0,0,0,0,0,0,3,53,63.2,40.7,48.0,15.2,0.27,0.81,1.08,0.55,1,6,3,True,3,1,2
418,Doku,,MID,13,Man City,,18,,,,,0,0,0,0,0,0,0,0,0,0,0,0,0,0,0.0,0.0,0.0,0.0,0.0,0.0,0.0,0.0,0,0,3,False,0,0,0
419,Grealish,,MID,9,Everton,,18,,,,,0,0,0,0,0,0,0,0,0,0,0,0,0,0,0.0,0.0,0.0,0.0,0.0,0.0,0.0,0.0,0,0,3,False,0,0,0
420,Gündoğan,,MID,13,Man City,,18,,,,,0,0,0,0,0,0,0,0,0,0,0,0,0,0,0.0,0.0,0.0,0.0,0.0,0.0,0.0,0.0,0,0,3,False,0,0,0
421,Rodrigo,,MID,13,Man City,,18,,,,,0,0,0,0,0,0,0,0,0,0,0,0,0,0,0.0,0.0,0.0,0.0,0.0,0.0,0.0,0.0,0,0,3,False,0,0,0
422,Kovačić,,MID,13,Man City,,18,,,,,0,0,0,0,0,0,0,0,0,0,0,0,0,0,0.0,0.0,0.0,0.0,0.0,0.0,0.0,0.0,0,0,3,False,0,0,0
423,N.Gonzalez,,MID,13,Man City,,18,,,,,90,4,0,0,0,1,0,0,0,0,0,0,0,16,17.2,27.0,3.0,4.7,0.01,0.04,0.05,0.55,3,15,3,False,10,1,2
424,Bobb,,MID,13,Man City,,18,,,,,0,0,0,0,0,0,0,0,0,0,0,0,0,0,0.0,0.0,0.0,0.0,0.0,0.0,0.0,0.0,0,0,3,False,0,0,0
425,Echeverri,,MID,13,Man City,,18,,,,,0,0,0,0,0,0,0,0,0,0,0,0,0,0,0.0,0.0,0.0,0.0,0.0,0.0,0.0,0.0,0,0,3,False,0,0,0
426,McAtee,,MID,16,Nott'm Forest,,18,,,,,0,0,0,0,0,0,0,0,0,0,0,0,0,0,0.0,0.0,0.0,0.0,0.0,0.0,0.0,0.0,0,0,3,False,0,0,0
427,Reijnders,,MID,13,Man City,,18,,,,,72,8,1,0,0,1,0,0,0,0,0,0,1,25,33.6,22.3,22.0,7.8,0.46,0.01,0.47,0.52,0,3,3,False,3,1,0
428,Nypan,,MID,13,Man City,,18,,,,,0,0,0,0,0,0,0,0,0,0,0,0,0,0,0.0,0.0,0.0,0.0,0.0,0.0,0.0,0.0,0,0,3,False,0,0,0
429,Phillips,,MID,13,Man City,,18,,,,,0,0,0,0,0,0,0,0,0,0,0,0,0,0,0.0,0.0,0.0,0.0,0.0,0.0,0.0,0.0,0,0,3,False,0,0,0
430,Haaland,,FWD,13,Man City,,18,,,,,90,2,0,0,0,1,0,0,0,0,0,0,0,5,2.4,10.6,15.0,2.8,0.17,0.11,0.28,0.55,1,3,4,False,2,1,0
431,Bayindir,,GK,14,Man Utd,,18,,,,,0,0,0,0,0,0,0,0,0,0,0,0,0,0,0.0,0.0,0.0,0.0,0.0,0.0,0.0,0.0,0,0,1,False,0,0,0
432,Onana,,GK,14,Man Utd,,18,,,,,0,0,0,0,0,0,0,0,0,0,0,0,0,0,0.0,0.0,0.0,0.0,0.0,0.0,0.0,0.0,0,0,1,False,0,0,0
433,Harrison,,GK,14,Man Utd,,18,,,,,0,0,0,0,0,0,0,0,0,0,0,0,0,0,0.0,0.0,0.0,0.0,0.0,0.0,0.0,0.0,0,0,1,False,0,0,0
434,Heaton,,GK,14,Man Utd,,18,,,,,0,0,0,0,0,0,0,0,0,0,0,0,0,0,0.0,0.0,0.0,0.0,0.0,0.0,0.0,0.0,0,0,1,False,0,0,0
435,Mee,,GK,14,Man Utd,,18,,,,,0,0,0,0,0,0,0,0,0,0,0,0,0,0,0.0,0.0,0.0,0.0,0.0,0.0,0.0,0.0,0,0,1,False,0,0,0
436,De Ligt,,DEF,14,Man Utd,,18,,,,,0,0,0,0,0,0,0,0,0,0,0,0,0,0,0.0,0.0,0.0,0.0,0.0,0.0,0.0,0.0,0,0,2,False,0,0,0
437,Martinez,,DEF,14,Man Utd,,18,,,,,87,10,0,0,1,0,0,0,0,0,0,0,2,31,23.0,12.2,0.0,3.5,0.0,0.02,0.02,0.88,10,10,2,False,2,1,0
438,Mazraoui,,DEF,14,Man Utd,,18,,,,,0,0,0,0,0,0,0,0,0,0,0,0,0,0,0.0,0.0,0.0,0.0,0.0,0.0,0.0,0.0,0,0,2,False,0,0,0
439,D.Leon,,DEF,14,Man Utd,,18,,,,,0,0,0,0,0,0,0,0,0,0,0,0,0,0,0.0,0.0,0.0,0.0,0.0,0.0,0.0,0.0,0,0,2,False,0,0,0
440,Dalot,,DEF,14,Man Utd,,18,,,,,90,13,0,1,1,0,0,0,0,0,0,0,2,31,25.2,1.1,4.0,3.0,0.5,0.01,0.51,1.18,10,12,2,True,3,1,2
441,Dorgu,,DEF,14,Man Utd,,18,,,,,90,17,1,0,1,0,0,0,0,0,0,0,3,48,67.8,16.3,41.0,12.5,0.16,0.07,0.23,1.18,8,10,2,True,4,1,2
442,Maguire,,DEF,14,Man Utd,,18,,,,,0,0,0,0,0,0,0,0,0,0,0,0,0,0,0.0,0.0,0.0,0.0,0.0,0.0,0.0,0.0,0,0,2,False,0,0,0
443,Shaw,,DEF,14,Man Utd,,18,,,,,87,5,0,0,1,0,0,0,0,1,0,0,0,22,14.8,17.3,4.0,3.6,0.0,0.12,0.12,0.88,6,8,2,False,4,1,2
444,Yoro,,DEF,14,Man Utd,,18,,,,,29,1,0,0,0,0,0,0,0,0,0,0,0,6,7.2,0.0,0.0,0.7,0.0,0.0,0.0,0.96,5,5,2,False,3,0,0
445,Amass,,DEF,14,Man Utd,,18,,,,,0,0,0,0,0,0,0,0,0,0,0,0,0,0,0.0,0.0,0.0,0.0,0.0,0.0,0.0,0.0,0,0,2,False,0,0,0
446,Fredricson,,DEF,14,Man Utd,,18,,,,,2,1,0,0,0,0,0,0,0,0,0,0,0,4,4.0,0.0,0.0,0.4,0.0,0.0,0.0,0.3,2,2,2,False,0,0,0
447,Heaven,,DEF,14,Man Utd,,18,,,,,90,8,0,0,1,0,0,0,0,0,0,0,0,28,24.0,0.7,0.0,2.5,0.0,0.01,0.01,1.18,9,10,2,False,0,1,1
448,Malacia,,DEF,14,Man Utd,,18,,,,,2,1,0,0,0,0,0,0,0,0,0,0,0,3,3.0,0.0,0.0,0.3,0.0,0.0,0.0,0.3,1,2,2,False,0,0,1
449,B.Fernandes,,MID,14,Man Utd,,18,,,,,0,0,0,0,0,0,0,0,0,0,0,0,0,0,0.0,0.0,0.0,0.0,0.0,0.0,0.0,0.0,0,0,3,False,0,0,0
450,Cunha,,MID,14,Man Utd,,18,,,,,90,2,0,0,1,0,0,0,0,1,0,0,0,5,7.4,13.3,26.0,4.7,0.12,0.06,0.18,1.18,3,9,3,False,6,1,0
451,Rashford,,MID,14,Man Utd,,18,,,,,0,0,0,0,0,0,0,0,0,0,0,0,0,0,0.0,0.0,0.0,0.0,0.0,0.0,0.0,0.0,0,0,3,False,0,0,0
452,Amad,,MID,14,Man Utd,,18,,,,,0,0,0,0,0,0,0,0,0,0,0,0,0,0,0.0,0.0,0.0,0.0,0.0,0.0,0.0,0.0,0,0,3,False,0,0,0
453,Garnacho,,MID,7,Chelsea,,18,,,,,68,2,0,0,0,1,0,0,0,0,0,0,0,11,3.6,25.1,17.0,4.6,0.02,0.16,0.18,0.75,0,5,3,False,3,1,2
454,Antony,,MID,14,Man Utd,,18,,,,,0,0,0,0,0,0,0,0,0,0,0,0,0,0,0.0,0.0,0.0,0.0,0.0,0.0,0.0,0.0,0,0,3,False,0,0,0
455,Mount,,MID,14,Man Utd,,18,,,,,45,1,0,0,0,0,0,0,0,0,0,0,0,6,3.4,19.2,0.0,2.3,0.0,0.16,0.16,0.12,0,5,3,False,4,1,1
456,Sancho,,MID,2,Aston Villa,,18,,,,,31,1,0,0,0,0,0,0,0,0,0,0,0,5,6.8,1.9,19.0,2.8,0.04,0.01,0.05,0.15,1,1,3,False,0,0,0
457,Casemiro,,MID,14,Man Utd,,18,,,,,60,3,0,0,1,0,0,0,0,0,0,0,0,14,12.6,1.4,7.0,2.1,0.21,0.01,0.22,0.22,5,11,3,False,3,1,3
458,Mainoo,,MID,14,Man Utd,,18,,,,,0,0,0,0,0,0,0,0,0,0,0,0,0,0,0.0,0.0,0.0,0.0,0.0,0.0,0.0,0.0,0,0,3,False,0,0,0
459,Ugarte,,MID,14,Man Utd,,18,,,,,90,5,0,0,1,0,0,0,0,0,0,0,0,17,21.8,12.6,2.0,3.6,0.0,0.0,0.0,1.18,5,17,3,False,6,1,6
460,Collyer,,MID,14,Man Utd,,18,,,,,0,0,0,0,0,0,0,0,0,0,0,0,0,0,0.0,0.0,0.0,0.0,0.0,0.0,0.0,0.0,0,0,3,False,0,0,0
461,Fitzgerald,,MID,14,Man Utd,,18,,,,,0,0,0,0,0,0,0,0,0,0,0,0,0,0,0.0,0.0,0.0,0.0,0.0,0.0,0.0,0.0,0,0,3,False,0,0,0
462,J.Fletcher,,MID,14,Man Utd,,18,,,,,45,1,0,0,0,0,0,0,0,0,0,0,0,4,9.6,10.5,0.0,2.0,0.0,0.0,0.0,1.06,2,3,3,False,0,0,1
463,Kone,,MID,14,Man Utd,,18,,,,,0,0,0,0,0,0,0,0,0,0,0,0,0,0,0.0,0.0,0.0,0.0,0.0,0.0,0.0,0.0,0,0,3,False,0,0,0
464,Moorhouse,,MID,14,Man Utd,,18,,,,,0,0,0,0,0,0,0,0,0,0,0,0,0,0,0.0,0.0,0.0,0.0,0.0,0.0,0.0,0.0,0,0,3,False,0,0,0
465,Højlund,,FWD,14,Man Utd,,18,,,,,0,0,0,0,0,0,0,0,0,0,0,0,0,0,0.0,0.0,0.0,0.0,0.0,0.0,0.0,0.0,0,0,4,False,0,0,0
466,Zirkzee,,FWD,14,Man Utd,,18,,,,,30,1,0,0,0,0,0,0,0,0,0,0,0,1,2.2,1.0,0.0,0.3,0.0,0.0,0.0,0.96,1,1,4,False,0,0,0
467,Obi,,FWD,14,Man Utd,,18,,,,,0,0,0,0,0,0,0,0,0,0,0,0,0,0,0.0,0.0,0.0,0.0,0.0,0.0,0.0,0.0,0,0,4,False,0,0,0
468,Wheatley,,FWD,14,Man Utd,,18,,,,,0,0,0,0,0,0,0,0,0,0,0,0,0,0,0.0,0.0,0.0,0.0,0.0,0.0,0.0,0.0,0,0,4,False,0,0,0
469,Pope,,GK,15,Newcastle,,18,,,,,0,0,0,0,0,0,0,0,0,0,0,0,0,0,0.0,0.0,0.0,0.0,0.0,0.0,0.0,0.0,0,0,1,False,0,0,0
470,Dúbravka,,GK,3,Burnley,,18,,,,,90,11,0,0,1,0,0,0,0,0,0,6,3,43,55.6,0.0,0.0,5.6,0.0,0.0,0.0,0.85,7,0,1,True,7,1,0
471,Gillespie,,GK,15,Newcastle,,18,,,,,0,0,0,0,0,0,0,0,0,0,0,0,0,0,0.0,0.0,0.0,0.0,0.0,0.0,0.0,0.0,0,0,1,False,0,0,0
472,Odysseas,,GK,15,Newcastle,,18,,,,,0,0,0,0,0,0,0,0,0,0,0,0,0,0,0.0,0.0,0.0,0.0,0.0,0.0,0.0,0.0,0,0,1,False,0,0,0
473,Hall,,DEF,15,Newcastle,,18,,,,,90,2,0,0,0,1,0,0,0,0,0,0,0,18,17.8,20.5,14.0,5.2,0.09,0.06,0.15,1.27,1,2,2,False,11,1,1
474,Schär,,DEF,15,Newcastle,,18,,,,,90,2,0,0,0,1,0,0,0,0,0,0,0,8,10.4,2.1,21.0,3.4,0.27,0.01,0.28,1.27,3,4,2,False,4,1,1
475,Botman,,DEF,15,Newcastle,,18,,,,,0,0,0,0,0,0,0,0,0,0,0,0,0,0,0.0,0.0,0.0,0.0,0.0,0.0,0.0,0.0,0,0,2,False,0,0,0
476,Burn,,DEF,15,Newcastle,,18,,,,,0,0,0,0,0,0,0,0,0,0,0,0,0,0,0.0,0.0,0.0,0.0,0.0,0.0,0.0,0.0,0,0,2,False,0,0,0
477,Livramento,,DEF,15,Newcastle,,18,,,,,0,0,0,0,0,0,0,0,0,0,0,0,0,0,0.0,0.0,0.0,0.0,0.0,0.0,0.0,0.0,0,0,2,False,0,0,0
478,Trippier,,DEF,15,Newcastle,,18,,,,,0,0,0,0,0,0,0,0,0,0,0,0,0,0,0.0,0.0,0.0,0.0,0.0,0.0,0.0,0.0,0,0,2,False,0,0,0
479,Krafth,,DEF,15,Newcastle,,18,,,,,0,0,0,0,0,0,0,0,0,0,0,0,0,0,0.0,0.0,0.0,0.0,0.0,0.0,0.0,0.0,0,0,2,False,0,0,0
480,Lascelles,,DEF,15,Newcastle,,18,,,,,0,0,0,0,0,0,0,0,0,0,0,0,0,0,0.0,0.0,0.0,0.0,0.0,0.0,0.0,0.0,0,0,2,False,0,0,0
481,A.Murphy,,DEF,15,Newcastle,,18,,,,,0,0,0,0,0,0,0,0,0,0,0,0,0,0,0.0,0.0,0.0,0.0,0.0,0.0,0.0,0.0,0,0,2,False,0,0,0
482,Ashby,,DEF,15,Newcastle,,18,,,,,0,0,0,0,0,0,0,0,0,0,0,0,0,0,0.0,0.0,0.0,0.0,0.0,0.0,0.0,0.0,0,0,2,False,0,0,0
483,Pivas,,DEF,15,Newcastle,,18,,,,,0,0,0,0,0,0,0,0,0,0,0,0,0,0,0.0,0.0,0.0,0.0,0.0,0.0,0.0,0.0,0,0,2,False,0,0,0
484,Targett,,DEF,15,Newcastle,,18,,,,,0,0,0,0,0,0,0,0,0,0,0,0,0,0,0.0,0.0,0.0,0.0,0.0,0.0,0.0,0.0,0,0,2,False,0,0,0
485,Gordon,,MID,15,Newcastle,,18,,,,,90,2,0,0,0,1,0,0,0,0,0,0,0,10,13.0,44.5,14.0,7.2,0.2,0.29,0.49,1.27,1,4,3,False,2,1,1
486,Elanga,,MID,15,Newcastle,,18,,,,,0,0,0,0,0,0,0,0,0,0,0,0,0,0,0.0,0.0,0.0,0.0,0.0,0.0,0.0,0.0,0,0,3,False,0,0,0
487,Barnes,,MID,15,Newcastle,,18,,,,,22,1,0,0,0,0,0,0,0,0,0,0,0,3,2.0,11.9,4.0,1.8,0.0,0.08,0.08,0.58,0,0,3,False,0,0,0
488,Bruno G.,,MID,15,Newcastle,,18,,,,,90,2,0,0,0,1,0,0,0,0,0,0,0,15,18.0,25.9,43.0,8.7,0.06,0.16,0.22,1.27,1,6,3,False,4,1,1
489,J.Murphy,,MID,15,Newcastle,,18,,,,,67,2,0,0,0,1,0,0,0,0,0,0,0,15,7.8,21.6,5.0,3.4,0.03,0.16,0.19,0.69,1,2,3,False,1,1,0
490,Joelinton,,MID,15,Newcastle,,18,,,,,22,1,0,0,0,0,0,0,0,0,0,0,0,5,9.2,2.8,39.0,5.1,0.2,0.01,0.21,0.58,0,3,3,False,1,0,2
491,Tonali,,MID,15,Newcastle,,18,,,,,76,1,0,0,0,1,0,0,0,1,0,0,0,13,8.4,22.0,0.0,3.0,0.0,0.06,0.06,1.19,1,7,3,False,5,1,1
492,Antoñito C.,,MID,15,Newcastle,,18,,,,,0,0,0,0,0,0,0,0,0,0,0,0,0,0,0.0,0.0,0.0,0.0,0.0,0.0,0.0,0.0,0,0,3,False,0,0,0
493,Longstaff,,MID,11,Leeds,,18,,,,,0,0,0,0,0,0,0,0,0,0,0,0,0,0,0.0,0.0,0.0,0.0,0.0,0.0,0.0,0.0,0,0,3,False,0,0,0
494,Willock,,MID,15,Newcastle,,18,,,,,13,1,0,0,0,0,0,0,0,0,0,0,0,3,2.8,1.8,4.0,0.9,0.0,0.02,0.02,0.08,0,1,3,False,0,0,1
495,Hayden,,MID,15,Newcastle,,18,,,,,0,0,0,0,0,0,0,0,0,0,0,0,0,0,0.0,0.0,0.0,0.0,0.0,0.0,0.0,0.0,0,0,3,False,0,0,0
496,Kuol,,MID,15,Newcastle,,18,,,,,0,0,0,0,0,0,0,0,0,0,0,0,0,0,0.0,0.0,0.0,0.0,0.0,0.0,0.0,0.0,0,0,3,False,0,0,0
497,L.Miley,,MID,15,Newcastle,,18,,,,,90,2,0,0,0,1,0,0,0,0,0,0,0,15,11.0,18.1,8.0,3.7,0.16,0.04,0.2,1.27,1,7,3,False,5,1,1
498,White,,MID,15,Newcastle,,18,,,,,0,0,0,0,0,0,0,0,0,0,0,0,0,0,0.0,0.0,0.0,0.0,0.0,0.0,0.0,0.0,0,0,3,False,0,0,0
499,Isak,,FWD,12,Liverpool,,18,,,,,0,0,0,0,0,0,0,0,0,0,0,0,0,0,0.0,0.0,0.0,0.0,0.0,0.0,0.0,0.0,0,0,4,False,0,0,0
500,Osula,,FWD,15,Newcastle,,18,,,,,0,0,0,0,0,0,0,0,0,0,0,0,0,0,0.0,0.0,0.0,0.0,0.0,0.0,0.0,0.0,0,0,4,False,0,0,0
501,Neave,,FWD,15,Newcastle,,18,,,,,0,0,0,0,0,0,0,0,0,0,0,0,0,0,0.0,0.0,0.0,0.0,0.0,0.0,0.0,0.0,0,0,4,False,0,0,0
502,Sels,,GK,16,Nott'm Forest,,18,,,,,0,0,0,0,0,0,0,0,0,0,0,0,0,0,0.0,0.0,0.0,0.0,0.0,0.0,0.0,0.0,0,0,1,False,0,0,0
503,C.Miguel,,GK,16,Nott'm Forest,,18,,,,,0,0,0,0,0,0,0,0,0,0,0,0,0,0,0.0,0.0,0.0,0.0,0.0,0.0,0.0,0.0,0,0,1,False,0,0,0
504,Turner,,GK,16,Nott'm Forest,,18,,,,,0,0,0,0,0,0,0,0,0,0,0,0,0,0,0.0,0.0,0.0,0.0,0.0,0.0,0.0,0.0,0,0,1,False,0,0,0
505,Milenković,,DEF,16,Nott'm Forest,,18,,,,,90,3,0,0,0,2,0,0,0,0,0,0,0,6,24.8,1.4,7.0,3.3,0.03,0.0,0.03,1.45,11,12,2,False,0,1,1
506,Murillo,,DEF,16,Nott'm Forest,,18,,,,,90,3,0,0,0,2,0,0,0,0,0,0,0,7,21.6,1.2,0.0,2.3,0.0,0.01,0.01,1.45,10,13,2,False,2,1,3
507,Aina,,DEF,16,Nott'm Forest,,18,,,,,0,0,0,0,0,0,0,0,0,0,0,0,0,0,0.0,0.0,0.0,0.0,0.0,0.0,0.0,0.0,0,0,2,False,0,0,0
508,N.Williams,,DEF,16,Nott'm Forest,,18,,,,,90,1,0,0,0,2,0,0,0,0,0,0,0,5,13.8,1.8,7.0,2.3,0.04,0.01,0.05,1.45,2,3,2,False,3,1,1
509,David Carmo,,DEF,16,Nott'm Forest,,18,,,,,0,0,0,0,0,0,0,0,0,0,0,0,0,0,0.0,0.0,0.0,0.0,0.0,0.0,0.0,0.0,0,0,2,False,0,0,0
510,Jair Cunha,,DEF,16,Nott'm Forest,,18,,,,,0,0,0,0,0,0,0,0,0,0,0,0,0,0,0.0,0.0,0.0,0.0,0.0,0.0,0.0,0.0,0,0,2,False,0,0,0
511,Morato,,DEF,16,Nott'm Forest,,18,,,,,0,0,0,0,0,0,0,0,0,0,0,0,0,0,0.0,0.0,0.0,0.0,0.0,0.0,0.0,0.0,0,0,2,False,0,0,0
512,O.Richards,,DEF,16,Nott'm Forest,,18,,,,,0,0,0,0,0,0,0,0,0,0,0,0,0,0,0.0,0.0,0.0,0.0,0.0,0.0,0.0,0.0,0,0,2,False,0,0,0
513,Abbott,,DEF,16,Nott'm Forest,,18,,,,,0,0,0,0,0,0,0,0,0,0,0,0,0,0,0.0,0.0,0.0,0.0,0.0,0.0,0.0,0.0,0,0,2,False,0,0,0
514,Boly,,DEF,16,Nott'm Forest,,18,,,,,0,0,0,0,0,0,0,0,0,0,0,0,0,0,0.0,0.0,0.0,0.0,0.0,0.0,0.0,0.0,0,0,2,False,0,0,0
515,Gibbs-White,,MID,16,Nott'm Forest,,18,,,,,90,2,0,0,0,2,0,0,0,0,0,0,0,10,9.8,15.2,2.0,2.7,0.0,0.04,0.04,1.45,2,7,3,False,4,1,1
516,Hudson-Odoi,,MID,16,Nott'm Forest,,18,,,,,90,2,0,0,0,2,0,0,0,0,0,0,0,6,2.2,2.0,2.0,0.6,0.0,0.01,0.01,1.45,1,6,3,False,5,1,0
517,Anderson,,MID,16,Nott'm Forest,,18,,,,,90,3,0,0,0,2,0,0,0,1,0,0,0,24,26.8,16.7,0.0,4.4,0.0,0.04,0.04,1.45,6,20,3,False,10,1,4
518,Jota,,MID,16,Nott'm Forest,,18,,,,,0,0,0,0,0,0,0,0,0,0,0,0,0,0,0.0,0.0,0.0,0.0,0.0,0.0,0.0,0.0,0,0,3,False,0,0,0
519,Dominguez,,MID,16,Nott'm Forest,,18,,,,,86,2,0,0,0,2,0,0,0,0,0,0,0,9,7.0,2.3,1.0,1.0,0.02,0.02,0.04,1.38,1,6,3,False,2,1,3
520,O'Brien,,MID,16,Nott'm Forest,,18,,,,,0,0,0,0,0,0,0,0,0,0,0,0,0,0,0.0,0.0,0.0,0.0,0.0,0.0,0.0,0.0,0,0,3,False,0,0,0
521,Sangaré,,MID,16,Nott'm Forest,,18,,,,,0,0,0,0,0,0,0,0,0,0,0,0,0,0,0.0,0.0,0.0,0.0,0.0,0.0,0.0,0.0,0,0,3,False,0,0,0
522,Yates,,MID,16,Nott'm Forest,,18,,,,,0,0,0,0,0,0,0,0,0,0,0,0,0,0,0.0,0.0,0.0,0.0,0.0,0.0,0.0,0.0,0,0,3,False,0,0,0
523,Da Silva Moreira,,MID,16,Nott'm Forest,,18,,,,,0,0,0,0,0,0,0,0,0,0,0,0,0,0,0.0,0.0,0.0,0.0,0.0,0.0,0.0,0.0,0,0,3,False,0,0,0
524,Stamenic,,MID,16,Nott'm Forest,,18,,,,,0,0,0,0,0,0,0,0,0,0,0,0,0,0,0.0,0.0,0.0,0.0,0.0,0.0,0.0,0.0,0,0,3,False,0,0,0
525,Wood,,FWD,16,Nott'm Forest,,18,,,,,0,0,0,0,0,0,0,0,0,0,0,0,0,0,0.0,0.0,0.0,0.0,0.0,0.0,0.0,0.0,0,0,4,False,0,0,0
526,Igor Jesus,,FWD,16,Nott'm Forest,,18,,,,,90,5,0,1,0,2,0,0,0,0,0,0,0,17,15.0,11.4,16.0,4.2,0.1,0.3,0.4,1.45,0,2,4,False,2,1,0
527,Awoniyi,,FWD,16,Nott'm Forest,,18,,,,,3,1,0,0,0,0,0,0,0,0,0,0,0,2,0.0,0.0,0.0,0.0,0.0,0.0,0.0,0.07,0,0,4,False,0,0,0
528,Patterson,,GK,17,Sunderland,,18,,,,,0,0,0,0,0,0,0,0,0,0,0,0,0,0,0.0,0.0,0.0,0.0,0.0,0.0,0.0,0.0,0,0,1,False,0,0,0
529,Moore,,GK,17,Sunderland,,18,,,,,0,0,0,0,0,0,0,0,0,0,0,0,0,0,0.0,0.0,0.0,0.0,0.0,0.0,0.0,0.0,0,0,1,False,0,0,0
530,Nna Noukeu,,GK,17,Sunderland,,18,,,,,0,0,0,0,0,0,0,0,0,0,0,0,0,0,0.0,0.0,0.0,0.0,0.0,0.0,0.0,0.0,0,0,1,False,0,0,0
531,Ballard,,DEF,17,Sunderland,,18,,,,,0,0,0,0,0,0,0,0,0,0,0,0,0,0,0.0,0.0,0.0,0.0,0.0,0.0,0.0,0.0,0,0,2,False,0,0,0
532,Hume,,DEF,17,Sunderland,,18,,,,,90,1,0,0,0,1,0,0,0,1,0,0,0,11,14.6,0.9,2.0,1.8,0.0,0.0,0.0,2.17,5,6,2,False,2,1,1
533,Alese,,DEF,17,Sunderland,,18,,,,,0,0,0,0,0,0,0,0,0,0,0,0,0,0,0.0,0.0,0.0,0.0,0.0,0.0,0.0,0.0,0,0,2,False,0,0,0
534,Anderson,,DEF,17,Sunderland,,18,,,,,0,0,0,0,0,0,0,0,0,0,0,0,0,0,0.0,0.0,0.0,0.0,0.0,0.0,0.0,0.0,0,0,2,False,0,0,0
535,Cirkin,,DEF,17,Sunderland,,18,,,,,90,2,0,0,0,1,0,0,0,0,0,0,0,5,22.2,2.2,2.0,2.6,0.0,0.01,0.01,2.17,8,9,2,False,1,1,1
536,Hjelde,,DEF,17,Sunderland,,18,,,,,0,0,0,0,0,0,0,0,0,0,0,0,0,0,0.0,0.0,0.0,0.0,0.0,0.0,0.0,0.0,0,0,2,False,0,0,0
537,Huggins,,DEF,17,Sunderland,,18,,,,,0,0,0,0,0,0,0,0,0,0,0,0,0,0,0.0,0.0,0.0,0.0,0.0,0.0,0.0,0.0,0,0,2,False,0,0,0
538,Johnson,,DEF,17,Sunderland,,18,,,,,0,0,0,0,0,0,0,0,0,0,0,0,0,0,0.0,0.0,0.0,0.0,0.0,0.0,0.0,0.0,0,0,2,False,0,0,0
539,O'Nien,,DEF,17,Sunderland,,18,,,,,0,0,0,0,0,0,0,0,0,0,0,0,0,0,0.0,0.0,0.0,0.0,0.0,0.0,0.0,0.0,0,0,2,False,0,0,0
540,Pembele,,DEF,17,Sunderland,,18,,,,,0,0,0,0,0,0,0,0,0,0,0,0,0,0,0.0,0.0,0.0,0.0,0.0,0.0,0.0,0.0,0,0,2,False,0,0,0
541,Reinildo,,DEF,17,Sunderland,,18,,,,,0,0,0,0,0,0,0,0,0,0,0,0,0,0,0.0,0.0,0.0,0.0,0.0,0.0,0.0,0.0,0,0,2,False,0,0,0
542,Seelt,,DEF,17,Sunderland,,18,,,,,0,0,0,0,0,0,0,0,0,0,0,0,0,0,0.0,0.0,0.0,0.0,0.0,0.0,0.0,0.0,0,0,2,False,0,0,0
543,Adingra,,MID,17,Sunderland,,18,,,,,84,10,1,0,0,1,0,0,0,0,0,0,3,34,45.6,16.3,26.0,8.8,0.12,0.2,0.32,2.17,3,8,3,False,3,1,2
544,Diarra,,MID,17,Sunderland,,18,,,,,0,0,0,0,0,0,0,0,0,0,0,0,0,0,0.0,0.0,0.0,0.0,0.0,0.0,0.0,0.0,0,0,3,False,0,0,0
545,Roberts,,MID,17,Sunderland,,18,,,,,0,0,0,0,0,0,0,0,0,0,0,0,0,0,0.0,0.0,0.0,0.0,0.0,0.0,0.0,0.0,0,0,3,False,0,0,0
546,Aleksić,,MID,17,Sunderland,,18,,,,,0,0,0,0,0,0,0,0,0,0,0,0,0,0,0.0,0.0,0.0,0.0,0.0,0.0,0.0,0.0,0,0,3,False,0,0,0
547,E.Le Fée,,MID,17,Sunderland,,18,,,,,90,2,0,0,0,1,0,0,0,0,0,0,0,11,14.2,40.9,6.0,6.1,0.0,0.09,0.09,2.17,2,5,3,False,1,1,2
548,Mundle,,MID,17,Sunderland,,18,,,,,5,1,0,0,0,0,0,0,0,0,0,0,0,3,0.0,0.4,0.0,0.0,0.0,0.0,0.0,0.0,0,0,3,False,0,0,0
549,Neil,,MID,17,Sunderland,,18,,,,,0,0,0,0,0,0,0,0,0,0,0,0,0,0,0.0,0.0,0.0,0.0,0.0,0.0,0.0,0.0,0,0,3,False,0,0,0
550,Poveda,,MID,17,Sunderland,,18,,,,,0,0,0,0,0,0,0,0,0,0,0,0,0,0,0.0,0.0,0.0,0.0,0.0,0.0,0.0,0.0,0,0,3,False,0,0,0
551,Rigg,,MID,17,Sunderland,,18,,,,,67,2,0,0,0,1,0,0,0,0,0,0,0,14,9.2,15.2,0.0,2.4,0.0,0.18,0.18,1.91,3,6,3,False,2,1,1
552,Sadiki,,MID,17,Sunderland,,18,,,,,0,0,0,0,0,0,0,0,0,0,0,0,0,0,0.0,0.0,0.0,0.0,0.0,0.0,0.0,0.0,0,0,3,False,0,0,0
553,Talbi,,MID,17,Sunderland,,18,,,,,0,0,0,0,0,0,0,0,0,0,0,0,0,0,0.0,0.0,0.0,0.0,0.0,0.0,0.0,0.0,0,0,3,False,0,0,0
554,Ba,,MID,17,Sunderland,,18,,,,,0,0,0,0,0,0,0,0,0,0,0,0,0,0,0.0,0.0,0.0,0.0,0.0,0.0,0.0,0.0,0,0,3,False,0,0,0
555,Browne,,MID,17,Sunderland,,18,,,,,0,0,0,0,0,0,0,0,0,0,0,0,0,0,0.0,0.0,0.0,0.0,0.0,0.0,0.0,0.0,0,0,3,False,0,0,0
556,Ekwah,,MID,17,Sunderland,,18,,,,,0,0,0,0,0,0,0,0,0,0,0,0,0,0,0.0,0.0,0.0,0.0,0.0,0.0,0.0,0.0,0,0,3,False,0,0,0
557,H.Jones,,MID,17,Sunderland,,18,,,,,0,0,0,0,0,0,0,0,0,0,0,0,0,0,0.0,0.0,0.0,0.0,0.0,0.0,0.0,0.0,0,0,3,False,0,0,0
558,Matete,,MID,17,Sunderland,,18,,,,,0,0,0,0,0,0,0,0,0,0,0,0,0,0,0.0,0.0,0.0,0.0,0.0,0.0,0.0,0.0,0,0,3,False,0,0,0
559,Triantis,,MID,17,Sunderland,,18,,,,,0,0,0,0,0,0,0,0,0,0,0,0,0,0,0.0,0.0,0.0,0.0,0.0,0.0,0.0,0.0,0,0,3,False,0,0,0
560,Isidor,,FWD,17,Sunderland,,18,,,,,22,1,0,0,0,0,0,0,0,0,0,0,0,3,2.0,0.0,17.0,1.9,0.04,0.0,0.04,0.25,0,0,4,False,0,0,0
561,Mayenda,,FWD,17,Sunderland,,18,,,,,22,1,0,0,0,0,0,0,0,0,0,0,0,3,1.0,1.3,9.0,1.1,0.08,0.01,0.09,0.25,0,0,4,False,0,0,0
562,Abdullahi,,FWD,17,Sunderland,,18,,,,,0,0,0,0,0,0,0,0,0,0,0,0,0,0,0.0,0.0,0.0,0.0,0.0,0.0,0.0,0.0,0,0,4,False,0,0,0
563,Luís Hemir,,FWD,17,Sunderland,,18,,,,,0,0,0,0,0,0,0,0,0,0,0,0,0,0,0.0,0.0,0.0,0.0,0.0,0.0,0.0,0.0,0,0,4,False,0,0,0
564,Rusyn,,FWD,17,Sunderland,,18,,,,,0,0,0,0,0,0,0,0,0,0,0,0,0,0,0.0,0.0,0.0,0.0,0.0,0.0,0.0,0.0,0,0,4,False,0,0,0
565,Vicario,,GK,18,Spurs,,18,,,,,90,7,0,0,1,0,0,0,0,0,0,2,1,27,20.8,0.0,0.0,2.1,0.0,0.01,0.01,1.31,0,0,1,False,9,1,0
566,Austin,,GK,18,Spurs,,18,,,,,0,0,0,0,0,0,0,0,0,0,0,0,0,0,0.0,0.0,0.0,0.0,0.0,0.0,0.0,0.0,0,0,1,False,0,0,0
567,Kinsky,,GK,18,Spurs,,18,,,,,0,0,0,0,0,0,0,0,0,0,0,0,0,0,0.0,0.0,0.0,0.0,0.0,0.0,0.0,0.0,0,0,1,False,0,0,0
568,Pedro Porro,,DEF,18,Spurs,,18,,,,,90,6,0,0,1,0,0,0,0,0,0,0,0,22,8.4,15.4,3.0,2.7,0.02,0.07,0.09,1.31,2,3,2,False,8,1,1
569,Romero,,DEF,18,Spurs,,18,,,,,0,0,0,0,0,0,0,0,0,0,0,0,0,0,0.0,0.0,0.0,0.0,0.0,0.0,0.0,0.0,0,0,2,False,0,0,0
570,Danso,,DEF,18,Spurs,,18,,,,,90,7,0,0,1,0,0,0,0,1,0,0,0,23,33.4,0.3,0.0,3.4,0.0,0.07,0.07,1.31,14,17,2,False,4,1,3
571,Davies,,DEF,18,Spurs,,18,,,,,0,0,0,0,0,0,0,0,0,0,0,0,0,0,0.0,0.0,0.0,0.0,0.0,0.0,0.0,0.0,0,0,2,False,0,0,0
572,Dragusin,,DEF,18,Spurs,,18,,,,,5,1,0,0,0,0,0,0,0,0,0,0,0,2,0.0,0.3,4.0,0.4,0.06,0.0,0.06,0.06,1,1,2,False,1,0,0
573,Spence,,DEF,18,Spurs,,18,,,,,90,7,0,0,1,0,0,0,0,0,0,0,1,27,14.4,11.3,2.0,2.8,0.0,0.01,0.01,1.31,3,6,2,False,9,1,3
574,Udogie,,DEF,18,Spurs,,18,,,,,0,0,0,0,0,0,0,0,0,0,0,0,0,0,0.0,0.0,0.0,0.0,0.0,0.0,0.0,0.0,0,0,2,False,0,0,0
575,Van de Ven,,DEF,18,Spurs,,18,,,,,90,11,0,0,1,0,0,0,0,0,0,0,3,30,29.2,0.1,0.0,2.9,0.0,0.0,0.0,1.31,12,14,2,True,8,1,2
576,Phillips,,DEF,18,Spurs,,18,,,,,0,0,0,0,0,0,0,0,0,0,0,0,0,0,0.0,0.0,0.0,0.0,0.0,0.0,0.0,0.0,0,0,2,False,0,0,0
577,Takai,,DEF,18,Spurs,,18,,,,,0,0,0,0,0,0,0,0,0,0,0,0,0,0,0.0,0.0,0.0,0.0,0.0,0.0,0.0,0.0,0,0,2,False,0,0,0
578,Vuskovic,,DEF,18,Spurs,,18,,,,,0,0,0,0,0,0,0,0,0,0,0,0,0,0,0.0,0.0,0.0,0.0,0.0,0.0,0.0,0.0,0,0,2,False,0,0,0
579,Son,,MID,18,Spurs,,18,,,,,0,0,0,0,0,0,0,0,0,0,0,0,0,0,0.0,0.0,0.0,0.0,0.0,0.0,0.0,0.0,0,0,3,False,0,0,0
580,Johnson,,MID,18,Spurs,,18,,,,,5,1,0,0,0,0,0,0,0,0,0,0,0,1,0.0,0.3,6.0,0.6,0.0,0.0,0.0,0.06,0,0,3,False,0,0,0
581,Maddison,,MID,18,Spurs,,18,,,,,0,0,0,0,0,0,0,0,0,0,0,0,0,0,0.0,0.0,0.0,0.0,0.0,0.0,0.0,0.0,0,0,3,False,0,0,0
582,Kudus,,MID,18,Spurs,,18,,,,,84,3,0,0,1,0,0,0,0,0,0,0,0,11,9.2,12.2,2.0,2.3,0.0,0.02,0.02,1.26,2,9,3,False,5,1,2
583,Kulusevski,,MID,18,Spurs,,18,,,,,0,0,0,0,0,0,0,0,0,0,0,0,0,0,0.0,0.0,0.0,0.0,0.0,0.0,0.0,0.0,0,0,3,False,0,0,0
584,Tel,,MID,18,Spurs,,18,,,,,0,0,0,0,0,0,0,0,0,0,0,0,0,0,0.0,0.0,0.0,0.0,0.0,0.0,0.0,0.0,0,0,3,False,0,0,0
585,Bentancur,,MID,18,Spurs,,18,,,,,90,5,0,0,1,0,0,0,0,0,0,0,0,14,19.0,1.8,17.0,3.8,0.04,0.01,0.05,1.31,7,13,3,False,4,1,2
586,Bergvall,,MID,18,Spurs,,18,,,,,62,3,0,0,1,0,0,0,0,0,0,0,0,9,8.6,2.5,0.0,1.1,0.0,0.0,0.0,0.83,1,6,3,False,3,1,2
587,Bissouma,,MID,18,Spurs,,18,,,,,0,0,0,0,0,0,0,0,0,0,0,0,0,0,0.0,0.0,0.0,0.0,0.0,0.0,0.0,0.0,0,0,3,False,0,0,0
588,Odobert,,MID,18,Spurs,,18,,,,,27,1,0,0,0,0,0,0,0,0,0,0,0,8,8.4,5.0,8.0,2.1,0.05,0.01,0.06,0.49,2,4,3,False,2,0,0
589,Solomon,,MID,18,Spurs,,18,,,,,0,0,0,0,0,0,0,0,0,0,0,0,0,0,0.0,0.0,0.0,0.0,0.0,0.0,0.0,0.0,0,0,3,False,0,0,0
590,Bryan,,MID,18,Spurs,,18,,,,,0,0,0,0,0,0,0,0,0,0,0,0,0,0,0.0,0.0,0.0,0.0,0.0,0.0,0.0,0.0,0,0,3,False,0,0,0
591,Gray,,MID,18,Spurs,,18,,,,,84,10,1,0,1,0,0,0,0,1,0,0,3,30,45.2,5.2,37.0,8.7,0.33,0.01,0.34,1.26,6,8,3,False,2,1,0
592,Moore,,MID,18,Spurs,,18,,,,,0,0,0,0,0,0,0,0,0,0,0,0,0,0,0.0,0.0,0.0,0.0,0.0,0.0,0.0,0.0,0,0,3,False,0,0,0
593,P.M.Sarr,,MID,18,Spurs,,18,,,,,0,0,0,0,0,0,0,0,0,0,0,0,0,0,0.0,0.0,0.0,0.0,0.0,0.0,0.0,0.0,0,0,3,False,0,0,0
594,Min-hyeok,,MID,18,Spurs,,18,,,,,0,0,0,0,0,0,0,0,0,0,0,0,0,0,0.0,0.0,0.0,0.0,0.0,0.0,0.0,0.0,0,0,3,False,0,0,0
595,Olusesi,,MID,18,Spurs,,18,,,,,0,0,0,0,0,0,0,0,0,0,0,0,0,0,0.0,0.0,0.0,0.0,0.0,0.0,0.0,0.0,0,0,3,False,0,0,0
596,Solanke,,FWD,18,Spurs,,18,,,,,0,0,0,0,0,0,0,0,0,0,0,0,0,0,0.0,0.0,0.0,0.0,0.0,0.0,0.0,0.0,0,0,4,False,0,0,0
597,Richarlison,,FWD,18,Spurs,,18,,,,,90,5,0,1,1,0,0,0,0,0,0,0,0,26,36.0,31.5,29.0,9.7,0.33,0.1,0.43,1.31,5,11,4,False,4,1,2
598,Lankshear,,FWD,18,Spurs,,18,,,,,0,0,0,0,0,0,0,0,0,0,0,0,0,0,0.0,0.0,0.0,0.0,0.0,0.0,0.0,0.0,0,0,4,False,0,0,0
599,Scarlett,,FWD,18,Spurs,,18,,,,,0,0,0,0,0,0,0,0,0,0,0,0,0,0,0.0,0.0,0.0,0.0,0.0,0.0,0.0,0.0,0,0,4,False,0,0,0
600,Areola,,GK,19,West Ham,,18,,,,,90,3,0,0,0,1,0,0,0,0,0,4,0,13,27.6,0.0,0.0,2.8,0.0,0.0,0.0,1.62,1,0,1,False,4,1,0
601,Foderingham,,GK,19,West Ham,,18,,,,,0,0,0,0,0,0,0,0,0,0,0,0,0,0,0.0,0.0,0.0,0.0,0.0,0.0,0.0,0.0,0,0,1,False,0,0,0
602,Hegyi,,GK,19,West Ham,,18,,,,,0,0,0,0,0,0,0,0,0,0,0,0,0,0,0.0,0.0,0.0,0.0,0.0,0.0,0.0,0.0,0,0,1,False,0,0,0
603,Diouf,,DEF,19,West Ham,,18,,,,,0,0,0,0,0,0,0,0,0,0,0,0,0,0,0.0,0.0,0.0,0.0,0.0,0.0,0.0,0.0,0,0,2,False,0,0,0
604,Emerson,,DEF,19,West Ham,,18,,,,,0,0,0,0,0,0,0,0,0,0,0,0,0,0,0.0,0.0,0.0,0.0,0.0,0.0,0.0,0.0,0,0,2,False,0,0,0
605,Kilman,,DEF,19,West Ham,,18,,,,,90,4,0,0,0,1,0,0,0,0,0,0,0,8,34.0,11.1,4.0,4.9,0.0,0.03,0.03,1.62,11,12,2,False,3,1,1
606,Mavropanos,,DEF,19,West Ham,,18,,,,,0,0,0,0,0,0,0,0,0,0,0,0,0,0,0.0,0.0,0.0,0.0,0.0,0.0,0.0,0.0,0,0,2,False,0,0,0
607,N.Aguerd,,DEF,19,West Ham,,18,,,,,0,0,0,0,0,0,0,0,0,0,0,0,0,0,0.0,0.0,0.0,0.0,0.0,0.0,0.0,0.0,0,0,2,False,0,0,0
608,Scarles,,DEF,19,West Ham,,18,,,,,90,2,0,0,0,1,0,0,0,0,0,0,0,1,3.8,2.2,4.0,1.0,0.04,0.02,0.06,1.62,3,6,2,False,5,1,3
609,Todibo,,DEF,19,West Ham,,18,,,,,90,1,0,0,0,1,0,0,0,1,0,0,0,13,20.6,10.8,0.0,3.1,0.0,0.03,0.03,1.62,6,9,2,False,2,1,3
610,Wan-Bissaka,,DEF,19,West Ham,,18,,,,,0,0,0,0,0,0,0,0,0,0,0,0,0,0,0.0,0.0,0.0,0.0,0.0,0.0,0.0,0.0,0,0,2,False,0,0,0
611,Casey,,DEF,19,West Ham,,18,,,,,0,0,0,0,0,0,0,0,0,0,0,0,0,0,0.0,0.0,0.0,0.0,0.0,0.0,0.0,0.0,0,0,2,False,0,0,0
612,L.Paquetá,,MID,19,West Ham,,18,,,,,81,3,0,0,1,0,0,0,0,0,0,0,0,11,17.6,19.1,15.0,5.2,0.12,0.1,0.22,0.89,2,11,3,False,5,1,4
613,Souček,,MID,19,West Ham,,18,,,,,7,1,0,0,0,1,0,0,0,0,0,0,0,2,0.2,0.2,2.0,0.2,0.0,0.0,0.0,0.73,0,0,3,False,0,0,0
614,Ward-Prowse,,MID,19,West Ham,,18,,,,,0,0,0,0,0,0,0,0,0,0,0,0,0,0,0.0,0.0,0.0,0.0,0.0,0.0,0.0,0.0,0,0,3,False,0,0,0
615,Summerville,,MID,19,West Ham,,18,,,,,55,1,0,0,0,0,0,0,0,0,0,0,0,3,3.6,15.3,14.0,3.3,0.21,0.07,0.28,0.55,2,3,3,False,1,1,0
616,Álvarez,,MID,19,West Ham,,18,,,,,0,0,0,0,0,0,0,0,0,0,0,0,0,0,0.0,0.0,0.0,0.0,0.0,0.0,0.0,0.0,0,0,3,False,0,0,0
617,Cornet,,MID,19,West Ham,,18,,,,,0,0,0,0,0,0,0,0,0,0,0,0,0,0,0.0,0.0,0.0,0.0,0.0,0.0,0.0,0.0,0,0,3,False,0,0,0
618,G.Rodriguez,,MID,19,West Ham,,18,,,,,0,0,0,0,0,0,0,0,0,0,0,0,0,0,0.0,0.0,0.0,0.0,0.0,0.0,0.0,0.0,0,0,3,False,0,0,0
619,L.Guilherme,,MID,19,West Ham,,18,,,,,0,0,0,0,0,0,0,0,0,0,0,0,0,0,0.0,0.0,0.0,0.0,0.0,0.0,0.0,0.0,0,0,3,False,0,0,0
620,Earthy,,MID,19,West Ham,,18,,,,,8,1,0,0,0,1,0,0,0,0,0,0,0,3,0.0,1.5,2.0,0.4,0.0,0.01,0.01,0.73,0,0,3,False,0,0,0
621,Irving,,MID,19,West Ham,,18,,,,,0,0,0,0,0,0,0,0,0,0,0,0,0,0,0.0,0.0,0.0,0.0,0.0,0.0,0.0,0.0,0,0,3,False,0,0,0
622,Orford,,MID,19,West Ham,,18,,,,,0,0,0,0,0,0,0,0,0,0,0,0,0,0,0.0,0.0,0.0,0.0,0.0,0.0,0.0,0.0,0,0,3,False,0,0,0
623,Potts,,MID,19,West Ham,,18,,,,,90,2,0,0,0,1,0,0,0,0,0,0,0,14,18.6,5.8,0.0,2.4,0.0,0.02,0.02,1.62,4,11,3,False,5,1,2
624,Bowen,,FWD,19,West Ham,,18,,,,,90,2,0,0,0,1,0,0,0,0,0,0,0,0,5.8,4.9,36.0,4.7,0.23,0.04,0.27,1.62,1,3,4,False,1,1,1
625,Füllkrug,,FWD,19,West Ham,,18,,,,,0,0,0,0,0,0,0,0,0,0,0,0,0,0,0.0,0.0,0.0,0.0,0.0,0.0,0.0,0.0,0,0,4,False,0,0,0
626,Marshall,,FWD,19,West Ham,,18,,,,,0,0,0,0,0,0,0,0,0,0,0,0,0,0,0.0,0.0,0.0,0.0,0.0,0.0,0.0,0.0,0,0,4,False,0,0,0
627,Johnstone,,GK,20,Wolves,,18,,,,,0,0,0,0,0,0,0,0,0,0,0,0,0,0,0.0,0.0,0.0,0.0,0.0,0.0,0.0,0.0,0,0,1,False,0,0,0
628,José Sá,,GK,20,Wolves,,18,,,,,90,1,0,0,0,2,0,0,0,0,0,2,0,7,15.6,0.0,0.0,1.6,0.0,0.0,0.0,1.54,2,0,1,False,10,1,0
629,Bentley,,GK,20,Wolves,,18,,,,,0,0,0,0,0,0,0,0,0,0,0,0,0,0,0.0,0.0,0.0,0.0,0.0,0.0,0.0,0.0,0,0,1,False,0,0,0
630,King,,GK,9,Everton,,18,,,,,0,0,0,0,0,0,0,0,0,0,0,0,0,0,0.0,0.0,0.0,0.0,0.0,0.0,0.0,0.0,0,0,1,False,0,0,0
631,Agbadou,,DEF,20,Wolves,,18,,,,,0,0,0,0,0,0,0,0,0,0,0,0,0,0,0.0,0.0,0.0,0.0,0.0,0.0,0.0,0.0,0,0,2,False,0,0,0
632,Doherty,,DEF,20,Wolves,,18,,,,,61,1,0,0,0,2,0,0,0,0,0,0,0,-1,1.8,0.6,0.0,0.2,0.0,0.0,0.0,1.21,0,1,2,False,4,1,1
633,H.Bueno,,DEF,20,Wolves,,18,,,,,61,1,0,0,0,2,0,0,0,0,0,0,0,1,12.6,0.9,0.0,1.4,0.0,0.01,0.01,1.21,5,5,2,False,3,1,0
634,Mosquera,,DEF,20,Wolves,,18,,,,,78,3,0,0,0,2,0,0,0,0,0,0,0,5,22.2,0.1,0.0,2.2,0.0,0.0,0.0,1.51,10,12,2,False,3,1,2
635,R.Gomes,,DEF,20,Wolves,,18,,,,,0,0,0,0,0,0,0,0,0,0,0,0,0,0,0.0,0.0,0.0,0.0,0.0,0.0,0.0,0.0,0,0,2,False,0,0,0
636,S.Bueno,,DEF,20,Wolves,,18,,,,,90,7,1,0,0,2,0,0,0,0,0,0,0,12,43.0,0.3,35.0,7.8,0.75,0.0,0.75,1.54,2,3,2,False,0,1,1
637,Toti,,DEF,20,Wolves,,18,,,,,0,0,0,0,0,0,0,0,0,0,0,0,0,0,0.0,0.0,0.0,0.0,0.0,0.0,0.0,0.0,0,0,2,False,0,0,0
638,Hoever,,DEF,20,Wolves,,18,,,,,0,0,0,0,0,0,0,0,0,0,0,0,0,0,0.0,0.0,0.0,0.0,0.0,0.0,0.0,0.0,0,0,2,False,0,0,0
639,Meupiyou,,DEF,20,Wolves,,18,,,,,0,0,0,0,0,0,0,0,0,0,0,0,0,0,0.0,0.0,0.0,0.0,0.0,0.0,0.0,0.0,0,0,2,False,0,0,0
640,Pedro Lima,,DEF,20,Wolves,,18,,,,,0,0,0,0,0,0,0,0,0,0,0,0,0,0,0.0,0.0,0.0,0.0,0.0,0.0,0.0,0.0,0,0,2,False,0,0,0
641,Pond,,DEF,20,Wolves,,18,,,,,0,0,0,0,0,0,0,0,0,0,0,0,0,0,0.0,0.0,0.0,0.0,0.0,0.0,0.0,0.0,0,0,2,False,0,0,0
642,Hee Chan,,MID,20,Wolves,,18,,,,,61,2,0,0,0,2,0,0,0,0,0,0,0,5,0.0,0.3,6.0,0.4,0.03,0.0,0.03,1.21,1,5,3,False,4,1,0
643,André,,MID,20,Wolves,,18,,,,,90,3,0,0,0,2,0,0,0,1,0,0,0,20,18.0,26.9,0.0,4.5,0.0,0.15,0.15,1.54,1,13,3,False,7,1,5
644,Bellegarde,,MID,20,Wolves,,18,,,,,0,0,0,0,0,0,0,0,0,0,0,0,0,0,0.0,0.0,0.0,0.0,0.0,0.0,0.0,0.0,0,0,3,False,0,0,0
645,Fer López,,MID,20,Wolves,,18,,,,,0,0,0,0,0,0,0,0,0,0,0,0,0,0,0.0,0.0,0.0,0.0,0.0,0.0,0.0,0.0,0,0,3,False,0,0,0
646,Gomes,,MID,20,Wolves,,18,,,,,90,4,0,0,0,2,0,0,0,0,0,0,0,21,17.4,13.6,2.0,3.3,0.0,0.02,0.02,1.54,5,18,3,False,9,1,4
647,Guedes,,MID,20,Wolves,,18,,,,,0,0,0,0,0,0,0,0,0,0,0,0,0,0,0.0,0.0,0.0,0.0,0.0,0.0,0.0,0.0,0,0,3,False,0,0,0
648,Munetsi,,MID,20,Wolves,,18,,,,,0,0,0,0,0,0,0,0,0,0,0,0,0,0,0.0,0.0,0.0,0.0,0.0,0.0,0.0,0.0,0,0,3,False,0,0,0
649,B.Traore,,MID,20,Wolves,,18,,,,,0,0,0,0,0,0,0,0,0,0,0,0,0,0,0.0,0.0,0.0,0.0,0.0,0.0,0.0,0.0,0,0,3,False,0,0,0
650,Chirewa,,MID,20,Wolves,,18,,,,,0,0,0,0,0,0,0,0,0,0,0,0,0,0,0.0,0.0,0.0,0.0,0.0,0.0,0.0,0.0,0,0,3,False,0,0,0
651,Edozie,,MID,20,Wolves,,18,,,,,0,0,0,0,0,0,0,0,0,0,0,0,0,0,0.0,0.0,0.0,0.0,0.0,0.0,0.0,0.0,0,0,3,False,0,0,0
652,Gonzalez,,MID,20,Wolves,,18,,,,,0,0,0,0,0,0,0,0,0,0,0,0,0,0,0.0,0.0,0.0,0.0,0.0,0.0,0.0,0.0,0,0,3,False,0,0,0
653,Hodge,,MID,20,Wolves,,18,,,,,0,0,0,0,0,0,0,0,0,0,0,0,0,0,0.0,0.0,0.0,0.0,0.0,0.0,0.0,0.0,0,0,3,False,0,0,0
654,Strand Larsen,,FWD,20,Wolves,,18,,,,,28,1,0,0,0,0,0,0,0,0,0,0,0,3,0.0,0.5,2.0,0.3,0.0,0.01,0.01,0.33,0,0,4,False,0,0,0
655,Fábio Silva,,FWD,20,Wolves,,18,,,,,0,0,0,0,0,0,0,0,0,0,0,0,0,0,0.0,0.0,0.0,0.0,0.0,0.0,0.0,0.0,0,0,4,False,0,0,0
656,Kalajdžić,,FWD,20,Wolves,,18,,,,,0,0,0,0,0,0,0,0,0,0,0,0,0,0,0.0,0.0,0.0,0.0,0.0,0.0,0.0,0.0,0,0,4,False,0,0,0
657,Chiwome,,FWD,20,Wolves,,18,,,,,0,0,0,0,0,0,0,0,0,0,0,0,0,0,0.0,0.0,0.0,0.0,0.0,0.0,0.0,0.0,0,0,4,False,0,0,0
658,Fraser,,FWD,20,Wolves,,18,,,,,0,0,0,0,0,0,0,0,0,0,0,0,0,0,0.0,0.0,0.0,0.0,0.0,0.0,0.0,0.0,0,0,4,False,0,0,0
659,Walker-Peters,,DEF,19,West Ham,,18,,,,,90,2,0,0,0,1,0,0,0,0,0,0,0,15,24.8,4.6,0.0,2.9,0.0,0.08,0.08,1.62,4,9,2,False,4,1,5
660,Stach,,MID,11,Leeds,,18,,,,,90,4,0,0,0,1,0,0,0,0,0,0,0,24,29.6,56.9,18.0,10.5,0.14,0.52,0.66,0.7,3,13,3,False,5,1,5
661,Ekitiké,,FWD,12,Liverpool,,18,,,,,85,5,0,1,0,1,0,0,0,0,0,0,0,19,19.8,19.5,21.0,6.0,0.27,0.36,0.63,1.07,1,3,4,False,1,1,1
662,Mosquera,,DEF,1,Arsenal,,18,,,,,0,0,0,0,0,0,0,0,0,0,0,0,0,0,0.0,0.0,0.0,0.0,0.0,0.0,0.0,0.0,0,0,2,False,0,0,0
663,J.Arias,,MID,20,Wolves,,18,,,,,11,1,0,0,0,0,0,0,0,0,0,0,0,0,0.0,1.3,0.0,0.1,0.0,0.01,0.01,0.03,1,2,3,False,1,0,0
664,Lecomte,,GK,10,Fulham,,18,,,,,0,0,0,0,0,0,0,0,0,0,0,0,0,0,0.0,0.0,0.0,0.0,0.0,0.0,0.0,0.0,0,0,1,False,0,0,0
665,Perri,,GK,11,Leeds,,18,,,,,90,2,0,0,0,1,0,0,0,0,0,2,0,11,22.4,0.0,0.0,2.2,0.0,0.0,0.0,0.7,0,0,1,False,5,1,0
666,Gyökeres,,FWD,1,Arsenal,,18,,,,,70,2,0,0,0,1,0,0,0,0,0,0,0,5,5.0,0.7,40.0,4.6,0.6,0.01,0.61,0.54,1,2,4,False,1,1,0
667,Aznou,,DEF,9,Everton,,18,,,,,0,0,0,0,0,0,0,0,0,0,0,0,0,0,0.0,0.0,0.0,0.0,0.0,0.0,0.0,0.0,0,0,2,False,0,0,0
668,Xhaka,,MID,17,Sunderland,,18,,,,,90,6,0,1,0,1,0,0,0,0,0,0,1,26,32.0,39.3,2.0,7.3,0.0,0.18,0.18,2.17,2,6,3,False,3,1,1
669,Ndoye,,MID,16,Nott'm Forest,,18,,,,,0,0,0,0,0,0,0,0,0,0,0,0,0,0,0.0,0.0,0.0,0.0,0.0,0.0,0.0,0.0,0,0,3,False,0,0,0
670,Roefs,,GK,17,Sunderland,,18,,,,,90,3,0,0,0,1,0,0,0,0,0,4,0,20,29.0,0.0,0.0,2.9,0.0,0.0,0.0,2.17,0,0,1,False,12,1,0
671,Wilson,,FWD,19,West Ham,,18,,,,,34,1,0,0,0,1,0,0,0,0,0,0,0,0,0.0,1.3,12.0,1.2,0.3,0.0,0.3,1.07,0,1,4,False,0,0,1
672,Hato,,DEF,7,Chelsea,,18,,,,,0,0,0,0,0,0,0,0,0,0,0,0,0,0,0.0,0.0,0.0,0.0,0.0,0.0,0.0,0.0,0,0,2,False,0,0,0
673,J.Palhinha,,MID,18,Spurs,,18,,,,,27,1,0,0,0,0,0,0,0,0,0,0,0,6,13.4,2.3,0.0,1.6,0.0,0.01,0.01,0.49,3,7,3,False,2,0,2
674,Ramsdale,,GK,15,Newcastle,,18,,,,,90,3,0,0,0,1,0,0,0,0,0,3,0,12,23.6,0.0,0.0,2.4,0.0,0.0,0.0,1.27,0,0,1,False,6,1,0
675,Gunn,,GK,16,Nott'm Forest,,18,,,,,0,0,0,0,0,0,0,0,0,0,0,0,0,0,0.0,0.0,0.0,0.0,0.0,0.0,0.0,0.0,0,0,1,False,0,0,0
676,Ugochukwu,,MID,3,Burnley,,18,,,,,90,3,0,0,1,0,0,0,0,0,0,0,0,11,14.0,3.4,6.0,2.3,0.07,0.02,0.09,0.85,2,11,3,False,7,1,2
677,Guessand,,MID,2,Aston Villa,,18,,,,,0,0,0,0,0,0,0,0,0,0,0,0,0,0,0.0,0.0,0.0,0.0,0.0,0.0,0.0,0.0,0,0,3,False,0,0,0
678,Masuaku,,DEF,17,Sunderland,,18,,,,,0,0,0,0,0,0,0,0,0,0,0,0,0,0,0.0,0.0,0.0,0.0,0.0,0.0,0.0,0.0,0,0,2,False,0,0,0
679,Hermansen,,GK,19,West Ham,,18,,,,,0,0,0,0,0,0,0,0,0,0,0,0,0,0,0.0,0.0,0.0,0.0,0.0,0.0,0.0,0.0,0,0,1,False,0,0,0
680,Broja,,FWD,3,Burnley,,18,,,,,87,2,0,0,1,0,0,0,0,0,0,0,0,3,1.6,12.3,23.0,3.7,0.43,0.01,0.44,0.8,1,3,4,False,2,1,0
681,Šeško,,FWD,14,Man Utd,,18,,,,,59,1,0,0,0,0,0,0,0,0,0,0,0,3,7.6,11.7,12.0,3.1,0.28,0.0,0.28,0.22,3,7,4,False,3,1,1
682,Møller Wolfe,,DEF,20,Wolves,,18,,,,,28,1,0,0,0,0,0,0,0,0,0,0,0,3,0.6,1.0,0.0,0.2,0.0,0.01,0.01,0.33,0,0,2,False,0,0,0
683,Alderete,,DEF,17,Sunderland,,18,,,,,90,4,0,0,0,1,0,0,0,0,0,0,0,10,35.2,0.3,9.0,4.5,0.05,0.0,0.04,2.17,13,15,2,False,5,1,2
684,Thiaw,,DEF,15,Newcastle,,18,,,,,90,2,0,0,0,1,0,0,0,0,0,0,0,16,17.8,13.2,7.0,3.8,0.03,0.02,0.05,1.27,6,8,2,False,9,1,2
685,Diakité,,DEF,4,Bournemouth,,18,,,,,45,0,0,0,0,2,0,0,0,0,0,0,0,-2,9.6,0.0,0.0,1.0,0.0,0.0,0.0,1.53,6,7,2,False,0,1,1
686,Ngumoha,,MID,12,Liverpool,,18,,,,,0,0,0,0,0,0,0,0,0,0,0,0,0,0,0.0,0.0,0.0,0.0,0.0,0.0,0.0,0.0,0,0,3,False,0,0,0
687,Rees-Dottin,,MID,4,Bournemouth,,18,,,,,0,0,0,0,0,0,0,0,0,0,0,0,0,0,0.0,0.0,0.0,0.0,0.0,0.0,0.0,0.0,0,0,3,False,0,0,0
688,Wright,,GK,2,Aston Villa,,18,,,,,0,0,0,0,0,0,0,0,0,0,0,0,0,0,0.0,0.0,0.0,0.0,0.0,0.0,0.0,0.0,0,0,1,False,0,0,0
689,Seung soo,,MID,15,Newcastle,,18,,,,,0,0,0,0,0,0,0,0,0,0,0,0,0,0,0.0,0.0,0.0,0.0,0.0,0.0,0.0,0.0,0,0,3,False,0,0,0
690,Cardines,,MID,8,Crystal Palace,,18,,,,,0,0,0,0,0,0,0,0,0,0,0,0,0,0,0.0,0.0,0.0,0.0,0.0,0.0,0.0,0.0,0,0,3,False,0,0,0
691,Calvert-Lewin,,FWD,11,Leeds,,18,,,,,84,8,1,0,0,1,0,0,0,0,0,0,2,32,36.2,14.0,50.0,10.0,0.4,0.1,0.5,0.7,0,1,4,False,0,1,1
692,Leoni,,DEF,12,Liverpool,,18,,,,,0,0,0,0,0,0,0,0,0,0,0,0,0,0,0.0,0.0,0.0,0.0,0.0,0.0,0.0,0.0,0,0,2,False,0,0,0
693,Hutchinson,,MID,16,Nott'm Forest,,18,,,,,90,9,1,0,0,2,0,0,0,0,0,0,2,32,38.2,7.3,17.0,6.3,0.3,0.06,0.36,1.45,0,7,3,False,6,1,1
694,Mukiele,,DEF,17,Sunderland,,18,,,,,90,4,0,0,0,1,0,0,0,0,0,0,0,17,32.6,1.5,21.0,5.5,0.01,0.03,0.04,2.17,12,14,2,False,4,1,2
695,Tchatchoua,,DEF,20,Wolves,,18,,,,,28,1,0,0,0,0,0,0,0,0,0,0,0,5,9.8,14.8,0.0,2.5,0.0,0.08,0.08,0.33,1,3,2,False,3,0,2
696,Kalimuendo,,FWD,16,Nott'm Forest,,18,,,,,0,0,0,0,0,0,0,0,0,0,0,0,0,0,0.0,0.0,0.0,0.0,0.0,0.0,0.0,0.0,0,0,4,False,0,0,0
697,Adli,,MID,4,Bournemouth,,18,,,,,6,1,0,0,0,1,0,0,0,0,0,0,0,7,5.8,0.4,7.0,1.3,0.03,0.0,0.03,0.67,0,1,3,False,0,0,1
698,Okafor,,MID,11,Leeds,,18,,,,,72,2,0,0,0,1,0,0,0,0,0,0,0,7,5.0,30.8,12.0,4.8,0.22,0.08,0.3,0.58,1,3,3,False,2,1,0
699,Douglas Luiz,,MID,16,Nott'm Forest,,18,,,,,0,0,0,0,0,0,0,0,0,0,0,0,0,0,0.0,0.0,0.0,0.0,0.0,0.0,0.0,0.0,0,0,3,False,0,0,0
700,Dowman,,MID,1,Arsenal,,18,,,,,0,0,0,0,0,0,0,0,0,0,0,0,0,0,0.0,0.0,0.0,0.0,0.0,0.0,0.0,0.0,0,0,3,False,0,0,0
701,Rowe,,DEF,2,Aston Villa,,18,,,,,0,0,0,0,0,0,0,0,0,0,0,0,0,0,0.0,0.0,0.0,0.0,0.0,0.0,0.0,0.0,0,0,2,False,0,0,0
702,Burrowes,,MID,2,Aston Villa,,18,,,,,0,0,0,0,0,0,0,0,0,0,0,0,0,0,0.0,0.0,0.0,0.0,0.0,0.0,0.0,0.0,0,0,3,False,0,0,0
703,Proctor,,GK,2,Aston Villa,,18,,,,,0,0,0,0,0,0,0,0,0,0,0,0,0,0,0.0,0.0,0.0,0.0,0.0,0.0,0.0,0.0,0,0,1,False,0,0,0
704,Onyango,,MID,9,Everton,,18,,,,,0,0,0,0,0,0,0,0,0,0,0,0,0,0,0.0,0.0,0.0,0.0,0.0,0.0,0.0,0.0,0,0,3,False,0,0,0
705,Campbell,,DEF,9,Everton,,18,,,,,0,0,0,0,0,0,0,0,0,0,0,0,0,0,0.0,0.0,0.0,0.0,0.0,0.0,0.0,0.0,0,0,2,False,0,0,0
706,Justin,,DEF,11,Leeds,,18,,,,,0,0,0,0,0,0,0,0,0,0,0,0,0,0,0.0,0.0,0.0,0.0,0.0,0.0,0.0,0.0,0,0,2,False,0,0,0
707,Dibling,,MID,9,Everton,,18,,,,,87,2,0,0,1,0,0,0,0,1,0,0,0,9,9.6,28.7,13.0,5.1,0.12,0.06,0.18,1.39,3,5,3,False,2,1,0
708,M.Fernandes,,MID,19,West Ham,,18,,,,,90,2,0,0,0,1,0,0,0,0,0,0,0,20,22.4,18.8,2.0,4.3,0.0,0.08,0.08,1.62,2,11,3,False,5,1,4
709,Krejčí,,DEF,20,Wolves,,18,,,,,90,1,0,0,0,2,0,0,0,0,0,0,0,7,15.0,11.9,0.0,2.7,0.0,0.07,0.07,1.54,4,5,2,False,3,1,1
710,Patterson,,DEF,2,Aston Villa,,18,,,,,0,0,0,0,0,0,0,0,0,0,0,0,0,0,0.0,0.0,0.0,0.0,0.0,0.0,0.0,0.0,0,0,2,False,0,0,0
711,Harriman-Annous,,MID,1,Arsenal,,18,,,,,0,0,0,0,0,0,0,0,0,0,0,0,0,0,0.0,0.0,0.0,0.0,0.0,0.0,0.0,0.0,0,0,3,False,0,0,0
712,Yeremy,,MID,8,Crystal Palace,,18,,,,,76,4,0,0,0,1,0,0,0,0,0,0,0,11,11.0,17.8,8.0,3.7,0.07,0.08,0.15,0.55,1,13,3,False,9,1,3
713,A.Jimenez,,DEF,4,Bournemouth,,18,,,,,90,3,0,1,0,4,0,0,0,0,0,0,0,2,12.2,1.1,13.0,2.6,0.05,0.02,0.07,3.66,1,4,2,False,6,1,3
714,Woltemade,,FWD,15,Newcastle,,18,,,,,67,2,0,0,0,1,0,0,0,0,0,0,0,3,3.2,2.2,8.0,1.3,0.0,0.01,0.01,0.69,2,2,4,False,0,1,0
715,John,,GK,16,Nott'm Forest,,18,,,,,90,2,0,0,0,2,0,0,0,0,0,3,0,9,26.6,0.0,0.0,2.7,0.0,0.0,0.0,1.45,0,0,1,False,6,1,0
716,Savona,,DEF,16,Nott'm Forest,,18,,,,,90,1,0,0,0,2,0,0,0,0,0,0,0,2,16.6,19.3,6.0,4.2,0.08,0.05,0.13,1.45,3,4,2,False,1,1,1
717,Xavi,,MID,18,Spurs,,18,,,,,0,0,0,0,0,0,0,0,0,0,0,0,0,0,0.0,0.0,0.0,0.0,0.0,0.0,0.0,0.0,0,0,3,False,0,0,0
718,S.Magassa,,MID,19,West Ham,,18,,,,,82,5,0,0,1,0,0,0,0,0,0,0,0,29,19.0,12.4,8.0,3.9,0.0,0.2,0.2,0.89,4,13,3,False,4,1,5
719,Lindelöf,,DEF,2,Aston Villa,,18,,,,,90,2,0,0,0,1,0,0,0,0,0,0,0,11,18.6,0.3,0.0,1.9,0.0,0.0,0.0,2.14,7,8,2,False,1,1,1
720,Tolu,,FWD,20,Wolves,,18,,,,,90,5,0,1,0,2,0,0,0,0,0,0,0,11,4.4,23.2,31.0,5.9,0.33,0.02,0.35,1.54,1,3,4,False,2,1,0
721,Milosavljević,,DEF,4,Bournemouth,,18,,,,,0,0,0,0,0,0,0,0,0,0,0,0,0,0,0.0,0.0,0.0,0.0,0.0,0.0,0.0,0.0,0,0,2,False,0,0,0
722,Florentino,,MID,3,Burnley,,18,,,,,37,1,0,0,0,0,0,0,0,0,0,0,0,6,11.2,11.4,2.0,2.5,0.04,0.07,0.11,0.57,4,9,3,False,2,0,3
723,Canvot,,DEF,8,Crystal Palace,,18,,,,,0,0,0,0,0,0,0,0,0,0,0,0,0,0,0.0,0.0,0.0,0.0,0.0,0.0,0.0,0.0,0,0,2,False,0,0,0
724,Geertruida,,DEF,17,Sunderland,,18,,,,,90,2,0,0,0,1,0,0,0,0,0,0,0,12,15.4,2.6,0.0,1.8,0.0,0.02,0.02,2.17,4,6,2,False,1,1,2
725,Hincapie,,DEF,1,Arsenal,,18,,,,,90,1,0,0,0,1,0,0,0,1,0,0,0,10,11.8,2.9,2.0,1.7,0.0,0.01,0.01,0.85,2,6,2,False,3,1,4
726,Kolo Muani,,FWD,18,Spurs,,18,,,,,62,2,0,0,1,0,0,0,0,0,0,0,0,5,5.4,11.3,4.0,2.1,0.0,0.26,0.26,0.83,1,5,4,False,3,1,1
727,Chukwueze,,MID,10,Fulham,,18,,,,,0,0,0,0,0,0,0,0,0,0,0,0,0,0,0.0,0.0,0.0,0.0,0.0,0.0,0.0,0.0,0,0,3,False,0,0,0
728,Röhl,,MID,9,Everton,,18,,,,,21,1,0,0,0,0,0,0,0,0,0,0,0,2,6.2,0.0,0.0,0.6,0.0,0.0,0.0,0.31,2,5,3,False,1,0,2
729,Cuiabano,,DEF,16,Nott'm Forest,,18,,,,,0,0,0,0,0,0,0,0,0,0,0,0,0,0,0.0,0.0,0.0,0.0,0.0,0.0,0.0,0.0,0,0,2,False,0,0,0
730,Brobbey,,FWD,17,Sunderland,,18,,,,,67,2,0,0,0,1,0,0,0,0,0,0,0,-2,0.0,1.7,11.0,0.8,0.41,0.0,0.41,1.91,0,0,4,False,0,1,0
731,Kevin,,MID,10,Fulham,,18,,,,,68,3,0,0,1,0,0,0,0,0,0,0,0,2,3.0,3.3,17.0,2.3,0.08,0.02,0.1,0.73,0,2,3,False,2,1,0
732,Uche,,FWD,8,Crystal Palace,,18,,,,,13,1,0,0,0,0,0,0,0,0,0,0,0,1,0.0,0.2,8.0,0.6,0.02,0.0,0.02,0.29,0,0,4,False,0,0,0
733,Lammens,,GK,14,Man Utd,,18,,,,,90,9,0,0,1,0,0,0,0,0,0,3,2,31,25.6,0.0,0.0,2.6,0.0,0.0,0.0,1.18,0,0,1,False,10,1,0
734,Bakwa,,MID,16,Nott'm Forest,,18,,,,,1,1,0,0,0,0,0,0,0,0,0,0,0,3,0.2,0.1,0.0,0.0,0.0,0.0,0.0,0.0,0,0,3,False,0,0,0
735,Traoré,,MID,17,Sunderland,,18,,,,,0,0,0,0,0,0,0,0,0,0,0,0,0,0,0.0,0.0,0.0,0.0,0.0,0.0,0.0,0.0,0,0,3,False,0,0,0
736,Donnarumma,,GK,13,Man City,,18,,,,,90,2,0,0,0,1,0,0,0,0,0,1,0,5,6.8,0.0,0.0,0.7,0.0,0.0,0.0,0.55,2,0,1,False,2,1,0
737,Kusi-Asare,,FWD,10,Fulham,,18,,,,,0,0,0,0,0,0,0,0,0,0,0,0,0,0,0.0,0.0,0.0,0.0,0.0,0.0,0.0,0.0,0,0,4,False,0,0,0
738,Fabianski,,GK,19,West Ham,,18,,,,,0,0,0,0,0,0,0,0,0,0,0,0,0,0,0.0,0.0,0.0,0.0,0.0,0.0,0.0,0.0,0,0,1,False,0,0,0
739,Mukasa,,MID,13,Man City,,18,,,,,0,0,0,0,0,0,0,0,0,0,0,0,0,0,0.0,0.0,0.0,0.0,0.0,0.0,0.0,0.0,0,0,3,False,0,0,0
740,Mfuni,,DEF,13,Man City,,18,,,,,0,0,0,0,0,0,0,0,0,0,0,0,0,0,0.0,0.0,0.0,0.0,0.0,0.0,0.0,0.0,0,0,2,False,0,0,0
741,Gray,,FWD,11,Leeds,,18,,,,,0,0,0,0,0,0,0,0,0,0,0,0,0,0,0.0,0.0,0.0,0.0,0.0,0.0,0.0,0.0,0,0,4,False,0,0,0
742,McAidoo,,MID,13,Man City,,18,,,,,0,0,0,0,0,0,0,0,0,0,0,0,0,0,0.0,0.0,0.0,0.0,0.0,0.0,0.0,0.0,0,0,3,False,0,0,0
743,Emenalo,,MID,7,Chelsea,,18,,,,,0,0,0,0,0,0,0,0,0,0,0,0,0,0,0.0,0.0,0.0,0.0,0.0,0.0,0.0,0.0,0,0,3,False,0,0,0
744,Oriola,,MID,6,Brighton,,18,,,,,0,0,0,0,0,0,0,0,0,0,0,0,0,0,0.0,0.0,0.0,0.0,0.0,0.0,0.0,0.0,0,0,3,False,0,0,0
745,Byfield,,DEF,18,Spurs,,18,,,,,0,0,0,0,0,0,0,0,0,0,0,0,0,0,0.0,0.0,0.0,0.0,0.0,0.0,0.0,0.0,0,0,2,False,0,0,0
746,Morrison,,MID,12,Liverpool,,18,,,,,0,0,0,0,0,0,0,0,0,0,0,0,0,0,0.0,0.0,0.0,0.0,0.0,0.0,0.0,0.0,0,0,3,False,0,0,0
747,Mayers,,DEF,19,West Ham,,18,,,,,0,0,0,0,0,0,0,0,0,0,0,0,0,0,0.0,0.0,0.0,0.0,0.0,0.0,0.0,0.0,0,0,2,False,0,0,0
748,Dasilva,,MID,5,Brentford,,18,,,,,0,0,0,0,0,0,0,0,0,0,0,0,0,0,0.0,0.0,0.0,0.0,0.0,0.0,0.0,0.0,0,0,3,False,0,0,0
749,Mané,,FWD,20,Wolves,,18,,,,,90,2,0,0,0,2,0,0,0,0,0,0,0,1,4.2,1.4,18.0,2.4,0.07,0.01,0.08,1.54,2,3,4,False,1,1,0
750,Rowswell,,DEF,18,Spurs,,18,,,,,0,0,0,0,0,0,0,0,0,0,0,0,0,0,0.0,0.0,0.0,0.0,0.0,0.0,0.0,0.0,0,0,2,False,0,0,0
751,Akhamrich,,MID,18,Spurs,,18,,,,,0,0,0,0,0,0,0,0,0,0,0,0,0,0,0.0,0.0,0.0,0.0,0.0,0.0,0.0,0.0,0,0,3,False,0,0,0
752,Golambeckis,,DEF,19,West Ham,,18,,,,,0,0,0,0,0,0,0,0,0,0,0,0,0,0,0.0,0.0,0.0,0.0,0.0,0.0,0.0,0.0,0,0,2,False,0,0,0
753,Ruddy,,GK,15,Newcastle,,18,,,,,0,0,0,0,0,0,0,0,0,0,0,0,0,0,0.0,0.0,0.0,0.0,0.0,0.0,0.0,0.0,0,0,1,False,0,0,0
754,George Hemmings,,MID,2,Aston Villa,,18,,,,,0,0,0,0,0,0,0,0,0,0,0,0,0,0,0.0,0.0,0.0,0.0,0.0,0.0,0.0,0.0,0,0,3,False,0,0,0
755,Lacey,,MID,14,Man Utd,,18,,,,,0,0,0,0,0,0,0,0,0,0,0,0,0,0,0.0,0.0,0.0,0.0,0.0,0.0,0.0,0.0,0,0,3,False,0,0,0
756,DaCosta,,MID,4,Bournemouth,,18,,,,,0,0,0,0,0,0,0,0,0,0,0,0,0,0,0.0,0.0,0.0,0.0,0.0,0.0,0.0,0.0,0,0,3,False,0,0,0
757,Hollingshead,,GK,2,Aston Villa,,18,,,,,0,0,0,0,0,0,0,0,0,0,0,0,0,0,0.0,0.0,0.0,0.0,0.0,0.0,0.0,0.0,0,0,1,False,0,0,0
758,Mohamadou Kanté,,MID,19,West Ham,,18,,,,,0,0,0,0,0,0,0,0,0,0,0,0,0,0,0.0,0.0,0.0,0.0,0.0,0.0,0.0,0.0,0,0,3,False,0,0,0
759,Salmon,,DEF,1,Arsenal,,18,,,,,0,0,0,0,0,0,0,0,0,0,0,0,0,0,0.0,0.0,0.0,0.0,0.0,0.0,0.0,0.0,0,0,2,False,0,0,0
760,Lucky,,DEF,12,Liverpool,,18,,,,,0,0,0,0,0,0,0,0,0,0,0,0,0,0,0.0,0.0,0.0,0.0,0.0,0.0,0.0,0.0,0,0,2,False,0,0,0
761,Simmonds,,DEF,6,Brighton,,18,,,,,0,0,0,0,0,0,0,0,0,0,0,0,0,0,0.0,0.0,0.0,0.0,0.0,0.0,0.0,0.0,0,0,2,False,0,0,0
762,Drakes-Thomas,,MID,8,Crystal Palace,,18,,,,,0,0,0,0,0,0,0,0,0,0,0,0,0,0,0.0,0.0,0.0,0.0,0.0,0.0,0.0,0.0,0,0,3,False,0,0,0
763,Gray,,MID,13,Man City,,18,,,,,0,0,0,0,0,0,0,0,0,0,0,0,0,0,0.0,0.0,0.0,0.0,0.0,0.0,0.0,0.0,0,0,3,False,0,0,0
764,Heskey,,MID,13,Man City,,18,,,,,0,0,0,0,0,0,0,0,0,0,0,0,0,0,0.0,0.0,0.0,0.0,0.0,0.0,0.0,0.0,0,0,3,False,0,0,0
765,Shahar,,DEF,15,Newcastle,,18,,,,,0,0,0,0,0,0,0,0,0,0,0,0,0,0,0.0,0.0,0.0,0.0,0.0,0.0,0.0,0.0,0,0,2,False,0,0,0
766,Olagunju,,DEF,20,Wolves,,18,,,,,0,0,0,0,0,0,0,0,0,0,0,0,0,0,0.0,0.0,0.0,0.0,0.0,0.0,0.0,0.0,0,0,2,False,0,0,0
767,Rawlings,,MID,20,Wolves,,18,,,,,0,0,0,0,0,0,0,0,0,0,0,0,0,0,0.0,0.0,0.0,0.0,0.0,0.0,0.0,0.0,0,0,3,False,0,0,0
768,Leon Routh,,DEF,2,Aston Villa,,18,,,,,0,0,0,0,0,0,0,0,0,0,0,0,0,0,0.0,0.0,0.0,0.0,0.0,0.0,0.0,0.0,0,0,2,False,0,0,0
769,Bendito Mantato,,MID,14,Man Utd,,18,,,,,0,0,0,0,0,0,0,0,0,0,0,0,0,0,0.0,0.0,0.0,0.0,0.0,0.0,0.0,0.0,0,0,3,False,0,0,0
770,Ridgeon,,MID,10,Fulham,,18,,,,,0,0,0,0,0,0,0,0,0,0,0,0,0,0,0.0,0.0,0.0,0.0,0.0,0.0,0.0,0.0,0,0,3,False,0,0,0
771,Fletcher,,MID,14,Man Utd,,18,,,,,0,0,0,0,0,0,0,0,0,0,0,0,0,0,0.0,0.0,0.0,0.0,0.0,0.0,0.0,0.0,0,0,3,False,0,0,0
772,Alabi,,MID,15,Newcastle,,18,,,,,0,0,0,0,0,0,0,0,0,0,0,0,0,0,0.0,0.0,0.0,0.0,0.0,0.0,0.0,0.0,0,0,3,False,0,0,0
773,Benamar,,DEF,8,Crystal Palace,,18,,,,,0,0,0,0,0,0,0,0,0,0,0,0,0,0,0.0,0.0,0.0,0.0,0.0,0.0,0.0,0.0,0,0,2,False,0,0,0
774,Jenson Jones,,DEF,17,Sunderland,,18,,,,,0,0,0,0,0,0,0,0,0,0,0,0,0,0,0.0,0.0,0.0,0.0,0.0,0.0,0.0,0.0,0,0,2,False,0,0,0
775,Tutierov,,MID,17,Sunderland,,18,,,,,0,0,0,0,0,0,0,0,0,0,0,0,0,0,0.0,0.0,0.0,0.0,0.0,0.0,0.0,0.0,0,0,3,False,0,0,0
1,Raya,,GK,1,Arsenal,,2,,,,,90,6,0,0,1,0,0,0,0,0,0,1,0,28,13.4,0.0,0.0,1.3,0.0,0.0,0.0,0.17,0,0,1,False,3,1,0
2,Arrizabalaga,,GK,1,Arsenal,,2,,,,,0,0,0,0,0,0,0,0,0,0,0,0,0,0,0.0,0.0,0.0,0.0,0.0,0.0,0.0,0.0,0,0,1,False,0,0,0
3,Hein,,GK,1,Arsenal,,2,,,,,0,0,0,0,0,0,0,0,0,0,0,0,0,0,0.0,0.0,0.0,0.0,0.0,0.0,0.0,0.0,0,0,1,False,0,0,0
4,Setford,,GK,1,Arsenal,,2,,,,,0,0,0,0,0,0,0,0,0,0,0,0,0,0,0.0,0.0,0.0,0.0,0.0,0.0,0.0,0.0,0,0,1,False,0,0,0
5,Gabriel,,DEF,1,Arsenal,,2,,,,,90,6,0,0,1,0,0,0,0,0,0,0,0,26,13.4,3.3,6.0,2.3,0.04,0.01,0.05,0.17,3,3,2,False,4,1,0
6,Saliba,,DEF,1,Arsenal,,2,,,,,90,6,0,0,1,0,0,0,0,0,0,0,0,27,18.4,2.1,2.0,2.3,0.0,0.01,0.01,0.17,5,5,2,False,4,1,0
7,Calafiori,,DEF,1,Arsenal,,2,,,,,63,13,0,2,1,0,0,0,0,0,0,0,1,38,38.0,21.4,22.0,8.1,0.39,0.01,0.4,0.17,1,1,2,True,1,1,0
8,J.Timber,,DEF,1,Arsenal,,2,,,,,63,24,2,1,1,0,0,0,0,0,0,0,3,68,95.0,28.5,75.0,19.9,0.81,0.05,0.86,0.17,2,6,2,True,1,1,4
9,Kiwior,,DEF,1,Arsenal,,2,,,,,0,0,0,0,0,0,0,0,0,0,0,0,0,0,0.0,0.0,0.0,0.0,0.0,0.0,0.0,0.0,0,0,2,False,0,0,0
10,Lewis-Skelly,,DEF,1,Arsenal,,2,,,,,26,1,0,0,0,0,0,0,0,0,0,0,0,7,4.2,3.7,0.0,0.8,0.0,0.0,0.0,0.0,0,1,2,False,2,0,1
11,White,,DEF,1,Arsenal,,2,,,,,0,0,0,0,0,0,0,0,0,0,0,0,0,0,0.0,0.0,0.0,0.0,0.0,0.0,0.0,0.0,0,0,2,False,0,0,0
12,Zinchenko,,DEF,1,Arsenal,,2,,,,,0,0,0,0,0,0,0,0,0,0,0,0,0,0,0.0,0.0,0.0,0.0,0.0,0.0,0.0,0.0,0,0,2,False,0,0,0
13,Clarke,,DEF,1,Arsenal,,2,,,,,0,0,0,0,0,0,0,0,0,0,0,0,0,0,0.0,0.0,0.0,0.0,0.0,0.0,0.0,0.0,0,0,2,False,0,0,0
14,Kacurri,,DEF,1,Arsenal,,2,,,,,0,0,0,0,0,0,0,0,0,0,0,0,0,0,0.0,0.0,0.0,0.0,0.0,0.0,0.0,0.0,0,0,2,False,0,0,0
15,Nichols,,DEF,1,Arsenal,,2,,,,,0,0,0,0,0,0,0,0,0,0,0,0,0,0,0.0,0.0,0.0,0.0,0.0,0.0,0.0,0.0,0,0,2,False,0,0,0
16,Saka,,MID,1,Arsenal,,2,,,,,52,6,1,0,0,0,0,0,0,0,0,0,0,27,40.4,30.4,21.0,9.2,0.11,0.03,0.14,0.17,0,4,3,False,4,1,0
17,Ødegaard,,MID,1,Arsenal,,2,,,,,37,1,0,0,0,0,0,0,0,0,0,0,0,5,1.6,4.4,3.0,0.9,0.05,0.05,0.1,0.17,0,2,3,False,1,1,1
18,Madueke,,MID,1,Arsenal,,2,,,,,63,3,0,0,1,0,0,0,0,0,0,0,0,10,5.6,26.9,10.0,4.3,0.0,0.09,0.09,0.17,0,3,3,False,3,1,0
19,Martinelli,,MID,1,Arsenal,,2,,,,,0,0,0,0,0,0,0,0,0,0,0,0,0,0,0.0,0.0,0.0,0.0,0.0,0.0,0.0,0.0,0,0,3,False,0,0,0
20,Trossard,,MID,1,Arsenal,,2,,,,,37,1,0,0,0,0,0,0,0,0,0,0,0,4,5.4,21.5,4.0,3.1,0.07,0.03,0.1,0.0,0,0,3,False,0,0,0
21,Rice,,MID,1,Arsenal,,2,,,,,90,6,0,1,1,0,0,0,0,0,0,0,0,26,25.2,50.0,2.0,7.7,0.0,0.54,0.54,0.17,0,3,3,False,3,1,0
22,Merino,,MID,1,Arsenal,,2,,,,,0,0,0,0,0,0,0,0,0,0,0,0,0,0,0.0,0.0,0.0,0.0,0.0,0.0,0.0,0.0,0,0,3,False,0,0,0
23,Fábio Vieira,,MID,1,Arsenal,,2,,,,,0,0,0,0,0,0,0,0,0,0,0,0,0,0,0.0,0.0,0.0,0.0,0.0,0.0,0.0,0.0,0,0,3,False,0,0,0
24,Nørgaard,,MID,1,Arsenal,,2,,,,,0,0,0,0,0,0,0,0,0,0,0,0,0,0,0.0,0.0,0.0,0.0,0.0,0.0,0.0,0.0,0,0,3,False,0,0,0
25,Nwaneri,,MID,1,Arsenal,,2,,,,,52,1,0,0,0,0,0,0,0,0,0,0,0,3,5.6,1.8,5.0,1.2,0.02,0.01,0.03,0.0,0,4,3,False,3,0,1
26,Zubimendi,,MID,1,Arsenal,,2,,,,,90,3,0,0,1,0,0,0,0,0,0,0,0,12,6.4,6.9,1.0,1.4,0.02,0.02,0.04,0.17,1,8,3,False,5,1,2
27,Nelson,,MID,1,Arsenal,,2,,,,,0,0,0,0,0,0,0,0,0,0,0,0,0,0,0.0,0.0,0.0,0.0,0.0,0.0,0.0,0.0,0,0,3,False,0,0,0
28,Kabia,,MID,1,Arsenal,,2,,,,,0,0,0,0,0,0,0,0,0,0,0,0,0,0,0.0,0.0,0.0,0.0,0.0,0.0,0.0,0.0,0,0,3,False,0,0,0
29,Sambi,,MID,1,Arsenal,,2,,,,,0,0,0,0,0,0,0,0,0,0,0,0,0,0,0.0,0.0,0.0,0.0,0.0,0.0,0.0,0.0,0,0,3,False,0,0,0
30,Havertz,,FWD,1,Arsenal,,2,,,,,0,0,0,0,0,0,0,0,0,0,0,0,0,0,0.0,0.0,0.0,0.0,0.0,0.0,0.0,0.0,0,0,4,False,0,0,0
31,G.Jesus,,FWD,1,Arsenal,,2,,,,,0,0,0,0,0,0,0,0,0,0,0,0,0,0,0.0,0.0,0.0,0.0,0.0,0.0,0.0,0.0,0,0,4,False,0,0,0
32,Martinez,,GK,2,Aston Villa,,2,,,,,90,2,0,0,0,1,0,0,0,0,0,1,0,15,12.8,0.0,0.0,1.3,0.0,0.01,0.01,1.21,0,0,1,False,10,1,0
33,M.Bizot,,GK,2,Aston Villa,,2,,,,,0,0,0,0,0,0,0,0,0,0,0,0,0,0,0.0,0.0,0.0,0.0,0.0,0.0,0.0,0.0,0,0,1,False,0,0,0
34,Gauci,,GK,2,Aston Villa,,2,,,,,0,0,0,0,0,0,0,0,0,0,0,0,0,0,0.0,0.0,0.0,0.0,0.0,0.0,0.0,0.0,0,0,1,False,0,0,0
35,Marschall,,GK,2,Aston Villa,,2,,,,,0,0,0,0,0,0,0,0,0,0,0,0,0,0,0.0,0.0,0.0,0.0,0.0,0.0,0.0,0.0,0,0,1,False,0,0,0
36,Cash,,DEF,2,Aston Villa,,2,,,,,90,2,0,0,0,1,0,0,0,0,0,0,0,18,20.4,25.4,4.0,5.0,0.0,0.23,0.23,1.21,3,6,2,False,5,1,3
37,Digne,,DEF,2,Aston Villa,,2,,,,,63,2,0,0,0,1,0,0,0,0,0,0,0,8,6.8,8.4,6.0,2.1,0.0,0.16,0.16,1.11,1,2,2,False,2,1,1
38,Konsa,,DEF,2,Aston Villa,,2,,,,,0,0,0,0,0,0,0,0,0,0,0,0,0,0,0.0,0.0,0.0,0.0,0.0,0.0,0.0,0.0,0,0,2,False,0,0,0
39,Maatsen,,DEF,2,Aston Villa,,2,,,,,26,1,0,0,0,0,0,0,0,0,0,0,0,10,10.6,15.4,2.0,2.8,0.02,0.06,0.08,0.11,3,4,2,False,2,0,1
40,Mings,,DEF,2,Aston Villa,,2,,,,,90,2,0,0,0,1,0,0,0,0,0,0,0,12,17.6,12.3,15.0,4.5,0.11,0.03,0.14,1.21,5,5,2,False,6,1,0
41,Pau,,DEF,2,Aston Villa,,2,,,,,90,2,0,0,0,1,0,0,0,0,0,0,0,8,17.0,5.8,9.0,3.2,0.07,0.13,0.2,1.21,1,3,2,False,8,1,2
42,A.García,,DEF,2,Aston Villa,,2,,,,,0,0,0,0,0,0,0,0,0,0,0,0,0,0,0.0,0.0,0.0,0.0,0.0,0.0,0.0,0.0,0,0,2,False,0,0,0
43,Alex Moreno,,DEF,2,Aston Villa,,2,,,,,0,0,0,0,0,0,0,0,0,0,0,0,0,0,0.0,0.0,0.0,0.0,0.0,0.0,0.0,0.0,0,0,2,False,0,0,0
44,Bogarde,,DEF,2,Aston Villa,,2,,,,,16,0,0,0,0,0,0,0,0,1,0,0,0,-3,0.0,2.3,2.0,0.3,0.0,0.03,0.03,0.11,0,0,2,False,0,0,0
45,Sousa,,DEF,2,Aston Villa,,2,,,,,0,0,0,0,0,0,0,0,0,0,0,0,0,0,0.0,0.0,0.0,0.0,0.0,0.0,0.0,0.0,0,0,2,False,0,0,0
46,Yasin,,DEF,2,Aston Villa,,2,,,,,0,0,0,0,0,0,0,0,0,0,0,0,0,0,0.0,0.0,0.0,0.0,0.0,0.0,0.0,0.0,0,0,2,False,0,0,0
47,Rogers,,MID,2,Aston Villa,,2,,,,,90,2,0,0,0,1,0,0,0,0,0,0,0,3,4.4,21.3,17.0,4.3,0.1,0.12,0.22,1.21,0,1,3,False,1,1,0
48,Tielemans,,MID,2,Aston Villa,,2,,,,,90,2,0,0,0,1,0,0,0,0,0,0,0,13,11.2,50.8,12.0,7.4,0.04,0.29,0.33,1.21,0,3,3,False,2,1,1
49,Bailey,,MID,2,Aston Villa,,2,,,,,0,0,0,0,0,0,0,0,0,0,0,0,0,0,0.0,0.0,0.0,0.0,0.0,0.0,0.0,0.0,0,0,3,False,0,0,0
50,Buendía,,MID,2,Aston Villa,,2,,,,,58,1,0,0,0,0,0,0,0,0,0,0,0,1,0.8,12.2,9.0,2.2,0.2,0.2,0.4,0.28,2,3,3,False,0,0,1
51,Iling Jr,,MID,2,Aston Villa,,2,,,,,0,0,0,0,0,0,0,0,0,0,0,0,0,0,0.0,0.0,0.0,0.0,0.0,0.0,0.0,0.0,0,0,3,False,0,0,0
52,J.Ramsey,,MID,15,Newcastle,,2,,,,,14,1,0,0,0,1,0,0,0,0,0,0,0,5,4.2,11.0,0.0,1.5,0.0,0.02,0.02,0.37,0,4,3,False,3,0,1
53,Malen,,MID,2,Aston Villa,,2,,,,,26,1,0,0,0,0,0,0,0,0,0,0,0,3,0.4,2.8,2.0,0.5,0.0,0.02,0.02,0.11,0,1,3,False,1,0,0
54,McGinn,,MID,2,Aston Villa,,2,,,,,73,2,0,0,0,1,0,0,0,0,0,0,0,14,17.6,31.1,15.0,6.4,0.05,0.12,0.17,1.11,2,4,3,False,2,1,0
55,Barkley,,MID,2,Aston Villa,,2,,,,,0,0,0,0,0,0,0,0,0,0,0,0,0,0,0.0,0.0,0.0,0.0,0.0,0.0,0.0,0.0,0,0,3,False,0,0,0
56,Barrenechea,,MID,2,Aston Villa,,2,,,,,0,0,0,0,0,0,0,0,0,0,0,0,0,0,0.0,0.0,0.0,0.0,0.0,0.0,0.0,0.0,0,0,3,False,0,0,0
57,Dobbin,,MID,2,Aston Villa,,2,,,,,0,0,0,0,0,0,0,0,0,0,0,0,0,0,0.0,0.0,0.0,0.0,0.0,0.0,0.0,0.0,0,0,3,False,0,0,0
58,Kamara,,MID,2,Aston Villa,,2,,,,,15,1,0,0,0,1,0,0,0,0,0,0,0,5,1.6,0.8,2.0,0.4,0.0,0.0,0.0,0.83,0,1,3,False,0,1,1
59,Onana,,MID,2,Aston Villa,,2,,,,,63,1,0,0,0,1,0,0,0,1,0,0,0,10,14.6,3.2,16.0,3.4,0.23,0.04,0.27,1.11,4,9,3,False,3,1,2
60,Broggio,,MID,2,Aston Villa,,2,,,,,0,0,0,0,0,0,0,0,0,0,0,0,0,0,0.0,0.0,0.0,0.0,0.0,0.0,0.0,0.0,0,0,3,False,0,0,0
61,Dendoncker,,MID,2,Aston Villa,,2,,,,,0,0,0,0,0,0,0,0,0,0,0,0,0,0,0.0,0.0,0.0,0.0,0.0,0.0,0.0,0.0,0,0,3,False,0,0,0
62,Jimoh-Aloba,,MID,2,Aston Villa,,2,,,,,0,0,0,0,0,0,0,0,0,0,0,0,0,0,0.0,0.0,0.0,0.0,0.0,0.0,0.0,0.0,0,0,3,False,0,0,0
63,Young,,MID,2,Aston Villa,,2,,,,,0,0,0,0,0,0,0,0,0,0,0,0,0,0,0.0,0.0,0.0,0.0,0.0,0.0,0.0,0.0,0,0,3,False,0,0,0
64,Watkins,,FWD,2,Aston Villa,,2,,,,,90,2,0,0,0,1,0,0,0,0,0,0,0,6,1.8,14.1,22.0,3.8,0.37,0.08,0.45,1.21,0,4,4,False,3,1,1
65,Redmond,,FWD,2,Aston Villa,,2,,,,,0,0,0,0,0,0,0,0,0,0,0,0,0,0,0.0,0.0,0.0,0.0,0.0,0.0,0.0,0.0,0,0,4,False,0,0,0
66,Neto,,GK,4,Bournemouth,,2,,,,,0,0,0,0,0,0,0,0,0,0,0,0,0,0,0.0,0.0,0.0,0.0,0.0,0.0,0.0,0.0,0,0,1,False,0,0,0
67,Petrović,,GK,4,Bournemouth,,2,,,,,90,6,0,0,1,0,0,0,0,0,0,1,0,23,11.4,0.0,0.0,1.1,0.0,0.0,0.0,0.46,2,0,1,False,5,1,0
68,Dennis,,GK,4,Bournemouth,,2,,,,,0,0,0,0,0,0,0,0,0,0,0,0,0,0,0.0,0.0,0.0,0.0,0.0,0.0,0.0,0.0,0,0,1,False,0,0,0
69,McKenna,,GK,4,Bournemouth,,2,,,,,0,0,0,0,0,0,0,0,0,0,0,0,0,0,0.0,0.0,0.0,0.0,0.0,0.0,0.0,0.0,0,0,1,False,0,0,0
70,Paulsen,,GK,4,Bournemouth,,2,,,,,0,0,0,0,0,0,0,0,0,0,0,0,0,0,0.0,0.0,0.0,0.0,0.0,0.0,0.0,0.0,0,0,1,False,0,0,0
71,Zabarnyi,,DEF,4,Bournemouth,,2,,,,,0,0,0,0,0,0,0,0,0,0,0,0,0,0,0.0,0.0,0.0,0.0,0.0,0.0,0.0,0.0,0,0,2,False,0,0,0
72,Senesi,,DEF,4,Bournemouth,,2,,,,,90,9,0,0,1,0,0,0,0,0,0,0,1,31,25.0,0.9,2.0,2.8,0.0,0.01,0.01,0.46,13,14,2,False,4,1,1
73,Smith,,DEF,4,Bournemouth,,2,,,,,90,6,0,0,1,0,0,0,0,0,0,0,0,24,5.6,3.4,0.0,0.9,0.0,0.01,0.01,0.46,2,2,2,False,1,1,0
74,Truffert,,DEF,4,Bournemouth,,2,,,,,90,6,0,0,1,0,0,0,0,0,0,0,0,28,18.0,18.9,6.0,4.3,0.0,0.04,0.04,0.46,4,4,2,False,4,1,0
75,Akinmboni,,DEF,4,Bournemouth,,2,,,,,0,0,0,0,0,0,0,0,0,0,0,0,0,0,0.0,0.0,0.0,0.0,0.0,0.0,0.0,0.0,0,0,2,False,0,0,0
76,Bevan,,DEF,4,Bournemouth,,2,,,,,0,0,0,0,0,0,0,0,0,0,0,0,0,0,0.0,0.0,0.0,0.0,0.0,0.0,0.0,0.0,0,0,2,False,0,0,0
77,Hill,,DEF,4,Bournemouth,,2,,,,,2,1,0,0,0,0,0,0,0,0,0,0,0,3,0.4,0.2,0.0,0.1,0.0,0.0,0.0,0.06,0,0,2,False,0,0,0
78,J.Araujo,,DEF,4,Bournemouth,,2,,,,,0,0,0,0,0,0,0,0,0,0,0,0,0,0,0.0,0.0,0.0,0.0,0.0,0.0,0.0,0.0,0,0,2,False,0,0,0
79,Mepham,,DEF,4,Bournemouth,,2,,,,,0,0,0,0,0,0,0,0,0,0,0,0,0,0,0.0,0.0,0.0,0.0,0.0,0.0,0.0,0.0,0,0,2,False,0,0,0
80,Soler,,DEF,4,Bournemouth,,2,,,,,0,0,0,0,0,0,0,0,0,0,0,0,0,0,0.0,0.0,0.0,0.0,0.0,0.0,0.0,0.0,0,0,2,False,0,0,0
81,Kluivert,,MID,4,Bournemouth,,2,,,,,12,1,0,0,0,0,0,0,0,0,0,0,0,1,0.0,11.3,7.0,1.8,0.11,0.01,0.12,0.06,0,0,3,False,0,0,0
82,Semenyo,,MID,4,Bournemouth,,2,,,,,90,6,0,1,1,0,0,0,0,0,0,0,0,11,20.2,36.0,45.0,10.1,0.68,0.07,0.75,0.46,0,5,3,False,5,1,0
83,O.Dango,,MID,5,Brentford,,2,,,,,83,13,1,0,1,0,0,0,0,0,0,0,3,33,50.4,3.7,56.0,11.0,0.77,0.02,0.79,1.1,5,15,3,True,6,1,4
84,Tavernier,,MID,4,Bournemouth,,2,,,,,77,11,1,0,1,0,0,0,0,0,0,0,3,36,42.8,4.5,28.0,7.5,0.19,0.21,0.4,0.41,2,4,3,True,2,1,0
85,Adams,,MID,4,Bournemouth,,2,,,,,87,2,0,0,1,0,0,0,0,1,0,0,0,17,20.2,5.3,7.0,3.3,0.03,0.01,0.04,0.41,4,9,3,False,3,1,2
86,Brooks,,MID,4,Bournemouth,,2,,,,,66,3,0,0,1,0,0,0,0,0,0,0,0,11,8.2,24.2,15.0,4.7,0.17,0.67,0.84,0.41,2,4,3,False,2,1,0
87,Christie,,MID,4,Bournemouth,,2,,,,,24,1,0,0,0,0,0,0,0,0,0,0,0,3,4.4,13.1,5.0,2.3,0.06,0.02,0.08,0.06,1,2,3,False,1,0,0
88,Cook,,MID,4,Bournemouth,,2,,,,,0,0,0,0,0,0,0,0,0,0,0,0,0,0,0.0,0.0,0.0,0.0,0.0,0.0,0.0,0.0,0,0,3,False,0,0,0
89,Philip,,MID,4,Bournemouth,,2,,,,,0,0,0,0,0,0,0,0,0,0,0,0,0,0,0.0,0.0,0.0,0.0,0.0,0.0,0.0,0.0,0,0,3,False,0,0,0
90,Scott,,MID,4,Bournemouth,,2,,,,,65,2,0,0,1,0,0,0,0,1,0,0,0,10,7.4,13.9,5.0,2.6,0.05,0.03,0.08,0.41,2,6,3,False,1,1,3
91,Sinisterra,,MID,4,Bournemouth,,2,,,,,0,0,0,0,0,0,0,0,0,0,0,0,0,0,0.0,0.0,0.0,0.0,0.0,0.0,0.0,0.0,0,0,3,False,0,0,0
92,Faivre,,MID,4,Bournemouth,,2,,,,,0,0,0,0,0,0,0,0,0,0,0,0,0,0,0.0,0.0,0.0,0.0,0.0,0.0,0.0,0.0,0,0,3,False,0,0,0
93,H.Traorè,,MID,4,Bournemouth,,2,,,,,0,0,0,0,0,0,0,0,0,0,0,0,0,0,0.0,0.0,0.0,0.0,0.0,0.0,0.0,0.0,0,0,3,False,0,0,0
94,Sadi,,MID,4,Bournemouth,,2,,,,,0,0,0,0,0,0,0,0,0,0,0,0,0,0,0.0,0.0,0.0,0.0,0.0,0.0,0.0,0.0,0,0,3,False,0,0,0
95,Silcott-Duberry,,MID,4,Bournemouth,,2,,,,,0,0,0,0,0,0,0,0,0,0,0,0,0,0,0.0,0.0,0.0,0.0,0.0,0.0,0.0,0.0,0,0,3,False,0,0,0
96,Winterburn,,MID,4,Bournemouth,,2,,,,,0,0,0,0,0,0,0,0,0,0,0,0,0,0,0.0,0.0,0.0,0.0,0.0,0.0,0.0,0.0,0,0,3,False,0,0,0
97,Evanilson,,FWD,4,Bournemouth,,2,,,,,87,2,0,0,1,0,0,0,0,0,0,0,0,13,6.4,45.5,4.0,5.6,0.0,0.02,0.02,0.41,0,1,4,False,1,1,0
98,Enes Ünal,,FWD,4,Bournemouth,,2,,,,,0,0,0,0,0,0,0,0,0,0,0,0,0,0,0.0,0.0,0.0,0.0,0.0,0.0,0.0,0.0,0,0,4,False,0,0,0
99,Adu-Adjei,,FWD,4,Bournemouth,,2,,,,,0,0,0,0,0,0,0,0,0,0,0,0,0,0,0.0,0.0,0.0,0.0,0.0,0.0,0.0,0.0,0,0,4,False,0,0,0
100,Kroupi.Jr,,FWD,4,Bournemouth,,2,,,,,2,1,0,0,0,0,0,0,0,0,0,0,0,3,0.0,0.0,2.0,0.2,0.0,0.0,0.0,0.06,0,0,4,False,0,0,0
101,Kelleher,,GK,5,Brentford,,2,,,,,90,5,0,0,1,0,0,0,0,1,0,2,0,21,10.0,0.0,0.0,1.0,0.0,0.01,0.01,1.19,1,0,1,False,7,1,0
102,Balcombe,,GK,5,Brentford,,2,,,,,0,0,0,0,0,0,0,0,0,0,0,0,0,0,0.0,0.0,0.0,0.0,0.0,0.0,0.0,0.0,0,0,1,False,0,0,0
103,Cox,,GK,5,Brentford,,2,,,,,0,0,0,0,0,0,0,0,0,0,0,0,0,0,0.0,0.0,0.0,0.0,0.0,0.0,0.0,0.0,0,0,1,False,0,0,0
104,Eyestone,,GK,5,Brentford,,2,,,,,0,0,0,0,0,0,0,0,0,0,0,0,0,0,0.0,0.0,0.0,0.0,0.0,0.0,0.0,0.0,0,0,1,False,0,0,0
105,Valdimarsson,,GK,5,Brentford,,2,,,,,0,0,0,0,0,0,0,0,0,0,0,0,0,0,0.0,0.0,0.0,0.0,0.0,0.0,0.0,0.0,0,0,1,False,0,0,0
106,Collins,,DEF,5,Brentford,,2,,,,,90,9,0,0,1,0,0,0,0,0,0,0,1,25,20.8,0.3,6.0,2.7,0.0,0.01,0.01,1.19,12,13,2,False,5,1,1
107,Lewis-Potter,,DEF,5,Brentford,,2,,,,,90,6,0,0,1,0,0,0,0,0,0,0,0,24,8.0,0.8,2.0,1.1,0.0,0.0,0.0,1.19,3,4,2,False,4,1,1
108,Ajer,,DEF,5,Brentford,,2,,,,,5,1,0,0,0,0,0,0,0,0,0,0,0,3,1.4,0.1,0.0,0.2,0.0,0.0,0.0,0.1,1,1,2,False,0,0,0
109,Henry,,DEF,5,Brentford,,2,,,,,6,1,0,0,0,0,0,0,0,0,0,0,0,3,2.0,0.0,0.0,0.2,0.0,0.0,0.0,0.1,1,1,2,False,0,0,0
110,Kayode,,DEF,5,Brentford,,2,,,,,84,10,0,0,1,0,0,0,0,0,0,0,2,27,32.4,0.5,2.0,3.5,0.0,0.01,0.01,1.1,6,11,2,False,4,1,5
111,Pinnock,,DEF,5,Brentford,,2,,,,,0,0,0,0,0,0,0,0,0,0,0,0,0,0,0.0,0.0,0.0,0.0,0.0,0.0,0.0,0.0,0,0,2,False,0,0,0
112,Roerslev,,DEF,5,Brentford,,2,,,,,0,0,0,0,0,0,0,0,0,0,0,0,0,0,0.0,0.0,0.0,0.0,0.0,0.0,0.0,0.0,0,0,2,False,0,0,0
113,Van den Berg,,DEF,5,Brentford,,2,,,,,90,8,0,0,1,0,0,0,0,0,0,0,0,23,28.0,0.3,0.0,2.8,0.0,0.0,0.0,1.19,12,12,2,False,2,1,0
114,Arthur,,DEF,5,Brentford,,2,,,,,0,0,0,0,0,0,0,0,0,0,0,0,0,0,0.0,0.0,0.0,0.0,0.0,0.0,0.0,0.0,0,0,2,False,0,0,0
115,Fredrick,,DEF,5,Brentford,,2,,,,,0,0,0,0,0,0,0,0,0,0,0,0,0,0,0.0,0.0,0.0,0.0,0.0,0.0,0.0,0.0,0,0,2,False,0,0,0
116,Hickey,,DEF,5,Brentford,,2,,,,,11,1,0,0,0,0,0,0,0,0,0,0,0,5,4.0,0.1,0.0,0.4,0.0,0.0,0.0,0.24,0,2,2,False,0,0,2
117,Ji-soo,,DEF,5,Brentford,,2,,,,,0,0,0,0,0,0,0,0,0,0,0,0,0,0,0.0,0.0,0.0,0.0,0.0,0.0,0.0,0.0,0,0,2,False,0,0,0
118,Meghoma,,DEF,5,Brentford,,2,,,,,0,0,0,0,0,0,0,0,0,0,0,0,0,0,0.0,0.0,0.0,0.0,0.0,0.0,0.0,0.0,0,0,2,False,0,0,0
119,Mbeumo,,MID,14,Man Utd,,2,,,,,90,2,0,0,0,1,0,0,0,0,0,0,0,8,6.2,43.7,8.0,5.8,0.0,0.31,0.31,1.76,0,2,3,False,2,1,0
120,Schade,,MID,5,Brentford,,2,,,,,78,3,0,0,1,0,0,0,0,0,0,0,0,13,16.4,17.3,9.0,4.3,0.1,0.02,0.12,0.95,3,10,3,False,5,1,2
121,Damsgaard,,MID,5,Brentford,,2,,,,,90,5,0,0,1,0,0,0,0,0,0,0,0,18,27.8,43.2,14.0,8.5,0.06,0.24,0.3,1.19,5,15,3,False,7,1,3
122,Milambo,,MID,5,Brentford,,2,,,,,0,0,0,0,0,0,0,0,0,0,0,0,0,0,0.0,0.0,0.0,0.0,0.0,0.0,0.0,0.0,0,0,3,False,0,0,0
123,Carvalho,,MID,5,Brentford,,2,,,,,0,0,0,0,0,0,0,0,0,0,0,0,0,0,0.0,0.0,0.0,0.0,0.0,0.0,0.0,0.0,0,0,3,False,0,0,0
124,Henderson,,MID,5,Brentford,,2,,,,,68,3,0,0,1,0,0,0,0,0,0,0,0,8,9.8,2.3,5.0,1.7,0.03,0.0,0.03,0.88,3,9,3,False,4,1,2
125,Janelt,,MID,5,Brentford,,2,,,,,0,0,0,0,0,0,0,0,0,0,0,0,0,0,0.0,0.0,0.0,0.0,0.0,0.0,0.0,0.0,0,0,3,False,0,0,0
126,Jensen,,MID,5,Brentford,,2,,,,,11,1,0,0,0,0,0,0,0,0,0,0,0,5,3.4,0.3,0.0,0.4,0.0,0.01,0.01,0.24,1,3,3,False,1,0,1
127,Nunes,,MID,5,Brentford,,2,,,,,0,0,0,0,0,0,0,0,0,0,0,0,0,0,0.0,0.0,0.0,0.0,0.0,0.0,0.0,0.0,0,0,3,False,0,0,0
128,Onyeka,,MID,5,Brentford,,2,,,,,21,1,0,0,0,0,0,0,0,0,0,0,0,6,3.4,0.2,0.0,0.4,0.0,0.0,0.0,0.31,2,4,3,False,2,0,0
129,Yarmoliuk,,MID,5,Brentford,,2,,,,,78,5,0,0,1,0,0,0,0,0,0,0,0,15,18.4,5.4,1.0,2.5,0.03,0.01,0.04,0.95,6,15,3,False,4,1,5
130,Donovan,,MID,5,Brentford,,2,,,,,0,0,0,0,0,0,0,0,0,0,0,0,0,0,0.0,0.0,0.0,0.0,0.0,0.0,0.0,0.0,0,0,3,False,0,0,0
131,Konak,,MID,5,Brentford,,2,,,,,0,0,0,0,0,0,0,0,0,0,0,0,0,0,0.0,0.0,0.0,0.0,0.0,0.0,0.0,0.0,0,0,3,False,0,0,0
132,Maghoma,,MID,5,Brentford,,2,,,,,0,0,0,0,0,0,0,0,0,0,0,0,0,0,0.0,0.0,0.0,0.0,0.0,0.0,0.0,0.0,0,0,3,False,0,0,0
133,Peart-Harris,,MID,5,Brentford,,2,,,,,0,0,0,0,0,0,0,0,0,0,0,0,0,0,0.0,0.0,0.0,0.0,0.0,0.0,0.0,0.0,0,0,3,False,0,0,0
134,Trevitt,,MID,5,Brentford,,2,,,,,0,0,0,0,0,0,0,0,0,0,0,0,0,0,0.0,0.0,0.0,0.0,0.0,0.0,0.0,0.0,0,0,3,False,0,0,0
135,Wissa,,FWD,5,Brentford,,2,,,,,0,0,0,0,0,0,0,0,0,0,0,0,0,0,0.0,0.0,0.0,0.0,0.0,0.0,0.0,0.0,0,0,4,False,0,0,0
136,Thiago,,FWD,5,Brentford,,2,,,,,90,2,0,0,1,0,0,0,0,0,0,0,0,4,4.6,16.3,17.0,3.8,0.22,0.01,0.23,1.19,3,8,4,False,3,1,2
137,Morgan,,FWD,5,Brentford,,2,,,,,0,0,0,0,0,0,0,0,0,0,0,0,0,0,0.0,0.0,0.0,0.0,0.0,0.0,0.0,0.0,0,0,4,False,0,0,0
138,Steele,,GK,6,Brighton,,2,,,,,0,0,0,0,0,0,0,0,0,0,0,0,0,0,0.0,0.0,0.0,0.0,0.0,0.0,0.0,0.0,0,0,1,False,0,0,0
139,Verbruggen,,GK,6,Brighton,,2,,,,,90,1,0,0,0,2,0,0,0,0,0,1,0,5,10.2,10.0,0.0,2.0,0.0,0.0,0.0,1.6,0,0,1,False,14,1,0
140,McGill,,GK,6,Brighton,,2,,,,,0,0,0,0,0,0,0,0,0,0,0,0,0,0,0.0,0.0,0.0,0.0,0.0,0.0,0.0,0.0,0,0,1,False,0,0,0
141,Rushworth,,GK,6,Brighton,,2,,,,,0,0,0,0,0,0,0,0,0,0,0,0,0,0,0.0,0.0,0.0,0.0,0.0,0.0,0.0,0.0,0,0,1,False,0,0,0
142,Scherpen,,GK,6,Brighton,,2,,,,,0,0,0,0,0,0,0,0,0,0,0,0,0,0,0.0,0.0,0.0,0.0,0.0,0.0,0.0,0.0,0,0,1,False,0,0,0
143,Boscagli,,DEF,6,Brighton,,2,,,,,0,0,0,0,0,0,0,0,0,0,0,0,0,0,0.0,0.0,0.0,0.0,0.0,0.0,0.0,0.0,0,0,2,False,0,0,0
144,Coppola,,DEF,6,Brighton,,2,,,,,0,0,0,0,0,0,0,0,0,0,0,0,0,0,0.0,0.0,0.0,0.0,0.0,0.0,0.0,0.0,0,0,2,False,0,0,0
145,De Cuyper,,DEF,6,Brighton,,2,,,,,66,0,0,0,0,2,0,0,0,1,0,0,0,2,4.8,1.0,4.0,1.0,0.0,0.02,0.02,1.2,4,5,2,False,2,1,1
146,Dunk,,DEF,6,Brighton,,2,,,,,90,1,0,0,0,2,0,0,0,0,0,0,0,11,16.0,0.6,0.0,1.7,0.0,0.0,0.0,1.6,6,8,2,False,6,1,2
147,Estupiñan,,DEF,6,Brighton,,2,,,,,0,0,0,0,0,0,0,0,0,0,0,0,0,0,0.0,0.0,0.0,0.0,0.0,0.0,0.0,0.0,0,0,2,False,0,0,0
148,F.Kadıoğlu,,DEF,6,Brighton,,2,,,,,23,0,0,0,0,0,0,0,0,1,0,0,0,-1,0.0,2.2,0.0,0.2,0.0,0.0,0.0,0.4,1,1,2,False,2,0,0
149,Igor,,DEF,6,Brighton,,2,,,,,0,0,0,0,0,0,0,0,0,0,0,0,0,0,0.0,0.0,0.0,0.0,0.0,0.0,0.0,0.0,0,0,2,False,0,0,0
150,Lamptey,,DEF,6,Brighton,,2,,,,,0,0,0,0,0,0,0,0,0,0,0,0,0,0,0.0,0.0,0.0,0.0,0.0,0.0,0.0,0.0,0,0,2,False,0,0,0
151,Van Hecke,,DEF,6,Brighton,,2,,,,,90,1,0,0,0,2,0,0,0,0,0,0,0,5,18.6,0.9,4.0,2.4,0.01,0.01,0.02,1.6,6,6,2,False,3,1,0
152,Veltman,,DEF,6,Brighton,,2,,,,,0,0,0,0,0,0,0,0,0,0,0,0,0,0,0.0,0.0,0.0,0.0,0.0,0.0,0.0,0.0,0,0,2,False,0,0,0
153,Webster,,DEF,6,Brighton,,2,,,,,0,0,0,0,0,0,0,0,0,0,0,0,0,0,0.0,0.0,0.0,0.0,0.0,0.0,0.0,0.0,0,0,2,False,0,0,0
154,Cashin,,DEF,6,Brighton,,2,,,,,0,0,0,0,0,0,0,0,0,0,0,0,0,0,0.0,0.0,0.0,0.0,0.0,0.0,0.0,0.0,0,0,2,False,0,0,0
155,Slater,,DEF,6,Brighton,,2,,,,,0,0,0,0,0,0,0,0,0,0,0,0,0,0,0.0,0.0,0.0,0.0,0.0,0.0,0.0,0.0,0,0,2,False,0,0,0
156,Tasker,,DEF,6,Brighton,,2,,,,,0,0,0,0,0,0,0,0,0,0,0,0,0,0,0.0,0.0,0.0,0.0,0.0,0.0,0.0,0.0,0,0,2,False,0,0,0
157,Mitoma,,MID,6,Brighton,,2,,,,,90,2,0,0,0,2,0,0,0,0,0,0,0,8,12.0,42.8,10.0,6.5,0.15,0.09,0.24,1.6,0,5,3,False,4,1,1
158,Georginio,,MID,6,Brighton,,2,,,,,0,0,0,0,0,0,0,0,0,0,0,0,0,0,0.0,0.0,0.0,0.0,0.0,0.0,0.0,0.0,0,0,3,False,0,0,0
159,March,,MID,6,Brighton,,2,,,,,0,0,0,0,0,0,0,0,0,0,0,0,0,0,0.0,0.0,0.0,0.0,0.0,0.0,0.0,0.0,0,0,3,False,0,0,0
160,Minteh,,MID,6,Brighton,,2,,,,,90,2,0,0,0,2,0,0,0,0,0,0,0,14,16.2,42.4,29.0,8.8,0.08,0.55,0.63,1.6,2,7,3,False,4,1,1
161,Enciso,,MID,6,Brighton,,2,,,,,0,0,0,0,0,0,0,0,0,0,0,0,0,0,0.0,0.0,0.0,0.0,0.0,0.0,0.0,0.0,0,0,3,False,0,0,0
162,Gruda,,MID,6,Brighton,,2,,,,,5,1,0,0,0,0,0,0,0,0,0,0,0,2,0.0,0.0,6.0,0.5,0.06,0.0,0.06,0.39,0,1,3,False,1,0,0
163,Hinshelwood,,MID,6,Brighton,,2,,,,,45,1,0,0,0,1,0,0,0,0,0,0,0,9,4.6,1.2,0.0,0.6,0.0,0.01,0.01,0.67,0,3,3,False,2,0,1
164,O'Riley,,MID,6,Brighton,,2,,,,,90,2,0,0,0,2,0,0,0,0,0,0,0,12,15.0,22.3,38.0,7.5,0.42,0.03,0.45,1.6,3,6,3,False,2,1,1
165,Sima,,MID,6,Brighton,,2,,,,,0,0,0,0,0,0,0,0,0,0,0,0,0,0,0.0,0.0,0.0,0.0,0.0,0.0,0.0,0.0,0,0,3,False,0,0,0
166,Ayari,,MID,6,Brighton,,2,,,,,66,2,0,0,0,2,0,0,0,0,0,0,0,10,10.6,3.9,18.0,3.3,0.15,0.02,0.17,1.2,1,6,3,False,2,1,3
167,Baleba,,MID,6,Brighton,,2,,,,,45,1,0,0,0,1,0,0,0,0,0,0,0,3,0.4,10.8,0.0,1.1,0.0,0.0,0.0,0.92,0,2,3,False,2,1,0
168,Buonanotte,,MID,6,Brighton,,2,,,,,0,0,0,0,0,0,0,0,0,0,0,0,0,0,0.0,0.0,0.0,0.0,0.0,0.0,0.0,0.0,0,0,3,False,0,0,0
169,Gomez,,MID,6,Brighton,,2,,,,,23,1,0,0,0,0,0,0,0,0,0,0,0,3,7.0,2.0,0.0,0.9,0.0,0.01,0.01,0.4,4,5,3,False,1,0,0
170,Milner,,MID,6,Brighton,,2,,,,,0,0,0,0,0,0,0,0,0,0,0,0,0,0,0.0,0.0,0.0,0.0,0.0,0.0,0.0,0.0,0,0,3,False,0,0,0
171,Sarmiento,,MID,6,Brighton,,2,,,,,0,0,0,0,0,0,0,0,0,0,0,0,0,0,0.0,0.0,0.0,0.0,0.0,0.0,0.0,0.0,0,0,3,False,0,0,0
172,Watson,,MID,6,Brighton,,2,,,,,0,0,0,0,0,0,0,0,0,0,0,0,0,0,0.0,0.0,0.0,0.0,0.0,0.0,0.0,0.0,0,0,3,False,0,0,0
173,Wieffer,,MID,6,Brighton,,2,,,,,84,3,0,0,0,2,0,0,0,1,0,0,0,13,20.0,2.4,0.0,2.2,0.0,0.02,0.02,1.21,3,13,3,False,3,1,7
174,Yalcouye,,MID,6,Brighton,,2,,,,,0,0,0,0,0,0,0,0,0,0,0,0,0,0,0.0,0.0,0.0,0.0,0.0,0.0,0.0,0.0,0,0,3,False,0,0,0
175,Knight,,MID,6,Brighton,,2,,,,,0,0,0,0,0,0,0,0,0,0,0,0,0,0,0.0,0.0,0.0,0.0,0.0,0.0,0.0,0.0,0,0,3,False,0,0,0
176,Mazilu,,MID,6,Brighton,,2,,,,,0,0,0,0,0,0,0,0,0,0,0,0,0,0,0.0,0.0,0.0,0.0,0.0,0.0,0.0,0.0,0,0,3,False,0,0,0
177,Moran,,MID,6,Brighton,,2,,,,,0,0,0,0,0,0,0,0,0,0,0,0,0,0,0.0,0.0,0.0,0.0,0.0,0.0,0.0,0.0,0,0,3,False,0,0,0
178,Welbeck,,FWD,6,Brighton,,2,,,,,90,0,0,0,0,2,0,0,1,0,0,0,0,-9,0.0,3.4,27.0,2.8,1.56,0.1,1.66,1.6,0,1,4,False,1,1,0
179,Ferguson,,FWD,6,Brighton,,2,,,,,0,0,0,0,0,0,0,0,0,0,0,0,0,0,0.0,0.0,0.0,0.0,0.0,0.0,0.0,0.0,0,0,4,False,0,0,0
180,Tzimas,,FWD,6,Brighton,,2,,,,,0,0,0,0,0,0,0,0,0,0,0,0,0,0,0.0,0.0,0.0,0.0,0.0,0.0,0.0,0.0,0,0,4,False,0,0,0
181,Kostoulas,,FWD,6,Brighton,,2,,,,,0,0,0,0,0,0,0,0,0,0,0,0,0,0,0.0,0.0,0.0,0.0,0.0,0.0,0.0,0.0,0,0,4,False,0,0,0
182,Trafford,,GK,13,Man City,,2,,,,,90,2,0,0,0,2,0,0,0,0,0,3,0,13,30.8,0.0,0.0,3.1,0.0,0.0,0.0,1.11,3,0,1,False,10,1,2
183,Weiss,,GK,3,Burnley,,2,,,,,0,0,0,0,0,0,0,0,0,0,0,0,0,0,0.0,0.0,0.0,0.0,0.0,0.0,0.0,0.0,0,0,1,False,0,0,0
184,Green,,GK,3,Burnley,,2,,,,,0,0,0,0,0,0,0,0,0,0,0,0,0,0,0.0,0.0,0.0,0.0,0.0,0.0,0.0,0.0,0,0,1,False,0,0,0
185,Hladký,,GK,3,Burnley,,2,,,,,0,0,0,0,0,0,0,0,0,0,0,0,0,0,0.0,0.0,0.0,0.0,0.0,0.0,0.0,0.0,0,0,1,False,0,0,0
186,Roberts,,DEF,3,Burnley,,2,,,,,0,0,0,0,0,0,0,0,0,0,0,0,0,0,0.0,0.0,0.0,0.0,0.0,0.0,0.0,0.0,0,0,2,False,0,0,0
187,Walker,,DEF,3,Burnley,,2,,,,,90,6,0,0,1,0,0,0,0,0,0,0,0,26,15.4,2.1,0.0,1.8,0.0,0.02,0.02,0.77,6,7,2,False,6,1,1
188,Delcroix,,DEF,3,Burnley,,2,,,,,0,0,0,0,0,0,0,0,0,0,0,0,0,0,0.0,0.0,0.0,0.0,0.0,0.0,0.0,0.0,0,0,2,False,0,0,0
189,Dodgson,,DEF,3,Burnley,,2,,,,,0,0,0,0,0,0,0,0,0,0,0,0,0,0,0.0,0.0,0.0,0.0,0.0,0.0,0.0,0.0,0,0,2,False,0,0,0
190,Ekdal,,DEF,3,Burnley,,2,,,,,90,9,0,0,1,0,0,0,0,0,0,0,1,34,31.8,14.3,4.0,5.0,0.0,0.01,0.01,0.77,12,14,2,False,3,1,2
191,Estève,,DEF,3,Burnley,,2,,,,,82,6,0,0,1,0,0,0,0,0,0,0,0,29,21.0,1.1,0.0,2.2,0.0,0.01,0.01,0.66,6,7,2,False,1,1,1
192,Hartman,,DEF,3,Burnley,,2,,,,,90,6,0,0,1,0,0,0,0,0,0,0,0,26,19.8,7.3,2.0,2.9,0.0,0.04,0.04,0.77,3,8,2,False,3,1,5
193,Humphreys,,DEF,3,Burnley,,2,,,,,0,0,0,0,0,0,0,0,0,0,0,0,0,0,0.0,0.0,0.0,0.0,0.0,0.0,0.0,0.0,0,0,2,False,0,0,0
194,Jordan,,DEF,3,Burnley,,2,,,,,0,0,0,0,0,0,0,0,0,0,0,0,0,0,0.0,0.0,0.0,0.0,0.0,0.0,0.0,0.0,0,0,2,False,0,0,0
195,Lucas Pires,,DEF,3,Burnley,,2,,,,,0,0,0,0,0,0,0,0,0,0,0,0,0,0,0.0,0.0,0.0,0.0,0.0,0.0,0.0,0.0,0,0,2,False,0,0,0
196,Sambo,,DEF,3,Burnley,,2,,,,,0,0,0,0,0,0,0,0,0,0,0,0,0,0,0.0,0.0,0.0,0.0,0.0,0.0,0.0,0.0,0,0,2,False,0,0,0
197,Sonne,,DEF,3,Burnley,,2,,,,,21,1,0,0,0,0,0,0,0,0,0,0,0,1,0.0,0.5,0.0,0.0,0.0,0.0,0.0,0.16,0,0,2,False,2,0,0
198,Tuanzebe,,DEF,3,Burnley,,2,,,,,0,0,0,0,0,0,0,0,0,0,0,0,0,0,0.0,0.0,0.0,0.0,0.0,0.0,0.0,0.0,0,0,2,False,0,0,0
199,Worrall,,DEF,3,Burnley,,2,,,,,7,1,0,0,0,0,0,0,0,0,0,0,0,6,6.0,0.0,0.0,0.6,0.0,0.0,0.0,0.11,2,3,2,False,0,0,1
200,Anthony,,MID,3,Burnley,,2,,,,,90,13,1,1,1,0,0,0,0,0,0,0,2,39,58.4,14.6,28.0,10.1,0.77,0.02,0.79,0.77,1,11,3,True,7,1,3
201,Benson,,MID,3,Burnley,,2,,,,,0,0,0,0,0,0,0,0,0,0,0,0,0,0,0.0,0.0,0.0,0.0,0.0,0.0,0.0,0.0,0,0,3,False,0,0,0
202,Bruun Larsen,,MID,3,Burnley,,2,,,,,68,3,0,0,1,0,0,0,0,0,0,0,0,6,0.0,1.8,4.0,0.4,0.02,0.01,0.03,0.61,1,4,3,False,3,1,0
203,Boateng,,MID,3,Burnley,,2,,,,,0,0,0,0,0,0,0,0,0,0,0,0,0,0,0.0,0.0,0.0,0.0,0.0,0.0,0.0,0.0,0,0,3,False,0,0,0
204,Churlinov,,MID,3,Burnley,,2,,,,,0,0,0,0,0,0,0,0,0,0,0,0,0,0,0.0,0.0,0.0,0.0,0.0,0.0,0.0,0.0,0,0,3,False,0,0,0
205,Cullen,,MID,3,Burnley,,2,,,,,90,14,1,1,1,0,0,0,0,0,0,0,3,49,65.8,17.0,21.0,10.4,0.08,0.19,0.27,0.77,2,7,3,True,4,1,1
206,Edwards,,MID,3,Burnley,,2,,,,,0,0,0,0,0,0,0,0,0,0,0,0,0,0,0.0,0.0,0.0,0.0,0.0,0.0,0.0,0.0,0,0,3,False,0,0,0
207,Hannibal,,MID,3,Burnley,,2,,,,,82,5,0,0,1,0,0,0,0,0,0,0,0,11,9.2,18.5,4.0,3.2,0.02,0.12,0.14,0.66,2,13,3,False,8,1,3
208,Koleosho,,MID,3,Burnley,,2,,,,,0,0,0,0,0,0,0,0,0,0,0,0,0,0,0.0,0.0,0.0,0.0,0.0,0.0,0.0,0.0,0,0,3,False,0,0,0
209,Laurent,,MID,3,Burnley,,2,,,,,21,1,0,0,0,0,0,0,0,0,0,0,0,4,10.8,0.8,0.0,1.2,0.0,0.0,0.0,0.16,3,4,3,False,0,0,1
210,Tchaouna,,MID,3,Burnley,,2,,,,,7,1,0,0,0,0,0,0,0,0,0,0,0,3,0.4,4.6,3.0,0.8,0.08,0.03,0.11,0.11,0,2,3,False,2,0,0
211,A.Ramsey,,MID,3,Burnley,,2,,,,,0,0,0,0,0,0,0,0,0,0,0,0,0,0,0.0,0.0,0.0,0.0,0.0,0.0,0.0,0.0,0,0,3,False,0,0,0
212,Adewumi,,MID,3,Burnley,,2,,,,,0,0,0,0,0,0,0,0,0,0,0,0,0,0,0.0,0.0,0.0,0.0,0.0,0.0,0.0,0.0,0,0,3,False,0,0,0
213,Banel,,MID,3,Burnley,,2,,,,,0,0,0,0,0,0,0,0,0,0,0,0,0,0,0.0,0.0,0.0,0.0,0.0,0.0,0.0,0.0,0,0,3,False,0,0,0
214,Trésor,,MID,3,Burnley,,2,,,,,0,0,0,0,0,0,0,0,0,0,0,0,0,0,0.0,0.0,0.0,0.0,0.0,0.0,0.0,0.0,0,0,3,False,0,0,0
215,Flemming,,FWD,3,Burnley,,2,,,,,4,1,0,0,0,0,0,0,0,0,0,0,0,3,2.2,10.0,2.0,1.4,0.0,0.0,0.0,0.11,0,0,4,False,0,0,0
216,Amdouni,,FWD,3,Burnley,,2,,,,,0,0,0,0,0,0,0,0,0,0,0,0,0,0,0.0,0.0,0.0,0.0,0.0,0.0,0.0,0.0,0,0,4,False,0,0,0
217,Foster,,FWD,3,Burnley,,2,,,,,85,2,0,0,1,0,0,0,0,0,0,0,0,7,1.8,3.6,4.0,0.9,0.0,0.01,0.01,0.66,0,5,4,False,3,1,2
218,Barnes,,FWD,3,Burnley,,2,,,,,0,0,0,0,0,0,0,0,0,0,0,0,0,0,0.0,0.0,0.0,0.0,0.0,0.0,0.0,0.0,0,0,4,False,0,0,0
219,Obafemi,,FWD,3,Burnley,,2,,,,,0,0,0,0,0,0,0,0,0,0,0,0,0,0,0.0,0.0,0.0,0.0,0.0,0.0,0.0,0.0,0,0,4,False,0,0,0
220,Sánchez,,GK,7,Chelsea,,2,,,,,90,3,0,0,0,1,0,0,0,0,0,3,0,11,24.2,0.0,0.0,2.4,0.0,0.0,0.0,0.73,0,0,1,False,5,1,0
221,Jörgensen,,GK,7,Chelsea,,2,,,,,0,0,0,0,0,0,0,0,0,0,0,0,0,0,0.0,0.0,0.0,0.0,0.0,0.0,0.0,0.0,0,0,1,False,0,0,0
222,Penders,,GK,7,Chelsea,,2,,,,,0,0,0,0,0,0,0,0,0,0,0,0,0,0,0.0,0.0,0.0,0.0,0.0,0.0,0.0,0.0,0,0,1,False,0,0,0
223,Slonina,,GK,7,Chelsea,,2,,,,,0,0,0,0,0,0,0,0,0,0,0,0,0,0,0.0,0.0,0.0,0.0,0.0,0.0,0.0,0.0,0,0,1,False,0,0,0
224,Cucurella,,DEF,7,Chelsea,,2,,,,,68,5,0,1,0,1,0,0,0,0,0,0,0,25,30.4,13.8,4.0,4.8,0.0,0.32,0.32,0.29,4,5,2,False,7,1,1
225,James,,DEF,7,Chelsea,,2,,,,,21,1,0,0,0,0,0,0,0,0,0,0,0,7,2.6,15.5,0.0,1.8,0.0,0.13,0.13,0.44,0,0,2,False,2,0,0
226,Chalobah,,DEF,7,Chelsea,,2,,,,,68,8,1,0,0,1,0,0,0,0,0,0,0,27,44.2,1.4,33.0,7.9,0.31,0.01,0.32,0.29,3,5,2,False,4,1,2
227,Colwill,,DEF,7,Chelsea,,2,,,,,0,0,0,0,0,0,0,0,0,0,0,0,0,0,0.0,0.0,0.0,0.0,0.0,0.0,0.0,0.0,0,0,2,False,0,0,0
228,Gusto,,DEF,7,Chelsea,,2,,,,,68,2,0,0,0,1,0,0,0,0,0,0,0,3,9.0,2.7,0.0,1.2,0.0,0.01,0.01,0.29,3,5,2,False,1,1,2
229,B.Badiashile,,DEF,7,Chelsea,,2,,,,,0,0,0,0,0,0,0,0,0,0,0,0,0,0,0.0,0.0,0.0,0.0,0.0,0.0,0.0,0.0,0,0,2,False,0,0,0
230,Fofana,,DEF,7,Chelsea,,2,,,,,21,1,0,0,0,0,0,0,0,0,0,0,0,5,3.4,0.4,0.0,0.4,0.0,0.0,0.0,0.44,1,2,2,False,0,0,1
231,M.Sarr,,DEF,7,Chelsea,,2,,,,,0,0,0,0,0,0,0,0,0,0,0,0,0,0,0.0,0.0,0.0,0.0,0.0,0.0,0.0,0.0,0,0,2,False,0,0,0
232,Tosin,,DEF,7,Chelsea,,2,,,,,90,2,0,0,0,1,0,0,0,0,0,0,0,16,26.4,1.9,0.0,2.8,0.0,0.03,0.03,0.73,6,9,2,False,3,1,3
233,Acheampong,,DEF,7,Chelsea,,2,,,,,0,0,0,0,0,0,0,0,0,0,0,0,0,0,0.0,0.0,0.0,0.0,0.0,0.0,0.0,0.0,0,0,2,False,0,0,0
234,Anselmino,,DEF,7,Chelsea,,2,,,,,0,0,0,0,0,0,0,0,0,0,0,0,0,0,0.0,0.0,0.0,0.0,0.0,0.0,0.0,0.0,0,0,2,False,0,0,0
235,Palmer,,MID,7,Chelsea,,2,,,,,0,0,0,0,0,0,0,0,0,0,0,0,0,0,0.0,0.0,0.0,0.0,0.0,0.0,0.0,0.0,0,0,3,False,0,0,0
236,Neto,,MID,7,Chelsea,,2,,,,,90,7,1,0,0,1,0,0,0,0,0,0,0,33,37.6,18.4,30.0,8.6,0.38,0.17,0.55,0.73,0,2,3,False,1,1,1
237,Enzo,,MID,7,Chelsea,,2,,,,,90,10,1,1,0,1,0,0,0,0,0,0,0,32,33.4,8.8,38.0,8.0,1.03,0.02,1.05,0.73,0,5,3,False,3,1,2
238,Estêvão,,MID,7,Chelsea,,2,,,,,76,5,0,1,0,1,0,0,0,0,0,0,0,26,27.4,16.6,25.0,6.9,0.29,0.61,0.9,0.33,0,5,3,False,2,1,3
239,Gittens,,MID,7,Chelsea,,2,,,,,13,1,0,0,0,0,0,0,0,0,0,0,0,4,2.0,5.0,4.0,1.1,0.0,0.01,0.01,0.4,0,0,3,False,0,0,0
240,Nkunku,,MID,7,Chelsea,,2,,,,,0,0,0,0,0,0,0,0,0,0,0,0,0,0,0.0,0.0,0.0,0.0,0.0,0.0,0.0,0.0,0,0,3,False,0,0,0
241,Caicedo,,MID,7,Chelsea,,2,,,,,90,8,1,0,0,1,0,0,0,0,0,0,1,36,50.8,5.2,17.0,7.3,0.24,0.02,0.26,0.73,2,7,3,False,2,1,3
242,Dewsbury-Hall,,MID,9,Everton,,2,,,,,90,2,0,0,1,0,0,0,0,1,0,0,0,14,6.8,54.3,0.0,6.1,0.0,0.17,0.17,2.43,1,3,3,False,2,1,0
243,George,,MID,7,Chelsea,,2,,,,,0,0,0,0,0,0,0,0,0,0,0,0,0,0,0.0,0.0,0.0,0.0,0.0,0.0,0.0,0.0,0,0,3,False,0,0,0
244,Lavia,,MID,7,Chelsea,,2,,,,,0,0,0,0,0,0,0,0,0,0,0,0,0,0,0.0,0.0,0.0,0.0,0.0,0.0,0.0,0.0,0,0,3,False,0,0,0
245,Mudryk,,MID,7,Chelsea,,2,,,,,0,0,0,0,0,0,0,0,0,0,0,0,0,0,0.0,0.0,0.0,0.0,0.0,0.0,0.0,0.0,0,0,3,False,0,0,0
246,Andrey Santos,,MID,7,Chelsea,,2,,,,,28,1,0,0,0,0,0,0,0,0,0,0,0,4,3.8,11.9,2.0,1.8,0.0,0.01,0.01,0.55,1,3,3,False,2,0,0
247,D.Essugo,,MID,7,Chelsea,,2,,,,,0,0,0,0,0,0,0,0,0,0,0,0,0,0,0.0,0.0,0.0,0.0,0.0,0.0,0.0,0.0,0,0,3,False,0,0,0
248,Paez,,MID,7,Chelsea,,2,,,,,0,0,0,0,0,0,0,0,0,0,0,0,0,0,0.0,0.0,0.0,0.0,0.0,0.0,0.0,0.0,0,0,3,False,0,0,0
249,João Pedro,,FWD,7,Chelsea,,2,,,,,90,15,1,2,0,1,0,0,0,0,0,0,3,58,75.8,31.3,42.0,14.9,0.41,0.11,0.52,0.73,3,5,4,True,1,1,1
250,Delap,,FWD,7,Chelsea,,2,,,,,61,2,0,0,0,1,0,0,0,0,0,0,0,7,2.6,2.2,19.0,2.4,0.09,0.02,0.11,0.18,0,2,4,False,2,1,0
251,N.Jackson,,FWD,7,Chelsea,,2,,,,,0,0,0,0,0,0,0,0,0,0,0,0,0,0,0.0,0.0,0.0,0.0,0.0,0.0,0.0,0.0,0,0,4,False,0,0,0
252,Marc Guiu,,FWD,17,Sunderland,,2,,,,,10,1,0,0,0,1,0,0,0,0,0,0,0,2,0.0,1.6,6.0,0.6,0.02,0.01,0.03,0.66,0,0,4,False,0,0,0
253,Henderson,,GK,8,Crystal Palace,,2,,,,,90,2,0,0,0,1,0,0,0,0,0,0,0,3,3.4,0.0,0.0,0.3,0.0,0.0,0.0,0.93,0,0,1,False,4,1,0
254,Benitez,,GK,8,Crystal Palace,,2,,,,,0,0,0,0,0,0,0,0,0,0,0,0,0,0,0.0,0.0,0.0,0.0,0.0,0.0,0.0,0.0,0,0,1,False,0,0,0
255,Matthews,,GK,8,Crystal Palace,,2,,,,,0,0,0,0,0,0,0,0,0,0,0,0,0,0,0.0,0.0,0.0,0.0,0.0,0.0,0.0,0.0,0,0,1,False,0,0,0
256,Muñoz,,DEF,8,Crystal Palace,,2,,,,,90,5,0,1,0,1,0,0,0,0,0,0,0,18,28.2,24.2,2.0,5.4,0.0,0.32,0.32,0.93,1,1,2,False,5,1,0
257,Lacroix,,DEF,8,Crystal Palace,,2,,,,,90,3,0,0,0,1,0,0,0,1,0,0,0,11,24.6,0.3,23.0,4.8,0.1,0.0,0.1,0.93,9,12,2,False,5,1,3
258,Mitchell,,DEF,8,Crystal Palace,,2,,,,,90,1,0,0,0,1,0,0,0,1,0,0,0,9,14.6,27.4,8.0,5.0,0.0,0.09,0.09,0.93,2,5,2,False,5,1,3
259,Sosa,,DEF,8,Crystal Palace,,2,,,,,0,0,0,0,0,0,0,0,0,0,0,0,0,0,0.0,0.0,0.0,0.0,0.0,0.0,0.0,0.0,0,0,2,False,0,0,0
260,Guéhi,,DEF,8,Crystal Palace,,2,,,,,90,2,0,0,0,1,0,0,0,0,0,0,0,6,11.2,1.5,4.0,1.7,0.11,0.01,0.12,0.93,4,5,2,False,3,1,1
261,Richards,,DEF,8,Crystal Palace,,2,,,,,90,2,0,0,0,1,0,0,0,0,0,0,0,8,19.8,1.3,0.0,2.1,0.0,0.04,0.04,0.93,7,8,2,False,2,1,1
262,Chadi Riad,,DEF,8,Crystal Palace,,2,,,,,0,0,0,0,0,0,0,0,0,0,0,0,0,0,0.0,0.0,0.0,0.0,0.0,0.0,0.0,0.0,0,0,2,False,0,0,0
263,Clyne,,DEF,8,Crystal Palace,,2,,,,,0,0,0,0,0,0,0,0,0,0,0,0,0,0,0.0,0.0,0.0,0.0,0.0,0.0,0.0,0.0,0,0,2,False,0,0,0
264,Holding,,DEF,8,Crystal Palace,,2,,,,,0,0,0,0,0,0,0,0,0,0,0,0,0,0,0.0,0.0,0.0,0.0,0.0,0.0,0.0,0.0,0,0,2,False,0,0,0
265,Kporha,,DEF,8,Crystal Palace,,2,,,,,0,0,0,0,0,0,0,0,0,0,0,0,0,0,0.0,0.0,0.0,0.0,0.0,0.0,0.0,0.0,0,0,2,False,0,0,0
266,Eze,,MID,1,Arsenal,,2,,,,,0,0,0,0,0,0,0,0,0,0,0,0,0,0,0.0,0.0,0.0,0.0,0.0,0.0,0.0,0.0,0,0,3,False,0,0,0
267,Sarr,,MID,8,Crystal Palace,,2,,,,,90,8,1,0,0,1,0,0,0,0,0,0,1,20,36.0,2.8,17.0,5.6,0.55,0.04,0.59,0.93,0,4,3,False,2,1,2
268,Doucouré,,MID,8,Crystal Palace,,2,,,,,0,0,0,0,0,0,0,0,0,0,0,0,0,0,0.0,0.0,0.0,0.0,0.0,0.0,0.0,0.0,0,0,3,False,0,0,0
269,Esse,,MID,8,Crystal Palace,,2,,,,,24,1,0,0,0,0,0,0,0,0,0,0,0,6,4.6,0.4,2.0,0.7,0.0,0.01,0.01,0.27,0,2,3,False,0,0,2
270,Hughes,,MID,8,Crystal Palace,,2,,,,,90,1,0,0,0,1,0,0,0,1,0,0,0,14,13.0,41.4,10.0,6.4,0.12,0.27,0.39,0.93,1,10,3,False,5,1,4
271,Kamada,,MID,8,Crystal Palace,,2,,,,,0,0,0,0,0,0,0,0,0,0,0,0,0,0,0.0,0.0,0.0,0.0,0.0,0.0,0.0,0.0,0,0,3,False,0,0,0
272,Lerma,,MID,8,Crystal Palace,,2,,,,,8,1,0,0,0,0,0,0,0,0,0,0,0,4,4.0,1.1,0.0,0.5,0.0,0.0,0.0,0.27,2,2,3,False,0,0,0
273,Wharton,,MID,8,Crystal Palace,,2,,,,,81,2,0,0,0,1,0,0,0,0,0,0,0,18,8.2,20.2,0.0,2.8,0.0,0.09,0.09,0.66,2,9,3,False,6,1,1
274,Agbinone,,MID,8,Crystal Palace,,2,,,,,0,0,0,0,0,0,0,0,0,0,0,0,0,0,0.0,0.0,0.0,0.0,0.0,0.0,0.0,0.0,0,0,3,False,0,0,0
275,Ahamada,,MID,8,Crystal Palace,,2,,,,,0,0,0,0,0,0,0,0,0,0,0,0,0,0,0.0,0.0,0.0,0.0,0.0,0.0,0.0,0.0,0,0,3,False,0,0,0
276,Devenny,,MID,8,Crystal Palace,,2,,,,,65,2,0,0,0,1,0,0,0,0,0,0,0,9,5.8,3.3,23.0,3.2,0.05,0.02,0.07,0.66,0,8,3,False,6,1,2
277,Ebiowei,,MID,8,Crystal Palace,,2,,,,,0,0,0,0,0,0,0,0,0,0,0,0,0,0,0.0,0.0,0.0,0.0,0.0,0.0,0.0,0.0,0,0,3,False,0,0,0
278,J.Rak-Sakyi,,MID,8,Crystal Palace,,2,,,,,0,0,0,0,0,0,0,0,0,0,0,0,0,0,0.0,0.0,0.0,0.0,0.0,0.0,0.0,0.0,0,0,3,False,0,0,0
279,M.França,,MID,8,Crystal Palace,,2,,,,,0,0,0,0,0,0,0,0,0,0,0,0,0,0,0.0,0.0,0.0,0.0,0.0,0.0,0.0,0.0,0,0,3,False,0,0,0
280,Ozoh,,MID,8,Crystal Palace,,2,,,,,0,0,0,0,0,0,0,0,0,0,0,0,0,0,0.0,0.0,0.0,0.0,0.0,0.0,0.0,0.0,0,0,3,False,0,0,0
281,Rodney,,MID,8,Crystal Palace,,2,,,,,0,0,0,0,0,0,0,0,0,0,0,0,0,0,0.0,0.0,0.0,0.0,0.0,0.0,0.0,0.0,0,0,3,False,0,0,0
282,Umeh,,MID,8,Crystal Palace,,2,,,,,0,0,0,0,0,0,0,0,0,0,0,0,0,0,0.0,0.0,0.0,0.0,0.0,0.0,0.0,0.0,0,0,3,False,0,0,0
283,Mateta,,FWD,8,Crystal Palace,,2,,,,,87,2,0,0,0,1,0,0,0,0,0,0,0,7,0.4,0.4,13.0,1.4,0.16,0.0,0.16,0.66,1,1,4,False,0,1,0
284,Nketiah,,FWD,8,Crystal Palace,,2,,,,,0,0,0,0,0,0,0,0,0,0,0,0,0,0,0.0,0.0,0.0,0.0,0.0,0.0,0.0,0.0,0,0,4,False,0,0,0
285,Édouard,,FWD,8,Crystal Palace,,2,,,,,2,1,0,0,0,0,0,0,0,0,0,0,0,6,2.0,0.0,0.0,0.2,0.0,0.0,0.0,0.27,0,1,4,False,0,0,1
286,Marsh,,FWD,8,Crystal Palace,,2,,,,,0,0,0,0,0,0,0,0,0,0,0,0,0,0,0.0,0.0,0.0,0.0,0.0,0.0,0.0,0.0,0,0,4,False,0,0,0
287,Pickford,,GK,9,Everton,,2,,,,,90,15,0,0,1,0,0,1,0,0,0,4,3,40,50.2,0.0,0.0,5.0,0.0,0.0,0.0,2.43,2,0,1,True,11,1,0
288,Travers,,GK,9,Everton,,2,,,,,0,0,0,0,0,0,0,0,0,0,0,0,0,0,0.0,0.0,0.0,0.0,0.0,0.0,0.0,0.0,0,0,1,False,0,0,0
289,Tyrer,,GK,9,Everton,,2,,,,,0,0,0,0,0,0,0,0,0,0,0,0,0,0,0.0,0.0,0.0,0.0,0.0,0.0,0.0,0.0,0,0,1,False,0,0,0
290,Branthwaite,,DEF,9,Everton,,2,,,,,0,0,0,0,0,0,0,0,0,0,0,0,0,0,0.0,0.0,0.0,0.0,0.0,0.0,0.0,0.0,0,0,2,False,0,0,0
291,Tarkowski,,DEF,9,Everton,,2,,,,,90,8,0,0,1,0,0,0,0,0,0,0,0,27,13.2,0.3,4.0,1.8,0.0,0.0,0.0,2.43,10,10,2,False,3,1,0
292,Mykolenko,,DEF,9,Everton,,2,,,,,0,0,0,0,0,0,0,0,0,0,0,0,0,0,0.0,0.0,0.0,0.0,0.0,0.0,0.0,0.0,0,0,2,False,0,0,0
293,O'Brien,,DEF,9,Everton,,2,,,,,90,6,0,0,1,0,0,0,0,0,0,0,0,21,10.8,5.1,4.0,2.0,0.0,0.01,0.01,2.43,2,4,2,False,1,1,2
294,Coleman,,DEF,9,Everton,,2,,,,,0,0,0,0,0,0,0,0,0,0,0,0,0,0,0.0,0.0,0.0,0.0,0.0,0.0,0.0,0.0,0,0,2,False,0,0,0
295,Keane,,DEF,9,Everton,,2,,,,,90,8,0,0,1,0,0,0,0,0,0,0,0,23,24.0,0.3,0.0,2.4,0.0,0.01,0.01,2.43,11,13,2,False,1,1,2
296,Patterson,,DEF,9,Everton,,2,,,,,0,0,0,0,0,0,0,0,0,0,0,0,0,0,0.0,0.0,0.0,0.0,0.0,0.0,0.0,0.0,0,0,2,False,0,0,0
297,Dixon,,DEF,9,Everton,,2,,,,,0,0,0,0,0,0,0,0,0,0,0,0,0,0,0.0,0.0,0.0,0.0,0.0,0.0,0.0,0.0,0,0,2,False,0,0,0
298,Welch,,DEF,9,Everton,,2,,,,,0,0,0,0,0,0,0,0,0,0,0,0,0,0,0.0,0.0,0.0,0.0,0.0,0.0,0.0,0.0,0,0,2,False,0,0,0
299,Ndiaye,,MID,9,Everton,,2,,,,,63,8,1,0,1,0,0,0,0,0,0,0,0,33,43.2,1.1,40.0,8.4,0.73,0.0,0.73,1.48,1,8,3,False,4,1,3
300,McNeil,,MID,9,Everton,,2,,,,,19,1,0,0,0,0,0,0,0,0,0,0,0,2,0.0,11.3,8.0,1.8,0.24,0.0,0.24,0.95,0,0,3,False,0,0,0
301,Alcaraz,,MID,9,Everton,,2,,,,,26,1,0,0,0,0,0,0,0,0,0,0,0,5,5.0,2.1,0.0,0.7,0.0,0.0,0.0,0.95,0,4,3,False,2,0,2
302,Gana,,MID,9,Everton,,2,,,,,90,3,0,0,1,0,0,0,0,0,0,0,0,15,12.4,5.7,2.0,2.0,0.0,0.01,0.01,2.43,3,7,3,False,2,1,2
303,Garner,,MID,9,Everton,,2,,,,,90,10,1,0,1,0,0,0,0,1,0,0,1,34,54.2,26.6,8.0,8.9,0.04,0.07,0.11,2.43,10,16,3,False,5,1,1
304,Iroegbunam,,MID,9,Everton,,2,,,,,70,2,0,0,1,0,0,0,0,1,0,0,0,7,8.8,2.7,1.0,1.3,0.08,0.0,0.08,1.48,5,11,3,False,6,1,0
305,Armstrong,,MID,9,Everton,,2,,,,,1,1,0,0,0,0,0,0,0,0,0,0,0,3,0.0,0.0,0.0,0.0,0.0,0.0,0.0,0.0,0,0,3,False,0,0,0
306,Bates,,MID,9,Everton,,2,,,,,0,0,0,0,0,0,0,0,0,0,0,0,0,0,0.0,0.0,0.0,0.0,0.0,0.0,0.0,0.0,0,0,3,False,0,0,0
307,Ebere,,MID,9,Everton,,2,,,,,0,0,0,0,0,0,0,0,0,0,0,0,0,0,0.0,0.0,0.0,0.0,0.0,0.0,0.0,0.0,0,0,3,False,0,0,0
308,Heath,,MID,9,Everton,,2,,,,,0,0,0,0,0,0,0,0,0,0,0,0,0,0,0.0,0.0,0.0,0.0,0.0,0.0,0.0,0.0,0,0,3,False,0,0,0
309,Metcalfe,,MID,9,Everton,,2,,,,,0,0,0,0,0,0,0,0,0,0,0,0,0,0,0.0,0.0,0.0,0.0,0.0,0.0,0.0,0.0,0,0,3,False,0,0,0
310,Barry,,FWD,9,Everton,,2,,,,,63,2,0,0,1,0,0,0,0,0,0,0,0,1,0.0,2.2,14.0,1.2,0.35,0.01,0.36,1.48,0,0,4,False,0,1,0
311,Beto,,FWD,9,Everton,,2,,,,,26,0,0,0,0,0,0,0,0,1,0,0,0,-2,0.0,0.5,8.0,0.5,0.14,0.0,0.14,0.95,0,0,4,False,0,0,0
312,Y.Chermiti,,FWD,9,Everton,,2,,,,,0,0,0,0,0,0,0,0,0,0,0,0,0,0,0.0,0.0,0.0,0.0,0.0,0.0,0.0,0.0,0,0,4,False,0,0,0
313,Sherif,,FWD,9,Everton,,2,,,,,0,0,0,0,0,0,0,0,0,0,0,0,0,0,0.0,0.0,0.0,0.0,0.0,0.0,0.0,0.0,0,0,4,False,0,0,0
314,Leno,,GK,10,Fulham,,2,,,,,90,3,0,0,0,1,0,0,0,0,0,3,0,13,23.4,0.0,0.0,2.3,0.0,0.0,0.0,1.63,2,0,1,False,7,1,0
315,Benda,,GK,10,Fulham,,2,,,,,0,0,0,0,0,0,0,0,0,0,0,0,0,0,0.0,0.0,0.0,0.0,0.0,0.0,0.0,0.0,0,0,1,False,0,0,0
316,Robinson,,DEF,10,Fulham,,2,,,,,28,1,0,0,0,0,0,0,0,0,0,0,0,5,6.6,16.2,2.0,2.5,0.0,0.02,0.02,0.11,1,1,2,False,0,0,0
317,Andersen,,DEF,10,Fulham,,2,,,,,90,4,0,0,0,1,0,0,0,0,0,0,0,14,24.6,11.4,6.0,4.2,0.0,0.64,0.64,1.63,10,11,2,False,2,1,1
318,Bassey,,DEF,10,Fulham,,2,,,,,90,2,0,0,0,1,0,0,0,0,0,0,0,6,1.8,0.8,7.0,1.0,0.15,0.0,0.15,1.63,5,5,2,False,6,1,0
319,Castagne,,DEF,10,Fulham,,2,,,,,61,2,0,0,0,1,0,0,0,0,0,0,0,5,4.6,7.7,19.0,3.1,0.3,0.04,0.34,1.52,2,2,2,False,1,1,0
320,Diop,,DEF,10,Fulham,,2,,,,,0,0,0,0,0,0,0,0,0,0,0,0,0,0,0.0,0.0,0.0,0.0,0.0,0.0,0.0,0.0,0,0,2,False,0,0,0
321,J.Cuenca,,DEF,10,Fulham,,2,,,,,0,0,0,0,0,0,0,0,0,0,0,0,0,0,0.0,0.0,0.0,0.0,0.0,0.0,0.0,0.0,0,0,2,False,0,0,0
322,Tete,,DEF,10,Fulham,,2,,,,,90,2,0,0,0,1,0,0,0,0,0,0,0,15,17.6,17.7,10.0,4.5,0.0,0.37,0.37,1.63,1,4,2,False,3,1,3
323,Amissah,,DEF,10,Fulham,,2,,,,,0,0,0,0,0,0,0,0,0,0,0,0,0,0,0.0,0.0,0.0,0.0,0.0,0.0,0.0,0.0,0,0,2,False,0,0,0
324,Iwobi,,MID,10,Fulham,,2,,,,,90,7,0,1,0,1,0,0,0,0,0,0,2,23,24.8,21.9,17.0,6.4,0.07,0.25,0.32,1.63,2,4,3,False,2,1,0
325,Smith Rowe,,MID,10,Fulham,,2,,,,,19,6,1,0,0,0,0,0,0,0,0,0,0,21,32.8,3.6,38.0,7.4,0.7,0.02,0.72,0.11,0,0,3,False,0,0,0
326,Adama,,MID,10,Fulham,,2,,,,,0,0,0,0,0,0,0,0,0,0,0,0,0,0,0.0,0.0,0.0,0.0,0.0,0.0,0.0,0.0,0,0,3,False,0,0,0
327,Andreas,,MID,10,Fulham,,2,,,,,0,0,0,0,0,0,0,0,0,0,0,0,0,0,0.0,0.0,0.0,0.0,0.0,0.0,0.0,0.0,0,0,3,False,0,0,0
328,Sessegnon,,MID,10,Fulham,,2,,,,,61,2,0,0,0,1,0,0,0,0,0,0,0,14,11.0,15.4,6.0,3.2,0.0,0.16,0.16,1.52,2,5,3,False,1,1,2
329,Wilson,,MID,10,Fulham,,2,,,,,28,1,0,0,0,0,0,0,0,0,0,0,0,5,3.2,1.9,6.0,1.1,0.0,0.09,0.09,0.11,0,1,3,False,0,0,1
330,Berge,,MID,10,Fulham,,2,,,,,90,2,0,0,0,1,0,0,0,0,0,0,0,10,7.4,4.8,2.0,1.4,0.0,0.04,0.04,1.63,2,3,3,False,1,1,0
331,Cairney,,MID,10,Fulham,,2,,,,,0,0,0,0,0,0,0,0,0,0,0,0,0,0,0.0,0.0,0.0,0.0,0.0,0.0,0.0,0.0,0,0,3,False,0,0,0
332,Lukić,,MID,10,Fulham,,2,,,,,90,3,0,0,0,1,0,0,0,1,0,0,0,19,11.8,65.9,2.0,8.0,0.0,0.44,0.44,1.63,3,12,3,False,8,1,1
333,Godo,,MID,10,Fulham,,2,,,,,0,0,0,0,0,0,0,0,0,0,0,0,0,0,0.0,0.0,0.0,0.0,0.0,0.0,0.0,0.0,0,0,3,False,0,0,0
334,Harris,,MID,10,Fulham,,2,,,,,0,0,0,0,0,0,0,0,0,0,0,0,0,0,0.0,0.0,0.0,0.0,0.0,0.0,0.0,0.0,0,0,3,False,0,0,0
335,King,,MID,10,Fulham,,2,,,,,70,2,0,0,0,1,0,0,0,0,0,0,0,1,5.0,1.3,23.0,2.9,0.17,0.01,0.18,1.52,0,2,3,False,1,1,1
336,Reed,,MID,10,Fulham,,2,,,,,0,0,0,0,0,0,0,0,0,0,0,0,0,0,0.0,0.0,0.0,0.0,0.0,0.0,0.0,0.0,0,0,3,False,0,0,0
337,Raúl,,FWD,10,Fulham,,2,,,,,19,1,0,0,0,0,0,0,0,0,0,0,0,0,1.0,2.3,2.0,0.5,0.0,0.0,0.0,0.11,1,2,4,False,1,0,0
338,Muniz,,FWD,10,Fulham,,2,,,,,70,0,0,0,0,1,1,0,0,0,0,0,0,-3,0.0,10.3,24.0,3.1,0.37,0.0,0.37,1.52,2,6,4,False,3,1,1
339,Meslier,,GK,11,Leeds,,2,,,,,0,0,0,0,0,0,0,0,0,0,0,0,0,0,0.0,0.0,0.0,0.0,0.0,0.0,0.0,0.0,0,0,1,False,0,0,0
340,Cairns,,GK,11,Leeds,,2,,,,,0,0,0,0,0,0,0,0,0,0,0,0,0,0,0.0,0.0,0.0,0.0,0.0,0.0,0.0,0.0,0,0,1,False,0,0,0
341,Darlow,,GK,11,Leeds,,2,,,,,0,0,0,0,0,0,0,0,0,0,0,0,0,0,0.0,0.0,0.0,0.0,0.0,0.0,0.0,0.0,0,0,1,False,0,0,0
342,Bogle,,DEF,11,Leeds,,2,,,,,82,-1,0,0,0,4,0,0,0,1,0,0,0,-9,3.8,0.2,4.0,0.8,0.0,0.0,0.0,2.09,3,4,2,False,5,1,1
343,Struijk,,DEF,11,Leeds,,2,,,,,90,0,0,0,0,5,0,0,0,0,0,0,0,-1,16.6,0.3,17.0,3.4,0.1,0.0,0.1,2.88,4,6,2,False,3,1,2
344,Bijol,,DEF,11,Leeds,,2,,,,,0,0,0,0,0,0,0,0,0,0,0,0,0,0,0.0,0.0,0.0,0.0,0.0,0.0,0.0,0.0,0,0,2,False,0,0,0
345,Bornauw,,DEF,11,Leeds,,2,,,,,0,0,0,0,0,0,0,0,0,0,0,0,0,0,0.0,0.0,0.0,0.0,0.0,0.0,0.0,0.0,0,0,2,False,0,0,0
346,Byram,,DEF,11,Leeds,,2,,,,,7,1,0,0,0,1,0,0,0,0,0,0,0,-2,0.0,0.0,0.0,0.0,0.0,0.0,0.0,0.79,0,0,2,False,0,0,0
347,Gudmundsson,,DEF,11,Leeds,,2,,,,,90,-1,0,0,0,5,0,0,0,1,0,0,0,-19,9.4,0.5,0.0,1.0,0.0,0.0,0.0,2.88,5,8,2,False,1,1,3
348,Rodon,,DEF,11,Leeds,,2,,,,,90,2,0,0,0,5,0,0,0,0,0,0,0,-2,29.0,0.1,0.0,2.9,0.0,0.0,0.0,2.88,13,14,2,False,2,1,1
349,Schmidt,,DEF,11,Leeds,,2,,,,,0,0,0,0,0,0,0,0,0,0,0,0,0,0,0.0,0.0,0.0,0.0,0.0,0.0,0.0,0.0,0,0,2,False,0,0,0
350,Aaronson,,MID,11,Leeds,,2,,,,,24,1,0,0,0,1,0,0,0,0,0,0,0,6,2.2,0.4,0.0,0.3,0.0,0.04,0.04,0.87,0,3,3,False,2,0,1
351,Gnonto,,MID,11,Leeds,,2,,,,,65,2,0,0,0,4,0,0,0,0,0,0,0,10,7.2,1.5,2.0,1.1,0.0,0.0,0.0,2.01,0,6,3,False,2,1,4
352,Harrison,,MID,11,Leeds,,2,,,,,0,0,0,0,0,0,0,0,0,0,0,0,0,0,0.0,0.0,0.0,0.0,0.0,0.0,0.0,0.0,0,0,3,False,0,0,0
353,James,,MID,11,Leeds,,2,,,,,65,2,0,0,0,4,0,0,0,0,0,0,0,9,1.6,0.3,9.0,1.1,0.07,0.0,0.07,2.01,0,4,3,False,4,1,0
354,Ampadu,,MID,11,Leeds,,2,,,,,0,0,0,0,0,0,0,0,0,0,0,0,0,0,0.0,0.0,0.0,0.0,0.0,0.0,0.0,0.0,0,0,3,False,0,0,0
355,Greenwood,,MID,11,Leeds,,2,,,,,0,0,0,0,0,0,0,0,0,0,0,0,0,0,0.0,0.0,0.0,0.0,0.0,0.0,0.0,0.0,0,0,3,False,0,0,0
356,Gruev,,MID,11,Leeds,,2,,,,,90,2,0,0,0,5,0,0,0,0,0,0,0,15,9.4,0.7,0.0,1.0,0.0,0.0,0.0,2.88,2,6,3,False,3,1,1
357,Ramazani,,MID,11,Leeds,,2,,,,,0,0,0,0,0,0,0,0,0,0,0,0,0,0,0.0,0.0,0.0,0.0,0.0,0.0,0.0,0.0,0,0,3,False,0,0,0
358,Tanaka,,MID,11,Leeds,,2,,,,,57,1,0,0,0,4,0,0,0,0,0,0,0,2,0.0,3.3,0.0,0.3,0.0,0.0,0.0,1.85,0,2,3,False,2,1,0
359,Crew,,MID,11,Leeds,,2,,,,,0,0,0,0,0,0,0,0,0,0,0,0,0,0,0.0,0.0,0.0,0.0,0.0,0.0,0.0,0.0,0,0,3,False,0,0,0
360,Gelhardt,,MID,11,Leeds,,2,,,,,0,0,0,0,0,0,0,0,0,0,0,0,0,0,0.0,0.0,0.0,0.0,0.0,0.0,0.0,0.0,0,0,3,False,0,0,0
361,Gyabi,,MID,11,Leeds,,2,,,,,0,0,0,0,0,0,0,0,0,0,0,0,0,0,0.0,0.0,0.0,0.0,0.0,0.0,0.0,0.0,0,0,3,False,0,0,0
362,Piroe,,FWD,11,Leeds,,2,,,,,57,1,0,0,0,4,0,0,0,0,0,0,0,3,0.0,1.3,0.0,0.1,0.0,0.0,0.0,1.85,0,1,4,False,1,1,0
363,Bamford,,FWD,11,Leeds,,2,,,,,0,0,0,0,0,0,0,0,0,0,0,0,0,0,0.0,0.0,0.0,0.0,0.0,0.0,0.0,0.0,0,0,4,False,0,0,0
364,Mateo Joseph,,FWD,11,Leeds,,2,,,,,0,0,0,0,0,0,0,0,0,0,0,0,0,0,0.0,0.0,0.0,0.0,0.0,0.0,0.0,0.0,0,0,4,False,0,0,0
365,Nmecha,,FWD,11,Leeds,,2,,,,,32,1,0,0,0,1,0,0,0,0,0,0,0,3,0.0,0.1,0.0,0.0,0.0,0.0,0.0,1.03,0,0,4,False,0,0,0
366,A.Becker,,GK,12,Liverpool,,2,,,,,90,1,0,0,0,2,0,0,0,0,0,1,0,7,14.4,0.0,0.0,1.4,0.0,0.0,0.0,0.93,5,0,1,False,10,1,0
367,Mamardashvili,,GK,12,Liverpool,,2,,,,,0,0,0,0,0,0,0,0,0,0,0,0,0,0,0.0,0.0,0.0,0.0,0.0,0.0,0.0,0.0,0,0,1,False,0,0,0
368,Pécsi,,GK,12,Liverpool,,2,,,,,0,0,0,0,0,0,0,0,0,0,0,0,0,0,0.0,0.0,0.0,0.0,0.0,0.0,0.0,0.0,0,0,1,False,0,0,0
369,Woodman,,GK,12,Liverpool,,2,,,,,0,0,0,0,0,0,0,0,0,0,0,0,0,0,0.0,0.0,0.0,0.0,0.0,0.0,0.0,0.0,0,0,1,False,0,0,0
370,Frimpong,,DEF,12,Liverpool,,2,,,,,0,0,0,0,0,0,0,0,0,0,0,0,0,0,0.0,0.0,0.0,0.0,0.0,0.0,0.0,0.0,0,0,2,False,0,0,0
371,Kerkez,,DEF,12,Liverpool,,2,,,,,90,1,0,0,0,2,0,0,0,0,0,0,0,7,17.6,1.1,0.0,1.9,0.0,0.0,0.0,0.93,7,9,2,False,4,1,2
372,Robertson,,DEF,12,Liverpool,,2,,,,,0,0,0,0,0,0,0,0,0,0,0,0,0,0,0.0,0.0,0.0,0.0,0.0,0.0,0.0,0.0,0,0,2,False,0,0,0
373,Virgil,,DEF,12,Liverpool,,2,,,,,90,3,0,0,0,2,0,0,0,0,0,0,0,10,38.6,0.3,0.0,3.9,0.0,0.0,0.0,0.93,15,15,2,False,1,1,0
374,Konaté,,DEF,12,Liverpool,,2,,,,,90,0,0,0,0,2,0,0,0,1,0,0,0,5,13.2,1.0,0.0,1.4,0.0,0.01,0.01,0.93,5,6,2,False,1,1,1
375,Bradley,,DEF,12,Liverpool,,2,,,,,10,0,0,0,0,1,0,0,0,1,0,0,0,-7,4.0,1.3,2.0,0.7,0.0,0.01,0.01,0.16,1,1,2,False,0,0,0
376,Gomez,,DEF,12,Liverpool,,2,,,,,0,0,0,0,0,0,0,0,0,0,0,0,0,0,0.0,0.0,0.0,0.0,0.0,0.0,0.0,0.0,0,0,2,False,0,0,0
377,Tsimikas,,DEF,12,Liverpool,,2,,,,,0,0,0,0,0,0,0,0,0,0,0,0,0,0,0.0,0.0,0.0,0.0,0.0,0.0,0.0,0.0,0,0,2,False,0,0,0
378,Nallo,,DEF,12,Liverpool,,2,,,,,0,0,0,0,0,0,0,0,0,0,0,0,0,0,0.0,0.0,0.0,0.0,0.0,0.0,0.0,0.0,0,0,2,False,0,0,0
379,R.Williams,,DEF,12,Liverpool,,2,,,,,0,0,0,0,0,0,0,0,0,0,0,0,0,0,0.0,0.0,0.0,0.0,0.0,0.0,0.0,0.0,0,0,2,False,0,0,0
380,Ramsay,,DEF,12,Liverpool,,2,,,,,0,0,0,0,0,0,0,0,0,0,0,0,0,0,0.0,0.0,0.0,0.0,0.0,0.0,0.0,0.0,0,0,2,False,0,0,0
381,M.Salah,,MID,12,Liverpool,,2,,,,,90,5,0,1,0,2,0,0,0,0,0,0,0,24,21.0,28.3,6.0,5.5,0.0,0.21,0.21,0.93,1,2,3,False,1,1,0
382,Wirtz,,MID,12,Liverpool,,2,,,,,79,2,0,0,0,1,0,0,0,0,0,0,0,9,1.8,10.2,19.0,3.1,0.05,0.1,0.14,0.78,0,3,3,False,2,1,1
383,Luis Díaz,,MID,12,Liverpool,,2,,,,,0,0,0,0,0,0,0,0,0,0,0,0,0,0,0.0,0.0,0.0,0.0,0.0,0.0,0.0,0.0,0,0,3,False,0,0,0
384,Gakpo,,MID,12,Liverpool,,2,,,,,90,10,0,2,0,2,0,0,0,0,0,0,2,29,39.4,22.3,8.0,7.0,0.06,0.07,0.13,0.93,2,9,3,False,4,1,3
385,Chiesa,,MID,12,Liverpool,,2,,,,,10,1,0,0,0,1,0,0,0,0,0,0,0,2,1.2,0.3,0.0,0.2,0.0,0.0,0.0,0.16,1,1,3,False,0,0,0
386,Mac Allister,,MID,12,Liverpool,,2,,,,,0,0,0,0,0,0,0,0,0,0,0,0,0,0,0.0,0.0,0.0,0.0,0.0,0.0,0.0,0.0,0,0,3,False,0,0,0
387,Szoboszlai,,MID,12,Liverpool,,2,,,,,90,2,0,0,0,2,0,0,0,0,0,0,0,13,9.6,2.4,2.0,1.4,0.0,0.01,0.01,0.93,4,9,3,False,4,1,1
388,C.Jones,,MID,12,Liverpool,,2,,,,,90,2,0,0,0,2,0,0,0,0,0,0,0,16,12.4,7.8,0.0,2.0,0.0,0.02,0.02,0.93,0,10,3,False,6,1,4
389,Elliott,,MID,12,Liverpool,,2,,,,,1,1,0,0,0,0,0,0,0,0,0,0,0,2,0.2,0.8,0.0,0.1,0.0,0.0,0.0,0.0,0,0,3,False,0,0,0
390,Gravenberch,,MID,12,Liverpool,,2,,,,,90,7,1,0,0,2,0,0,0,1,0,0,1,28,40.6,6.3,7.0,5.4,0.02,0.01,0.03,0.93,3,8,3,False,4,1,1
391,Gannon-Doak,,MID,4,Bournemouth,,2,,,,,0,0,0,0,0,0,0,0,0,0,0,0,0,0,0.0,0.0,0.0,0.0,0.0,0.0,0.0,0.0,0,0,3,False,0,0,0
392,Endo,,MID,12,Liverpool,,2,,,,,1,1,0,0,0,0,0,0,0,0,0,0,0,3,0.0,0.0,0.0,0.0,0.0,0.0,0.0,0.0,0,0,3,False,0,0,0
393,Bajcetic,,MID,12,Liverpool,,2,,,,,0,0,0,0,0,0,0,0,0,0,0,0,0,0,0.0,0.0,0.0,0.0,0.0,0.0,0.0,0.0,0,0,3,False,0,0,0
394,McConnell,,MID,12,Liverpool,,2,,,,,0,0,0,0,0,0,0,0,0,0,0,0,0,0,0.0,0.0,0.0,0.0,0.0,0.0,0.0,0.0,0,0,3,False,0,0,0
395,Morton,,MID,12,Liverpool,,2,,,,,0,0,0,0,0,0,0,0,0,0,0,0,0,0,0.0,0.0,0.0,0.0,0.0,0.0,0.0,0.0,0,0,3,False,0,0,0
396,Nyoni,,MID,12,Liverpool,,2,,,,,0,0,0,0,0,0,0,0,0,0,0,0,0,0,0.0,0.0,0.0,0.0,0.0,0.0,0.0,0.0,0,0,3,False,0,0,0
397,Darwin,,FWD,12,Liverpool,,2,,,,,0,0,0,0,0,0,0,0,0,0,0,0,0,0,0.0,0.0,0.0,0.0,0.0,0.0,0.0,0.0,0,0,4,False,0,0,0
398,Danns,,FWD,12,Liverpool,,2,,,,,0,0,0,0,0,0,0,0,0,0,0,0,0,0,0.0,0.0,0.0,0.0,0.0,0.0,0.0,0.0,0,0,4,False,0,0,0
399,Ederson M.,,GK,13,Man City,,2,,,,,0,0,0,0,0,0,0,0,0,0,0,0,0,0,0.0,0.0,0.0,0.0,0.0,0.0,0.0,0.0,0,0,1,False,0,0,0
400,Ortega Moreno,,GK,13,Man City,,2,,,,,0,0,0,0,0,0,0,0,0,0,0,0,0,0,0.0,0.0,0.0,0.0,0.0,0.0,0.0,0.0,0,0,1,False,0,0,0
401,Bettinelli,,GK,13,Man City,,2,,,,,0,0,0,0,0,0,0,0,0,0,0,0,0,0,0.0,0.0,0.0,0.0,0.0,0.0,0.0,0.0,0,0,1,False,0,0,0
402,Aït-Nouri,,DEF,13,Man City,,2,,,,,22,1,0,0,0,0,0,0,0,0,0,0,0,2,0.0,0.4,0.0,0.0,0.0,0.0,0.0,0.08,0,0,2,False,2,1,0
403,Gvardiol,,DEF,13,Man City,,2,,,,,0,0,0,0,0,0,0,0,0,0,0,0,0,0,0.0,0.0,0.0,0.0,0.0,0.0,0.0,0.0,0,0,2,False,0,0,0
404,Akanji,,DEF,13,Man City,,2,,,,,0,0,0,0,0,0,0,0,0,0,0,0,0,0,0.0,0.0,0.0,0.0,0.0,0.0,0.0,0.0,0,0,2,False,0,0,0
405,Aké,,DEF,13,Man City,,2,,,,,67,1,0,0,0,2,0,0,0,0,0,0,0,9,15.2,9.8,5.0,3.0,0.14,0.12,0.26,1.03,4,5,2,False,2,0,1
406,Khusanov,,DEF,13,Man City,,2,,,,,0,0,0,0,0,0,0,0,0,0,0,0,0,0,0.0,0.0,0.0,0.0,0.0,0.0,0.0,0.0,0,0,2,False,0,0,0
407,Matheus N.,,DEF,13,Man City,,2,,,,,0,0,0,0,0,0,0,0,0,0,0,0,0,0,0.0,0.0,0.0,0.0,0.0,0.0,0.0,0.0,0,0,2,False,0,0,0
408,Rúben,,DEF,13,Man City,,2,,,,,90,1,0,0,0,2,0,0,0,0,0,0,0,5,18.2,1.6,0.0,2.0,0.0,0.01,0.01,1.11,5,7,2,False,2,1,2
409,Stones,,DEF,13,Man City,,2,,,,,90,1,0,0,0,2,0,0,0,0,0,0,0,9,23.8,1.8,0.0,2.6,0.0,0.02,0.02,1.11,8,8,2,False,4,1,0
410,Lewis,,DEF,13,Man City,,2,,,,,90,1,0,0,0,2,0,0,0,0,0,0,0,3,16.4,14.8,5.0,3.6,0.02,0.08,0.1,1.11,4,6,2,False,3,1,2
411,O’Reilly,,DEF,13,Man City,,2,,,,,0,0,0,0,0,0,0,0,0,0,0,0,0,0,0.0,0.0,0.0,0.0,0.0,0.0,0.0,0.0,0,0,2,False,0,0,0
412,Vitor Reis,,DEF,13,Man City,,2,,,,,0,0,0,0,0,0,0,0,0,0,0,0,0,0,0.0,0.0,0.0,0.0,0.0,0.0,0.0,0.0,0,0,2,False,0,0,0
413,Marmoush,,MID,13,Man City,,2,,,,,53,1,0,0,0,2,0,0,0,0,0,0,0,7,13.0,2.8,36.0,5.2,0.65,0.01,0.66,0.62,2,4,3,False,1,1,1
414,Foden,,MID,13,Man City,,2,,,,,15,1,0,0,0,0,0,0,0,0,0,0,0,8,5.6,14.3,12.0,3.2,0.18,0.02,0.2,0.36,0,3,3,False,3,0,0
415,Savinho,,MID,13,Man City,,2,,,,,0,0,0,0,0,0,0,0,0,0,0,0,0,0,0.0,0.0,0.0,0.0,0.0,0.0,0.0,0.0,0,0,3,False,0,0,0
416,Bernardo,,MID,13,Man City,,2,,,,,36,1,0,0,0,0,0,0,0,0,0,0,0,2,3.2,2.9,4.0,1.0,0.0,0.02,0.02,0.49,2,3,3,False,1,0,0
417,Cherki,,MID,13,Man City,,2,,,,,53,1,0,0,0,2,0,0,0,0,0,0,0,10,14.4,25.5,8.0,4.8,0.0,0.44,0.44,0.62,1,8,3,False,3,1,4
418,Doku,,MID,13,Man City,,2,,,,,36,1,0,0,0,0,0,0,0,0,0,0,0,1,2.2,12.0,8.0,2.2,0.0,0.25,0.25,0.49,0,1,3,False,1,0,0
419,Grealish,,MID,9,Everton,,2,,,,,90,11,0,2,1,0,0,0,0,0,0,0,2,37,48.2,35.3,12.0,9.6,0.01,0.7,0.71,2.43,1,11,3,True,7,1,3
420,Gündoğan,,MID,13,Man City,,2,,,,,0,0,0,0,0,0,0,0,0,0,0,0,0,0,0.0,0.0,0.0,0.0,0.0,0.0,0.0,0.0,0,0,3,False,0,0,0
421,Rodrigo,,MID,13,Man City,,2,,,,,15,1,0,0,0,0,0,0,0,0,0,0,0,7,5.4,11.4,17.0,3.4,0.05,0.02,0.07,0.36,0,5,3,False,4,0,1
422,Kovačić,,MID,13,Man City,,2,,,,,0,0,0,0,0,0,0,0,0,0,0,0,0,0,0.0,0.0,0.0,0.0,0.0,0.0,0.0,0.0,0,0,3,False,0,0,0
423,N.Gonzalez,,MID,13,Man City,,2,,,,,74,1,0,0,0,2,0,0,0,1,0,0,0,15,10.4,6.7,0.0,1.7,0.0,0.02,0.02,0.75,1,6,3,False,2,1,3
424,Bobb,,MID,13,Man City,,2,,,,,74,2,0,0,0,2,0,0,0,0,0,0,0,12,11.8,30.1,14.0,5.6,0.0,0.21,0.21,0.75,0,5,3,False,2,1,3
425,Echeverri,,MID,13,Man City,,2,,,,,0,0,0,0,0,0,0,0,0,0,0,0,0,0,0.0,0.0,0.0,0.0,0.0,0.0,0.0,0.0,0,0,3,False,0,0,0
426,McAtee,,MID,16,Nott'm Forest,,2,,,,,18,1,0,0,0,0,0,0,0,0,0,0,0,4,1.4,11.3,2.0,1.5,0.0,0.03,0.03,0.0,0,0,3,False,0,0,0
427,Reijnders,,MID,13,Man City,,2,,,,,90,2,0,0,0,2,0,0,0,0,0,0,0,12,5.4,5.1,4.0,1.5,0.04,0.04,0.08,1.11,0,5,3,False,4,1,1
428,Nypan,,MID,13,Man City,,2,,,,,0,0,0,0,0,0,0,0,0,0,0,0,0,0,0.0,0.0,0.0,0.0,0.0,0.0,0.0,0.0,0,0,3,False,0,0,0
429,Phillips,,MID,13,Man City,,2,,,,,0,0,0,0,0,0,0,0,0,0,0,0,0,0,0.0,0.0,0.0,0.0,0.0,0.0,0.0,0.0,0,0,3,False,0,0,0
430,Haaland,,FWD,13,Man City,,2,,,,,90,2,0,0,0,2,0,0,0,0,0,0,0,6,1.4,15.2,15.0,3.2,0.47,0.3,0.77,1.11,1,4,4,False,3,1,0
431,Bayindir,,GK,14,Man Utd,,2,,,,,90,2,0,0,0,1,0,0,0,0,0,2,0,13,16.0,10.0,0.0,2.6,0.0,0.03,0.03,1.76,0,0,1,False,6,1,0
432,Onana,,GK,14,Man Utd,,2,,,,,0,0,0,0,0,0,0,0,0,0,0,0,0,0,0.0,0.0,0.0,0.0,0.0,0.0,0.0,0.0,0,0,1,False,0,0,0
433,Harrison,,GK,14,Man Utd,,2,,,,,0,0,0,0,0,0,0,0,0,0,0,0,0,0,0.0,0.0,0.0,0.0,0.0,0.0,0.0,0.0,0,0,1,False,0,0,0
434,Heaton,,GK,14,Man Utd,,2,,,,,0,0,0,0,0,0,0,0,0,0,0,0,0,0,0.0,0.0,0.0,0.0,0.0,0.0,0.0,0.0,0,0,1,False,0,0,0
435,Mee,,GK,14,Man Utd,,2,,,,,0,0,0,0,0,0,0,0,0,0,0,0,0,0,0.0,0.0,0.0,0.0,0.0,0.0,0.0,0.0,0,0,1,False,0,0,0
436,De Ligt,,DEF,14,Man Utd,,2,,,,,90,7,0,0,0,1,0,0,0,0,0,0,3,24,29.0,0.2,0.0,2.9,0.0,0.01,0.01,1.76,10,11,2,False,2,1,1
437,Martinez,,DEF,14,Man Utd,,2,,,,,0,0,0,0,0,0,0,0,0,0,0,0,0,0,0.0,0.0,0.0,0.0,0.0,0.0,0.0,0.0,0,0,2,False,0,0,0
438,Mazraoui,,DEF,14,Man Utd,,2,,,,,0,0,0,0,0,0,0,0,0,0,0,0,0,0,0.0,0.0,0.0,0.0,0.0,0.0,0.0,0.0,0,0,2,False,0,0,0
439,D.Leon,,DEF,14,Man Utd,,2,,,,,0,0,0,0,0,0,0,0,0,0,0,0,0,0,0.0,0.0,0.0,0.0,0.0,0.0,0.0,0.0,0,0,2,False,0,0,0
440,Dalot,,DEF,14,Man Utd,,2,,,,,38,1,0,0,0,1,0,0,0,0,0,0,0,-4,0.0,4.8,10.0,1.4,0.01,0.01,0.02,0.86,1,2,2,False,1,0,1
441,Dorgu,,DEF,14,Man Utd,,2,,,,,90,2,0,0,0,1,0,0,0,0,0,0,0,4,4.8,4.5,6.0,1.5,0.0,0.04,0.04,1.76,4,4,2,False,1,1,0
442,Maguire,,DEF,14,Man Utd,,2,,,,,3,1,0,0,0,0,0,0,0,0,0,0,0,2,0.2,0.0,4.0,0.4,0.1,0.0,0.1,0.03,1,1,2,False,0,0,0
443,Shaw,,DEF,14,Man Utd,,2,,,,,86,2,0,0,0,1,0,0,0,0,0,0,0,5,9.6,2.8,0.0,1.2,0.0,0.01,0.01,1.73,4,5,2,False,1,1,1
444,Yoro,,DEF,14,Man Utd,,2,,,,,86,6,0,1,0,1,0,0,0,0,0,0,1,22,15.0,11.3,9.0,3.5,0.18,0.01,0.19,1.73,6,8,2,False,1,1,2
445,Amass,,DEF,14,Man Utd,,2,,,,,0,0,0,0,0,0,0,0,0,0,0,0,0,0,0.0,0.0,0.0,0.0,0.0,0.0,0.0,0.0,0,0,2,False,0,0,0
446,Fredricson,,DEF,14,Man Utd,,2,,,,,0,0,0,0,0,0,0,0,0,0,0,0,0,0,0.0,0.0,0.0,0.0,0.0,0.0,0.0,0.0,0,0,2,False,0,0,0
447,Heaven,,DEF,14,Man Utd,,2,,,,,3,1,0,0,0,0,0,0,0,0,0,0,0,3,2.0,0.0,0.0,0.2,0.0,0.0,0.0,0.03,1,1,2,False,0,0,0
448,Malacia,,DEF,14,Man Utd,,2,,,,,0,0,0,0,0,0,0,0,0,0,0,0,0,0,0.0,0.0,0.0,0.0,0.0,0.0,0.0,0.0,0,0,2,False,0,0,0
449,B.Fernandes,,MID,14,Man Utd,,2,,,,,90,2,0,0,0,1,0,0,1,0,0,0,0,12,21.0,17.3,13.0,5.1,0.82,0.04,0.86,1.76,3,13,3,False,8,1,2
450,Cunha,,MID,14,Man Utd,,2,,,,,90,2,0,0,0,1,0,0,0,0,0,0,0,5,8.6,14.9,22.0,4.6,0.39,0.02,0.41,1.76,1,4,3,False,2,1,1
451,Rashford,,MID,14,Man Utd,,2,,,,,0,0,0,0,0,0,0,0,0,0,0,0,0,0,0.0,0.0,0.0,0.0,0.0,0.0,0.0,0.0,0,0,3,False,0,0,0
452,Amad,,MID,14,Man Utd,,2,,,,,51,1,0,0,0,0,0,0,0,0,0,0,0,7,11.4,3.4,22.0,3.7,0.14,0.02,0.16,0.9,2,6,3,False,2,1,2
453,Garnacho,,MID,14,Man Utd,,2,,,,,0,0,0,0,0,0,0,0,0,0,0,0,0,0,0.0,0.0,0.0,0.0,0.0,0.0,0.0,0.0,0,0,3,False,0,0,0
454,Antony,,MID,14,Man Utd,,2,,,,,0,0,0,0,0,0,0,0,0,0,0,0,0,0,0.0,0.0,0.0,0.0,0.0,0.0,0.0,0.0,0,0,3,False,0,0,0
455,Mount,,MID,14,Man Utd,,2,,,,,68,3,0,0,1,0,0,0,0,0,0,0,0,10,6.4,28.5,6.0,4.1,0.0,0.19,0.19,1.06,0,3,3,False,1,1,2
456,Sancho,,MID,14,Man Utd,,2,,,,,0,0,0,0,0,0,0,0,0,0,0,0,0,0,0.0,0.0,0.0,0.0,0.0,0.0,0.0,0.0,0,0,3,False,0,0,0
457,Casemiro,,MID,14,Man Utd,,2,,,,,52,0,0,0,0,0,0,0,0,1,0,0,0,4,7.8,0.5,2.0,1.0,0.0,0.0,0.0,0.9,2,7,3,False,3,1,2
458,Mainoo,,MID,14,Man Utd,,2,,,,,0,0,0,0,0,0,0,0,0,0,0,0,0,0,0.0,0.0,0.0,0.0,0.0,0.0,0.0,0.0,0,0,3,False,0,0,0
459,Ugarte,,MID,14,Man Utd,,2,,,,,21,1,0,0,0,1,0,0,0,0,0,0,0,7,8.6,0.8,0.0,0.9,0.0,0.0,0.0,0.7,2,5,3,False,0,0,3
460,Collyer,,MID,14,Man Utd,,2,,,,,0,0,0,0,0,0,0,0,0,0,0,0,0,0,0.0,0.0,0.0,0.0,0.0,0.0,0.0,0.0,0,0,3,False,0,0,0
461,Fitzgerald,,MID,14,Man Utd,,2,,,,,0,0,0,0,0,0,0,0,0,0,0,0,0,0,0.0,0.0,0.0,0.0,0.0,0.0,0.0,0.0,0,0,3,False,0,0,0
462,J.Fletcher,,MID,14,Man Utd,,2,,,,,0,0,0,0,0,0,0,0,0,0,0,0,0,0,0.0,0.0,0.0,0.0,0.0,0.0,0.0,0.0,0,0,3,False,0,0,0
463,Kone,,MID,14,Man Utd,,2,,,,,0,0,0,0,0,0,0,0,0,0,0,0,0,0,0.0,0.0,0.0,0.0,0.0,0.0,0.0,0.0,0,0,3,False,0,0,0
464,Moorhouse,,MID,14,Man Utd,,2,,,,,0,0,0,0,0,0,0,0,0,0,0,0,0,0,0.0,0.0,0.0,0.0,0.0,0.0,0.0,0.0,0,0,3,False,0,0,0
465,Højlund,,FWD,14,Man Utd,,2,,,,,0,0,0,0,0,0,0,0,0,0,0,0,0,0,0.0,0.0,0.0,0.0,0.0,0.0,0.0,0.0,0,0,4,False,0,0,0
466,Zirkzee,,FWD,14,Man Utd,,2,,,,,0,0,0,0,0,0,0,0,0,0,0,0,0,0,0.0,0.0,0.0,0.0,0.0,0.0,0.0,0.0,0,0,4,False,0,0,0
467,Obi,,FWD,14,Man Utd,,2,,,,,0,0,0,0,0,0,0,0,0,0,0,0,0,0,0.0,0.0,0.0,0.0,0.0,0.0,0.0,0.0,0,0,4,False,0,0,0
468,Wheatley,,FWD,14,Man Utd,,2,,,,,0,0,0,0,0,0,0,0,0,0,0,0,0,0,0.0,0.0,0.0,0.0,0.0,0.0,0.0,0.0,0,0,4,False,0,0,0
469,Pope,,GK,15,Newcastle,,2,,,,,90,4,0,1,0,3,0,0,0,0,0,1,0,7,10.0,0.0,0.0,1.0,0.0,0.0,0.0,0.7,1,0,1,False,4,1,0
470,Dúbravka,,GK,3,Burnley,,2,,,,,90,6,0,0,1,0,0,0,0,0,0,1,0,25,10.8,0.0,0.0,1.1,0.0,0.0,0.0,0.77,2,0,1,False,11,1,0
471,Gillespie,,GK,15,Newcastle,,2,,,,,0,0,0,0,0,0,0,0,0,0,0,0,0,0,0.0,0.0,0.0,0.0,0.0,0.0,0.0,0.0,0,0,1,False,0,0,0
472,Odysseas,,GK,15,Newcastle,,2,,,,,0,0,0,0,0,0,0,0,0,0,0,0,0,0,0.0,0.0,0.0,0.0,0.0,0.0,0.0,0.0,0,0,1,False,0,0,0
473,Hall,,DEF,15,Newcastle,,2,,,,,14,1,0,0,0,1,0,0,0,0,0,0,0,1,7.4,0.5,0.0,0.8,0.0,0.0,0.0,0.37,4,5,2,False,1,0,1
474,Schär,,DEF,15,Newcastle,,2,,,,,80,1,0,0,0,2,0,0,0,0,0,0,0,5,15.2,0.3,6.0,2.2,0.0,0.0,0.0,0.33,5,8,2,False,3,1,3
475,Botman,,DEF,15,Newcastle,,2,,,,,0,0,0,0,0,0,0,0,0,0,0,0,0,0,0.0,0.0,0.0,0.0,0.0,0.0,0.0,0.0,0,0,2,False,0,0,0
476,Burn,,DEF,15,Newcastle,,2,,,,,90,2,0,0,0,3,0,0,0,1,0,0,0,-2,20.4,14.3,12.0,4.7,0.01,0.07,0.08,0.7,11,12,2,False,2,1,1
477,Livramento,,DEF,15,Newcastle,,2,,,,,90,4,0,1,0,3,0,0,0,0,0,0,0,12,24.8,15.3,4.0,4.4,0.0,0.2,0.2,0.7,1,1,2,False,3,1,0
478,Trippier,,DEF,15,Newcastle,,2,,,,,75,1,0,0,0,2,0,0,0,0,0,0,0,-2,0.0,11.6,0.0,1.1,0.0,0.08,0.08,0.33,0,0,2,False,4,1,0
479,Krafth,,DEF,15,Newcastle,,2,,,,,0,0,0,0,0,0,0,0,0,0,0,0,0,0,0.0,0.0,0.0,0.0,0.0,0.0,0.0,0.0,0,0,2,False,0,0,0
480,Lascelles,,DEF,15,Newcastle,,2,,,,,0,0,0,0,0,0,0,0,0,0,0,0,0,0,0.0,0.0,0.0,0.0,0.0,0.0,0.0,0.0,0,0,2,False,0,0,0
481,A.Murphy,,DEF,15,Newcastle,,2,,,,,0,0,0,0,0,0,0,0,0,0,0,0,0,0,0.0,0.0,0.0,0.0,0.0,0.0,0.0,0.0,0,0,2,False,0,0,0
482,Ashby,,DEF,15,Newcastle,,2,,,,,0,0,0,0,0,0,0,0,0,0,0,0,0,0,0.0,0.0,0.0,0.0,0.0,0.0,0.0,0.0,0,0,2,False,0,0,0
483,Pivas,,DEF,15,Newcastle,,2,,,,,0,0,0,0,0,0,0,0,0,0,0,0,0,0,0.0,0.0,0.0,0.0,0.0,0.0,0.0,0.0,0,0,2,False,0,0,0
484,Targett,,DEF,15,Newcastle,,2,,,,,0,0,0,0,0,0,0,0,0,0,0,0,0,0,0.0,0.0,0.0,0.0,0.0,0.0,0.0,0.0,0,0,2,False,0,0,0
485,Gordon,,MID,15,Newcastle,,2,,,,,47,-2,0,0,0,3,0,0,0,0,1,0,0,-6,0.0,11.2,45.0,5.4,0.48,0.02,0.5,0.07,0,3,3,False,3,1,0
486,Elanga,,MID,15,Newcastle,,2,,,,,90,2,0,0,0,3,0,0,0,0,0,0,0,7,6.6,14.8,10.0,3.1,0.0,0.06,0.06,0.7,1,1,3,False,0,1,0
487,Barnes,,MID,15,Newcastle,,2,,,,,75,2,0,0,0,2,0,0,0,0,0,0,0,10,4.2,15.8,2.0,2.2,0.0,0.36,0.36,0.33,0,2,3,False,2,1,0
488,Bruno G.,,MID,15,Newcastle,,2,,,,,90,6,1,0,0,3,0,0,0,1,0,0,0,22,37.0,8.3,17.0,6.2,0.17,0.02,0.19,0.7,0,11,3,False,8,1,3
489,J.Murphy,,MID,15,Newcastle,,2,,,,,0,0,0,0,0,0,0,0,0,0,0,0,0,0,0.0,0.0,0.0,0.0,0.0,0.0,0.0,0.0,0,0,3,False,0,0,0
490,Joelinton,,MID,15,Newcastle,,2,,,,,75,2,0,0,0,2,0,0,0,0,0,0,0,7,6.6,0.4,7.0,1.4,0.03,0.0,0.03,0.33,2,7,3,False,3,1,2
491,Tonali,,MID,15,Newcastle,,2,,,,,65,2,0,0,0,2,0,0,0,0,0,0,0,7,0.4,1.3,8.0,1.0,0.09,0.01,0.1,0.33,2,5,3,False,3,1,0
492,Antoñito C.,,MID,15,Newcastle,,2,,,,,0,0,0,0,0,0,0,0,0,0,0,0,0,0,0.0,0.0,0.0,0.0,0.0,0.0,0.0,0.0,0,0,3,False,0,0,0
493,Longstaff,,MID,11,Leeds,,2,,,,,32,1,0,0,0,1,0,0,0,0,0,0,0,2,1.4,0.4,0.0,0.2,0.0,0.0,0.0,1.03,1,2,3,False,1,0,0
494,Willock,,MID,15,Newcastle,,2,,,,,0,0,0,0,0,0,0,0,0,0,0,0,0,0,0.0,0.0,0.0,0.0,0.0,0.0,0.0,0.0,0,0,3,False,0,0,0
495,Hayden,,MID,15,Newcastle,,2,,,,,0,0,0,0,0,0,0,0,0,0,0,0,0,0,0.0,0.0,0.0,0.0,0.0,0.0,0.0,0.0,0,0,3,False,0,0,0
496,Kuol,,MID,15,Newcastle,,2,,,,,0,0,0,0,0,0,0,0,0,0,0,0,0,0,0.0,0.0,0.0,0.0,0.0,0.0,0.0,0.0,0,0,3,False,0,0,0
497,L.Miley,,MID,15,Newcastle,,2,,,,,24,1,0,0,0,1,0,0,0,0,0,0,0,3,2.2,0.3,2.0,0.5,0.03,0.0,0.03,0.37,0,2,3,False,1,0,1
498,White,,MID,15,Newcastle,,2,,,,,0,0,0,0,0,0,0,0,0,0,0,0,0,0,0.0,0.0,0.0,0.0,0.0,0.0,0.0,0.0,0,0,3,False,0,0,0
499,Isak,,FWD,15,Newcastle,,2,,,,,0,0,0,0,0,0,0,0,0,0,0,0,0,0,0.0,0.0,0.0,0.0,0.0,0.0,0.0,0.0,0,0,4,False,0,0,0
500,Osula,,FWD,15,Newcastle,,2,,,,,14,5,1,0,0,1,0,0,0,0,0,0,0,27,31.0,0.3,17.0,4.8,0.13,0.0,0.13,0.37,0,0,4,False,0,0,0
501,Neave,,FWD,15,Newcastle,,2,,,,,0,0,0,0,0,0,0,0,0,0,0,0,0,0,0.0,0.0,0.0,0.0,0.0,0.0,0.0,0.0,0,0,4,False,0,0,0
502,Sels,,GK,16,Nott'm Forest,,2,,,,,90,2,0,0,0,1,0,0,0,1,0,3,0,11,21.6,0.0,0.0,2.2,0.0,0.0,0.0,1.1,0,0,1,False,13,1,0
503,C.Miguel,,GK,16,Nott'm Forest,,2,,,,,0,0,0,0,0,0,0,0,0,0,0,0,0,0,0.0,0.0,0.0,0.0,0.0,0.0,0.0,0.0,0,0,1,False,0,0,0
504,Turner,,GK,16,Nott'm Forest,,2,,,,,0,0,0,0,0,0,0,0,0,0,0,0,0,0,0.0,0.0,0.0,0.0,0.0,0.0,0.0,0.0,0,0,1,False,0,0,0
505,Milenković,,DEF,16,Nott'm Forest,,2,,,,,90,2,0,0,0,1,0,0,0,0,0,0,0,14,15.8,0.8,2.0,1.9,0.0,0.02,0.02,1.1,6,7,2,False,2,1,1
506,Murillo,,DEF,16,Nott'm Forest,,2,,,,,90,1,0,0,0,1,0,0,0,1,0,0,0,3,14.4,5.3,0.0,2.0,0.0,0.16,0.16,1.1,4,6,2,False,5,1,2
507,Aina,,DEF,16,Nott'm Forest,,2,,,,,90,1,0,0,0,1,0,0,0,1,0,0,0,5,12.4,1.9,0.0,1.4,0.0,0.01,0.01,1.1,5,6,2,False,10,1,1
508,N.Williams,,DEF,16,Nott'm Forest,,2,,,,,90,2,0,0,0,1,0,0,0,0,0,0,0,18,7.8,3.5,6.0,1.7,0.0,0.02,0.02,1.1,0,3,2,False,6,1,3
509,David Carmo,,DEF,16,Nott'm Forest,,2,,,,,0,0,0,0,0,0,0,0,0,0,0,0,0,0,0.0,0.0,0.0,0.0,0.0,0.0,0.0,0.0,0,0,2,False,0,0,0
510,Jair Cunha,,DEF,16,Nott'm Forest,,2,,,,,0,0,0,0,0,0,0,0,0,0,0,0,0,0,0.0,0.0,0.0,0.0,0.0,0.0,0.0,0.0,0,0,2,False,0,0,0
511,Morato,,DEF,16,Nott'm Forest,,2,,,,,0,0,0,0,0,0,0,0,0,0,0,0,0,0,0.0,0.0,0.0,0.0,0.0,0.0,0.0,0.0,0,0,2,False,0,0,0
512,O.Richards,,DEF,16,Nott'm Forest,,2,,,,,0,0,0,0,0,0,0,0,0,0,0,0,0,0,0.0,0.0,0.0,0.0,0.0,0.0,0.0,0.0,0,0,2,False,0,0,0
513,Abbott,,DEF,16,Nott'm Forest,,2,,,,,0,0,0,0,0,0,0,0,0,0,0,0,0,0,0.0,0.0,0.0,0.0,0.0,0.0,0.0,0.0,0,0,2,False,0,0,0
514,Boly,,DEF,16,Nott'm Forest,,2,,,,,0,0,0,0,0,0,0,0,0,0,0,0,0,0,0.0,0.0,0.0,0.0,0.0,0.0,0.0,0.0,0,0,2,False,0,0,0
515,Gibbs-White,,MID,16,Nott'm Forest,,2,,,,,81,2,0,0,0,1,0,0,0,0,0,0,0,7,0.0,20.5,4.0,2.2,0.11,0.1,0.21,1.1,0,1,3,False,1,1,0
516,Hudson-Odoi,,MID,16,Nott'm Forest,,2,,,,,71,10,1,0,0,1,0,0,0,0,0,0,3,26,35.6,3.3,24.0,6.3,0.31,0.02,0.33,1.1,1,3,3,False,1,1,1
517,Anderson,,MID,16,Nott'm Forest,,2,,,,,90,2,0,0,0,1,0,0,0,0,0,0,0,13,17.2,21.5,0.0,3.9,0.0,0.03,0.03,1.1,1,11,3,False,7,1,3
518,Jota,,MID,16,Nott'm Forest,,2,,,,,0,0,0,0,0,0,0,0,0,0,0,0,0,0,0.0,0.0,0.0,0.0,0.0,0.0,0.0,0.0,0,0,3,False,0,0,0
519,Dominguez,,MID,16,Nott'm Forest,,2,,,,,0,0,0,0,0,0,0,0,0,0,0,0,0,0,0.0,0.0,0.0,0.0,0.0,0.0,0.0,0.0,0,0,3,False,0,0,0
520,O'Brien,,MID,16,Nott'm Forest,,2,,,,,0,0,0,0,0,0,0,0,0,0,0,0,0,0,0.0,0.0,0.0,0.0,0.0,0.0,0.0,0.0,0,0,3,False,0,0,0
521,Sangaré,,MID,16,Nott'm Forest,,2,,,,,87,2,0,0,0,1,0,0,0,0,0,0,0,14,9.4,3.3,1.0,1.4,0.01,0.01,0.02,1.1,4,8,3,False,3,1,1
522,Yates,,MID,16,Nott'm Forest,,2,,,,,2,1,0,0,0,0,0,0,0,0,0,0,0,3,2.6,1.8,0.0,0.4,0.0,0.0,0.0,0.0,1,1,3,False,0,0,0
523,Da Silva Moreira,,MID,16,Nott'm Forest,,2,,,,,0,0,0,0,0,0,0,0,0,0,0,0,0,0,0.0,0.0,0.0,0.0,0.0,0.0,0.0,0.0,0,0,3,False,0,0,0
524,Stamenic,,MID,16,Nott'm Forest,,2,,,,,0,0,0,0,0,0,0,0,0,0,0,0,0,0,0.0,0.0,0.0,0.0,0.0,0.0,0.0,0.0,0,0,3,False,0,0,0
525,Wood,,FWD,16,Nott'm Forest,,2,,,,,87,2,0,0,0,1,0,0,0,0,0,0,0,3,0.0,11.0,13.0,2.0,0.23,0.06,0.29,1.1,0,0,4,False,0,1,0
526,Igor Jesus,,FWD,16,Nott'm Forest,,2,,,,,2,1,0,0,0,0,0,0,0,0,0,0,0,1,0.0,0.3,6.0,0.4,0.07,0.0,0.07,0.0,0,0,4,False,0,0,0
527,Awoniyi,,FWD,16,Nott'm Forest,,2,,,,,0,0,0,0,0,0,0,0,0,0,0,0,0,0,0.0,0.0,0.0,0.0,0.0,0.0,0.0,0.0,0,0,4,False,0,0,0
528,Patterson,,GK,17,Sunderland,,2,,,,,0,0,0,0,0,0,0,0,0,0,0,0,0,0,0.0,0.0,0.0,0.0,0.0,0.0,0.0,0.0,0,0,1,False,0,0,0
529,Moore,,GK,17,Sunderland,,2,,,,,0,0,0,0,0,0,0,0,0,0,0,0,0,0,0.0,0.0,0.0,0.0,0.0,0.0,0.0,0.0,0,0,1,False,0,0,0
530,Nna Noukeu,,GK,17,Sunderland,,2,,,,,0,0,0,0,0,0,0,0,0,0,0,0,0,0,0.0,0.0,0.0,0.0,0.0,0.0,0.0,0.0,0,0,1,False,0,0,0
531,Ballard,,DEF,17,Sunderland,,2,,,,,8,1,0,0,0,0,0,0,0,0,0,0,0,8,5.2,10.3,2.0,1.8,0.0,0.17,0.17,0.0,2,2,2,False,0,1,0
532,Hume,,DEF,17,Sunderland,,2,,,,,90,1,0,0,0,2,0,0,0,0,0,0,0,5,10.6,14.0,2.0,2.7,0.03,0.03,0.06,1.0,1,3,2,False,3,1,2
533,Alese,,DEF,17,Sunderland,,2,,,,,0,0,0,0,0,0,0,0,0,0,0,0,0,0,0.0,0.0,0.0,0.0,0.0,0.0,0.0,0.0,0,0,2,False,0,0,0
534,Anderson,,DEF,17,Sunderland,,2,,,,,0,0,0,0,0,0,0,0,0,0,0,0,0,0,0.0,0.0,0.0,0.0,0.0,0.0,0.0,0.0,0,0,2,False,0,0,0
535,Cirkin,,DEF,17,Sunderland,,2,,,,,0,0,0,0,0,0,0,0,0,0,0,0,0,0,0.0,0.0,0.0,0.0,0.0,0.0,0.0,0.0,0,0,2,False,0,0,0
536,Hjelde,,DEF,17,Sunderland,,2,,,,,0,0,0,0,0,0,0,0,0,0,0,0,0,0,0.0,0.0,0.0,0.0,0.0,0.0,0.0,0.0,0,0,2,False,0,0,0
537,Huggins,,DEF,17,Sunderland,,2,,,,,0,0,0,0,0,0,0,0,0,0,0,0,0,0,0.0,0.0,0.0,0.0,0.0,0.0,0.0,0.0,0,0,2,False,0,0,0
538,Johnson,,DEF,17,Sunderland,,2,,,,,0,0,0,0,0,0,0,0,0,0,0,0,0,0,0.0,0.0,0.0,0.0,0.0,0.0,0.0,0.0,0,0,2,False,0,0,0
539,O'Nien,,DEF,17,Sunderland,,2,,,,,0,0,0,0,0,0,0,0,0,0,0,0,0,0,0.0,0.0,0.0,0.0,0.0,0.0,0.0,0.0,0,0,2,False,0,0,0
540,Pembele,,DEF,17,Sunderland,,2,,,,,0,0,0,0,0,0,0,0,0,0,0,0,0,0,0.0,0.0,0.0,0.0,0.0,0.0,0.0,0.0,0,0,2,False,0,0,0
541,Reinildo,,DEF,17,Sunderland,,2,,,,,90,3,0,0,0,2,0,0,0,0,0,0,0,14,29.4,10.4,0.0,4.0,0.0,0.02,0.02,1.0,7,12,2,False,3,1,5
542,Seelt,,DEF,17,Sunderland,,2,,,,,81,1,0,0,0,2,0,0,0,0,0,0,0,5,18.4,1.8,0.0,2.0,0.0,0.01,0.01,1.0,4,6,2,False,2,0,2
543,Adingra,,MID,17,Sunderland,,2,,,,,62,1,0,0,0,1,0,0,0,1,0,0,0,7,8.2,19.5,0.0,2.8,0.0,0.09,0.09,0.34,3,5,3,False,2,1,0
544,Diarra,,MID,17,Sunderland,,2,,,,,79,2,0,0,0,1,0,0,0,0,0,0,0,7,3.6,16.6,4.0,2.4,0.0,0.04,0.04,0.34,1,3,3,False,2,1,0
545,Roberts,,MID,17,Sunderland,,2,,,,,27,1,0,0,0,1,0,0,0,0,0,0,0,4,1.8,7.3,5.0,1.4,0.03,0.02,0.05,0.66,0,1,3,False,1,0,0
546,Aleksić,,MID,17,Sunderland,,2,,,,,0,0,0,0,0,0,0,0,0,0,0,0,0,0,0.0,0.0,0.0,0.0,0.0,0.0,0.0,0.0,0,0,3,False,0,0,0
547,E.Le Fée,,MID,17,Sunderland,,2,,,,,27,1,0,0,0,1,0,0,0,0,0,0,0,15,9.0,23.4,4.0,3.6,0.04,0.05,0.09,0.66,0,8,3,False,6,0,2
548,Mundle,,MID,17,Sunderland,,2,,,,,0,0,0,0,0,0,0,0,0,0,0,0,0,0,0.0,0.0,0.0,0.0,0.0,0.0,0.0,0.0,0,0,3,False,0,0,0
549,Neil,,MID,17,Sunderland,,2,,,,,0,0,0,0,0,0,0,0,0,0,0,0,0,0,0.0,0.0,0.0,0.0,0.0,0.0,0.0,0.0,0,0,3,False,0,0,0
550,Poveda,,MID,17,Sunderland,,2,,,,,0,0,0,0,0,0,0,0,0,0,0,0,0,0,0.0,0.0,0.0,0.0,0.0,0.0,0.0,0.0,0,0,3,False,0,0,0
551,Rigg,,MID,17,Sunderland,,2,,,,,0,0,0,0,0,0,0,0,0,0,0,0,0,0,0.0,0.0,0.0,0.0,0.0,0.0,0.0,0.0,0,0,3,False,0,0,0
552,Sadiki,,MID,17,Sunderland,,2,,,,,90,2,0,0,0,2,0,0,0,0,0,0,0,13,9.4,9.5,4.0,2.3,0.0,0.08,0.08,1.0,2,4,3,False,0,1,2
553,Talbi,,MID,17,Sunderland,,2,,,,,62,2,0,0,0,1,0,0,0,0,0,0,0,3,1.8,16.3,4.0,2.2,0.23,0.01,0.24,0.34,0,2,3,False,2,1,0
554,Ba,,MID,17,Sunderland,,2,,,,,0,0,0,0,0,0,0,0,0,0,0,0,0,0,0.0,0.0,0.0,0.0,0.0,0.0,0.0,0.0,0,0,3,False,0,0,0
555,Browne,,MID,17,Sunderland,,2,,,,,0,0,0,0,0,0,0,0,0,0,0,0,0,0,0.0,0.0,0.0,0.0,0.0,0.0,0.0,0.0,0,0,3,False,0,0,0
556,Ekwah,,MID,17,Sunderland,,2,,,,,0,0,0,0,0,0,0,0,0,0,0,0,0,0,0.0,0.0,0.0,0.0,0.0,0.0,0.0,0.0,0,0,3,False,0,0,0
557,H.Jones,,MID,17,Sunderland,,2,,,,,0,0,0,0,0,0,0,0,0,0,0,0,0,0,0.0,0.0,0.0,0.0,0.0,0.0,0.0,0.0,0,0,3,False,0,0,0
558,Matete,,MID,17,Sunderland,,2,,,,,0,0,0,0,0,0,0,0,0,0,0,0,0,0,0.0,0.0,0.0,0.0,0.0,0.0,0.0,0.0,0,0,3,False,0,0,0
559,Triantis,,MID,17,Sunderland,,2,,,,,0,0,0,0,0,0,0,0,0,0,0,0,0,0,0.0,0.0,0.0,0.0,0.0,0.0,0.0,0.0,0,0,3,False,0,0,0
560,Isidor,,FWD,17,Sunderland,,2,,,,,27,1,0,0,0,1,0,0,0,0,0,0,0,0,0.0,0.0,4.0,0.4,0.0,0.0,0.0,0.66,0,0,4,False,0,0,0
561,Mayenda,,FWD,17,Sunderland,,2,,,,,62,2,0,0,0,1,0,0,0,0,0,0,0,3,11.2,0.3,19.0,3.1,0.3,0.0,0.3,0.34,2,5,4,False,2,1,1
562,Abdullahi,,FWD,17,Sunderland,,2,,,,,0,0,0,0,0,0,0,0,0,0,0,0,0,0,0.0,0.0,0.0,0.0,0.0,0.0,0.0,0.0,0,0,4,False,0,0,0
563,Luís Hemir,,FWD,17,Sunderland,,2,,,,,0,0,0,0,0,0,0,0,0,0,0,0,0,0,0.0,0.0,0.0,0.0,0.0,0.0,0.0,0.0,0,0,4,False,0,0,0
564,Rusyn,,FWD,17,Sunderland,,2,,,,,0,0,0,0,0,0,0,0,0,0,0,0,0,0,0.0,0.0,0.0,0.0,0.0,0.0,0.0,0.0,0,0,4,False,0,0,0
565,Vicario,,GK,18,Spurs,,2,,,,,90,9,0,0,1,0,0,0,0,0,0,4,2,30,28.4,0.0,0.0,2.8,0.0,0.01,0.01,1.55,1,0,1,False,6,1,0
566,Austin,,GK,18,Spurs,,2,,,,,0,0,0,0,0,0,0,0,0,0,0,0,0,0,0.0,0.0,0.0,0.0,0.0,0.0,0.0,0.0,0,0,1,False,0,0,0
567,Kinsky,,GK,18,Spurs,,2,,,,,0,0,0,0,0,0,0,0,0,0,0,0,0,0,0.0,0.0,0.0,0.0,0.0,0.0,0.0,0.0,0,0,1,False,0,0,0
568,Pedro Porro,,DEF,18,Spurs,,2,,,,,90,5,0,0,1,0,0,0,0,1,0,0,0,20,15.2,33.4,8.0,5.7,0.08,0.13,0.21,1.55,5,6,2,False,4,1,1
569,Romero,,DEF,18,Spurs,,2,,,,,90,7,0,0,1,0,0,0,0,1,0,0,0,28,20.6,0.3,2.0,2.3,0.0,0.0,0.0,1.55,7,10,2,False,6,1,3
570,Danso,,DEF,18,Spurs,,2,,,,,1,1,0,0,0,0,0,0,0,0,0,0,0,4,4.2,0.0,0.0,0.4,0.0,0.0,0.0,0.0,2,2,2,False,0,0,0
571,Davies,,DEF,18,Spurs,,2,,,,,0,0,0,0,0,0,0,0,0,0,0,0,0,0,0.0,0.0,0.0,0.0,0.0,0.0,0.0,0.0,0,0,2,False,0,0,0
572,Dragusin,,DEF,18,Spurs,,2,,,,,0,0,0,0,0,0,0,0,0,0,0,0,0,0,0.0,0.0,0.0,0.0,0.0,0.0,0.0,0.0,0,0,2,False,0,0,0
573,Spence,,DEF,18,Spurs,,2,,,,,90,6,0,0,1,0,0,0,0,0,0,0,0,19,10.4,2.6,2.0,1.5,0.0,0.02,0.02,1.55,4,6,2,False,4,1,2
574,Udogie,,DEF,18,Spurs,,2,,,,,0,0,0,0,0,0,0,0,0,0,0,0,0,0,0.0,0.0,0.0,0.0,0.0,0.0,0.0,0.0,0,0,2,False,0,0,0
575,Van de Ven,,DEF,18,Spurs,,2,,,,,90,6,0,0,1,0,0,0,0,0,0,0,0,26,12.6,0.7,0.0,1.3,0.0,0.0,0.0,1.55,3,4,2,False,3,1,1
576,Phillips,,DEF,18,Spurs,,2,,,,,0,0,0,0,0,0,0,0,0,0,0,0,0,0,0.0,0.0,0.0,0.0,0.0,0.0,0.0,0.0,0,0,2,False,0,0,0
577,Takai,,DEF,18,Spurs,,2,,,,,0,0,0,0,0,0,0,0,0,0,0,0,0,0,0.0,0.0,0.0,0.0,0.0,0.0,0.0,0.0,0,0,2,False,0,0,0
578,Vuskovic,,DEF,18,Spurs,,2,,,,,0,0,0,0,0,0,0,0,0,0,0,0,0,0,0.0,0.0,0.0,0.0,0.0,0.0,0.0,0.0,0,0,2,False,0,0,0
579,Son,,MID,18,Spurs,,2,,,,,0,0,0,0,0,0,0,0,0,0,0,0,0,0,0.0,0.0,0.0,0.0,0.0,0.0,0.0,0.0,0,0,3,False,0,0,0
580,Johnson,,MID,18,Spurs,,2,,,,,77,9,1,0,1,0,0,0,0,1,0,0,2,30,42.6,15.8,22.0,8.0,0.4,0.03,0.43,1.37,0,6,3,False,2,1,4
581,Maddison,,MID,18,Spurs,,2,,,,,0,0,0,0,0,0,0,0,0,0,0,0,0,0,0.0,0.0,0.0,0.0,0.0,0.0,0.0,0.0,0,0,3,False,0,0,0
582,Kudus,,MID,18,Spurs,,2,,,,,85,3,0,0,1,0,0,0,0,0,0,0,0,14,11.4,18.9,2.0,3.2,0.0,0.09,0.09,1.55,0,9,3,False,6,1,3
583,Kulusevski,,MID,18,Spurs,,2,,,,,0,0,0,0,0,0,0,0,0,0,0,0,0,0,0.0,0.0,0.0,0.0,0.0,0.0,0.0,0.0,0,0,3,False,0,0,0
584,Tel,,MID,18,Spurs,,2,,,,,0,0,0,0,0,0,0,0,0,0,0,0,0,0,0.0,0.0,0.0,0.0,0.0,0.0,0.0,0.0,0,0,3,False,0,0,0
585,Bentancur,,MID,18,Spurs,,2,,,,,90,3,0,0,1,0,0,0,0,0,0,0,0,14,11.4,12.2,2.0,2.6,0.0,0.0,0.0,1.55,3,11,3,False,6,1,2
586,Bergvall,,MID,18,Spurs,,2,,,,,4,1,0,0,0,0,0,0,0,0,0,0,0,5,8.0,10.5,2.0,2.1,0.0,0.05,0.05,0.0,3,3,3,False,0,0,0
587,Bissouma,,MID,18,Spurs,,2,,,,,0,0,0,0,0,0,0,0,0,0,0,0,0,0,0.0,0.0,0.0,0.0,0.0,0.0,0.0,0.0,0,0,3,False,0,0,0
588,Odobert,,MID,18,Spurs,,2,,,,,12,1,0,0,0,0,0,0,0,0,0,0,0,1,2.4,0.3,21.0,2.4,0.25,0.0,0.25,0.18,0,2,3,False,2,0,0
589,Solomon,,MID,18,Spurs,,2,,,,,0,0,0,0,0,0,0,0,0,0,0,0,0,0,0.0,0.0,0.0,0.0,0.0,0.0,0.0,0.0,0,0,3,False,0,0,0
590,Bryan,,MID,18,Spurs,,2,,,,,0,0,0,0,0,0,0,0,0,0,0,0,0,0,0.0,0.0,0.0,0.0,0.0,0.0,0.0,0.0,0,0,3,False,0,0,0
591,Gray,,MID,18,Spurs,,2,,,,,0,0,0,0,0,0,0,0,0,0,0,0,0,0,0.0,0.0,0.0,0.0,0.0,0.0,0.0,0.0,0,0,3,False,0,0,0
592,Moore,,MID,18,Spurs,,2,,,,,0,0,0,0,0,0,0,0,0,0,0,0,0,0,0.0,0.0,0.0,0.0,0.0,0.0,0.0,0.0,0,0,3,False,0,0,0
593,P.M.Sarr,,MID,18,Spurs,,2,,,,,90,3,0,0,1,0,0,0,0,0,0,0,0,7,6.2,1.5,19.0,2.7,0.03,0.01,0.04,1.55,1,9,3,False,6,1,2
594,Min-hyeok,,MID,18,Spurs,,2,,,,,0,0,0,0,0,0,0,0,0,0,0,0,0,0,0.0,0.0,0.0,0.0,0.0,0.0,0.0,0.0,0,0,3,False,0,0,0
595,Olusesi,,MID,18,Spurs,,2,,,,,0,0,0,0,0,0,0,0,0,0,0,0,0,0,0.0,0.0,0.0,0.0,0.0,0.0,0.0,0.0,0,0,3,False,0,0,0
596,Solanke,,FWD,18,Spurs,,2,,,,,12,1,0,0,0,0,0,0,0,0,0,0,0,5,4.0,0.0,19.0,2.3,0.12,0.0,0.12,0.18,1,1,4,False,0,0,0
597,Richarlison,,FWD,18,Spurs,,2,,,,,77,4,0,1,1,0,0,0,0,1,0,0,0,18,17.0,10.8,23.0,5.1,0.1,0.11,0.21,1.37,2,8,4,False,4,1,2
598,Lankshear,,FWD,18,Spurs,,2,,,,,0,0,0,0,0,0,0,0,0,0,0,0,0,0,0.0,0.0,0.0,0.0,0.0,0.0,0.0,0.0,0,0,4,False,0,0,0
599,Scarlett,,FWD,18,Spurs,,2,,,,,0,0,0,0,0,0,0,0,0,0,0,0,0,0,0.0,0.0,0.0,0.0,0.0,0.0,0.0,0.0,0,0,4,False,0,0,0
600,Areola,,GK,19,West Ham,,2,,,,,0,0,0,0,0,0,0,0,0,0,0,0,0,0,0.0,0.0,0.0,0.0,0.0,0.0,0.0,0.0,0,0,1,False,0,0,0
601,Foderingham,,GK,19,West Ham,,2,,,,,0,0,0,0,0,0,0,0,0,0,0,0,0,0,0.0,0.0,0.0,0.0,0.0,0.0,0.0,0.0,0,0,1,False,0,0,0
602,Hegyi,,GK,19,West Ham,,2,,,,,0,0,0,0,0,0,0,0,0,0,0,0,0,0,0.0,0.0,0.0,0.0,0.0,0.0,0.0,0.0,0,0,1,False,0,0,0
603,Diouf,,DEF,19,West Ham,,2,,,,,90,3,0,1,0,5,0,0,0,0,0,0,0,-1,20.6,12.7,2.0,3.5,0.0,0.01,0.01,2.74,3,4,2,False,5,1,1
604,Emerson,,DEF,19,West Ham,,2,,,,,0,0,0,0,0,0,0,0,0,0,0,0,0,0,0.0,0.0,0.0,0.0,0.0,0.0,0.0,0.0,0,0,2,False,0,0,0
605,Kilman,,DEF,19,West Ham,,2,,,,,90,0,0,0,0,5,0,0,0,0,0,0,0,-18,4.0,0.3,7.0,1.1,0.19,0.0,0.19,2.74,5,5,2,False,1,1,0
606,Mavropanos,,DEF,19,West Ham,,2,,,,,0,0,0,0,0,0,0,0,0,0,0,0,0,0,0.0,0.0,0.0,0.0,0.0,0.0,0.0,0.0,0,0,2,False,0,0,0
607,N.Aguerd,,DEF,19,West Ham,,2,,,,,90,2,0,0,0,5,0,0,0,0,0,0,0,-2,24.4,0.9,8.0,3.3,0.1,0.01,0.11,2.74,12,13,2,False,4,1,1
608,Scarles,,DEF,19,West Ham,,2,,,,,0,0,0,0,0,0,0,0,0,0,0,0,0,0,0.0,0.0,0.0,0.0,0.0,0.0,0.0,0.0,0,0,2,False,0,0,0
609,Todibo,,DEF,19,West Ham,,2,,,,,45,0,0,0,0,3,0,0,0,0,0,0,0,-9,5.4,0.3,0.0,0.6,0.0,0.0,0.0,1.62,3,3,2,False,0,1,0
610,Wan-Bissaka,,DEF,19,West Ham,,2,,,,,90,0,0,0,0,5,0,0,0,0,0,0,0,-8,17.0,19.8,0.0,3.7,0.0,0.06,0.06,2.74,5,5,2,False,2,1,0
611,Casey,,DEF,19,West Ham,,2,,,,,0,0,0,0,0,0,0,0,0,0,0,0,0,0,0.0,0.0,0.0,0.0,0.0,0.0,0.0,0.0,0,0,2,False,0,0,0
612,L.Paquetá,,MID,19,West Ham,,2,,,,,90,9,1,0,0,5,0,0,0,0,0,0,2,39,54.4,18.3,14.0,8.7,0.07,0.09,0.16,2.74,1,11,3,False,5,1,5
613,Souček,,MID,19,West Ham,,2,,,,,69,2,0,0,0,5,0,0,0,0,0,0,0,8,6.0,0.7,22.0,2.9,0.09,0.0,0.09,2.43,1,6,3,False,4,1,1
614,Ward-Prowse,,MID,19,West Ham,,2,,,,,90,2,0,0,0,5,0,0,0,0,0,0,0,23,17.6,58.6,2.0,7.8,0.11,0.31,0.42,2.74,3,6,3,False,1,1,2
615,Summerville,,MID,19,West Ham,,2,,,,,0,0,0,0,0,0,0,0,0,0,0,0,0,0,0.0,0.0,0.0,0.0,0.0,0.0,0.0,0.0,0,0,3,False,0,0,0
616,Álvarez,,MID,19,West Ham,,2,,,,,0,0,0,0,0,0,0,0,0,0,0,0,0,0,0.0,0.0,0.0,0.0,0.0,0.0,0.0,0.0,0,0,3,False,0,0,0
617,Cornet,,MID,19,West Ham,,2,,,,,0,0,0,0,0,0,0,0,0,0,0,0,0,0,0.0,0.0,0.0,0.0,0.0,0.0,0.0,0.0,0,0,3,False,0,0,0
618,G.Rodriguez,,MID,19,West Ham,,2,,,,,0,0,0,0,0,0,0,0,0,0,0,0,0,0,0.0,0.0,0.0,0.0,0.0,0.0,0.0,0.0,0,0,3,False,0,0,0
619,L.Guilherme,,MID,19,West Ham,,2,,,,,0,0,0,0,0,0,0,0,0,0,0,0,0,0,0.0,0.0,0.0,0.0,0.0,0.0,0.0,0.0,0,0,3,False,0,0,0
620,Earthy,,MID,19,West Ham,,2,,,,,0,0,0,0,0,0,0,0,0,0,0,0,0,0,0.0,0.0,0.0,0.0,0.0,0.0,0.0,0.0,0,0,3,False,0,0,0
621,Irving,,MID,19,West Ham,,2,,,,,0,0,0,0,0,0,0,0,0,0,0,0,0,0,0.0,0.0,0.0,0.0,0.0,0.0,0.0,0.0,0,0,3,False,0,0,0
622,Orford,,MID,19,West Ham,,2,,,,,0,0,0,0,0,0,0,0,0,0,0,0,0,0,0.0,0.0,0.0,0.0,0.0,0.0,0.0,0.0,0,0,3,False,0,0,0
623,Potts,,MID,19,West Ham,,2,,,,,45,1,0,0,0,2,0,0,0,0,0,0,0,2,6.2,2.2,2.0,1.0,0.0,0.0,0.0,1.12,1,4,3,False,2,0,1
624,Bowen,,FWD,19,West Ham,,2,,,,,90,2,0,0,0,5,0,0,0,0,0,0,0,10,9.8,21.2,30.0,6.1,0.09,0.11,0.2,2.74,0,1,4,False,1,1,0
625,Füllkrug,,FWD,19,West Ham,,2,,,,,45,1,0,0,0,3,0,0,0,0,0,0,0,3,1.2,10.5,2.0,1.4,0.0,0.02,0.02,1.62,0,1,4,False,1,1,0
626,Marshall,,FWD,19,West Ham,,2,,,,,0,0,0,0,0,0,0,0,0,0,0,0,0,0,0.0,0.0,0.0,0.0,0.0,0.0,0.0,0.0,0,0,4,False,0,0,0
627,Johnstone,,GK,20,Wolves,,2,,,,,0,0,0,0,0,0,0,0,0,0,0,0,0,0,0.0,0.0,0.0,0.0,0.0,0.0,0.0,0.0,0,0,1,False,0,0,0
628,José Sá,,GK,20,Wolves,,2,,,,,90,3,0,0,0,1,0,0,0,0,0,3,0,14,21.0,10.0,0.0,3.1,0.0,0.03,0.03,1.29,1,0,1,False,12,1,0
629,Bentley,,GK,20,Wolves,,2,,,,,0,0,0,0,0,0,0,0,0,0,0,0,0,0,0.0,0.0,0.0,0.0,0.0,0.0,0.0,0.0,0,0,1,False,0,0,0
630,King,,GK,9,Everton,,2,,,,,0,0,0,0,0,0,0,0,0,0,0,0,0,0,0.0,0.0,0.0,0.0,0.0,0.0,0.0,0.0,0,0,1,False,0,0,0
631,Agbadou,,DEF,20,Wolves,,2,,,,,90,4,0,0,0,1,0,0,0,0,0,0,0,17,36.0,0.7,4.0,4.1,0.1,0.03,0.13,1.29,12,14,2,False,3,1,2
632,Doherty,,DEF,20,Wolves,,2,,,,,90,1,0,0,0,1,0,0,0,1,0,0,0,5,19.2,1.8,0.0,2.1,0.0,0.02,0.02,1.29,6,9,2,False,2,1,3
633,H.Bueno,,DEF,20,Wolves,,2,,,,,45,0,0,0,0,0,0,0,0,1,0,0,0,3,5.6,18.7,5.0,2.9,0.06,0.1,0.16,0.57,2,3,2,False,1,0,1
634,Mosquera,,DEF,20,Wolves,,2,,,,,0,0,0,0,0,0,0,0,0,0,0,0,0,0,0.0,0.0,0.0,0.0,0.0,0.0,0.0,0.0,0,0,2,False,0,0,0
635,R.Gomes,,DEF,20,Wolves,,2,,,,,0,0,0,0,0,0,0,0,0,0,0,0,0,0,0.0,0.0,0.0,0.0,0.0,0.0,0.0,0.0,0,0,2,False,0,0,0
636,S.Bueno,,DEF,20,Wolves,,2,,,,,34,1,0,0,0,0,0,0,0,0,0,0,0,6,12.0,0.2,0.0,1.2,0.0,0.0,0.0,0.46,2,4,2,False,1,0,2
637,Toti,,DEF,20,Wolves,,2,,,,,48,-2,0,0,0,1,0,0,0,0,1,0,0,-9,7.6,0.6,0.0,0.8,0.0,0.0,0.0,0.72,6,6,2,False,2,1,0
638,Hoever,,DEF,20,Wolves,,2,,,,,34,1,0,0,0,1,0,0,0,0,0,0,0,1,5.2,14.4,2.0,2.2,0.0,0.1,0.1,0.63,1,1,2,False,0,1,0
639,Meupiyou,,DEF,20,Wolves,,2,,,,,0,0,0,0,0,0,0,0,0,0,0,0,0,0,0.0,0.0,0.0,0.0,0.0,0.0,0.0,0.0,0,0,2,False,0,0,0
640,Pedro Lima,,DEF,20,Wolves,,2,,,,,0,0,0,0,0,0,0,0,0,0,0,0,0,0,0.0,0.0,0.0,0.0,0.0,0.0,0.0,0.0,0,0,2,False,0,0,0
641,Pond,,DEF,20,Wolves,,2,,,,,0,0,0,0,0,0,0,0,0,0,0,0,0,0,0.0,0.0,0.0,0.0,0.0,0.0,0.0,0.0,0,0,2,False,0,0,0
642,Hee Chan,,MID,20,Wolves,,2,,,,,12,1,0,0,0,0,0,0,0,0,0,0,0,0,0.0,0.0,0.0,0.0,0.0,0.0,0.0,0.16,0,0,3,False,0,0,0
643,André,,MID,20,Wolves,,2,,,,,45,1,0,0,0,0,0,0,0,0,0,0,0,8,8.0,1.8,0.0,1.0,0.0,0.01,0.01,0.57,1,5,3,False,2,0,2
644,Bellegarde,,MID,20,Wolves,,2,,,,,45,1,0,0,0,1,0,0,0,0,0,0,0,6,2.8,5.2,2.0,1.0,0.01,0.01,0.02,0.72,1,4,3,False,1,1,2
645,Fer López,,MID,20,Wolves,,2,,,,,0,0,0,0,0,0,0,0,0,0,0,0,0,0,0.0,0.0,0.0,0.0,0.0,0.0,0.0,0.0,0,0,3,False,0,0,0
646,Gomes,,MID,20,Wolves,,2,,,,,90,1,0,0,0,1,0,0,0,1,0,0,0,13,8.6,3.0,2.0,1.4,0.0,0.02,0.02,1.29,3,11,3,False,5,1,3
647,Guedes,,MID,20,Wolves,,2,,,,,0,0,0,0,0,0,0,0,0,0,0,0,0,0,0.0,0.0,0.0,0.0,0.0,0.0,0.0,0.0,0,0,3,False,0,0,0
648,Munetsi,,MID,20,Wolves,,2,,,,,90,2,0,0,0,1,0,0,0,0,0,0,0,7,4.2,1.2,4.0,0.9,0.06,0.01,0.07,1.29,3,6,3,False,2,1,1
649,B.Traore,,MID,20,Wolves,,2,,,,,0,0,0,0,0,0,0,0,0,0,0,0,0,0,0.0,0.0,0.0,0.0,0.0,0.0,0.0,0.0,0,0,3,False,0,0,0
650,Chirewa,,MID,20,Wolves,,2,,,,,0,0,0,0,0,0,0,0,0,0,0,0,0,0,0.0,0.0,0.0,0.0,0.0,0.0,0.0,0.0,0,0,3,False,0,0,0
651,Edozie,,MID,20,Wolves,,2,,,,,0,0,0,0,0,0,0,0,0,0,0,0,0,0,0.0,0.0,0.0,0.0,0.0,0.0,0.0,0.0,0,0,3,False,0,0,0
652,Gonzalez,,MID,20,Wolves,,2,,,,,0,0,0,0,0,0,0,0,0,0,0,0,0,0,0.0,0.0,0.0,0.0,0.0,0.0,0.0,0.0,0,0,3,False,0,0,0
653,Hodge,,MID,20,Wolves,,2,,,,,0,0,0,0,0,0,0,0,0,0,0,0,0,0,0.0,0.0,0.0,0.0,0.0,0.0,0.0,0.0,0,0,3,False,0,0,0
654,Strand Larsen,,FWD,20,Wolves,,2,,,,,77,2,0,0,0,1,0,0,0,0,0,0,0,4,3.2,3.8,23.0,3.0,0.1,0.01,0.11,1.13,1,1,4,False,0,1,0
655,Fábio Silva,,FWD,20,Wolves,,2,,,,,0,0,0,0,0,0,0,0,0,0,0,0,0,0,0.0,0.0,0.0,0.0,0.0,0.0,0.0,0.0,0,0,4,False,0,0,0
656,Kalajdžić,,FWD,20,Wolves,,2,,,,,0,0,0,0,0,0,0,0,0,0,0,0,0,0,0.0,0.0,0.0,0.0,0.0,0.0,0.0,0.0,0,0,4,False,0,0,0
657,Chiwome,,FWD,20,Wolves,,2,,,,,0,0,0,0,0,0,0,0,0,0,0,0,0,0,0.0,0.0,0.0,0.0,0.0,0.0,0.0,0.0,0,0,4,False,0,0,0
658,Fraser,,FWD,20,Wolves,,2,,,,,0,0,0,0,0,0,0,0,0,0,0,0,0,0,0.0,0.0,0.0,0.0,0.0,0.0,0.0,0.0,0,0,4,False,0,0,0
659,Walker-Peters,,DEF,19,West Ham,,2,,,,,20,1,0,0,0,0,0,0,0,0,0,0,0,3,0.0,1.6,6.0,0.7,0.04,0.0,0.04,0.31,0,0,2,False,1,0,0
660,Stach,,MID,11,Leeds,,2,,,,,90,2,0,0,0,5,0,0,0,0,0,0,0,6,2.4,35.7,0.0,3.8,0.0,0.07,0.07,2.88,1,4,3,False,1,1,2
661,Ekitiké,,FWD,12,Liverpool,,2,,,,,79,9,1,0,0,1,0,0,0,0,0,0,3,33,39.8,22.4,23.0,8.5,0.21,0.06,0.27,0.78,3,5,4,False,2,1,0
662,Mosquera,,DEF,1,Arsenal,,2,,,,,26,1,0,0,0,0,0,0,0,0,0,0,0,7,4.8,0.0,0.0,0.5,0.0,0.0,0.0,0.0,0,2,2,False,0,0,2
663,J.Arias,,MID,20,Wolves,,2,,,,,55,1,0,0,0,1,0,0,0,0,0,0,0,4,5.6,1.6,4.0,1.1,0.13,0.01,0.14,0.83,1,7,3,False,2,1,4
664,Lecomte,,GK,10,Fulham,,2,,,,,0,0,0,0,0,0,0,0,0,0,0,0,0,0,0.0,0.0,0.0,0.0,0.0,0.0,0.0,0.0,0,0,1,False,0,0,0
665,Perri,,GK,11,Leeds,,2,,,,,90,0,0,0,0,5,0,0,0,0,0,0,0,-13,2.8,0.0,0.0,0.3,0.0,0.0,0.0,2.88,0,0,1,False,4,1,0
666,Gyökeres,,FWD,1,Arsenal,,2,,,,,90,12,2,0,1,0,0,0,0,0,0,0,2,44,67.0,1.6,44.0,11.3,1.28,0.03,1.31,0.17,2,5,4,True,3,1,0
667,Aznou,,DEF,9,Everton,,2,,,,,0,0,0,0,0,0,0,0,0,0,0,0,0,0,0.0,0.0,0.0,0.0,0.0,0.0,0.0,0.0,0,0,2,False,0,0,0
668,Xhaka,,MID,17,Sunderland,,2,,,,,90,4,0,0,0,2,0,0,0,0,0,0,0,14,19.6,22.1,3.0,4.5,0.05,0.06,0.11,1.0,5,13,3,False,6,1,2
669,Ndoye,,MID,16,Nott'm Forest,,2,,,,,70,7,0,1,0,1,0,0,0,0,0,0,2,21,23.8,29.2,8.0,6.1,0.0,0.35,0.35,1.1,2,5,3,False,3,1,0
670,Roefs,,GK,17,Sunderland,,2,,,,,90,1,0,0,0,2,0,0,0,0,0,0,0,0,4.2,0.0,0.0,0.4,0.0,0.0,0.0,1.0,1,0,1,False,8,1,0
671,Wilson,,FWD,19,West Ham,,2,,,,,45,1,0,0,0,2,0,0,0,0,0,0,0,1,2.4,11.8,8.0,2.2,0.03,0.04,0.07,1.12,1,1,4,False,0,0,0
672,Hato,,DEF,7,Chelsea,,2,,,,,21,0,0,0,0,0,0,0,0,1,0,0,0,-2,1.2,1.0,0.0,0.2,0.0,0.0,0.0,0.44,1,1,2,False,1,0,0
673,J.Palhinha,,MID,18,Spurs,,2,,,,,90,11,1,0,1,0,0,0,0,0,0,0,3,31,49.8,0.7,19.0,7.0,0.14,0.0,0.14,1.55,3,9,3,False,2,1,4
674,Ramsdale,,GK,15,Newcastle,,2,,,,,0,0,0,0,0,0,0,0,0,0,0,0,0,0,0.0,0.0,0.0,0.0,0.0,0.0,0.0,0.0,0,0,1,False,0,0,0
675,Gunn,,GK,16,Nott'm Forest,,2,,,,,0,0,0,0,0,0,0,0,0,0,0,0,0,0,0.0,0.0,0.0,0.0,0.0,0.0,0.0,0.0,0,0,1,False,0,0,0
676,Ugochukwu,,MID,3,Burnley,,2,,,,,68,3,0,0,1,0,0,0,0,0,0,0,0,11,7.8,16.7,3.0,2.8,0.02,0.02,0.04,0.61,1,4,3,False,1,1,2
677,Guessand,,MID,2,Aston Villa,,2,,,,,15,1,0,0,0,0,0,0,0,0,0,0,0,1,2.4,1.0,2.0,0.5,0.0,0.01,0.01,0.11,0,2,3,False,1,0,1
678,Masuaku,,DEF,17,Sunderland,,2,,,,,0,0,0,0,0,0,0,0,0,0,0,0,0,0,0.0,0.0,0.0,0.0,0.0,0.0,0.0,0.0,0,0,2,False,0,0,0
679,Hermansen,,GK,19,West Ham,,2,,,,,90,0,0,0,0,5,0,0,0,0,0,2,0,-8,16.8,0.0,0.0,1.7,0.0,0.0,0.0,2.74,2,0,1,False,7,1,0
680,Broja,,FWD,3,Burnley,,2,,,,,0,0,0,0,0,0,0,0,0,0,0,0,0,0,0.0,0.0,0.0,0.0,0.0,0.0,0.0,0.0,0,0,4,False,0,0,0
681,Šeško,,FWD,14,Man Utd,,2,,,,,37,1,0,0,0,1,0,0,0,0,0,0,0,2,0.4,2.3,2.0,0.5,0.0,0.04,0.04,0.86,0,1,4,False,1,0,0
682,Møller Wolfe,,DEF,20,Wolves,,2,,,,,45,1,0,0,0,1,0,0,0,0,0,0,0,3,2.2,0.3,2.0,0.5,0.0,0.0,0.0,0.72,0,1,2,False,2,1,1
683,Alderete,,DEF,17,Sunderland,,2,,,,,90,1,0,0,0,2,0,0,0,0,0,0,0,9,25.0,5.7,10.0,4.1,0.06,0.02,0.08,1.0,7,9,2,False,6,1,2
684,Thiaw,,DEF,15,Newcastle,,2,,,,,9,1,0,0,0,1,0,0,0,0,0,0,0,-1,1.8,0.1,0.0,0.2,0.0,0.0,0.0,0.37,1,1,2,False,0,0,0
685,Diakité,,DEF,4,Bournemouth,,2,,,,,90,10,0,0,1,0,0,0,0,0,0,0,2,34,20.8,0.9,0.0,2.2,0.0,0.0,0.0,0.46,7,10,2,True,3,1,3
686,Ngumoha,,MID,12,Liverpool,,2,,,,,1,6,1,0,0,0,0,0,0,0,0,0,0,27,34.0,0.1,17.0,5.1,0.37,0.0,0.37,0.0,0,0,3,False,0,0,0
687,Rees-Dottin,,MID,4,Bournemouth,,2,,,,,0,0,0,0,0,0,0,0,0,0,0,0,0,0,0.0,0.0,0.0,0.0,0.0,0.0,0.0,0.0,0,0,3,False,0,0,0
688,Wright,,GK,2,Aston Villa,,2,,,,,0,0,0,0,0,0,0,0,0,0,0,0,0,0,0.0,0.0,0.0,0.0,0.0,0.0,0.0,0.0,0,0,1,False,0,0,0
689,Seung soo,,MID,15,Newcastle,,2,,,,,0,0,0,0,0,0,0,0,0,0,0,0,0,0,0.0,0.0,0.0,0.0,0.0,0.0,0.0,0.0,0,0,3,False,0,0,0
690,Cardines,,MID,8,Crystal Palace,,2,,,,,0,0,0,0,0,0,0,0,0,0,0,0,0,0,0.0,0.0,0.0,0.0,0.0,0.0,0.0,0.0,0,0,3,False,0,0,0
691,Calvert-Lewin,,FWD,11,Leeds,,2,,,,,0,0,0,0,0,0,0,0,0,0,0,0,0,0,0.0,0.0,0.0,0.0,0.0,0.0,0.0,0.0,0,0,4,False,0,0,0
692,Leoni,,DEF,12,Liverpool,,2,,,,,0,0,0,0,0,0,0,0,0,0,0,0,0,0,0.0,0.0,0.0,0.0,0.0,0.0,0.0,0.0,0,0,2,False,0,0,0
693,Hutchinson,,MID,16,Nott'm Forest,,2,,,,,8,1,0,0,0,0,0,0,0,0,0,0,0,-2,0.0,0.6,8.0,0.5,0.2,0.0,0.2,0.0,0,0,3,False,0,0,0
694,Mukiele,,DEF,17,Sunderland,,2,,,,,0,0,0,0,0,0,0,0,0,0,0,0,0,0,0.0,0.0,0.0,0.0,0.0,0.0,0.0,0.0,0,0,2,False,0,0,0
695,Tchatchoua,,DEF,20,Wolves,,2,,,,,55,1,0,0,0,0,0,0,0,0,0,0,0,7,8.6,16.8,4.0,2.9,0.0,0.02,0.02,0.66,4,4,2,False,3,0,0
696,Kalimuendo,,FWD,16,Nott'm Forest,,2,,,,,19,1,0,0,0,0,0,0,0,0,0,0,0,2,1.0,1.6,0.0,0.3,0.0,0.0,0.0,0.0,1,2,4,False,1,0,0
697,Adli,,MID,4,Bournemouth,,2,,,,,24,1,0,0,0,0,0,0,0,0,0,0,0,9,10.4,15.0,2.0,2.7,0.0,0.02,0.02,0.06,1,6,3,False,2,0,3
698,Okafor,,MID,11,Leeds,,2,,,,,24,1,0,0,0,1,0,0,0,0,0,0,0,3,4.6,0.3,0.0,0.5,0.0,0.0,0.0,0.87,0,4,3,False,2,0,2
699,Douglas Luiz,,MID,16,Nott'm Forest,,2,,,,,0,0,0,0,0,0,0,0,0,0,0,0,0,0,0.0,0.0,0.0,0.0,0.0,0.0,0.0,0.0,0,0,3,False,0,0,0
700,Dowman,,MID,1,Arsenal,,2,,,,,26,4,0,1,0,0,0,0,0,0,0,0,0,13,1.0,0.5,15.0,1.7,0.08,0.02,0.1,0.0,0,3,3,False,1,0,2
701,Rowe,,DEF,2,Aston Villa,,2,,,,,0,0,0,0,0,0,0,0,0,0,0,0,0,0,0.0,0.0,0.0,0.0,0.0,0.0,0.0,0.0,0,0,2,False,0,0,0
702,Burrowes,,MID,2,Aston Villa,,2,,,,,0,0,0,0,0,0,0,0,0,0,0,0,0,0,0.0,0.0,0.0,0.0,0.0,0.0,0.0,0.0,0,0,3,False,0,0,0
703,Proctor,,GK,2,Aston Villa,,2,,,,,0,0,0,0,0,0,0,0,0,0,0,0,0,0,0.0,0.0,0.0,0.0,0.0,0.0,0.0,0.0,0,0,1,False,0,0,0
704,Onyango,,MID,9,Everton,,2,,,,,0,0,0,0,0,0,0,0,0,0,0,0,0,0,0.0,0.0,0.0,0.0,0.0,0.0,0.0,0.0,0,0,3,False,0,0,0
705,Campbell,,DEF,9,Everton,,2,,,,,0,0,0,0,0,0,0,0,0,0,0,0,0,0,0.0,0.0,0.0,0.0,0.0,0.0,0.0,0.0,0,0,2,False,0,0,0
1,Raya,,GK,1,Arsenal,,3,,,,,90,2,0,0,0,1,0,0,0,0,0,2,0,12,20.0,10.0,0.0,3.0,0.0,0.02,0.02,0.52,0,0,1,False,12,1,0
2,Arrizabalaga,,GK,1,Arsenal,,3,,,,,0,0,0,0,0,0,0,0,0,0,0,0,0,0,0.0,0.0,0.0,0.0,0.0,0.0,0.0,0.0,0,0,1,False,0,0,0
3,Hein,,GK,1,Arsenal,,3,,,,,0,0,0,0,0,0,0,0,0,0,0,0,0,0,0.0,0.0,0.0,0.0,0.0,0.0,0.0,0.0,0,0,1,False,0,0,0
4,Setford,,GK,1,Arsenal,,3,,,,,0,0,0,0,0,0,0,0,0,0,0,0,0,0,0.0,0.0,0.0,0.0,0.0,0.0,0.0,0.0,0,0,1,False,0,0,0
5,Gabriel,,DEF,1,Arsenal,,3,,,,,90,2,0,0,0,1,0,0,0,0,0,0,0,8,15.4,1.4,2.0,1.9,0.02,0.01,0.03,0.52,6,7,2,False,2,1,1
6,Saliba,,DEF,1,Arsenal,,3,,,,,4,1,0,0,0,0,0,0,0,0,0,0,0,4,3.0,0.0,0.0,0.3,0.0,0.0,0.0,0.0,3,3,2,False,0,1,0
7,Calafiori,,DEF,1,Arsenal,,3,,,,,90,2,0,0,0,1,0,0,0,0,0,0,0,9,9.8,1.9,11.0,2.3,0.13,0.01,0.14,0.52,5,7,2,False,3,1,2
8,J.Timber,,DEF,1,Arsenal,,3,,,,,90,2,0,0,0,1,0,0,0,0,0,0,0,7,11.4,12.4,11.0,3.5,0.09,0.05,0.14,0.52,5,7,2,False,4,1,2
9,Kiwior,,DEF,1,Arsenal,,3,,,,,0,0,0,0,0,0,0,0,0,0,0,0,0,0,0.0,0.0,0.0,0.0,0.0,0.0,0.0,0.0,0,0,2,False,0,0,0
10,Lewis-Skelly,,DEF,1,Arsenal,,3,,,,,0,0,0,0,0,0,0,0,0,0,0,0,0,0,0.0,0.0,0.0,0.0,0.0,0.0,0.0,0.0,0,0,2,False,0,0,0
11,White,,DEF,1,Arsenal,,3,,,,,0,0,0,0,0,0,0,0,0,0,0,0,0,0,0.0,0.0,0.0,0.0,0.0,0.0,0.0,0.0,0,0,2,False,0,0,0
12,Zinchenko,,DEF,16,Nott'm Forest,,3,,,,,0,0,0,0,0,0,0,0,0,0,0,0,0,0,0.0,0.0,0.0,0.0,0.0,0.0,0.0,0.0,0,0,2,False,0,0,0
13,Clarke,,DEF,1,Arsenal,,3,,,,,0,0,0,0,0,0,0,0,0,0,0,0,0,0,0.0,0.0,0.0,0.0,0.0,0.0,0.0,0.0,0,0,2,False,0,0,0
14,Kacurri,,DEF,1,Arsenal,,3,,,,,0,0,0,0,0,0,0,0,0,0,0,0,0,0,0.0,0.0,0.0,0.0,0.0,0.0,0.0,0.0,0,0,2,False,0,0,0
15,Nichols,,DEF,1,Arsenal,,3,,,,,0,0,0,0,0,0,0,0,0,0,0,0,0,0,0.0,0.0,0.0,0.0,0.0,0.0,0.0,0.0,0,0,2,False,0,0,0
16,Saka,,MID,1,Arsenal,,3,,,,,0,0,0,0,0,0,0,0,0,0,0,0,0,0,0.0,0.0,0.0,0.0,0.0,0.0,0.0,0.0,0,0,3,False,0,0,0
17,Ødegaard,,MID,1,Arsenal,,3,,,,,20,1,0,0,0,1,0,0,0,0,0,0,0,3,1.4,2.2,2.0,0.6,0.0,0.01,0.01,0.25,0,1,3,False,1,0,0
18,Madueke,,MID,1,Arsenal,,3,,,,,88,2,0,0,0,1,0,0,0,0,0,0,0,5,0.0,1.6,38.0,3.9,0.14,0.03,0.17,0.4,0,2,3,False,2,1,0
19,Martinelli,,MID,1,Arsenal,,3,,,,,69,3,0,0,1,0,0,0,0,0,0,0,0,9,1.4,0.4,6.0,0.8,0.0,0.0,0.0,0.28,0,3,3,False,2,1,1
20,Trossard,,MID,1,Arsenal,,3,,,,,0,0,0,0,0,0,0,0,0,0,0,0,0,0,0.0,0.0,0.0,0.0,0.0,0.0,0.0,0.0,0,0,3,False,0,0,0
21,Rice,,MID,1,Arsenal,,3,,,,,90,4,0,0,0,1,0,0,0,0,0,0,0,13,13.2,22.7,3.0,3.9,0.02,0.1,0.12,0.52,6,13,3,False,7,1,0
22,Merino,,MID,1,Arsenal,,3,,,,,69,3,0,0,1,0,0,0,0,0,0,0,0,6,5.2,2.3,0.0,0.8,0.0,0.02,0.02,0.28,0,5,3,False,2,1,3
23,Fábio Vieira,,MID,1,Arsenal,,3,,,,,0,0,0,0,0,0,0,0,0,0,0,0,0,0,0.0,0.0,0.0,0.0,0.0,0.0,0.0,0.0,0,0,3,False,0,0,0
24,Nørgaard,,MID,1,Arsenal,,3,,,,,0,0,0,0,0,0,0,0,0,0,0,0,0,0,0.0,0.0,0.0,0.0,0.0,0.0,0.0,0.0,0,0,3,False,0,0,0
25,Nwaneri,,MID,1,Arsenal,,3,,,,,0,0,0,0,0,0,0,0,0,0,0,0,0,0,0.0,0.0,0.0,0.0,0.0,0.0,0.0,0.0,0,0,3,False,0,0,0
26,Zubimendi,,MID,1,Arsenal,,3,,,,,90,1,0,0,0,1,0,0,0,1,0,0,0,4,1.4,2.6,5.0,0.9,0.03,0.02,0.05,0.52,1,7,3,False,5,1,1
27,Nelson,,MID,5,Brentford,,3,,,,,0,0,0,0,0,0,0,0,0,0,0,0,0,0,0.0,0.0,0.0,0.0,0.0,0.0,0.0,0.0,0,0,3,False,0,0,0
28,Kabia,,MID,1,Arsenal,,3,,,,,0,0,0,0,0,0,0,0,0,0,0,0,0,0,0.0,0.0,0.0,0.0,0.0,0.0,0.0,0.0,0,0,3,False,0,0,0
29,Sambi,,MID,1,Arsenal,,3,,,,,0,0,0,0,0,0,0,0,0,0,0,0,0,0,0.0,0.0,0.0,0.0,0.0,0.0,0.0,0.0,0,0,3,False,0,0,0
30,Havertz,,FWD,1,Arsenal,,3,,,,,0,0,0,0,0,0,0,0,0,0,0,0,0,0,0.0,0.0,0.0,0.0,0.0,0.0,0.0,0.0,0,0,4,False,0,0,0
31,G.Jesus,,FWD,1,Arsenal,,3,,,,,0,0,0,0,0,0,0,0,0,0,0,0,0,0,0.0,0.0,0.0,0.0,0.0,0.0,0.0,0.0,0,0,4,False,0,0,0
32,Martinez,,GK,2,Aston Villa,,3,,,,,0,0,0,0,0,0,0,0,0,0,0,0,0,0,0.0,0.0,0.0,0.0,0.0,0.0,0.0,0.0,0,0,1,False,0,0,0
33,M.Bizot,,GK,2,Aston Villa,,3,,,,,90,0,0,0,0,3,0,0,0,1,0,1,0,-7,5.8,0.0,0.0,0.6,0.0,0.0,0.0,2.67,3,0,1,False,7,1,0
34,Gauci,,GK,2,Aston Villa,,3,,,,,0,0,0,0,0,0,0,0,0,0,0,0,0,0,0.0,0.0,0.0,0.0,0.0,0.0,0.0,0.0,0,0,1,False,0,0,0
35,Marschall,,GK,2,Aston Villa,,3,,,,,0,0,0,0,0,0,0,0,0,0,0,0,0,0,0.0,0.0,0.0,0.0,0.0,0.0,0.0,0.0,0,0,1,False,0,0,0
36,Cash,,DEF,2,Aston Villa,,3,,,,,73,0,0,0,0,2,0,0,0,1,0,0,0,-1,6.2,22.3,1.0,3.0,0.01,0.11,0.12,1.77,3,3,2,False,1,1,0
37,Digne,,DEF,2,Aston Villa,,3,,,,,7,1,0,0,0,0,0,0,0,0,0,0,0,3,0.0,0.7,0.0,0.1,0.0,0.0,0.0,0.38,0,0,2,False,0,0,0
38,Konsa,,DEF,2,Aston Villa,,3,,,,,90,1,0,0,0,3,0,0,0,0,0,0,0,3,18.4,14.3,4.0,3.7,0.0,0.03,0.03,2.67,5,5,2,False,5,1,0
39,Maatsen,,DEF,2,Aston Villa,,3,,,,,83,1,0,0,0,3,0,0,0,0,0,0,0,6,19.0,38.1,5.0,6.2,0.09,0.12,0.21,2.29,6,6,2,False,5,1,0
40,Mings,,DEF,2,Aston Villa,,3,,,,,90,1,0,0,0,3,0,0,0,0,0,0,0,1,14.4,2.1,0.0,1.7,0.0,0.02,0.02,2.67,3,4,2,False,2,1,1
41,Pau,,DEF,2,Aston Villa,,3,,,,,16,1,0,0,0,1,0,0,0,0,0,0,0,-1,3.4,0.5,0.0,0.4,0.0,0.0,0.0,0.9,0,1,2,False,1,0,1
42,A.García,,DEF,2,Aston Villa,,3,,,,,0,0,0,0,0,0,0,0,0,0,0,0,0,0,0.0,0.0,0.0,0.0,0.0,0.0,0.0,0.0,0,0,2,False,0,0,0
43,Alex Moreno,,DEF,2,Aston Villa,,3,,,,,0,0,0,0,0,0,0,0,0,0,0,0,0,0,0.0,0.0,0.0,0.0,0.0,0.0,0.0,0.0,0,0,2,False,0,0,0
44,Bogarde,,DEF,2,Aston Villa,,3,,,,,6,1,0,0,0,0,0,0,0,0,0,0,0,3,0.2,1.7,0.0,0.2,0.0,0.0,0.0,0.38,0,0,2,False,0,0,0
45,Sousa,,DEF,2,Aston Villa,,3,,,,,0,0,0,0,0,0,0,0,0,0,0,0,0,0,0.0,0.0,0.0,0.0,0.0,0.0,0.0,0.0,0,0,2,False,0,0,0
46,Yasin,,DEF,2,Aston Villa,,3,,,,,0,0,0,0,0,0,0,0,0,0,0,0,0,0,0.0,0.0,0.0,0.0,0.0,0.0,0.0,0.0,0,0,2,False,0,0,0
47,Rogers,,MID,2,Aston Villa,,3,,,,,90,2,0,0,0,3,0,0,0,0,0,0,0,9,9.4,4.9,21.0,3.5,0.04,0.04,0.08,2.67,2,7,3,False,4,1,1
48,Tielemans,,MID,2,Aston Villa,,3,,,,,90,2,0,0,0,3,0,0,0,0,0,0,0,18,15.6,20.0,17.0,5.3,0.09,0.05,0.14,2.67,1,7,3,False,5,1,1
49,Bailey,,MID,2,Aston Villa,,3,,,,,0,0,0,0,0,0,0,0,0,0,0,0,0,0,0.0,0.0,0.0,0.0,0.0,0.0,0.0,0.0,0,0,3,False,0,0,0
50,Buendía,,MID,2,Aston Villa,,3,,,,,45,1,0,0,0,2,0,0,0,0,0,0,0,7,11.4,34.1,12.0,5.8,0.01,0.12,0.13,0.95,1,7,3,False,3,0,3
51,Iling Jr,,MID,2,Aston Villa,,3,,,,,0,0,0,0,0,0,0,0,0,0,0,0,0,0,0.0,0.0,0.0,0.0,0.0,0.0,0.0,0.0,0,0,3,False,0,0,0
52,J.Ramsey,,MID,15,Newcastle,,3,,,,,45,1,0,0,0,0,0,0,0,0,0,0,0,8,9.2,30.8,7.0,4.7,0.03,0.1,0.13,0.54,0,2,3,False,2,1,0
53,Malen,,MID,2,Aston Villa,,3,,,,,82,2,0,0,0,3,0,0,0,0,0,0,0,1,0.0,6.2,5.0,0.9,0.18,0.02,0.2,2.29,0,3,3,False,3,1,0
54,McGinn,,MID,2,Aston Villa,,3,,,,,73,2,0,0,0,2,0,0,0,0,0,0,0,18,8.0,13.9,0.0,2.2,0.0,0.12,0.12,1.77,1,6,3,False,3,1,2
55,Barkley,,MID,2,Aston Villa,,3,,,,,0,0,0,0,0,0,0,0,0,0,0,0,0,0,0.0,0.0,0.0,0.0,0.0,0.0,0.0,0.0,0,0,3,False,0,0,0
56,Barrenechea,,MID,2,Aston Villa,,3,,,,,0,0,0,0,0,0,0,0,0,0,0,0,0,0,0.0,0.0,0.0,0.0,0.0,0.0,0.0,0.0,0,0,3,False,0,0,0
57,Dobbin,,MID,2,Aston Villa,,3,,,,,0,0,0,0,0,0,0,0,0,0,0,0,0,0,0.0,0.0,0.0,0.0,0.0,0.0,0.0,0.0,0,0,3,False,0,0,0
58,Kamara,,MID,2,Aston Villa,,3,,,,,0,0,0,0,0,0,0,0,0,0,0,0,0,0,0.0,0.0,0.0,0.0,0.0,0.0,0.0,0.0,0,0,3,False,0,0,0
59,Onana,,MID,2,Aston Villa,,3,,,,,0,0,0,0,0,0,0,0,0,0,0,0,0,0,0.0,0.0,0.0,0.0,0.0,0.0,0.0,0.0,0,0,3,False,0,0,0
60,Broggio,,MID,2,Aston Villa,,3,,,,,0,0,0,0,0,0,0,0,0,0,0,0,0,0,0.0,0.0,0.0,0.0,0.0,0.0,0.0,0.0,0,0,3,False,0,0,0
61,Dendoncker,,MID,2,Aston Villa,,3,,,,,0,0,0,0,0,0,0,0,0,0,0,0,0,0,0.0,0.0,0.0,0.0,0.0,0.0,0.0,0.0,0,0,3,False,0,0,0
62,Jimoh-Aloba,,MID,2,Aston Villa,,3,,,,,0,0,0,0,0,0,0,0,0,0,0,0,0,0,0.0,0.0,0.0,0.0,0.0,0.0,0.0,0.0,0,0,3,False,0,0,0
63,Young,,MID,2,Aston Villa,,3,,,,,0,0,0,0,0,0,0,0,0,0,0,0,0,0,0.0,0.0,0.0,0.0,0.0,0.0,0.0,0.0,0,0,3,False,0,0,0
64,Watkins,,FWD,2,Aston Villa,,3,,,,,90,2,0,0,0,3,0,0,0,0,0,0,0,4,3.8,11.8,43.0,5.9,0.64,0.04,0.68,2.67,0,1,4,False,0,1,1
65,Redmond,,FWD,2,Aston Villa,,3,,,,,0,0,0,0,0,0,0,0,0,0,0,0,0,0,0.0,0.0,0.0,0.0,0.0,0.0,0.0,0.0,0,0,4,False,0,0,0
66,Neto,,GK,4,Bournemouth,,3,,,,,0,0,0,0,0,0,0,0,0,0,0,0,0,0,0.0,0.0,0.0,0.0,0.0,0.0,0.0,0.0,0,0,1,False,0,0,0
67,Petrović,,GK,4,Bournemouth,,3,,,,,90,5,0,0,1,0,0,0,0,1,0,1,0,22,11.2,0.0,0.0,1.1,0.0,0.0,0.0,0.19,2,0,1,False,10,1,0
68,Dennis,,GK,4,Bournemouth,,3,,,,,0,0,0,0,0,0,0,0,0,0,0,0,0,0,0.0,0.0,0.0,0.0,0.0,0.0,0.0,0.0,0,0,1,False,0,0,0
69,McKenna,,GK,4,Bournemouth,,3,,,,,0,0,0,0,0,0,0,0,0,0,0,0,0,0,0.0,0.0,0.0,0.0,0.0,0.0,0.0,0.0,0,0,1,False,0,0,0
70,Paulsen,,GK,4,Bournemouth,,3,,,,,0,0,0,0,0,0,0,0,0,0,0,0,0,0,0.0,0.0,0.0,0.0,0.0,0.0,0.0,0.0,0,0,1,False,0,0,0
71,Zabarnyi,,DEF,4,Bournemouth,,3,,,,,0,0,0,0,0,0,0,0,0,0,0,0,0,0,0.0,0.0,0.0,0.0,0.0,0.0,0.0,0.0,0,0,2,False,0,0,0
72,Senesi,,DEF,4,Bournemouth,,3,,,,,90,14,0,1,1,0,0,0,0,0,0,0,3,42,37.4,10.7,6.0,5.4,0.14,0.03,0.17,0.19,12,14,2,True,6,1,2
73,Smith,,DEF,4,Bournemouth,,3,,,,,25,1,0,0,0,0,0,0,0,0,0,0,0,2,0.0,0.1,0.0,0.0,0.0,0.0,0.0,0.0,0,0,2,False,0,1,0
74,Truffert,,DEF,4,Bournemouth,,3,,,,,90,7,0,0,1,0,0,0,0,0,0,0,1,24,19.8,19.4,1.0,4.0,0.01,0.1,0.11,0.19,4,9,2,False,0,1,5
75,Akinmboni,,DEF,4,Bournemouth,,3,,,,,0,0,0,0,0,0,0,0,0,0,0,0,0,0,0.0,0.0,0.0,0.0,0.0,0.0,0.0,0.0,0,0,2,False,0,0,0
76,Bevan,,DEF,4,Bournemouth,,3,,,,,0,0,0,0,0,0,0,0,0,0,0,0,0,0,0.0,0.0,0.0,0.0,0.0,0.0,0.0,0.0,0,0,2,False,0,0,0
77,Hill,,DEF,4,Bournemouth,,3,,,,,64,5,0,0,1,0,0,0,0,1,0,0,0,17,7.6,0.7,4.0,1.2,0.0,0.0,0.0,0.19,5,5,2,False,4,0,0
78,J.Araujo,,DEF,4,Bournemouth,,3,,,,,0,0,0,0,0,0,0,0,0,0,0,0,0,0,0.0,0.0,0.0,0.0,0.0,0.0,0.0,0.0,0,0,2,False,0,0,0
79,Mepham,,DEF,4,Bournemouth,,3,,,,,0,0,0,0,0,0,0,0,0,0,0,0,0,0,0.0,0.0,0.0,0.0,0.0,0.0,0.0,0.0,0,0,2,False,0,0,0
80,Soler,,DEF,4,Bournemouth,,3,,,,,0,0,0,0,0,0,0,0,0,0,0,0,0,0,0.0,0.0,0.0,0.0,0.0,0.0,0.0,0.0,0,0,2,False,0,0,0
81,Kluivert,,MID,4,Bournemouth,,3,,,,,9,1,0,0,0,0,0,0,0,0,0,0,0,1,0.8,3.3,2.0,0.6,0.0,0.0,0.0,0.07,0,1,3,False,1,0,0
82,Semenyo,,MID,4,Bournemouth,,3,,,,,90,2,0,0,1,0,0,0,0,1,0,0,0,4,11.6,23.4,30.0,6.5,0.21,0.06,0.27,0.19,0,10,3,False,8,1,2
83,O.Dango,,MID,5,Brentford,,3,,,,,90,2,0,0,0,2,0,0,0,0,0,0,0,6,7.2,0.7,19.0,2.7,0.08,0.0,0.08,1.54,4,7,3,False,3,1,0
84,Tavernier,,MID,4,Bournemouth,,3,,,,,80,3,0,0,1,0,0,0,0,0,0,0,0,0,4.4,17.3,19.0,4.1,0.31,0.05,0.36,0.12,0,5,3,False,2,1,3
85,Adams,,MID,4,Bournemouth,,3,,,,,90,4,0,0,1,0,0,0,0,1,0,0,0,14,11.2,1.8,17.0,3.0,0.03,0.01,0.04,0.19,3,12,3,False,7,1,2
86,Brooks,,MID,4,Bournemouth,,3,,,,,63,4,0,0,1,0,0,0,0,0,0,0,1,24,18.6,25.1,37.0,8.1,0.34,0.32,0.66,0.01,0,5,3,False,1,1,4
87,Christie,,MID,4,Bournemouth,,3,,,,,27,1,0,0,0,0,0,0,0,0,0,0,0,10,10.4,0.3,2.0,1.3,0.0,0.0,0.0,0.18,2,9,3,False,3,0,4
88,Cook,,MID,4,Bournemouth,,3,,,,,0,0,0,0,0,0,0,0,0,0,0,0,0,0,0.0,0.0,0.0,0.0,0.0,0.0,0.0,0.0,0,0,3,False,0,0,0
89,Philip,,MID,4,Bournemouth,,3,,,,,0,0,0,0,0,0,0,0,0,0,0,0,0,0,0.0,0.0,0.0,0.0,0.0,0.0,0.0,0.0,0,0,3,False,0,0,0
90,Scott,,MID,4,Bournemouth,,3,,,,,62,3,0,0,1,0,0,0,0,0,0,0,0,14,12.2,30.4,5.0,4.8,0.05,0.13,0.18,0.01,2,7,3,False,3,1,2
91,Sinisterra,,MID,4,Bournemouth,,3,,,,,0,0,0,0,0,0,0,0,0,0,0,0,0,0,0.0,0.0,0.0,0.0,0.0,0.0,0.0,0.0,0,0,3,False,0,0,0
92,Faivre,,MID,4,Bournemouth,,3,,,,,0,0,0,0,0,0,0,0,0,0,0,0,0,0,0.0,0.0,0.0,0.0,0.0,0.0,0.0,0.0,0,0,3,False,0,0,0
93,H.Traorè,,MID,4,Bournemouth,,3,,,,,0,0,0,0,0,0,0,0,0,0,0,0,0,0,0.0,0.0,0.0,0.0,0.0,0.0,0.0,0.0,0,0,3,False,0,0,0
94,Sadi,,MID,4,Bournemouth,,3,,,,,0,0,0,0,0,0,0,0,0,0,0,0,0,0,0.0,0.0,0.0,0.0,0.0,0.0,0.0,0.0,0,0,3,False,0,0,0
95,Silcott-Duberry,,MID,4,Bournemouth,,3,,,,,0,0,0,0,0,0,0,0,0,0,0,0,0,0,0.0,0.0,0.0,0.0,0.0,0.0,0.0,0.0,0,0,3,False,0,0,0
96,Winterburn,,MID,4,Bournemouth,,3,,,,,0,0,0,0,0,0,0,0,0,0,0,0,0,0,0.0,0.0,0.0,0.0,0.0,0.0,0.0,0.0,0,0,3,False,0,0,0
97,Evanilson,,FWD,4,Bournemouth,,3,,,,,80,8,1,0,1,0,0,0,0,0,0,0,2,34,40.6,21.7,63.0,12.5,0.5,0.06,0.56,0.12,2,5,4,False,3,1,0
98,Enes Ünal,,FWD,4,Bournemouth,,3,,,,,0,0,0,0,0,0,0,0,0,0,0,0,0,0,0.0,0.0,0.0,0.0,0.0,0.0,0.0,0.0,0,0,4,False,0,0,0
99,Adu-Adjei,,FWD,4,Bournemouth,,3,,,,,0,0,0,0,0,0,0,0,0,0,0,0,0,0,0.0,0.0,0.0,0.0,0.0,0.0,0.0,0.0,0,0,4,False,0,0,0
100,Kroupi.Jr,,FWD,4,Bournemouth,,3,,,,,9,1,0,0,0,0,0,0,0,0,0,0,0,3,0.0,0.0,0.0,0.0,0.0,0.0,0.0,0.07,0,1,4,False,1,0,0
101,Kelleher,,GK,5,Brentford,,3,,,,,90,1,0,0,0,2,0,0,0,0,0,1,0,2,12.8,0.0,0.0,1.3,0.0,0.0,0.0,1.54,0,0,1,False,4,1,0
102,Balcombe,,GK,5,Brentford,,3,,,,,0,0,0,0,0,0,0,0,0,0,0,0,0,0,0.0,0.0,0.0,0.0,0.0,0.0,0.0,0.0,0,0,1,False,0,0,0
103,Cox,,GK,5,Brentford,,3,,,,,0,0,0,0,0,0,0,0,0,0,0,0,0,0,0.0,0.0,0.0,0.0,0.0,0.0,0.0,0.0,0,0,1,False,0,0,0
104,Eyestone,,GK,5,Brentford,,3,,,,,0,0,0,0,0,0,0,0,0,0,0,0,0,0,0.0,0.0,0.0,0.0,0.0,0.0,0.0,0.0,0,0,1,False,0,0,0
105,Valdimarsson,,GK,5,Brentford,,3,,,,,0,0,0,0,0,0,0,0,0,0,0,0,0,0,0.0,0.0,0.0,0.0,0.0,0.0,0.0,0.0,0,0,1,False,0,0,0
106,Collins,,DEF,5,Brentford,,3,,,,,90,3,0,0,0,2,0,0,0,0,0,0,0,12,25.2,0.4,2.0,2.8,0.0,0.0,0.0,1.54,10,11,2,False,5,1,1
107,Lewis-Potter,,DEF,5,Brentford,,3,,,,,71,6,0,0,1,0,0,0,0,0,0,0,0,21,8.8,0.3,0.0,0.9,0.0,0.0,0.0,0.48,3,5,2,False,5,1,2
108,Ajer,,DEF,5,Brentford,,3,,,,,0,0,0,0,0,0,0,0,0,0,0,0,0,0,0.0,0.0,0.0,0.0,0.0,0.0,0.0,0.0,0,0,2,False,0,0,0
109,Henry,,DEF,5,Brentford,,3,,,,,18,-1,0,0,0,2,0,0,0,1,0,0,0,-8,0.0,0.3,2.0,0.1,0.03,0.02,0.05,1.06,1,2,2,False,2,0,1
110,Kayode,,DEF,5,Brentford,,3,,,,,90,1,0,0,0,2,0,0,0,0,0,0,0,6,7.4,2.1,2.0,1.2,0.0,0.01,0.01,1.54,2,3,2,False,3,1,1
111,Pinnock,,DEF,5,Brentford,,3,,,,,0,0,0,0,0,0,0,0,0,0,0,0,0,0,0.0,0.0,0.0,0.0,0.0,0.0,0.0,0.0,0,0,2,False,0,0,0
112,Roerslev,,DEF,5,Brentford,,3,,,,,0,0,0,0,0,0,0,0,0,0,0,0,0,0,0.0,0.0,0.0,0.0,0.0,0.0,0.0,0.0,0,0,2,False,0,0,0
113,Van den Berg,,DEF,5,Brentford,,3,,,,,90,3,0,0,0,2,0,0,0,0,0,0,0,11,23.2,0.7,2.0,2.6,0.0,0.03,0.03,1.54,11,11,2,False,4,1,0
114,Arthur,,DEF,5,Brentford,,3,,,,,0,0,0,0,0,0,0,0,0,0,0,0,0,0,0.0,0.0,0.0,0.0,0.0,0.0,0.0,0.0,0,0,2,False,0,0,0
115,Fredrick,,DEF,5,Brentford,,3,,,,,0,0,0,0,0,0,0,0,0,0,0,0,0,0,0.0,0.0,0.0,0.0,0.0,0.0,0.0,0.0,0,0,2,False,0,0,0
116,Hickey,,DEF,5,Brentford,,3,,,,,0,0,0,0,0,0,0,0,0,0,0,0,0,0,0.0,0.0,0.0,0.0,0.0,0.0,0.0,0.0,0,0,2,False,0,0,0
117,Ji-soo,,DEF,5,Brentford,,3,,,,,0,0,0,0,0,0,0,0,0,0,0,0,0,0,0.0,0.0,0.0,0.0,0.0,0.0,0.0,0.0,0,0,2,False,0,0,0
118,Meghoma,,DEF,5,Brentford,,3,,,,,0,0,0,0,0,0,0,0,0,0,0,0,0,0,0.0,0.0,0.0,0.0,0.0,0.0,0.0,0.0,0,0,2,False,0,0,0
119,Mbeumo,,MID,14,Man Utd,,3,,,,,90,10,1,0,0,2,0,0,0,0,0,0,3,39,48.2,78.2,50.0,17.6,0.66,0.66,1.32,1.2,0,1,3,False,1,1,0
120,Schade,,MID,5,Brentford,,3,,,,,89,0,0,0,0,1,0,0,1,0,0,0,0,-6,6.6,0.7,29.0,3.6,0.95,0.0,0.95,1.41,1,4,3,False,2,1,1
121,Damsgaard,,MID,5,Brentford,,3,,,,,90,2,0,0,0,2,0,0,0,0,0,0,0,6,11.2,38.5,2.0,5.2,0.0,0.27,0.27,1.54,1,1,3,False,0,1,0
122,Milambo,,MID,5,Brentford,,3,,,,,0,0,0,0,0,0,0,0,0,0,0,0,0,0,0.0,0.0,0.0,0.0,0.0,0.0,0.0,0.0,0,0,3,False,0,0,0
123,Carvalho,,MID,5,Brentford,,3,,,,,1,1,0,0,0,1,0,0,0,0,0,0,0,3,0.0,0.1,0.0,0.0,0.0,0.0,0.0,0.13,0,0,3,False,0,0,0
124,Henderson,,MID,5,Brentford,,3,,,,,70,3,0,0,1,0,0,0,0,0,0,0,0,9,3.8,6.7,0.0,1.1,0.0,0.01,0.01,0.48,2,5,3,False,3,1,0
125,Janelt,,MID,5,Brentford,,3,,,,,0,0,0,0,0,0,0,0,0,0,0,0,0,0,0.0,0.0,0.0,0.0,0.0,0.0,0.0,0.0,0,0,3,False,0,0,0
126,Jensen,,MID,5,Brentford,,3,,,,,0,0,0,0,0,0,0,0,0,0,0,0,0,0,0.0,0.0,0.0,0.0,0.0,0.0,0.0,0.0,0,0,3,False,0,0,0
127,Nunes,,MID,5,Brentford,,3,,,,,0,0,0,0,0,0,0,0,0,0,0,0,0,0,0.0,0.0,0.0,0.0,0.0,0.0,0.0,0.0,0,0,3,False,0,0,0
128,Onyeka,,MID,5,Brentford,,3,,,,,19,4,0,1,0,2,0,0,0,0,0,0,0,16,20.0,12.0,2.0,3.4,0.0,0.36,0.36,1.06,0,1,3,False,0,0,1
129,Yarmoliuk,,MID,5,Brentford,,3,,,,,90,2,0,0,0,2,0,0,0,0,0,0,0,13,14.4,2.8,7.0,2.4,0.01,0.01,0.02,1.54,1,7,3,False,4,1,2
130,Donovan,,MID,5,Brentford,,3,,,,,0,0,0,0,0,0,0,0,0,0,0,0,0,0,0.0,0.0,0.0,0.0,0.0,0.0,0.0,0.0,0,0,3,False,0,0,0
131,Konak,,MID,5,Brentford,,3,,,,,0,0,0,0,0,0,0,0,0,0,0,0,0,0,0.0,0.0,0.0,0.0,0.0,0.0,0.0,0.0,0,0,3,False,0,0,0
132,Maghoma,,MID,5,Brentford,,3,,,,,0,0,0,0,0,0,0,0,0,0,0,0,0,0,0.0,0.0,0.0,0.0,0.0,0.0,0.0,0.0,0,0,3,False,0,0,0
133,Peart-Harris,,MID,5,Brentford,,3,,,,,0,0,0,0,0,0,0,0,0,0,0,0,0,0,0.0,0.0,0.0,0.0,0.0,0.0,0.0,0.0,0,0,3,False,0,0,0
134,Trevitt,,MID,5,Brentford,,3,,,,,0,0,0,0,0,0,0,0,0,0,0,0,0,0,0.0,0.0,0.0,0.0,0.0,0.0,0.0,0.0,0,0,3,False,0,0,0
135,Wissa,,FWD,15,Newcastle,,3,,,,,0,0,0,0,0,0,0,0,0,0,0,0,0,0,0.0,0.0,0.0,0.0,0.0,0.0,0.0,0.0,0,0,4,False,0,0,0
136,Thiago,,FWD,5,Brentford,,3,,,,,90,6,1,0,0,2,0,0,0,1,0,0,1,29,43.4,17.4,19.0,8.0,0.12,0.1,0.22,1.54,5,5,4,False,0,1,0
137,Morgan,,FWD,5,Brentford,,3,,,,,0,0,0,0,0,0,0,0,0,0,0,0,0,0,0.0,0.0,0.0,0.0,0.0,0.0,0.0,0.0,0,0,4,False,0,0,0
138,Steele,,GK,6,Brighton,,3,,,,,0,0,0,0,0,0,0,0,0,0,0,0,0,0,0.0,0.0,0.0,0.0,0.0,0.0,0.0,0.0,0,0,1,False,0,0,0
139,Verbruggen,,GK,6,Brighton,,3,,,,,90,2,0,0,0,1,0,0,0,0,0,2,0,11,20.2,0.0,0.0,2.0,0.0,0.0,0.0,1.82,0,0,1,False,10,1,0
140,McGill,,GK,6,Brighton,,3,,,,,0,0,0,0,0,0,0,0,0,0,0,0,0,0,0.0,0.0,0.0,0.0,0.0,0.0,0.0,0.0,0,0,1,False,0,0,0
141,Rushworth,,GK,6,Brighton,,3,,,,,0,0,0,0,0,0,0,0,0,0,0,0,0,0,0.0,0.0,0.0,0.0,0.0,0.0,0.0,0.0,0,0,1,False,0,0,0
142,Scherpen,,GK,6,Brighton,,3,,,,,0,0,0,0,0,0,0,0,0,0,0,0,0,0,0.0,0.0,0.0,0.0,0.0,0.0,0.0,0.0,0,0,1,False,0,0,0
143,Boscagli,,DEF,6,Brighton,,3,,,,,0,0,0,0,0,0,0,0,0,0,0,0,0,0,0.0,0.0,0.0,0.0,0.0,0.0,0.0,0.0,0,0,2,False,0,0,0
144,Coppola,,DEF,6,Brighton,,3,,,,,1,1,0,0,0,0,0,0,0,0,0,0,0,3,0.0,0.0,0.0,0.0,0.0,0.0,0.0,0.06,0,0,2,False,0,0,0
145,De Cuyper,,DEF,6,Brighton,,3,,,,,90,2,0,0,0,1,0,0,0,0,0,0,0,12,4.8,9.8,2.0,1.7,0.0,0.36,0.36,1.82,2,3,2,False,8,1,1
146,Dunk,,DEF,6,Brighton,,3,,,,,90,5,0,1,0,1,0,0,0,0,0,0,0,16,4.2,0.5,11.0,1.6,0.09,0.01,0.1,1.82,3,3,2,False,3,1,0
147,Estupiñan,,DEF,6,Brighton,,3,,,,,0,0,0,0,0,0,0,0,0,0,0,0,0,0,0.0,0.0,0.0,0.0,0.0,0.0,0.0,0.0,0,0,2,False,0,0,0
148,F.Kadıoğlu,,DEF,6,Brighton,,3,,,,,0,0,0,0,0,0,0,0,0,0,0,0,0,0,0.0,0.0,0.0,0.0,0.0,0.0,0.0,0.0,0,0,2,False,0,0,0
149,Igor,,DEF,19,West Ham,,3,,,,,0,0,0,0,0,0,0,0,0,0,0,0,0,0,0.0,0.0,0.0,0.0,0.0,0.0,0.0,0.0,0,0,2,False,0,0,0
150,Lamptey,,DEF,6,Brighton,,3,,,,,0,0,0,0,0,0,0,0,0,0,0,0,0,0,0.0,0.0,0.0,0.0,0.0,0.0,0.0,0.0,0,0,2,False,0,0,0
151,Van Hecke,,DEF,6,Brighton,,3,,,,,90,1,0,0,0,1,0,0,0,1,0,0,0,4,17.2,0.4,33.0,5.1,0.29,0.0,0.29,1.82,4,5,2,False,5,1,1
152,Veltman,,DEF,6,Brighton,,3,,,,,90,1,0,0,0,1,0,0,0,1,0,0,0,5,8.2,3.3,2.0,1.4,0.0,0.0,0.0,1.82,2,5,2,False,0,1,3
153,Webster,,DEF,6,Brighton,,3,,,,,0,0,0,0,0,0,0,0,0,0,0,0,0,0,0.0,0.0,0.0,0.0,0.0,0.0,0.0,0.0,0,0,2,False,0,0,0
154,Cashin,,DEF,6,Brighton,,3,,,,,0,0,0,0,0,0,0,0,0,0,0,0,0,0,0.0,0.0,0.0,0.0,0.0,0.0,0.0,0.0,0,0,2,False,0,0,0
155,Slater,,DEF,6,Brighton,,3,,,,,0,0,0,0,0,0,0,0,0,0,0,0,0,0,0.0,0.0,0.0,0.0,0.0,0.0,0.0,0.0,0,0,2,False,0,0,0
156,Tasker,,DEF,6,Brighton,,3,,,,,0,0,0,0,0,0,0,0,0,0,0,0,0,0,0.0,0.0,0.0,0.0,0.0,0.0,0.0,0.0,0,0,2,False,0,0,0
157,Mitoma,,MID,6,Brighton,,3,,,,,90,5,0,1,0,1,0,0,0,0,0,0,0,21,27.4,33.3,12.0,7.3,0.08,0.04,0.12,1.82,3,7,3,False,2,1,2
158,Georginio,,MID,6,Brighton,,3,,,,,29,1,0,0,0,0,0,0,0,0,0,0,0,5,5.2,12.1,19.0,3.6,0.07,0.06,0.13,0.17,0,0,3,False,0,0,0
159,March,,MID,6,Brighton,,3,,,,,0,0,0,0,0,0,0,0,0,0,0,0,0,0,0.0,0.0,0.0,0.0,0.0,0.0,0.0,0.0,0,0,3,False,0,0,0
160,Minteh,,MID,6,Brighton,,3,,,,,90,4,0,0,0,1,0,0,0,0,0,0,0,18,13.6,11.4,29.0,5.4,0.2,0.03,0.23,1.76,2,12,3,False,7,1,3
161,Enciso,,MID,6,Brighton,,3,,,,,0,0,0,0,0,0,0,0,0,0,0,0,0,0,0.0,0.0,0.0,0.0,0.0,0.0,0.0,0.0,0,0,3,False,0,0,0
162,Gruda,,MID,6,Brighton,,3,,,,,29,8,1,0,0,0,0,0,0,0,0,0,2,27,39.2,10.4,35.0,8.5,0.78,0.0,0.78,0.17,0,2,3,False,2,0,0
163,Hinshelwood,,MID,6,Brighton,,3,,,,,60,2,0,0,0,1,0,0,0,0,0,0,0,11,4.8,0.8,0.0,0.6,0.0,0.0,0.0,1.65,2,8,3,False,4,1,2
164,O'Riley,,MID,6,Brighton,,3,,,,,0,0,0,0,0,0,0,0,0,0,0,0,0,0,0.0,0.0,0.0,0.0,0.0,0.0,0.0,0.0,0,0,3,False,0,0,0
165,Sima,,MID,6,Brighton,,3,,,,,0,0,0,0,0,0,0,0,0,0,0,0,0,0,0.0,0.0,0.0,0.0,0.0,0.0,0.0,0.0,0,0,3,False,0,0,0
166,Ayari,,MID,6,Brighton,,3,,,,,29,1,0,0,0,0,0,0,0,0,0,0,0,3,6.8,24.7,0.0,3.2,0.0,0.01,0.01,0.17,1,3,3,False,1,0,1
167,Baleba,,MID,6,Brighton,,3,,,,,59,1,0,0,0,1,0,0,0,0,0,0,0,3,0.0,2.3,0.0,0.2,0.0,0.0,0.0,1.65,0,3,3,False,3,1,0
168,Buonanotte,,MID,7,Chelsea,,3,,,,,0,0,0,0,0,0,0,0,0,0,0,0,0,0,0.0,0.0,0.0,0.0,0.0,0.0,0.0,0.0,0,0,3,False,0,0,0
169,Gomez,,MID,6,Brighton,,3,,,,,60,2,0,0,0,1,0,0,0,0,0,0,0,12,3.8,0.3,0.0,0.4,0.0,0.0,0.0,1.65,0,6,3,False,3,1,3
170,Milner,,MID,6,Brighton,,3,,,,,30,6,1,0,0,0,0,0,0,0,0,0,0,19,35.6,0.4,17.0,5.3,0.79,0.01,0.8,0.17,0,2,3,False,1,0,1
171,Sarmiento,,MID,6,Brighton,,3,,,,,0,0,0,0,0,0,0,0,0,0,0,0,0,0,0.0,0.0,0.0,0.0,0.0,0.0,0.0,0.0,0,0,3,False,0,0,0
172,Watson,,MID,6,Brighton,,3,,,,,0,0,0,0,0,0,0,0,0,0,0,0,0,0,0.0,0.0,0.0,0.0,0.0,0.0,0.0,0.0,0,0,3,False,0,0,0
173,Wieffer,,MID,6,Brighton,,3,,,,,0,0,0,0,0,0,0,0,0,0,0,0,0,0,0.0,0.0,0.0,0.0,0.0,0.0,0.0,0.0,0,0,3,False,0,0,0
174,Yalcouye,,MID,6,Brighton,,3,,,,,0,0,0,0,0,0,0,0,0,0,0,0,0,0,0.0,0.0,0.0,0.0,0.0,0.0,0.0,0.0,0,0,3,False,0,0,0
175,Knight,,MID,6,Brighton,,3,,,,,0,0,0,0,0,0,0,0,0,0,0,0,0,0,0.0,0.0,0.0,0.0,0.0,0.0,0.0,0.0,0,0,3,False,0,0,0
176,Mazilu,,MID,6,Brighton,,3,,,,,0,0,0,0,0,0,0,0,0,0,0,0,0,0,0.0,0.0,0.0,0.0,0.0,0.0,0.0,0.0,0,0,3,False,0,0,0
177,Moran,,MID,6,Brighton,,3,,,,,0,0,0,0,0,0,0,0,0,0,0,0,0,0,0.0,0.0,0.0,0.0,0.0,0.0,0.0,0.0,0,0,3,False,0,0,0
178,Welbeck,,FWD,6,Brighton,,3,,,,,60,2,0,0,0,1,0,0,0,0,0,0,0,6,0.4,16.5,2.0,1.9,0.0,0.17,0.17,1.65,0,2,4,False,2,1,0
179,Ferguson,,FWD,6,Brighton,,3,,,,,0,0,0,0,0,0,0,0,0,0,0,0,0,0,0.0,0.0,0.0,0.0,0.0,0.0,0.0,0.0,0,0,4,False,0,0,0
180,Tzimas,,FWD,6,Brighton,,3,,,,,0,0,0,0,0,0,0,0,0,0,0,0,0,0,0.0,0.0,0.0,0.0,0.0,0.0,0.0,0.0,0,0,4,False,0,0,0
181,Kostoulas,,FWD,6,Brighton,,3,,,,,0,0,0,0,0,0,0,0,0,0,0,0,0,0,0.0,0.0,0.0,0.0,0.0,0.0,0.0,0.0,0,0,4,False,0,0,0
182,Trafford,,GK,13,Man City,,3,,,,,90,2,0,0,0,2,0,0,0,0,0,5,0,18,40.6,0.0,0.0,4.1,0.0,0.0,0.0,2.3,1,0,1,False,13,1,0
183,Weiss,,GK,3,Burnley,,3,,,,,0,0,0,0,0,0,0,0,0,0,0,0,0,0,0.0,0.0,0.0,0.0,0.0,0.0,0.0,0.0,0,0,1,False,0,0,0
184,Green,,GK,3,Burnley,,3,,,,,0,0,0,0,0,0,0,0,0,0,0,0,0,0,0.0,0.0,0.0,0.0,0.0,0.0,0.0,0.0,0,0,1,False,0,0,0
185,Hladký,,GK,3,Burnley,,3,,,,,0,0,0,0,0,0,0,0,0,0,0,0,0,0,0.0,0.0,0.0,0.0,0.0,0.0,0.0,0.0,0,0,1,False,0,0,0
186,Roberts,,DEF,3,Burnley,,3,,,,,0,0,0,0,0,0,0,0,0,0,0,0,0,0,0.0,0.0,0.0,0.0,0.0,0.0,0.0,0.0,0,0,2,False,0,0,0
187,Walker,,DEF,3,Burnley,,3,,,,,90,0,0,0,0,3,0,0,0,1,0,0,0,-1,15.4,4.3,0.0,2.0,0.0,0.1,0.1,3.63,4,7,2,False,3,1,3
188,Delcroix,,DEF,3,Burnley,,3,,,,,0,0,0,0,0,0,0,0,0,0,0,0,0,0,0.0,0.0,0.0,0.0,0.0,0.0,0.0,0.0,0,0,2,False,0,0,0
189,Dodgson,,DEF,3,Burnley,,3,,,,,0,0,0,0,0,0,0,0,0,0,0,0,0,0,0.0,0.0,0.0,0.0,0.0,0.0,0.0,0.0,0,0,2,False,0,0,0
190,Ekdal,,DEF,3,Burnley,,3,,,,,82,3,0,0,0,2,0,0,0,0,0,0,0,11,24.6,0.3,2.0,2.7,0.0,0.0,0.0,2.57,10,12,2,False,6,1,2
191,Estève,,DEF,3,Burnley,,3,,,,,90,1,0,0,0,3,0,0,0,0,0,0,0,-2,16.4,0.2,2.0,1.9,0.0,0.0,0.0,3.63,7,8,2,False,1,1,1
192,Hartman,,DEF,3,Burnley,,3,,,,,90,1,0,0,0,3,0,0,0,0,0,0,0,2,19.6,1.8,7.0,2.8,0.09,0.0,0.09,3.63,7,9,2,False,3,1,2
193,Humphreys,,DEF,3,Burnley,,3,,,,,0,0,0,0,0,0,0,0,0,0,0,0,0,0,0.0,0.0,0.0,0.0,0.0,0.0,0.0,0.0,0,0,2,False,0,0,0
194,Jordan,,DEF,3,Burnley,,3,,,,,0,0,0,0,0,0,0,0,0,0,0,0,0,0,0.0,0.0,0.0,0.0,0.0,0.0,0.0,0.0,0,0,2,False,0,0,0
195,Lucas Pires,,DEF,3,Burnley,,3,,,,,0,0,0,0,0,0,0,0,0,0,0,0,0,0,0.0,0.0,0.0,0.0,0.0,0.0,0.0,0.0,0,0,2,False,0,0,0
196,Sambo,,DEF,3,Burnley,,3,,,,,0,0,0,0,0,0,0,0,0,0,0,0,0,0,0.0,0.0,0.0,0.0,0.0,0.0,0.0,0.0,0,0,2,False,0,0,0
197,Sonne,,DEF,3,Burnley,,3,,,,,8,1,0,0,0,1,0,0,0,0,0,0,0,1,3.0,0.0,0.0,0.3,0.0,0.0,0.0,1.06,1,2,2,False,0,0,1
198,Tuanzebe,,DEF,3,Burnley,,3,,,,,0,0,0,0,0,0,0,0,0,0,0,0,0,0,0.0,0.0,0.0,0.0,0.0,0.0,0.0,0.0,0,0,2,False,0,0,0
199,Worrall,,DEF,3,Burnley,,3,,,,,7,1,0,0,0,1,0,0,0,0,0,0,0,1,3.0,0.0,0.0,0.3,0.0,0.0,0.0,1.06,2,2,2,False,1,0,0
200,Anthony,,MID,3,Burnley,,3,,,,,90,6,1,0,0,3,0,0,0,1,0,0,0,21,40.8,0.8,35.0,7.7,0.38,0.01,0.39,3.63,4,6,3,False,2,1,0
201,Benson,,MID,3,Burnley,,3,,,,,0,0,0,0,0,0,0,0,0,0,0,0,0,0,0.0,0.0,0.0,0.0,0.0,0.0,0.0,0.0,0,0,3,False,0,0,0
202,Bruun Larsen,,MID,3,Burnley,,3,,,,,81,5,0,1,0,2,0,0,0,0,0,0,0,22,29.2,26.6,8.0,6.4,0.03,0.32,0.35,2.57,4,7,3,False,2,1,1
203,Boateng,,MID,3,Burnley,,3,,,,,0,0,0,0,0,0,0,0,0,0,0,0,0,0,0.0,0.0,0.0,0.0,0.0,0.0,0.0,0.0,0,0,3,False,0,0,0
204,Churlinov,,MID,3,Burnley,,3,,,,,0,0,0,0,0,0,0,0,0,0,0,0,0,0,0.0,0.0,0.0,0.0,0.0,0.0,0.0,0.0,0,0,3,False,0,0,0
205,Cullen,,MID,3,Burnley,,3,,,,,90,2,0,0,0,3,1,0,0,0,0,0,0,7,15.4,3.3,0.0,1.9,0.0,0.05,0.05,3.63,7,14,3,False,5,1,2
206,Edwards,,MID,3,Burnley,,3,,,,,0,0,0,0,0,0,0,0,0,0,0,0,0,0,0.0,0.0,0.0,0.0,0.0,0.0,0.0,0.0,0,0,3,False,0,0,0
207,Hannibal,,MID,3,Burnley,,3,,,,,64,2,0,0,0,2,0,0,0,0,0,0,0,7,2.8,6.1,4.0,1.3,0.11,0.0,0.11,2.38,1,3,3,False,0,1,2
208,Koleosho,,MID,3,Burnley,,3,,,,,0,0,0,0,0,0,0,0,0,0,0,0,0,0,0.0,0.0,0.0,0.0,0.0,0.0,0.0,0.0,0,0,3,False,0,0,0
209,Laurent,,MID,3,Burnley,,3,,,,,14,0,0,0,0,1,0,0,0,1,0,0,0,1,2.4,0.1,2.0,0.5,0.0,0.0,0.0,1.13,2,4,3,False,2,0,0
210,Tchaouna,,MID,3,Burnley,,3,,,,,25,3,0,1,0,1,0,0,0,1,0,0,0,12,4.2,1.3,17.0,2.3,0.13,0.0,0.13,1.25,0,1,3,False,0,0,1
211,A.Ramsey,,MID,3,Burnley,,3,,,,,0,0,0,0,0,0,0,0,0,0,0,0,0,0,0.0,0.0,0.0,0.0,0.0,0.0,0.0,0.0,0,0,3,False,0,0,0
212,Adewumi,,MID,3,Burnley,,3,,,,,0,0,0,0,0,0,0,0,0,0,0,0,0,0,0.0,0.0,0.0,0.0,0.0,0.0,0.0,0.0,0,0,3,False,0,0,0
213,Banel,,MID,3,Burnley,,3,,,,,0,0,0,0,0,0,0,0,0,0,0,0,0,0,0.0,0.0,0.0,0.0,0.0,0.0,0.0,0.0,0,0,3,False,0,0,0
214,Trésor,,MID,3,Burnley,,3,,,,,0,0,0,0,0,0,0,0,0,0,0,0,0,0,0.0,0.0,0.0,0.0,0.0,0.0,0.0,0.0,0,0,3,False,0,0,0
215,Flemming,,FWD,3,Burnley,,3,,,,,0,0,0,0,0,0,0,0,0,0,0,0,0,0,0.0,0.0,0.0,0.0,0.0,0.0,0.0,0.0,0,0,4,False,0,0,0
216,Amdouni,,FWD,3,Burnley,,3,,,,,0,0,0,0,0,0,0,0,0,0,0,0,0,0,0.0,0.0,0.0,0.0,0.0,0.0,0.0,0.0,0,0,4,False,0,0,0
217,Foster,,FWD,3,Burnley,,3,,,,,90,6,1,0,0,3,0,0,0,1,0,0,1,27,39.2,3.3,25.0,6.8,0.51,0.0,0.51,3.63,1,6,4,False,4,1,1
218,Barnes,,FWD,3,Burnley,,3,,,,,0,0,0,0,0,0,0,0,0,0,0,0,0,0,0.0,0.0,0.0,0.0,0.0,0.0,0.0,0.0,0,0,4,False,0,0,0
219,Obafemi,,FWD,3,Burnley,,3,,,,,0,0,0,0,0,0,0,0,0,0,0,0,0,0,0.0,0.0,0.0,0.0,0.0,0.0,0.0,0.0,0,0,4,False,0,0,0
220,Sánchez,,GK,7,Chelsea,,3,,,,,90,6,0,0,1,0,0,0,0,0,0,1,0,22,7.2,0.0,0.0,0.7,0.0,0.0,0.0,1.02,0,0,1,False,6,1,0
221,Jörgensen,,GK,7,Chelsea,,3,,,,,0,0,0,0,0,0,0,0,0,0,0,0,0,0,0.0,0.0,0.0,0.0,0.0,0.0,0.0,0.0,0,0,1,False,0,0,0
222,Penders,,GK,7,Chelsea,,3,,,,,0,0,0,0,0,0,0,0,0,0,0,0,0,0,0.0,0.0,0.0,0.0,0.0,0.0,0.0,0.0,0,0,1,False,0,0,0
223,Slonina,,GK,7,Chelsea,,3,,,,,0,0,0,0,0,0,0,0,0,0,0,0,0,0,0.0,0.0,0.0,0.0,0.0,0.0,0.0,0.0,0,0,1,False,0,0,0
224,Cucurella,,DEF,7,Chelsea,,3,,,,,90,6,0,0,1,0,0,0,0,0,0,0,0,31,25.0,26.5,0.0,5.2,0.0,0.03,0.03,1.02,6,9,2,False,3,1,3
225,James,,DEF,7,Chelsea,,3,,,,,9,1,0,0,0,0,0,0,0,0,0,0,0,4,3.4,0.3,7.0,1.1,0.04,0.0,0.04,0.68,0,0,2,False,0,0,0
226,Chalobah,,DEF,7,Chelsea,,3,,,,,90,13,0,1,1,0,0,0,0,0,0,0,2,43,26.4,8.6,17.0,5.2,0.12,0.21,0.33,1.02,6,11,2,True,2,1,5
227,Colwill,,DEF,7,Chelsea,,3,,,,,0,0,0,0,0,0,0,0,0,0,0,0,0,0,0.0,0.0,0.0,0.0,0.0,0.0,0.0,0.0,0,0,2,False,0,0,0
228,Gusto,,DEF,7,Chelsea,,3,,,,,90,6,0,0,1,0,0,0,0,0,0,0,0,30,13.8,15.5,4.0,3.3,0.0,0.05,0.05,1.02,3,5,2,False,7,1,2
229,B.Badiashile,,DEF,7,Chelsea,,3,,,,,0,0,0,0,0,0,0,0,0,0,0,0,0,0,0.0,0.0,0.0,0.0,0.0,0.0,0.0,0.0,0,0,2,False,0,0,0
230,Fofana,,DEF,7,Chelsea,,3,,,,,0,0,0,0,0,0,0,0,0,0,0,0,0,0,0.0,0.0,0.0,0.0,0.0,0.0,0.0,0.0,0,0,2,False,0,0,0
231,M.Sarr,,DEF,7,Chelsea,,3,,,,,0,0,0,0,0,0,0,0,0,0,0,0,0,0,0.0,0.0,0.0,0.0,0.0,0.0,0.0,0.0,0,0,2,False,0,0,0
232,Tosin,,DEF,7,Chelsea,,3,,,,,90,8,0,0,1,0,0,0,0,0,0,0,0,27,26.0,0.7,2.0,2.9,0.0,0.01,0.01,1.02,9,11,2,False,3,1,2
233,Acheampong,,DEF,7,Chelsea,,3,,,,,0,0,0,0,0,0,0,0,0,0,0,0,0,0,0.0,0.0,0.0,0.0,0.0,0.0,0.0,0.0,0,0,2,False,0,0,0
234,Anselmino,,DEF,7,Chelsea,,3,,,,,0,0,0,0,0,0,0,0,0,0,0,0,0,0,0.0,0.0,0.0,0.0,0.0,0.0,0.0,0.0,0,0,2,False,0,0,0
235,Palmer,,MID,7,Chelsea,,3,,,,,0,0,0,0,0,0,0,0,0,0,0,0,0,0,0.0,0.0,0.0,0.0,0.0,0.0,0.0,0.0,0,0,3,False,0,0,0
236,Neto,,MID,7,Chelsea,,3,,,,,80,3,0,0,1,0,0,0,0,0,0,0,0,12,8.8,32.5,0.0,4.1,0.0,0.17,0.17,0.35,2,4,3,False,2,1,0
237,Enzo,,MID,7,Chelsea,,3,,,,,90,12,1,1,1,0,0,0,0,0,0,0,1,39,60.4,40.4,25.0,12.6,0.79,0.24,1.03,1.02,3,6,3,True,3,1,0
238,Estêvão,,MID,7,Chelsea,,3,,,,,67,3,0,0,1,0,0,0,0,0,0,0,0,4,8.4,16.1,29.0,5.4,0.36,0.06,0.42,0.35,1,3,3,False,2,1,0
239,Gittens,,MID,7,Chelsea,,3,,,,,22,1,0,0,0,0,0,0,0,0,0,0,0,4,1.0,0.0,5.0,0.6,0.03,0.0,0.03,0.68,0,2,3,False,1,0,1
240,Nkunku,,MID,7,Chelsea,,3,,,,,0,0,0,0,0,0,0,0,0,0,0,0,0,0,0.0,0.0,0.0,0.0,0.0,0.0,0.0,0.0,0,0,3,False,0,0,0
241,Caicedo,,MID,7,Chelsea,,3,,,,,90,4,0,0,1,0,0,0,0,1,0,0,0,16,23.8,3.9,5.0,3.3,0.06,0.03,0.09,1.02,8,23,3,False,11,1,4
242,Dewsbury-Hall,,MID,9,Everton,,3,,,,,90,12,1,1,0,2,0,0,0,1,0,0,3,49,55.4,44.1,19.0,11.9,0.06,0.59,0.65,1.11,0,6,3,True,5,1,1
243,George,,MID,7,Chelsea,,3,,,,,66,3,0,0,1,0,0,0,0,0,0,0,0,4,3.6,1.3,33.0,3.8,0.21,0.01,0.22,0.27,0,1,3,False,1,0,0
244,Lavia,,MID,7,Chelsea,,3,,,,,0,0,0,0,0,0,0,0,0,0,0,0,0,0,0.0,0.0,0.0,0.0,0.0,0.0,0.0,0.0,0,0,3,False,0,0,0
245,Mudryk,,MID,7,Chelsea,,3,,,,,0,0,0,0,0,0,0,0,0,0,0,0,0,0,0.0,0.0,0.0,0.0,0.0,0.0,0.0,0.0,0,0,3,False,0,0,0
246,Andrey Santos,,MID,7,Chelsea,,3,,,,,9,0,0,0,0,0,0,0,0,1,0,0,0,2,2.6,10.6,2.0,1.5,0.0,0.01,0.01,0.68,0,2,3,False,1,0,1
247,D.Essugo,,MID,7,Chelsea,,3,,,,,0,0,0,0,0,0,0,0,0,0,0,0,0,0,0.0,0.0,0.0,0.0,0.0,0.0,0.0,0.0,0,0,3,False,0,0,0
248,Paez,,MID,7,Chelsea,,3,,,,,0,0,0,0,0,0,0,0,0,0,0,0,0,0,0.0,0.0,0.0,0.0,0.0,0.0,0.0,0.0,0,0,3,False,0,0,0
249,João Pedro,,FWD,7,Chelsea,,3,,,,,90,9,1,0,1,0,0,0,0,0,0,0,3,46,49.8,13.6,51.0,11.4,0.66,0.02,0.68,1.02,3,10,4,True,6,1,1
250,Delap,,FWD,7,Chelsea,,3,,,,,13,1,0,0,0,0,0,0,0,0,0,0,0,1,0.0,0.0,5.0,0.0,0.09,0.0,0.09,0.08,0,0,4,False,0,1,0
251,N.Jackson,,FWD,7,Chelsea,,3,,,,,0,0,0,0,0,0,0,0,0,0,0,0,0,0,0.0,0.0,0.0,0.0,0.0,0.0,0.0,0.0,0,0,4,False,0,0,0
252,Marc Guiu,,FWD,7,Chelsea,,3,,,,,3,1,0,0,0,0,0,0,0,0,0,0,0,3,1.0,0.0,0.0,0.1,0.0,0.0,0.0,0.0,1,1,4,False,0,0,0
253,Henderson,,GK,8,Crystal Palace,,3,,,,,90,7,0,0,1,0,0,0,0,0,0,4,0,31,31.0,0.0,0.0,3.1,0.0,0.0,0.0,1.13,0,0,1,False,7,1,0
254,Benitez,,GK,8,Crystal Palace,,3,,,,,0,0,0,0,0,0,0,0,0,0,0,0,0,0,0.0,0.0,0.0,0.0,0.0,0.0,0.0,0.0,0,0,1,False,0,0,0
255,Matthews,,GK,8,Crystal Palace,,3,,,,,0,0,0,0,0,0,0,0,0,0,0,0,0,0,0.0,0.0,0.0,0.0,0.0,0.0,0.0,0.0,0,0,1,False,0,0,0
256,Muñoz,,DEF,8,Crystal Palace,,3,,,,,90,9,0,0,1,0,0,0,0,0,0,0,1,37,25.2,16.7,4.0,4.6,0.0,0.48,0.48,1.13,6,11,2,False,8,1,5
257,Lacroix,,DEF,8,Crystal Palace,,3,,,,,90,11,0,1,1,0,0,0,0,0,0,0,2,39,33.0,10.9,2.0,4.6,0.0,0.12,0.12,1.13,9,9,2,True,1,1,0
258,Mitchell,,DEF,8,Crystal Palace,,3,,,,,90,6,0,0,1,0,0,0,0,0,0,0,0,30,22.6,17.9,4.0,4.5,0.0,0.02,0.02,1.13,3,9,2,False,3,1,6
259,Sosa,,DEF,8,Crystal Palace,,3,,,,,0,0,0,0,0,0,0,0,0,0,0,0,0,0,0.0,0.0,0.0,0.0,0.0,0.0,0.0,0.0,0,0,2,False,0,0,0
260,Guéhi,,DEF,8,Crystal Palace,,3,,,,,90,15,1,0,1,0,0,0,0,0,0,0,3,46,53.8,1.8,17.0,7.3,0.05,0.01,0.06,1.13,6,9,2,True,5,1,3
261,Richards,,DEF,8,Crystal Palace,,3,,,,,90,8,0,0,1,0,0,0,0,0,0,0,0,31,30.6,0.9,0.0,3.2,0.0,0.0,0.0,1.13,9,13,2,False,1,1,4
262,Chadi Riad,,DEF,8,Crystal Palace,,3,,,,,0,0,0,0,0,0,0,0,0,0,0,0,0,0,0.0,0.0,0.0,0.0,0.0,0.0,0.0,0.0,0,0,2,False,0,0,0
263,Clyne,,DEF,8,Crystal Palace,,3,,,,,4,1,0,0,0,0,0,0,0,0,0,0,0,5,3.4,0.5,0.0,0.4,0.0,0.0,0.0,0.0,1,2,2,False,0,0,1
264,Holding,,DEF,8,Crystal Palace,,3,,,,,0,0,0,0,0,0,0,0,0,0,0,0,0,0,0.0,0.0,0.0,0.0,0.0,0.0,0.0,0.0,0,0,2,False,0,0,0
265,Kporha,,DEF,8,Crystal Palace,,3,,,,,0,0,0,0,0,0,0,0,0,0,0,0,0,0,0.0,0.0,0.0,0.0,0.0,0.0,0.0,0.0,0,0,2,False,0,0,0
266,Eze,,MID,1,Arsenal,,3,,,,,20,1,0,0,0,1,0,0,0,0,0,0,0,4,1.8,2.8,2.0,0.7,0.0,0.03,0.03,0.25,0,1,3,False,1,0,0
267,Sarr,,MID,8,Crystal Palace,,3,,,,,90,7,1,0,1,0,0,0,0,1,0,0,0,16,37.4,2.3,40.0,8.0,1.45,0.0,1.45,1.13,2,8,3,False,5,1,1
268,Doucouré,,MID,8,Crystal Palace,,3,,,,,0,0,0,0,0,0,0,0,0,0,0,0,0,0,0.0,0.0,0.0,0.0,0.0,0.0,0.0,0.0,0,0,3,False,0,0,0
269,Esse,,MID,8,Crystal Palace,,3,,,,,0,0,0,0,0,0,0,0,0,0,0,0,0,0,0.0,0.0,0.0,0.0,0.0,0.0,0.0,0.0,0,0,3,False,0,0,0
270,Hughes,,MID,8,Crystal Palace,,3,,,,,70,2,0,0,1,0,0,0,0,1,0,0,0,5,4.0,2.5,0.0,0.7,0.0,0.02,0.02,0.85,6,8,3,False,2,1,0
271,Kamada,,MID,8,Crystal Palace,,3,,,,,85,6,0,1,1,0,0,0,0,0,0,0,0,25,5.8,10.3,2.0,1.8,0.0,0.17,0.17,1.13,1,7,3,False,4,1,2
272,Lerma,,MID,8,Crystal Palace,,3,,,,,34,1,0,0,0,0,0,0,0,0,0,0,0,-1,4.0,3.5,17.0,2.5,0.36,0.01,0.37,0.38,1,3,3,False,1,0,1
273,Wharton,,MID,8,Crystal Palace,,3,,,,,55,1,0,0,0,0,0,0,0,0,0,0,0,9,3.2,5.9,0.0,0.9,0.0,0.01,0.01,0.75,0,5,3,False,5,1,0
274,Agbinone,,MID,8,Crystal Palace,,3,,,,,0,0,0,0,0,0,0,0,0,0,0,0,0,0,0.0,0.0,0.0,0.0,0.0,0.0,0.0,0.0,0,0,3,False,0,0,0
275,Ahamada,,MID,8,Crystal Palace,,3,,,,,0,0,0,0,0,0,0,0,0,0,0,0,0,0,0.0,0.0,0.0,0.0,0.0,0.0,0.0,0.0,0,0,3,False,0,0,0
276,Devenny,,MID,8,Crystal Palace,,3,,,,,5,1,0,0,0,0,0,0,0,0,0,0,0,2,1.0,1.5,0.0,0.3,0.0,0.0,0.0,0.0,0,1,3,False,0,0,1
277,Ebiowei,,MID,8,Crystal Palace,,3,,,,,0,0,0,0,0,0,0,0,0,0,0,0,0,0,0.0,0.0,0.0,0.0,0.0,0.0,0.0,0.0,0,0,3,False,0,0,0
278,J.Rak-Sakyi,,MID,8,Crystal Palace,,3,,,,,0,0,0,0,0,0,0,0,0,0,0,0,0,0,0.0,0.0,0.0,0.0,0.0,0.0,0.0,0.0,0,0,3,False,0,0,0
279,M.França,,MID,8,Crystal Palace,,3,,,,,0,0,0,0,0,0,0,0,0,0,0,0,0,0,0.0,0.0,0.0,0.0,0.0,0.0,0.0,0.0,0,0,3,False,0,0,0
280,Ozoh,,MID,8,Crystal Palace,,3,,,,,0,0,0,0,0,0,0,0,0,0,0,0,0,0,0.0,0.0,0.0,0.0,0.0,0.0,0.0,0.0,0,0,3,False,0,0,0
281,Rodney,,MID,8,Crystal Palace,,3,,,,,0,0,0,0,0,0,0,0,0,0,0,0,0,0,0.0,0.0,0.0,0.0,0.0,0.0,0.0,0.0,0,0,3,False,0,0,0
282,Umeh,,MID,8,Crystal Palace,,3,,,,,0,0,0,0,0,0,0,0,0,0,0,0,0,0,0.0,0.0,0.0,0.0,0.0,0.0,0.0,0.0,0,0,3,False,0,0,0
283,Mateta,,FWD,8,Crystal Palace,,3,,,,,84,5,1,0,1,0,0,0,0,1,0,0,0,22,37.4,3.8,21.0,6.2,0.79,0.33,1.12,1.13,3,5,4,False,2,1,0
284,Nketiah,,FWD,8,Crystal Palace,,3,,,,,0,0,0,0,0,0,0,0,0,0,0,0,0,0,0.0,0.0,0.0,0.0,0.0,0.0,0.0,0.0,0,0,4,False,0,0,0
285,Édouard,,FWD,8,Crystal Palace,,3,,,,,0,0,0,0,0,0,0,0,0,0,0,0,0,0,0.0,0.0,0.0,0.0,0.0,0.0,0.0,0.0,0,0,4,False,0,0,0
286,Marsh,,FWD,8,Crystal Palace,,3,,,,,0,0,0,0,0,0,0,0,0,0,0,0,0,0,0.0,0.0,0.0,0.0,0.0,0.0,0.0,0.0,0,0,4,False,0,0,0
287,Pickford,,GK,9,Everton,,3,,,,,90,1,0,0,0,2,0,0,0,0,0,2,0,5,15.0,0.0,0.0,1.5,0.0,0.01,0.01,1.11,3,0,1,False,8,1,0
288,Travers,,GK,9,Everton,,3,,,,,0,0,0,0,0,0,0,0,0,0,0,0,0,0,0.0,0.0,0.0,0.0,0.0,0.0,0.0,0.0,0,0,1,False,0,0,0
289,Tyrer,,GK,9,Everton,,3,,,,,0,0,0,0,0,0,0,0,0,0,0,0,0,0,0.0,0.0,0.0,0.0,0.0,0.0,0.0,0.0,0,0,1,False,0,0,0
290,Branthwaite,,DEF,9,Everton,,3,,,,,0,0,0,0,0,0,0,0,0,0,0,0,0,0,0.0,0.0,0.0,0.0,0.0,0.0,0.0,0.0,0,0,2,False,0,0,0
291,Tarkowski,,DEF,9,Everton,,3,,,,,90,3,0,0,0,2,0,0,0,0,0,0,0,5,23.2,0.3,0.0,2.4,0.0,0.0,0.0,1.11,10,11,2,False,4,1,1
292,Mykolenko,,DEF,9,Everton,,3,,,,,90,1,0,0,0,2,0,0,0,0,0,0,0,3,7.4,5.3,2.0,1.5,0.0,0.07,0.07,1.11,6,7,2,False,4,1,1
293,O'Brien,,DEF,9,Everton,,3,,,,,90,1,0,0,0,2,0,0,0,0,0,0,0,-3,16.8,9.0,4.0,3.0,0.07,0.01,0.08,1.11,7,8,2,False,2,1,1
294,Coleman,,DEF,9,Everton,,3,,,,,1,1,0,0,0,0,0,0,0,0,0,0,0,3,0.0,0.0,0.0,0.0,0.0,0.0,0.0,0.0,0,0,2,False,0,0,0
295,Keane,,DEF,9,Everton,,3,,,,,90,3,0,0,0,2,0,0,0,0,0,0,0,6,24.6,0.2,0.0,2.5,0.0,0.0,0.0,1.11,13,14,2,False,1,1,1
296,Patterson,,DEF,9,Everton,,3,,,,,0,0,0,0,0,0,0,0,0,0,0,0,0,0,0.0,0.0,0.0,0.0,0.0,0.0,0.0,0.0,0,0,2,False,0,0,0
297,Dixon,,DEF,9,Everton,,3,,,,,0,0,0,0,0,0,0,0,0,0,0,0,0,0,0.0,0.0,0.0,0.0,0.0,0.0,0.0,0.0,0,0,2,False,0,0,0
298,Welch,,DEF,9,Everton,,3,,,,,0,0,0,0,0,0,0,0,0,0,0,0,0,0,0.0,0.0,0.0,0.0,0.0,0.0,0.0,0.0,0,0,2,False,0,0,0
299,Ndiaye,,MID,9,Everton,,3,,,,,90,7,1,0,0,2,0,0,0,0,0,0,0,21,39.6,24.0,25.0,8.9,0.56,0.05,0.61,1.11,0,8,3,False,5,1,3
300,McNeil,,MID,9,Everton,,3,,,,,0,0,0,0,0,0,0,0,0,0,0,0,0,0,0.0,0.0,0.0,0.0,0.0,0.0,0.0,0.0,0,0,3,False,0,0,0
301,Alcaraz,,MID,9,Everton,,3,,,,,2,1,0,0,0,0,0,0,0,0,0,0,0,5,2.0,0.0,0.0,0.2,0.0,0.0,0.0,0.12,0,2,3,False,1,0,1
302,Gana,,MID,9,Everton,,3,,,,,75,2,0,0,0,1,0,0,0,0,0,0,0,16,7.4,12.8,11.0,3.1,0.3,0.03,0.33,0.65,0,9,3,False,6,1,3
303,Garner,,MID,9,Everton,,3,,,,,90,4,0,0,0,2,0,0,0,0,0,0,0,18,13.4,3.3,0.0,1.7,0.0,0.02,0.02,1.11,4,12,3,False,5,1,3
304,Iroegbunam,,MID,9,Everton,,3,,,,,14,1,0,0,0,1,0,0,0,0,0,0,0,4,6.2,0.0,2.0,0.8,0.03,0.0,0.03,0.46,2,2,3,False,0,0,0
305,Armstrong,,MID,9,Everton,,3,,,,,0,0,0,0,0,0,0,0,0,0,0,0,0,0,0.0,0.0,0.0,0.0,0.0,0.0,0.0,0.0,0,0,3,False,0,0,0
306,Bates,,MID,9,Everton,,3,,,,,0,0,0,0,0,0,0,0,0,0,0,0,0,0,0.0,0.0,0.0,0.0,0.0,0.0,0.0,0.0,0,0,3,False,0,0,0
307,Ebere,,MID,9,Everton,,3,,,,,0,0,0,0,0,0,0,0,0,0,0,0,0,0,0.0,0.0,0.0,0.0,0.0,0.0,0.0,0.0,0,0,3,False,0,0,0
308,Heath,,MID,9,Everton,,3,,,,,0,0,0,0,0,0,0,0,0,0,0,0,0,0,0.0,0.0,0.0,0.0,0.0,0.0,0.0,0.0,0,0,3,False,0,0,0
309,Metcalfe,,MID,9,Everton,,3,,,,,0,0,0,0,0,0,0,0,0,0,0,0,0,0,0.0,0.0,0.0,0.0,0.0,0.0,0.0,0.0,0,0,3,False,0,0,0
310,Barry,,FWD,9,Everton,,3,,,,,14,1,0,0,0,1,0,0,0,0,0,0,0,3,6.2,3.9,0.0,1.0,0.0,0.0,0.0,0.46,2,2,4,False,0,0,0
311,Beto,,FWD,9,Everton,,3,,,,,75,7,1,0,0,1,0,0,0,0,0,0,1,33,32.2,14.1,39.0,8.5,0.63,0.08,0.71,0.65,0,1,4,False,1,1,0
312,Y.Chermiti,,FWD,9,Everton,,3,,,,,0,0,0,0,0,0,0,0,0,0,0,0,0,0,0.0,0.0,0.0,0.0,0.0,0.0,0.0,0.0,0,0,4,False,0,0,0
313,Sherif,,FWD,9,Everton,,3,,,,,0,0,0,0,0,0,0,0,0,0,0,0,0,0,0.0,0.0,0.0,0.0,0.0,0.0,0.0,0.0,0,0,4,False,0,0,0
314,Leno,,GK,10,Fulham,,3,,,,,90,2,0,0,0,2,0,0,0,0,0,4,0,12,29.2,0.0,0.0,2.9,0.0,0.0,0.0,2.35,0,0,1,False,13,1,1
315,Benda,,GK,10,Fulham,,3,,,,,0,0,0,0,0,0,0,0,0,0,0,0,0,0,0.0,0.0,0.0,0.0,0.0,0.0,0.0,0.0,0,0,1,False,0,0,0
316,Robinson,,DEF,10,Fulham,,3,,,,,23,1,0,0,0,0,0,0,0,0,0,0,0,4,5.2,5.3,2.0,1.3,0.0,0.04,0.04,0.12,1,1,2,False,1,0,0
317,Andersen,,DEF,10,Fulham,,3,,,,,90,3,0,0,0,2,0,0,0,0,0,0,0,13,20.8,11.2,8.0,4.0,0.21,0.02,0.23,2.35,7,10,2,False,4,1,3
318,Bassey,,DEF,10,Fulham,,3,,,,,90,1,0,0,0,2,0,0,0,0,0,0,0,7,13.6,1.3,0.0,1.5,0.0,0.01,0.01,2.35,2,4,2,False,4,1,2
319,Castagne,,DEF,10,Fulham,,3,,,,,59,0,0,0,0,2,0,0,0,0,0,0,0,-5,10.0,10.7,7.0,2.8,0.08,0.03,0.11,2.19,1,4,2,False,2,1,3
320,Diop,,DEF,10,Fulham,,3,,,,,0,0,0,0,0,0,0,0,0,0,0,0,0,0,0.0,0.0,0.0,0.0,0.0,0.0,0.0,0.0,0,0,2,False,0,0,0
321,J.Cuenca,,DEF,10,Fulham,,3,,,,,0,0,0,0,0,0,0,0,0,0,0,0,0,0,0.0,0.0,0.0,0.0,0.0,0.0,0.0,0.0,0,0,2,False,0,0,0
322,Tete,,DEF,10,Fulham,,3,,,,,90,3,0,0,0,2,0,0,0,0,0,0,0,7,22.0,3.9,4.0,3.0,0.07,0.01,0.08,2.35,7,11,2,False,2,1,4
323,Amissah,,DEF,10,Fulham,,3,,,,,0,0,0,0,0,0,0,0,0,0,0,0,0,0,0.0,0.0,0.0,0.0,0.0,0.0,0.0,0.0,0,0,2,False,0,0,0
324,Iwobi,,MID,10,Fulham,,3,,,,,83,1,0,0,0,2,0,0,0,1,0,0,0,4,4.0,9.8,1.0,1.5,0.03,0.05,0.08,2.31,1,9,3,False,5,1,3
325,Smith Rowe,,MID,10,Fulham,,3,,,,,23,1,0,0,0,0,0,0,0,0,0,0,0,4,3.8,12.3,0.0,1.6,0.0,0.03,0.03,0.12,0,0,3,False,0,0,0
326,Adama,,MID,10,Fulham,,3,,,,,6,1,0,0,0,0,0,0,0,0,0,0,0,5,4.2,14.7,6.0,2.5,0.0,0.07,0.07,0.04,0,1,3,False,1,0,0
327,Andreas,,MID,10,Fulham,,3,,,,,0,0,0,0,0,0,0,0,0,0,0,0,0,0,0.0,0.0,0.0,0.0,0.0,0.0,0.0,0.0,0,0,3,False,0,0,0
328,Sessegnon,,MID,10,Fulham,,3,,,,,66,2,0,0,0,2,0,0,0,0,0,0,0,3,10.6,1.2,2.0,1.4,0.0,0.0,0.0,2.23,5,10,3,False,1,1,4
329,Wilson,,MID,10,Fulham,,3,,,,,30,1,0,0,0,0,0,0,0,0,0,0,0,5,2.4,0.8,7.0,1.0,0.03,0.01,0.04,0.16,0,1,3,False,0,0,1
330,Berge,,MID,10,Fulham,,3,,,,,90,2,0,0,0,2,0,0,0,0,0,0,0,12,14.6,1.3,9.0,2.5,0.41,0.01,0.42,2.35,2,11,3,False,7,1,2
331,Cairney,,MID,10,Fulham,,3,,,,,0,0,0,0,0,0,0,0,0,0,0,0,0,0,0.0,0.0,0.0,0.0,0.0,0.0,0.0,0.0,0,0,3,False,0,0,0
332,Lukić,,MID,10,Fulham,,3,,,,,90,1,0,0,0,2,0,0,0,1,0,0,0,8,23.6,47.8,2.0,7.3,0.0,0.11,0.11,2.35,2,10,3,False,3,1,5
333,Godo,,MID,10,Fulham,,3,,,,,0,0,0,0,0,0,0,0,0,0,0,0,0,0,0.0,0.0,0.0,0.0,0.0,0.0,0.0,0.0,0,0,3,False,0,0,0
334,Harris,,MID,10,Fulham,,3,,,,,0,0,0,0,0,0,0,0,0,0,0,0,0,0,0.0,0.0,0.0,0.0,0.0,0.0,0.0,0.0,0,0,3,False,0,0,0
335,King,,MID,10,Fulham,,3,,,,,66,2,0,0,0,2,0,0,0,0,0,0,0,11,10.8,12.6,11.0,3.4,0.04,0.08,0.12,2.23,2,5,3,False,3,1,0
336,Reed,,MID,10,Fulham,,3,,,,,0,0,0,0,0,0,0,0,0,0,0,0,0,0,0.0,0.0,0.0,0.0,0.0,0.0,0.0,0.0,0,0,3,False,0,0,0
337,Raúl,,FWD,10,Fulham,,3,,,,,31,1,0,0,0,0,0,0,0,0,0,0,0,-2,0.0,1.0,7.0,0.8,0.11,0.0,0.11,0.16,1,2,4,False,0,0,1
338,Muniz,,FWD,10,Fulham,,3,,,,,58,1,0,0,0,2,0,0,0,0,0,0,0,-1,0.0,10.3,4.0,1.4,0.04,0.0,0.04,2.19,1,1,4,False,0,1,0
339,Meslier,,GK,11,Leeds,,3,,,,,0,0,0,0,0,0,0,0,0,0,0,0,0,0,0.0,0.0,0.0,0.0,0.0,0.0,0.0,0.0,0,0,1,False,0,0,0
340,Cairns,,GK,11,Leeds,,3,,,,,0,0,0,0,0,0,0,0,0,0,0,0,0,0,0.0,0.0,0.0,0.0,0.0,0.0,0.0,0.0,0,0,1,False,0,0,0
341,Darlow,,GK,11,Leeds,,3,,,,,0,0,0,0,0,0,0,0,0,0,0,0,0,0,0.0,0.0,0.0,0.0,0.0,0.0,0.0,0.0,0,0,1,False,0,0,0
342,Bogle,,DEF,11,Leeds,,3,,,,,90,6,0,0,1,0,0,0,0,0,0,0,0,23,10.6,12.4,9.0,3.2,0.08,0.02,0.1,0.46,5,7,2,False,9,1,2
343,Struijk,,DEF,11,Leeds,,3,,,,,90,6,0,0,1,0,0,0,0,0,0,0,0,27,10.0,1.2,0.0,1.1,0.0,0.01,0.01,0.46,4,4,2,False,3,1,0
344,Bijol,,DEF,11,Leeds,,3,,,,,0,0,0,0,0,0,0,0,0,0,0,0,0,0,0.0,0.0,0.0,0.0,0.0,0.0,0.0,0.0,0,0,2,False,0,0,0
345,Bornauw,,DEF,11,Leeds,,3,,,,,0,0,0,0,0,0,0,0,0,0,0,0,0,0,0.0,0.0,0.0,0.0,0.0,0.0,0.0,0.0,0,0,2,False,0,0,0
346,Byram,,DEF,11,Leeds,,3,,,,,0,0,0,0,0,0,0,0,0,0,0,0,0,0,0.0,0.0,0.0,0.0,0.0,0.0,0.0,0.0,0,0,2,False,0,0,0
347,Gudmundsson,,DEF,11,Leeds,,3,,,,,79,9,0,0,1,0,0,0,0,0,0,0,3,34,20.4,25.5,2.0,4.8,0.0,0.03,0.03,0.43,3,5,2,False,2,1,2
348,Rodon,,DEF,11,Leeds,,3,,,,,90,7,0,0,1,0,0,0,0,0,0,0,1,28,15.4,0.8,2.0,1.8,0.0,0.0,0.0,0.46,6,7,2,False,3,1,1
349,Schmidt,,DEF,11,Leeds,,3,,,,,0,0,0,0,0,0,0,0,0,0,0,0,0,0,0.0,0.0,0.0,0.0,0.0,0.0,0.0,0.0,0,0,2,False,0,0,0
350,Aaronson,,MID,11,Leeds,,3,,,,,30,1,0,0,0,0,0,0,0,0,0,0,0,7,5.2,2.1,0.0,0.7,0.0,0.02,0.02,0.07,0,1,3,False,0,0,1
351,Gnonto,,MID,11,Leeds,,3,,,,,59,0,0,0,0,0,0,0,0,1,0,0,0,0,0.0,13.6,3.0,1.6,0.04,0.05,0.09,0.39,0,3,3,False,3,1,0
352,Harrison,,MID,11,Leeds,,3,,,,,30,1,0,0,0,0,0,0,0,0,0,0,0,10,7.6,4.4,2.0,1.4,0.0,0.03,0.03,0.07,3,6,3,False,2,0,1
353,James,,MID,11,Leeds,,3,,,,,59,1,0,0,0,0,0,0,0,0,0,0,0,5,4.0,15.1,9.0,2.8,0.22,0.12,0.34,0.39,0,3,3,False,2,1,1
354,Ampadu,,MID,11,Leeds,,3,,,,,0,0,0,0,0,0,0,0,0,0,0,0,0,0,0.0,0.0,0.0,0.0,0.0,0.0,0.0,0.0,0,0,3,False,0,0,0
355,Greenwood,,MID,11,Leeds,,3,,,,,0,0,0,0,0,0,0,0,0,0,0,0,0,0,0.0,0.0,0.0,0.0,0.0,0.0,0.0,0.0,0,0,3,False,0,0,0
356,Gruev,,MID,11,Leeds,,3,,,,,90,3,0,0,1,0,0,0,0,0,0,0,0,19,13.4,7.5,2.0,2.3,0.0,0.01,0.01,0.46,3,8,3,False,2,1,3
357,Ramazani,,MID,11,Leeds,,3,,,,,0,0,0,0,0,0,0,0,0,0,0,0,0,0,0.0,0.0,0.0,0.0,0.0,0.0,0.0,0.0,0,0,3,False,0,0,0
358,Tanaka,,MID,11,Leeds,,3,,,,,0,0,0,0,0,0,0,0,0,0,0,0,0,0,0.0,0.0,0.0,0.0,0.0,0.0,0.0,0.0,0,0,3,False,0,0,0
359,Crew,,MID,11,Leeds,,3,,,,,0,0,0,0,0,0,0,0,0,0,0,0,0,0,0.0,0.0,0.0,0.0,0.0,0.0,0.0,0.0,0,0,3,False,0,0,0
360,Gelhardt,,MID,11,Leeds,,3,,,,,0,0,0,0,0,0,0,0,0,0,0,0,0,0,0.0,0.0,0.0,0.0,0.0,0.0,0.0,0.0,0,0,3,False,0,0,0
361,Gyabi,,MID,11,Leeds,,3,,,,,0,0,0,0,0,0,0,0,0,0,0,0,0,0,0.0,0.0,0.0,0.0,0.0,0.0,0.0,0.0,0,0,3,False,0,0,0
362,Piroe,,FWD,11,Leeds,,3,,,,,0,0,0,0,0,0,0,0,0,0,0,0,0,0,0.0,0.0,0.0,0.0,0.0,0.0,0.0,0.0,0,0,4,False,0,0,0
363,Bamford,,FWD,11,Leeds,,3,,,,,0,0,0,0,0,0,0,0,0,0,0,0,0,0,0.0,0.0,0.0,0.0,0.0,0.0,0.0,0.0,0,0,4,False,0,0,0
364,Mateo Joseph,,FWD,11,Leeds,,3,,,,,0,0,0,0,0,0,0,0,0,0,0,0,0,0,0.0,0.0,0.0,0.0,0.0,0.0,0.0,0.0,0,0,4,False,0,0,0
365,Nmecha,,FWD,11,Leeds,,3,,,,,69,2,0,0,1,0,0,0,0,0,0,0,0,8,10.6,5.1,11.0,2.7,0.1,0.02,0.12,0.39,5,9,4,False,4,1,0
366,A.Becker,,GK,12,Liverpool,,3,,,,,90,8,0,0,1,0,0,0,0,0,0,1,2,29,16.8,0.0,0.0,1.7,0.0,0.0,0.0,0.49,2,0,1,True,9,1,0
367,Mamardashvili,,GK,12,Liverpool,,3,,,,,0,0,0,0,0,0,0,0,0,0,0,0,0,0,0.0,0.0,0.0,0.0,0.0,0.0,0.0,0.0,0,0,1,False,0,0,0
368,Pécsi,,GK,12,Liverpool,,3,,,,,0,0,0,0,0,0,0,0,0,0,0,0,0,0,0.0,0.0,0.0,0.0,0.0,0.0,0.0,0.0,0,0,1,False,0,0,0
369,Woodman,,GK,12,Liverpool,,3,,,,,0,0,0,0,0,0,0,0,0,0,0,0,0,0,0.0,0.0,0.0,0.0,0.0,0.0,0.0,0.0,0,0,1,False,0,0,0
370,Frimpong,,DEF,12,Liverpool,,3,,,,,0,0,0,0,0,0,0,0,0,0,0,0,0,0,0.0,0.0,0.0,0.0,0.0,0.0,0.0,0.0,0,0,2,False,0,0,0
371,Kerkez,,DEF,12,Liverpool,,3,,,,,90,6,0,0,1,0,0,0,0,0,0,0,0,27,22.0,1.8,0.0,2.4,0.0,0.0,0.0,0.49,6,9,2,False,2,1,3
372,Robertson,,DEF,12,Liverpool,,3,,,,,0,0,0,0,0,0,0,0,0,0,0,0,0,0,0.0,0.0,0.0,0.0,0.0,0.0,0.0,0.0,0,0,2,False,0,0,0
373,Virgil,,DEF,12,Liverpool,,3,,,,,90,8,0,0,1,0,0,0,0,0,0,0,2,29,31.2,3.7,2.0,3.7,0.0,0.02,0.02,0.49,8,8,2,False,2,1,0
374,Konaté,,DEF,12,Liverpool,,3,,,,,78,6,0,0,1,0,0,0,0,0,0,0,0,26,16.2,0.8,0.0,1.7,0.0,0.0,0.0,0.4,4,5,2,False,2,1,1
375,Bradley,,DEF,12,Liverpool,,3,,,,,0,0,0,0,0,0,0,0,0,0,0,0,0,0,0.0,0.0,0.0,0.0,0.0,0.0,0.0,0.0,0,0,2,False,0,0,0
376,Gomez,,DEF,12,Liverpool,,3,,,,,11,1,0,0,0,0,0,0,0,0,0,0,0,6,12.2,0.1,0.0,1.2,0.0,0.0,0.0,0.09,7,7,2,False,0,0,0
377,Tsimikas,,DEF,12,Liverpool,,3,,,,,0,0,0,0,0,0,0,0,0,0,0,0,0,0,0.0,0.0,0.0,0.0,0.0,0.0,0.0,0.0,0,0,2,False,0,0,0
378,Nallo,,DEF,12,Liverpool,,3,,,,,0,0,0,0,0,0,0,0,0,0,0,0,0,0,0.0,0.0,0.0,0.0,0.0,0.0,0.0,0.0,0,0,2,False,0,0,0
379,R.Williams,,DEF,12,Liverpool,,3,,,,,0,0,0,0,0,0,0,0,0,0,0,0,0,0,0.0,0.0,0.0,0.0,0.0,0.0,0.0,0.0,0,0,2,False,0,0,0
380,Ramsay,,DEF,12,Liverpool,,3,,,,,0,0,0,0,0,0,0,0,0,0,0,0,0,0,0.0,0.0,0.0,0.0,0.0,0.0,0.0,0.0,0,0,2,False,0,0,0
381,M.Salah,,MID,12,Liverpool,,3,,,,,90,3,0,0,1,0,0,0,0,0,0,0,0,5,0.4,6.8,17.0,2.4,0.05,0.03,0.08,0.49,0,2,3,False,2,1,0
382,Wirtz,,MID,12,Liverpool,,3,,,,,88,3,0,0,1,0,0,0,0,0,0,0,0,18,14.8,12.6,23.0,5.0,0.18,0.06,0.24,0.4,2,8,3,False,4,1,2
383,Luis Díaz,,MID,12,Liverpool,,3,,,,,0,0,0,0,0,0,0,0,0,0,0,0,0,0,0.0,0.0,0.0,0.0,0.0,0.0,0.0,0.0,0,0,3,False,0,0,0
384,Gakpo,,MID,12,Liverpool,,3,,,,,90,3,0,0,1,0,0,0,0,0,0,0,0,10,11.4,13.9,22.0,4.7,0.05,0.01,0.06,0.49,2,5,3,False,2,1,1
385,Chiesa,,MID,12,Liverpool,,3,,,,,11,1,0,0,0,0,0,0,0,0,0,0,0,2,0.2,0.1,2.0,0.2,0.12,0.0,0.12,0.09,0,0,3,False,0,0,0
386,Mac Allister,,MID,12,Liverpool,,3,,,,,60,3,0,0,1,0,0,0,0,0,0,0,0,7,6.2,21.5,5.0,3.3,0.05,0.05,0.1,0.31,2,9,3,False,7,1,0
387,Szoboszlai,,MID,12,Liverpool,,3,,,,,90,13,1,0,1,0,0,0,0,0,0,0,3,45,56.0,17.0,7.0,8.0,0.03,0.02,0.05,0.49,7,14,3,True,5,1,2
388,C.Jones,,MID,12,Liverpool,,3,,,,,29,4,0,1,0,0,0,0,0,0,0,0,0,14,5.6,11.6,0.0,1.7,0.0,0.02,0.02,0.18,1,3,3,False,2,0,0
389,Elliott,,MID,2,Aston Villa,,3,,,,,0,0,0,0,0,0,0,0,0,0,0,0,0,0,0.0,0.0,0.0,0.0,0.0,0.0,0.0,0.0,0,0,3,False,0,0,0
390,Gravenberch,,MID,12,Liverpool,,3,,,,,90,2,0,0,1,0,0,0,0,1,0,0,0,13,6.2,15.3,1.0,2.3,0.02,0.01,0.03,0.49,1,9,3,False,7,1,1
391,Gannon-Doak,,MID,4,Bournemouth,,3,,,,,0,0,0,0,0,0,0,0,0,0,0,0,0,0,0.0,0.0,0.0,0.0,0.0,0.0,0.0,0.0,0,0,3,False,0,0,0
392,Endo,,MID,12,Liverpool,,3,,,,,1,0,0,0,0,0,0,0,0,1,0,0,0,-2,0.0,0.0,0.0,0.0,0.0,0.0,0.0,0.09,1,1,3,False,0,0,0
393,Bajcetic,,MID,12,Liverpool,,3,,,,,0,0,0,0,0,0,0,0,0,0,0,0,0,0,0.0,0.0,0.0,0.0,0.0,0.0,0.0,0.0,0,0,3,False,0,0,0
394,McConnell,,MID,12,Liverpool,,3,,,,,0,0,0,0,0,0,0,0,0,0,0,0,0,0,0.0,0.0,0.0,0.0,0.0,0.0,0.0,0.0,0,0,3,False,0,0,0
395,Morton,,MID,12,Liverpool,,3,,,,,0,0,0,0,0,0,0,0,0,0,0,0,0,0,0.0,0.0,0.0,0.0,0.0,0.0,0.0,0.0,0,0,3,False,0,0,0
396,Nyoni,,MID,12,Liverpool,,3,,,,,0,0,0,0,0,0,0,0,0,0,0,0,0,0,0.0,0.0,0.0,0.0,0.0,0.0,0.0,0.0,0,0,3,False,0,0,0
397,Darwin,,FWD,12,Liverpool,,3,,,,,0,0,0,0,0,0,0,0,0,0,0,0,0,0,0.0,0.0,0.0,0.0,0.0,0.0,0.0,0.0,0,0,4,False,0,0,0
398,Danns,,FWD,12,Liverpool,,3,,,,,0,0,0,0,0,0,0,0,0,0,0,0,0,0,0.0,0.0,0.0,0.0,0.0,0.0,0.0,0.0,0,0,4,False,0,0,0
399,Ederson M.,,GK,13,Man City,,3,,,,,0,0,0,0,0,0,0,0,0,0,0,0,0,0,0.0,0.0,0.0,0.0,0.0,0.0,0.0,0.0,0,0,1,False,0,0,0
400,Ortega Moreno,,GK,13,Man City,,3,,,,,0,0,0,0,0,0,0,0,0,0,0,0,0,0,0.0,0.0,0.0,0.0,0.0,0.0,0.0,0.0,0,0,1,False,0,0,0
401,Bettinelli,,GK,13,Man City,,3,,,,,0,0,0,0,0,0,0,0,0,0,0,0,0,0,0.0,0.0,0.0,0.0,0.0,0.0,0.0,0.0,0,0,1,False,0,0,0
402,Aït-Nouri,,DEF,13,Man City,,3,,,,,90,0,0,0,0,2,0,0,0,1,0,0,0,-1,12.6,12.8,4.0,2.9,0.0,0.46,0.46,2.3,5,8,2,False,3,1,3
403,Gvardiol,,DEF,13,Man City,,3,,,,,0,0,0,0,0,0,0,0,0,0,0,0,0,0,0.0,0.0,0.0,0.0,0.0,0.0,0.0,0.0,0,0,2,False,0,0,0
404,Akanji,,DEF,13,Man City,,3,,,,,0,0,0,0,0,0,0,0,0,0,0,0,0,0,0.0,0.0,0.0,0.0,0.0,0.0,0.0,0.0,0,0,2,False,0,0,0
405,Aké,,DEF,13,Man City,,3,,,,,0,0,0,0,0,0,0,0,0,0,0,0,0,0,0.0,0.0,0.0,0.0,0.0,0.0,0.0,0.0,0,0,2,False,0,0,0
406,Khusanov,,DEF,13,Man City,,3,,,,,84,1,0,0,0,1,0,0,0,1,0,0,0,8,14.0,2.3,0.0,1.6,0.0,0.01,0.01,1.19,2,6,2,False,1,1,4
407,Matheus N.,,DEF,13,Man City,,3,,,,,84,2,0,0,0,1,0,0,0,0,0,0,0,7,10.6,5.3,0.0,1.6,0.0,0.02,0.02,1.19,6,6,2,False,5,1,0
408,Rúben,,DEF,13,Man City,,3,,,,,5,1,0,0,0,1,0,0,0,0,0,0,0,-1,5.6,0.1,0.0,0.6,0.0,0.0,0.0,1.11,1,1,2,False,0,0,0
409,Stones,,DEF,13,Man City,,3,,,,,90,1,0,0,0,2,0,0,0,0,0,0,0,7,15.6,1.8,0.0,1.7,0.0,0.01,0.01,2.3,4,4,2,False,5,1,0
410,Lewis,,DEF,13,Man City,,3,,,,,5,1,0,0,0,1,0,0,0,0,0,0,0,0,0.8,0.3,0.0,0.1,0.0,0.0,0.0,1.11,0,0,2,False,0,0,0
411,O’Reilly,,DEF,13,Man City,,3,,,,,18,1,0,0,0,1,0,0,0,0,0,0,0,-1,7.8,1.5,2.0,1.1,0.02,0.0,0.02,1.23,1,3,2,False,1,0,2
412,Vitor Reis,,DEF,13,Man City,,3,,,,,0,0,0,0,0,0,0,0,0,0,0,0,0,0,0.0,0.0,0.0,0.0,0.0,0.0,0.0,0.0,0,0,2,False,0,0,0
413,Marmoush,,MID,13,Man City,,3,,,,,71,7,0,1,0,1,0,0,0,0,0,0,2,27,25.2,32.5,16.0,7.4,0.05,0.44,0.49,1.07,1,8,3,False,5,1,2
414,Foden,,MID,13,Man City,,3,,,,,0,0,0,0,0,0,0,0,0,0,0,0,0,0,0.0,0.0,0.0,0.0,0.0,0.0,0.0,0.0,0,0,3,False,0,0,0
415,Savinho,,MID,13,Man City,,3,,,,,0,0,0,0,0,0,0,0,0,0,0,0,0,0,0.0,0.0,0.0,0.0,0.0,0.0,0.0,0.0,0,0,3,False,0,0,0
416,Bernardo,,MID,13,Man City,,3,,,,,71,2,0,0,0,1,0,0,0,0,0,0,0,8,3.2,5.2,2.0,1.0,0.0,0.03,0.03,1.07,2,4,3,False,1,1,1
417,Cherki,,MID,13,Man City,,3,,,,,0,0,0,0,0,0,0,0,0,0,0,0,0,0,0.0,0.0,0.0,0.0,0.0,0.0,0.0,0.0,0,0,3,False,0,0,0
418,Doku,,MID,13,Man City,,3,,,,,18,1,0,0,0,1,0,0,0,0,0,0,0,4,4.0,21.3,2.0,2.7,0.0,0.01,0.01,1.23,0,0,3,False,0,0,0
419,Grealish,,MID,9,Everton,,3,,,,,87,10,0,2,0,2,0,0,0,0,0,0,2,45,47.2,36.0,34.0,11.7,0.28,0.59,0.87,0.99,2,11,3,True,8,1,1
420,Gündoğan,,MID,13,Man City,,3,,,,,0,0,0,0,0,0,0,0,0,0,0,0,0,0,0.0,0.0,0.0,0.0,0.0,0.0,0.0,0.0,0,0,3,False,0,0,0
421,Rodrigo,,MID,13,Man City,,3,,,,,90,2,0,0,0,2,0,0,0,0,0,0,0,14,13.0,17.4,1.0,3.1,0.03,0.16,0.19,2.3,1,10,3,False,8,1,1
422,Kovačić,,MID,13,Man City,,3,,,,,0,0,0,0,0,0,0,0,0,0,0,0,0,0,0.0,0.0,0.0,0.0,0.0,0.0,0.0,0.0,0,0,3,False,0,0,0
423,N.Gonzalez,,MID,13,Man City,,3,,,,,0,0,0,0,0,0,0,0,0,0,0,0,0,0,0.0,0.0,0.0,0.0,0.0,0.0,0.0,0.0,0,0,3,False,0,0,0
424,Bobb,,MID,13,Man City,,3,,,,,90,2,0,0,0,2,0,0,0,0,0,0,0,5,3.2,10.5,16.0,3.0,0.3,0.18,0.48,2.3,1,6,3,False,4,1,1
425,Echeverri,,MID,13,Man City,,3,,,,,0,0,0,0,0,0,0,0,0,0,0,0,0,0,0.0,0.0,0.0,0.0,0.0,0.0,0.0,0.0,0,0,3,False,0,0,0
426,McAtee,,MID,16,Nott'm Forest,,3,,,,,32,1,0,0,0,3,0,0,0,0,0,0,0,7,5.4,12.3,2.0,2.0,0.0,0.09,0.09,1.95,0,4,3,False,3,0,1
427,Reijnders,,MID,13,Man City,,3,,,,,90,2,0,0,0,2,0,0,0,0,0,0,0,18,11.8,32.3,1.0,4.5,0.02,0.12,0.14,2.3,1,5,3,False,3,1,1
428,Nypan,,MID,13,Man City,,3,,,,,0,0,0,0,0,0,0,0,0,0,0,0,0,0,0.0,0.0,0.0,0.0,0.0,0.0,0.0,0.0,0,0,3,False,0,0,0
429,Phillips,,MID,13,Man City,,3,,,,,0,0,0,0,0,0,0,0,0,0,0,0,0,0,0.0,0.0,0.0,0.0,0.0,0.0,0.0,0.0,0,0,3,False,0,0,0
430,Haaland,,FWD,13,Man City,,3,,,,,90,9,1,0,0,2,0,0,0,0,0,0,3,29,30.4,0.4,96.0,12.7,1.4,0.0,1.4,2.3,0,1,4,False,1,1,0
431,Bayindir,,GK,14,Man Utd,,3,,,,,90,1,0,0,0,2,0,0,0,0,0,1,0,5,11.6,0.0,0.0,1.2,0.0,0.01,0.01,1.2,0,0,1,False,12,1,0
432,Onana,,GK,14,Man Utd,,3,,,,,0,0,0,0,0,0,0,0,0,0,0,0,0,0,0.0,0.0,0.0,0.0,0.0,0.0,0.0,0.0,0,0,1,False,0,0,0
433,Harrison,,GK,14,Man Utd,,3,,,,,0,0,0,0,0,0,0,0,0,0,0,0,0,0,0.0,0.0,0.0,0.0,0.0,0.0,0.0,0.0,0,0,1,False,0,0,0
434,Heaton,,GK,14,Man Utd,,3,,,,,0,0,0,0,0,0,0,0,0,0,0,0,0,0,0.0,0.0,0.0,0.0,0.0,0.0,0.0,0.0,0,0,1,False,0,0,0
435,Mee,,GK,14,Man Utd,,3,,,,,0,0,0,0,0,0,0,0,0,0,0,0,0,0,0.0,0.0,0.0,0.0,0.0,0.0,0.0,0.0,0,0,1,False,0,0,0
436,De Ligt,,DEF,14,Man Utd,,3,,,,,90,1,0,0,0,2,0,0,0,0,0,0,0,4,10.2,0.2,5.0,1.5,0.1,0.0,0.1,1.2,4,4,2,False,4,1,0
437,Martinez,,DEF,14,Man Utd,,3,,,,,0,0,0,0,0,0,0,0,0,0,0,0,0,0,0.0,0.0,0.0,0.0,0.0,0.0,0.0,0.0,0,0,2,False,0,0,0
438,Mazraoui,,DEF,14,Man Utd,,3,,,,,5,1,0,0,0,0,0,0,0,0,0,0,0,5,4.6,0.5,0.0,0.5,0.0,0.0,0.0,0.0,1,2,2,False,0,0,1
439,D.Leon,,DEF,14,Man Utd,,3,,,,,0,0,0,0,0,0,0,0,0,0,0,0,0,0,0.0,0.0,0.0,0.0,0.0,0.0,0.0,0.0,0,0,2,False,0,0,0
440,Dalot,,DEF,14,Man Utd,,3,,,,,90,4,0,1,0,2,0,0,0,0,0,0,0,20,36.8,33.1,6.0,7.6,0.0,0.46,0.46,1.2,4,6,2,False,3,1,2
441,Dorgu,,DEF,14,Man Utd,,3,,,,,0,0,0,0,0,0,0,0,0,0,0,0,0,0,0.0,0.0,0.0,0.0,0.0,0.0,0.0,0.0,0,0,2,False,0,0,0
442,Maguire,,DEF,14,Man Utd,,3,,,,,0,0,0,0,0,0,0,0,0,0,0,0,0,0,0.0,0.0,0.0,0.0,0.0,0.0,0.0,0.0,0,0,2,False,0,0,0
443,Shaw,,DEF,14,Man Utd,,3,,,,,90,1,0,0,0,2,0,0,0,0,0,0,0,4,13.0,3.8,0.0,1.7,0.0,0.02,0.02,1.2,1,4,2,False,2,1,3
444,Yoro,,DEF,14,Man Utd,,3,,,,,84,1,0,0,0,2,0,0,0,0,0,0,0,2,7.8,4.6,4.0,1.6,0.09,0.02,0.11,1.2,2,4,2,False,1,1,2
445,Amass,,DEF,14,Man Utd,,3,,,,,0,0,0,0,0,0,0,0,0,0,0,0,0,0,0.0,0.0,0.0,0.0,0.0,0.0,0.0,0.0,0,0,2,False,0,0,0
446,Fredricson,,DEF,14,Man Utd,,3,,,,,0,0,0,0,0,0,0,0,0,0,0,0,0,0,0.0,0.0,0.0,0.0,0.0,0.0,0.0,0.0,0,0,2,False,0,0,0
447,Heaven,,DEF,14,Man Utd,,3,,,,,0,0,0,0,0,0,0,0,0,0,0,0,0,0,0.0,0.0,0.0,0.0,0.0,0.0,0.0,0.0,0,0,2,False,0,0,0
448,Malacia,,DEF,14,Man Utd,,3,,,,,0,0,0,0,0,0,0,0,0,0,0,0,0,0,0.0,0.0,0.0,0.0,0.0,0.0,0.0,0.0,0,0,2,False,0,0,0
449,B.Fernandes,,MID,14,Man Utd,,3,,,,,90,10,1,0,0,2,0,0,0,1,0,0,2,35,59.0,83.7,27.0,17.0,0.92,0.25,1.17,1.2,4,17,3,False,10,1,3
450,Cunha,,MID,14,Man Utd,,3,,,,,30,1,0,0,0,0,0,0,0,0,0,0,0,7,6.8,15.1,9.0,3.1,0.03,0.15,0.18,0.0,0,1,3,False,1,1,0
451,Rashford,,MID,14,Man Utd,,3,,,,,0,0,0,0,0,0,0,0,0,0,0,0,0,0,0.0,0.0,0.0,0.0,0.0,0.0,0.0,0.0,0,0,3,False,0,0,0
452,Amad,,MID,14,Man Utd,,3,,,,,90,5,0,1,0,2,0,0,0,0,0,0,0,24,15.4,27.3,33.0,7.6,0.63,0.06,0.69,1.2,2,10,3,False,7,1,1
453,Garnacho,,MID,7,Chelsea,,3,,,,,0,0,0,0,0,0,0,0,0,0,0,0,0,0,0.0,0.0,0.0,0.0,0.0,0.0,0.0,0.0,0,0,3,False,0,0,0
454,Antony,,MID,14,Man Utd,,3,,,,,0,0,0,0,0,0,0,0,0,0,0,0,0,0,0.0,0.0,0.0,0.0,0.0,0.0,0.0,0.0,0,0,3,False,0,0,0
455,Mount,,MID,14,Man Utd,,3,,,,,45,1,0,0,0,0,0,0,0,0,0,0,0,6,5.0,15.3,7.0,2.7,0.06,0.1,0.16,0.2,0,7,3,False,5,1,2
456,Sancho,,MID,2,Aston Villa,,3,,,,,0,0,0,0,0,0,0,0,0,0,0,0,0,0,0.0,0.0,0.0,0.0,0.0,0.0,0.0,0.0,0,0,3,False,0,0,0
457,Casemiro,,MID,14,Man Utd,,3,,,,,71,5,0,1,0,2,0,0,0,0,0,0,0,20,6.6,7.8,4.0,1.8,0.13,0.02,0.15,1.2,2,6,3,False,3,1,1
458,Mainoo,,MID,14,Man Utd,,3,,,,,45,1,0,0,0,2,0,0,0,0,0,0,0,5,5.4,16.7,3.0,2.5,0.07,0.09,0.16,1.0,0,5,3,False,4,0,1
459,Ugarte,,MID,14,Man Utd,,3,,,,,0,0,0,0,0,0,0,0,0,0,0,0,0,0,0.0,0.0,0.0,0.0,0.0,0.0,0.0,0.0,0,0,3,False,0,0,0
460,Collyer,,MID,14,Man Utd,,3,,,,,0,0,0,0,0,0,0,0,0,0,0,0,0,0,0.0,0.0,0.0,0.0,0.0,0.0,0.0,0.0,0,0,3,False,0,0,0
461,Fitzgerald,,MID,14,Man Utd,,3,,,,,0,0,0,0,0,0,0,0,0,0,0,0,0,0,0.0,0.0,0.0,0.0,0.0,0.0,0.0,0.0,0,0,3,False,0,0,0
462,J.Fletcher,,MID,14,Man Utd,,3,,,,,0,0,0,0,0,0,0,0,0,0,0,0,0,0,0.0,0.0,0.0,0.0,0.0,0.0,0.0,0.0,0,0,3,False,0,0,0
463,Kone,,MID,14,Man Utd,,3,,,,,0,0,0,0,0,0,0,0,0,0,0,0,0,0,0.0,0.0,0.0,0.0,0.0,0.0,0.0,0.0,0,0,3,False,0,0,0
464,Moorhouse,,MID,14,Man Utd,,3,,,,,0,0,0,0,0,0,0,0,0,0,0,0,0,0,0.0,0.0,0.0,0.0,0.0,0.0,0.0,0.0,0,0,3,False,0,0,0
465,Højlund,,FWD,14,Man Utd,,3,,,,,0,0,0,0,0,0,0,0,0,0,0,0,0,0,0.0,0.0,0.0,0.0,0.0,0.0,0.0,0.0,0,0,4,False,0,0,0
466,Zirkzee,,FWD,14,Man Utd,,3,,,,,59,1,0,0,0,2,0,0,0,0,0,0,0,-2,8.2,15.4,52.0,7.6,0.67,0.03,0.7,1.2,2,3,4,False,1,0,0
467,Obi,,FWD,14,Man Utd,,3,,,,,0,0,0,0,0,0,0,0,0,0,0,0,0,0,0.0,0.0,0.0,0.0,0.0,0.0,0.0,0.0,0,0,4,False,0,0,0
468,Wheatley,,FWD,14,Man Utd,,3,,,,,0,0,0,0,0,0,0,0,0,0,0,0,0,0,0.0,0.0,0.0,0.0,0.0,0.0,0.0,0.0,0,0,4,False,0,0,0
469,Pope,,GK,15,Newcastle,,3,,,,,90,5,0,0,1,0,0,0,0,1,0,1,0,21,10.2,0.0,0.0,1.0,0.0,0.0,0.0,0.69,1,0,1,False,11,1,0
470,Dúbravka,,GK,3,Burnley,,3,,,,,90,2,0,0,0,3,0,0,0,0,0,5,0,8,35.4,0.0,0.0,3.5,0.0,0.0,0.0,3.63,2,0,1,False,7,1,0
471,Gillespie,,GK,15,Newcastle,,3,,,,,0,0,0,0,0,0,0,0,0,0,0,0,0,0,0.0,0.0,0.0,0.0,0.0,0.0,0.0,0.0,0,0,1,False,0,0,0
472,Odysseas,,GK,15,Newcastle,,3,,,,,0,0,0,0,0,0,0,0,0,0,0,0,0,0,0.0,0.0,0.0,0.0,0.0,0.0,0.0,0.0,0,0,1,False,0,0,0
473,Hall,,DEF,15,Newcastle,,3,,,,,29,1,0,0,0,0,0,0,0,0,0,0,0,3,1.6,0.9,3.0,0.6,0.04,0.0,0.04,0.07,1,2,2,False,0,0,1
474,Schär,,DEF,15,Newcastle,,3,,,,,90,6,0,0,1,0,0,0,0,0,0,0,0,23,22.4,11.5,3.0,3.7,0.04,0.01,0.05,0.69,5,5,2,False,3,1,0
475,Botman,,DEF,15,Newcastle,,3,,,,,67,8,0,0,1,0,0,0,0,0,0,0,2,29,19.8,0.3,0.0,2.0,0.0,0.0,0.0,0.62,7,9,2,False,5,1,2
476,Burn,,DEF,15,Newcastle,,3,,,,,90,6,0,0,1,0,0,0,0,0,0,0,0,24,6.4,1.3,0.0,0.8,0.0,0.01,0.01,0.69,1,1,2,False,4,1,0
477,Livramento,,DEF,15,Newcastle,,3,,,,,90,6,0,0,1,0,0,0,0,0,0,0,0,21,2.8,4.0,4.0,1.1,0.0,0.03,0.03,0.69,0,0,2,False,7,1,0
478,Trippier,,DEF,15,Newcastle,,3,,,,,61,6,0,0,1,0,0,0,0,0,0,0,0,21,4.8,13.3,2.0,2.0,0.0,0.02,0.02,0.62,0,1,2,False,4,1,1
479,Krafth,,DEF,15,Newcastle,,3,,,,,0,0,0,0,0,0,0,0,0,0,0,0,0,0,0.0,0.0,0.0,0.0,0.0,0.0,0.0,0.0,0,0,2,False,0,0,0
480,Lascelles,,DEF,15,Newcastle,,3,,,,,0,0,0,0,0,0,0,0,0,0,0,0,0,0,0.0,0.0,0.0,0.0,0.0,0.0,0.0,0.0,0,0,2,False,0,0,0
481,A.Murphy,,DEF,15,Newcastle,,3,,,,,0,0,0,0,0,0,0,0,0,0,0,0,0,0,0.0,0.0,0.0,0.0,0.0,0.0,0.0,0.0,0,0,2,False,0,0,0
482,Ashby,,DEF,15,Newcastle,,3,,,,,0,0,0,0,0,0,0,0,0,0,0,0,0,0,0.0,0.0,0.0,0.0,0.0,0.0,0.0,0.0,0,0,2,False,0,0,0
483,Pivas,,DEF,15,Newcastle,,3,,,,,0,0,0,0,0,0,0,0,0,0,0,0,0,0,0.0,0.0,0.0,0.0,0.0,0.0,0.0,0.0,0,0,2,False,0,0,0
484,Targett,,DEF,15,Newcastle,,3,,,,,0,0,0,0,0,0,0,0,0,0,0,0,0,0,0.0,0.0,0.0,0.0,0.0,0.0,0.0,0.0,0,0,2,False,0,0,0
485,Gordon,,MID,15,Newcastle,,3,,,,,0,0,0,0,0,0,0,0,0,0,0,0,0,0,0.0,0.0,0.0,0.0,0.0,0.0,0.0,0.0,0,0,3,False,0,0,0
486,Elanga,,MID,15,Newcastle,,3,,,,,28,1,0,0,0,0,0,0,0,0,0,0,0,3,3.8,0.8,0.0,0.5,0.0,0.01,0.01,0.07,0,1,3,False,0,0,1
487,Barnes,,MID,15,Newcastle,,3,,,,,22,1,0,0,0,0,0,0,0,0,0,0,0,2,3.2,1.0,4.0,0.8,0.03,0.02,0.05,0.07,0,1,3,False,0,0,1
488,Bruno G.,,MID,15,Newcastle,,3,,,,,90,3,0,0,1,0,0,0,0,0,0,0,0,14,7.6,9.6,0.0,1.7,0.0,0.05,0.05,0.69,0,9,3,False,6,1,3
489,J.Murphy,,MID,15,Newcastle,,3,,,,,61,3,0,0,1,0,0,0,0,0,0,0,0,7,6.0,2.4,33.0,4.1,0.08,0.01,0.09,0.62,0,1,3,False,1,1,0
490,Joelinton,,MID,15,Newcastle,,3,,,,,0,0,0,0,0,0,0,0,0,0,0,0,0,0,0.0,0.0,0.0,0.0,0.0,0.0,0.0,0.0,0,0,3,False,0,0,0
491,Tonali,,MID,15,Newcastle,,3,,,,,90,3,0,0,1,0,0,0,0,0,0,0,0,17,9.2,36.0,0.0,4.5,0.0,0.05,0.05,0.69,0,6,3,False,6,1,0
492,Antoñito C.,,MID,15,Newcastle,,3,,,,,0,0,0,0,0,0,0,0,0,0,0,0,0,0,0.0,0.0,0.0,0.0,0.0,0.0,0.0,0.0,0,0,3,False,0,0,0
493,Longstaff,,MID,11,Leeds,,3,,,,,90,5,0,0,1,0,0,0,0,0,0,0,0,21,14.0,12.3,0.0,2.6,0.0,0.01,0.01,0.46,2,13,3,False,6,1,5
494,Willock,,MID,15,Newcastle,,3,,,,,0,0,0,0,0,0,0,0,0,0,0,0,0,0,0.0,0.0,0.0,0.0,0.0,0.0,0.0,0.0,0,0,3,False,0,0,0
495,Hayden,,MID,15,Newcastle,,3,,,,,0,0,0,0,0,0,0,0,0,0,0,0,0,0,0.0,0.0,0.0,0.0,0.0,0.0,0.0,0.0,0,0,3,False,0,0,0
496,Kuol,,MID,15,Newcastle,,3,,,,,0,0,0,0,0,0,0,0,0,0,0,0,0,0,0.0,0.0,0.0,0.0,0.0,0.0,0.0,0.0,0,0,3,False,0,0,0
497,L.Miley,,MID,15,Newcastle,,3,,,,,45,1,0,0,0,0,0,0,0,0,0,0,0,8,3.8,2.5,0.0,0.6,0.0,0.01,0.01,0.15,2,5,3,False,3,0,0
498,White,,MID,15,Newcastle,,3,,,,,0,0,0,0,0,0,0,0,0,0,0,0,0,0,0.0,0.0,0.0,0.0,0.0,0.0,0.0,0.0,0,0,3,False,0,0,0
499,Isak,,FWD,12,Liverpool,,3,,,,,0,0,0,0,0,0,0,0,0,0,0,0,0,0,0.0,0.0,0.0,0.0,0.0,0.0,0.0,0.0,0,0,4,False,0,0,0
500,Osula,,FWD,15,Newcastle,,3,,,,,90,2,0,0,1,0,0,0,0,0,0,0,0,2,0.0,2.9,7.0,0.8,0.24,0.0,0.24,0.69,0,4,4,False,3,1,1
501,Neave,,FWD,15,Newcastle,,3,,,,,0,0,0,0,0,0,0,0,0,0,0,0,0,0,0.0,0.0,0.0,0.0,0.0,0.0,0.0,0.0,0,0,4,False,0,0,0
502,Sels,,GK,16,Nott'm Forest,,3,,,,,90,2,0,0,0,3,0,0,0,0,0,5,0,9,37.6,0.0,0.0,3.8,0.0,0.0,0.0,2.42,1,0,1,False,3,1,0
503,C.Miguel,,GK,16,Nott'm Forest,,3,,,,,0,0,0,0,0,0,0,0,0,0,0,0,0,0,0.0,0.0,0.0,0.0,0.0,0.0,0.0,0.0,0,0,1,False,0,0,0
504,Turner,,GK,16,Nott'm Forest,,3,,,,,0,0,0,0,0,0,0,0,0,0,0,0,0,0,0.0,0.0,0.0,0.0,0.0,0.0,0.0,0.0,0,0,1,False,0,0,0
505,Milenković,,DEF,16,Nott'm Forest,,3,,,,,90,1,0,0,0,3,0,0,0,0,0,0,0,-1,10.8,2.1,6.0,1.9,0.05,0.01,0.06,2.42,4,4,2,False,3,1,0
506,Murillo,,DEF,16,Nott'm Forest,,3,,,,,90,1,0,0,0,3,0,0,0,0,0,0,0,3,13.6,5.0,0.0,1.9,0.0,0.02,0.02,2.42,4,4,2,False,9,1,0
507,Aina,,DEF,16,Nott'm Forest,,3,,,,,90,1,0,0,0,3,0,0,0,0,0,0,0,0,14.2,15.3,9.0,3.9,0.04,0.27,0.31,2.42,2,4,2,False,2,1,2
508,N.Williams,,DEF,16,Nott'm Forest,,3,,,,,90,1,0,0,0,3,0,0,0,0,0,0,0,2,11.4,3.9,13.0,2.8,0.03,0.02,0.05,2.42,2,5,2,False,5,1,3
509,David Carmo,,DEF,16,Nott'm Forest,,3,,,,,0,0,0,0,0,0,0,0,0,0,0,0,0,0,0.0,0.0,0.0,0.0,0.0,0.0,0.0,0.0,0,0,2,False,0,0,0
510,Jair Cunha,,DEF,16,Nott'm Forest,,3,,,,,0,0,0,0,0,0,0,0,0,0,0,0,0,0,0.0,0.0,0.0,0.0,0.0,0.0,0.0,0.0,0,0,2,False,0,0,0
511,Morato,,DEF,16,Nott'm Forest,,3,,,,,0,0,0,0,0,0,0,0,0,0,0,0,0,0,0.0,0.0,0.0,0.0,0.0,0.0,0.0,0.0,0,0,2,False,0,0,0
512,O.Richards,,DEF,16,Nott'm Forest,,3,,,,,0,0,0,0,0,0,0,0,0,0,0,0,0,0,0.0,0.0,0.0,0.0,0.0,0.0,0.0,0.0,0,0,2,False,0,0,0
513,Abbott,,DEF,16,Nott'm Forest,,3,,,,,0,0,0,0,0,0,0,0,0,0,0,0,0,0,0.0,0.0,0.0,0.0,0.0,0.0,0.0,0.0,0,0,2,False,0,0,0
514,Boly,,DEF,16,Nott'm Forest,,3,,,,,0,0,0,0,0,0,0,0,0,0,0,0,0,0,0.0,0.0,0.0,0.0,0.0,0.0,0.0,0.0,0,0,2,False,0,0,0
515,Gibbs-White,,MID,16,Nott'm Forest,,3,,,,,90,2,0,0,0,3,0,0,0,0,0,0,0,13,7.6,11.2,31.0,5.0,0.15,0.08,0.23,2.42,0,6,3,False,5,1,1
516,Hudson-Odoi,,MID,16,Nott'm Forest,,3,,,,,88,2,0,0,0,2,0,0,0,0,0,0,0,16,11.2,42.3,25.0,7.9,0.04,0.09,0.13,1.46,1,3,3,False,2,1,0
517,Anderson,,MID,16,Nott'm Forest,,3,,,,,90,2,0,0,0,3,0,0,0,0,0,0,0,24,32.8,49.3,10.0,9.2,0.02,0.13,0.15,2.42,1,11,3,False,3,1,7
518,Jota,,MID,16,Nott'm Forest,,3,,,,,0,0,0,0,0,0,0,0,0,0,0,0,0,0,0.0,0.0,0.0,0.0,0.0,0.0,0.0,0.0,0,0,3,False,0,0,0
519,Dominguez,,MID,16,Nott'm Forest,,3,,,,,0,0,0,0,0,0,0,0,0,0,0,0,0,0,0.0,0.0,0.0,0.0,0.0,0.0,0.0,0.0,0,0,3,False,0,0,0
520,O'Brien,,MID,16,Nott'm Forest,,3,,,,,0,0,0,0,0,0,0,0,0,0,0,0,0,0,0.0,0.0,0.0,0.0,0.0,0.0,0.0,0.0,0,0,3,False,0,0,0
521,Sangaré,,MID,16,Nott'm Forest,,3,,,,,88,4,0,0,0,2,0,0,0,0,0,0,0,10,7.6,5.3,0.0,1.3,0.0,0.04,0.04,1.46,7,14,3,False,5,1,2
522,Yates,,MID,16,Nott'm Forest,,3,,,,,0,0,0,0,0,0,0,0,0,0,0,0,0,0,0.0,0.0,0.0,0.0,0.0,0.0,0.0,0.0,0,0,3,False,0,0,0
523,Da Silva Moreira,,MID,16,Nott'm Forest,,3,,,,,0,0,0,0,0,0,0,0,0,0,0,0,0,0,0.0,0.0,0.0,0.0,0.0,0.0,0.0,0.0,0,0,3,False,0,0,0
524,Stamenic,,MID,16,Nott'm Forest,,3,,,,,0,0,0,0,0,0,0,0,0,0,0,0,0,0,0.0,0.0,0.0,0.0,0.0,0.0,0.0,0.0,0,0,3,False,0,0,0
525,Wood,,FWD,16,Nott'm Forest,,3,,,,,72,2,0,0,1,0,0,0,0,0,0,0,0,4,0.0,1.9,25.0,2.6,0.41,0.0,0.41,0.59,0,1,4,False,1,1,0
526,Igor Jesus,,FWD,16,Nott'm Forest,,3,,,,,17,1,0,0,0,3,0,0,0,0,0,0,0,4,1.0,0.3,0.0,0.1,0.0,0.0,0.0,1.83,0,2,4,False,1,0,1
527,Awoniyi,,FWD,16,Nott'm Forest,,3,,,,,0,0,0,0,0,0,0,0,0,0,0,0,0,0,0.0,0.0,0.0,0.0,0.0,0.0,0.0,0.0,0,0,4,False,0,0,0
528,Patterson,,GK,17,Sunderland,,3,,,,,0,0,0,0,0,0,0,0,0,0,0,0,0,0,0.0,0.0,0.0,0.0,0.0,0.0,0.0,0.0,0,0,1,False,0,0,0
529,Moore,,GK,17,Sunderland,,3,,,,,0,0,0,0,0,0,0,0,0,0,0,0,0,0,0.0,0.0,0.0,0.0,0.0,0.0,0.0,0.0,0,0,1,False,0,0,0
530,Nna Noukeu,,GK,17,Sunderland,,3,,,,,0,0,0,0,0,0,0,0,0,0,0,0,0,0,0.0,0.0,0.0,0.0,0.0,0.0,0.0,0.0,0,0,1,False,0,0,0
531,Ballard,,DEF,17,Sunderland,,3,,,,,0,0,0,0,0,0,0,0,0,0,0,0,0,0,0.0,0.0,0.0,0.0,0.0,0.0,0.0,0.0,0,0,2,False,0,0,0
532,Hume,,DEF,17,Sunderland,,3,,,,,90,2,0,0,0,1,0,0,0,0,0,0,0,8,17.2,2.1,4.0,2.3,0.04,0.01,0.05,1.2,5,9,2,False,2,1,4
533,Alese,,DEF,17,Sunderland,,3,,,,,0,0,0,0,0,0,0,0,0,0,0,0,0,0,0.0,0.0,0.0,0.0,0.0,0.0,0.0,0.0,0,0,2,False,0,0,0
534,Anderson,,DEF,17,Sunderland,,3,,,,,0,0,0,0,0,0,0,0,0,0,0,0,0,0,0.0,0.0,0.0,0.0,0.0,0.0,0.0,0.0,0,0,2,False,0,0,0
535,Cirkin,,DEF,17,Sunderland,,3,,,,,0,0,0,0,0,0,0,0,0,0,0,0,0,0,0.0,0.0,0.0,0.0,0.0,0.0,0.0,0.0,0,0,2,False,0,0,0
536,Hjelde,,DEF,17,Sunderland,,3,,,,,0,0,0,0,0,0,0,0,0,0,0,0,0,0,0.0,0.0,0.0,0.0,0.0,0.0,0.0,0.0,0,0,2,False,0,0,0
537,Huggins,,DEF,17,Sunderland,,3,,,,,0,0,0,0,0,0,0,0,0,0,0,0,0,0,0.0,0.0,0.0,0.0,0.0,0.0,0.0,0.0,0,0,2,False,0,0,0
538,Johnson,,DEF,17,Sunderland,,3,,,,,0,0,0,0,0,0,0,0,0,0,0,0,0,0,0.0,0.0,0.0,0.0,0.0,0.0,0.0,0.0,0,0,2,False,0,0,0
539,O'Nien,,DEF,17,Sunderland,,3,,,,,0,0,0,0,0,0,0,0,0,0,0,0,0,0,0.0,0.0,0.0,0.0,0.0,0.0,0.0,0.0,0,0,2,False,0,0,0
540,Pembele,,DEF,17,Sunderland,,3,,,,,0,0,0,0,0,0,0,0,0,0,0,0,0,0,0.0,0.0,0.0,0.0,0.0,0.0,0.0,0.0,0,0,2,False,0,0,0
541,Reinildo,,DEF,17,Sunderland,,3,,,,,90,1,0,0,0,1,0,0,0,1,0,0,0,8,9.8,2.9,6.0,1.9,0.02,0.01,0.03,1.2,6,9,2,False,3,1,3
542,Seelt,,DEF,17,Sunderland,,3,,,,,0,0,0,0,0,0,0,0,0,0,0,0,0,0,0.0,0.0,0.0,0.0,0.0,0.0,0.0,0.0,0,0,2,False,0,0,0
543,Adingra,,MID,17,Sunderland,,3,,,,,25,1,0,0,0,1,0,0,0,0,0,0,0,4,4.0,10.5,0.0,1.5,0.0,0.0,0.0,0.24,0,2,3,False,1,0,1
544,Diarra,,MID,17,Sunderland,,3,,,,,86,4,0,1,0,1,0,0,0,1,0,0,0,11,0.0,5.5,14.0,1.5,0.25,0.02,0.27,1.2,1,2,3,False,1,1,0
545,Roberts,,MID,17,Sunderland,,3,,,,,0,0,0,0,0,0,0,0,0,0,0,0,0,0,0.0,0.0,0.0,0.0,0.0,0.0,0.0,0.0,0,0,3,False,0,0,0
546,Aleksić,,MID,17,Sunderland,,3,,,,,0,0,0,0,0,0,0,0,0,0,0,0,0,0,0.0,0.0,0.0,0.0,0.0,0.0,0.0,0.0,0,0,3,False,0,0,0
547,E.Le Fée,,MID,17,Sunderland,,3,,,,,90,11,1,0,0,1,0,0,0,0,0,0,2,30,57.2,17.3,17.0,9.2,0.79,0.03,0.82,1.2,3,14,3,True,5,1,6
548,Mundle,,MID,17,Sunderland,,3,,,,,0,0,0,0,0,0,0,0,0,0,0,0,0,0,0.0,0.0,0.0,0.0,0.0,0.0,0.0,0.0,0,0,3,False,0,0,0
549,Neil,,MID,17,Sunderland,,3,,,,,0,0,0,0,0,0,0,0,0,0,0,0,0,0,0.0,0.0,0.0,0.0,0.0,0.0,0.0,0.0,0,0,3,False,0,0,0
550,Poveda,,MID,17,Sunderland,,3,,,,,0,0,0,0,0,0,0,0,0,0,0,0,0,0,0.0,0.0,0.0,0.0,0.0,0.0,0.0,0.0,0,0,3,False,0,0,0
551,Rigg,,MID,17,Sunderland,,3,,,,,0,0,0,0,0,0,0,0,0,0,0,0,0,0,0.0,0.0,0.0,0.0,0.0,0.0,0.0,0.0,0,0,3,False,0,0,0
552,Sadiki,,MID,17,Sunderland,,3,,,,,90,2,0,0,0,1,0,0,0,0,0,0,0,12,7.8,28.7,0.0,3.7,0.0,0.19,0.19,1.2,0,4,3,False,2,1,2
553,Talbi,,MID,17,Sunderland,,3,,,,,64,3,0,0,1,0,0,0,0,0,0,0,0,7,5.8,8.3,6.0,2.0,0.08,0.02,0.1,0.96,2,6,3,False,2,1,2
554,Ba,,MID,17,Sunderland,,3,,,,,0,0,0,0,0,0,0,0,0,0,0,0,0,0,0.0,0.0,0.0,0.0,0.0,0.0,0.0,0.0,0,0,3,False,0,0,0
555,Browne,,MID,17,Sunderland,,3,,,,,0,0,0,0,0,0,0,0,0,0,0,0,0,0,0.0,0.0,0.0,0.0,0.0,0.0,0.0,0.0,0,0,3,False,0,0,0
556,Ekwah,,MID,17,Sunderland,,3,,,,,0,0,0,0,0,0,0,0,0,0,0,0,0,0,0.0,0.0,0.0,0.0,0.0,0.0,0.0,0.0,0,0,3,False,0,0,0
557,H.Jones,,MID,17,Sunderland,,3,,,,,0,0,0,0,0,0,0,0,0,0,0,0,0,0,0.0,0.0,0.0,0.0,0.0,0.0,0.0,0.0,0,0,3,False,0,0,0
558,Matete,,MID,17,Sunderland,,3,,,,,0,0,0,0,0,0,0,0,0,0,0,0,0,0,0.0,0.0,0.0,0.0,0.0,0.0,0.0,0.0,0,0,3,False,0,0,0
559,Triantis,,MID,17,Sunderland,,3,,,,,0,0,0,0,0,0,0,0,0,0,0,0,0,0,0.0,0.0,0.0,0.0,0.0,0.0,0.0,0.0,0,0,3,False,0,0,0
560,Isidor,,FWD,17,Sunderland,,3,,,,,25,8,1,0,0,1,0,0,0,0,0,0,3,32,38.6,0.6,35.0,7.4,0.24,0.0,0.24,0.24,0,2,4,False,0,0,2
561,Mayenda,,FWD,17,Sunderland,,3,,,,,64,2,0,0,1,0,0,0,0,0,0,0,0,3,0.0,1.5,0.0,0.0,0.0,0.0,0.0,0.96,0,0,4,False,0,1,0
562,Abdullahi,,FWD,17,Sunderland,,3,,,,,0,0,0,0,0,0,0,0,0,0,0,0,0,0,0.0,0.0,0.0,0.0,0.0,0.0,0.0,0.0,0,0,4,False,0,0,0
563,Luís Hemir,,FWD,17,Sunderland,,3,,,,,0,0,0,0,0,0,0,0,0,0,0,0,0,0,0.0,0.0,0.0,0.0,0.0,0.0,0.0,0.0,0,0,4,False,0,0,0
564,Rusyn,,FWD,17,Sunderland,,3,,,,,0,0,0,0,0,0,0,0,0,0,0,0,0,0,0.0,0.0,0.0,0.0,0.0,0.0,0.0,0.0,0,0,4,False,0,0,0
565,Vicario,,GK,18,Spurs,,3,,,,,90,3,0,0,0,1,0,0,0,0,0,5,0,23,40.0,0.1,0.0,4.0,0.0,0.0,0.0,1.59,0,0,1,False,13,1,0
566,Austin,,GK,18,Spurs,,3,,,,,0,0,0,0,0,0,0,0,0,0,0,0,0,0,0.0,0.0,0.0,0.0,0.0,0.0,0.0,0.0,0,0,1,False,0,0,0
567,Kinsky,,GK,18,Spurs,,3,,,,,0,0,0,0,0,0,0,0,0,0,0,0,0,0,0.0,0.0,0.0,0.0,0.0,0.0,0.0,0.0,0,0,1,False,0,0,0
568,Pedro Porro,,DEF,18,Spurs,,3,,,,,70,4,0,0,0,1,0,0,0,0,0,0,0,13,20.6,5.0,2.0,2.8,0.01,0.02,0.03,1.56,10,12,2,False,3,1,2
569,Romero,,DEF,18,Spurs,,3,,,,,90,2,0,0,0,1,0,0,0,0,0,0,0,12,21.4,0.8,0.0,2.2,0.0,0.01,0.01,1.59,5,7,2,False,5,1,2
570,Danso,,DEF,18,Spurs,,3,,,,,0,0,0,0,0,0,0,0,0,0,0,0,0,0,0.0,0.0,0.0,0.0,0.0,0.0,0.0,0.0,0,0,2,False,0,0,0
571,Davies,,DEF,18,Spurs,,3,,,,,0,0,0,0,0,0,0,0,0,0,0,0,0,0,0.0,0.0,0.0,0.0,0.0,0.0,0.0,0.0,0,0,2,False,0,0,0
572,Dragusin,,DEF,18,Spurs,,3,,,,,0,0,0,0,0,0,0,0,0,0,0,0,0,0,0.0,0.0,0.0,0.0,0.0,0.0,0.0,0.0,0,0,2,False,0,0,0
573,Spence,,DEF,18,Spurs,,3,,,,,90,1,0,0,0,1,0,0,0,1,0,0,0,4,16.2,21.0,0.0,3.7,0.0,0.02,0.02,1.59,4,4,2,False,5,1,0
574,Udogie,,DEF,18,Spurs,,3,,,,,19,1,0,0,0,0,0,0,0,0,0,0,0,5,3.2,2.0,6.0,1.1,0.02,0.06,0.08,0.03,1,2,2,False,0,0,1
575,Van de Ven,,DEF,18,Spurs,,3,,,,,90,1,0,0,0,1,0,0,0,1,0,0,0,8,24.0,2.2,0.0,2.6,0.0,0.01,0.01,1.59,9,9,2,False,6,1,0
576,Phillips,,DEF,18,Spurs,,3,,,,,0,0,0,0,0,0,0,0,0,0,0,0,0,0,0.0,0.0,0.0,0.0,0.0,0.0,0.0,0.0,0,0,2,False,0,0,0
577,Takai,,DEF,18,Spurs,,3,,,,,0,0,0,0,0,0,0,0,0,0,0,0,0,0,0.0,0.0,0.0,0.0,0.0,0.0,0.0,0.0,0,0,2,False,0,0,0
578,Vuskovic,,DEF,18,Spurs,,3,,,,,0,0,0,0,0,0,0,0,0,0,0,0,0,0,0.0,0.0,0.0,0.0,0.0,0.0,0.0,0.0,0,0,2,False,0,0,0
579,Son,,MID,18,Spurs,,3,,,,,0,0,0,0,0,0,0,0,0,0,0,0,0,0,0.0,0.0,0.0,0.0,0.0,0.0,0.0,0.0,0,0,3,False,0,0,0
580,Johnson,,MID,18,Spurs,,3,,,,,53,1,0,0,0,1,0,0,0,0,0,0,0,2,2.8,0.8,2.0,0.6,0.0,0.01,0.01,1.28,2,4,3,False,2,1,0
581,Maddison,,MID,18,Spurs,,3,,,,,0,0,0,0,0,0,0,0,0,0,0,0,0,0,0.0,0.0,0.0,0.0,0.0,0.0,0.0,0.0,0,0,3,False,0,0,0
582,Kudus,,MID,18,Spurs,,3,,,,,90,2,0,0,0,1,0,0,0,0,0,0,0,6,14.8,20.4,8.0,4.3,0.0,0.08,0.08,1.59,0,6,3,False,2,1,4
583,Kulusevski,,MID,18,Spurs,,3,,,,,0,0,0,0,0,0,0,0,0,0,0,0,0,0,0.0,0.0,0.0,0.0,0.0,0.0,0.0,0.0,0,0,3,False,0,0,0
584,Tel,,MID,18,Spurs,,3,,,,,14,1,0,0,0,0,0,0,0,0,0,0,0,1,4.6,0.3,1.0,0.6,0.05,0.0,0.05,0.0,0,5,3,False,2,0,3
585,Bentancur,,MID,18,Spurs,,3,,,,,90,2,0,0,0,1,0,0,0,0,0,0,0,18,8.0,5.0,0.0,1.3,0.0,0.02,0.02,1.59,0,10,3,False,9,1,1
586,Bergvall,,MID,18,Spurs,,3,,,,,36,1,0,0,0,0,0,0,0,0,0,0,0,4,5.2,1.8,19.0,2.6,0.06,0.01,0.07,0.3,0,2,3,False,1,0,1
587,Bissouma,,MID,18,Spurs,,3,,,,,0,0,0,0,0,0,0,0,0,0,0,0,0,0,0.0,0.0,0.0,0.0,0.0,0.0,0.0,0.0,0,0,3,False,0,0,0
588,Odobert,,MID,18,Spurs,,3,,,,,36,1,0,0,0,0,0,0,0,0,0,0,0,3,1.8,2.0,8.0,1.2,0.05,0.02,0.07,0.3,1,2,3,False,1,0,0
589,Solomon,,MID,18,Spurs,,3,,,,,0,0,0,0,0,0,0,0,0,0,0,0,0,0,0.0,0.0,0.0,0.0,0.0,0.0,0.0,0.0,0,0,3,False,0,0,0
590,Bryan,,MID,18,Spurs,,3,,,,,0,0,0,0,0,0,0,0,0,0,0,0,0,0,0.0,0.0,0.0,0.0,0.0,0.0,0.0,0.0,0,0,3,False,0,0,0
591,Gray,,MID,18,Spurs,,3,,,,,0,0,0,0,0,0,0,0,0,0,0,0,0,0,0.0,0.0,0.0,0.0,0.0,0.0,0.0,0.0,0,0,3,False,0,0,0
592,Moore,,MID,18,Spurs,,3,,,,,0,0,0,0,0,0,0,0,0,0,0,0,0,0,0.0,0.0,0.0,0.0,0.0,0.0,0.0,0.0,0,0,3,False,0,0,0
593,P.M.Sarr,,MID,18,Spurs,,3,,,,,75,2,0,0,0,1,0,0,0,0,0,0,0,5,4.2,1.0,2.0,0.7,0.0,0.0,0.0,1.59,4,6,3,False,2,1,0
594,Min-hyeok,,MID,18,Spurs,,3,,,,,0,0,0,0,0,0,0,0,0,0,0,0,0,0,0.0,0.0,0.0,0.0,0.0,0.0,0.0,0.0,0,0,3,False,0,0,0
595,Olusesi,,MID,18,Spurs,,3,,,,,0,0,0,0,0,0,0,0,0,0,0,0,0,0,0.0,0.0,0.0,0.0,0.0,0.0,0.0,0.0,0,0,3,False,0,0,0
596,Solanke,,FWD,18,Spurs,,3,,,,,0,0,0,0,0,0,0,0,0,0,0,0,0,0,0.0,0.0,0.0,0.0,0.0,0.0,0.0,0.0,0,0,4,False,0,0,0
597,Richarlison,,FWD,18,Spurs,,3,,,,,90,2,0,0,0,1,0,0,0,0,0,0,0,7,12.2,11.8,10.0,3.4,0.0,0.01,0.01,1.59,4,4,4,False,0,1,0
598,Lankshear,,FWD,18,Spurs,,3,,,,,0,0,0,0,0,0,0,0,0,0,0,0,0,0,0.0,0.0,0.0,0.0,0.0,0.0,0.0,0.0,0,0,4,False,0,0,0
599,Scarlett,,FWD,18,Spurs,,3,,,,,0,0,0,0,0,0,0,0,0,0,0,0,0,0,0.0,0.0,0.0,0.0,0.0,0.0,0.0,0.0,0,0,4,False,0,0,0
600,Areola,,GK,19,West Ham,,3,,,,,0,0,0,0,0,0,0,0,0,0,0,0,0,0,0.0,0.0,0.0,0.0,0.0,0.0,0.0,0.0,0,0,1,False,0,0,0
601,Foderingham,,GK,19,West Ham,,3,,,,,0,0,0,0,0,0,0,0,0,0,0,0,0,0,0.0,0.0,0.0,0.0,0.0,0.0,0.0,0.0,0,0,1,False,0,0,0
602,Hegyi,,GK,19,West Ham,,3,,,,,0,0,0,0,0,0,0,0,0,0,0,0,0,0,0.0,0.0,0.0,0.0,0.0,0.0,0.0,0.0,0,0,1,False,0,0,0
603,Diouf,,DEF,19,West Ham,,3,,,,,90,10,0,1,1,0,0,0,0,0,0,0,1,33,41.4,15.5,2.0,5.9,0.0,0.12,0.12,0.73,9,9,2,False,0,1,0
604,Emerson,,DEF,19,West Ham,,3,,,,,0,0,0,0,0,0,0,0,0,0,0,0,0,0,0.0,0.0,0.0,0.0,0.0,0.0,0.0,0.0,0,0,2,False,0,0,0
605,Kilman,,DEF,19,West Ham,,3,,,,,90,6,0,0,1,0,0,0,0,0,0,0,0,29,17.4,0.2,0.0,1.8,0.0,0.0,0.0,0.73,7,8,2,False,3,1,1
606,Mavropanos,,DEF,19,West Ham,,3,,,,,90,6,0,0,1,0,0,0,0,0,0,0,0,24,10.2,0.4,4.0,1.5,0.06,0.01,0.07,0.73,6,6,2,False,1,1,0
607,N.Aguerd,,DEF,19,West Ham,,3,,,,,0,0,0,0,0,0,0,0,0,0,0,0,0,0,0.0,0.0,0.0,0.0,0.0,0.0,0.0,0.0,0,0,2,False,0,0,0
608,Scarles,,DEF,19,West Ham,,3,,,,,0,0,0,0,0,0,0,0,0,0,0,0,0,0,0.0,0.0,0.0,0.0,0.0,0.0,0.0,0.0,0,0,2,False,0,0,0
609,Todibo,,DEF,19,West Ham,,3,,,,,0,0,0,0,0,0,0,0,0,0,0,0,0,0,0.0,0.0,0.0,0.0,0.0,0.0,0.0,0.0,0,0,2,False,0,0,0
610,Wan-Bissaka,,DEF,19,West Ham,,3,,,,,0,0,0,0,0,0,0,0,0,0,0,0,0,0,0.0,0.0,0.0,0.0,0.0,0.0,0.0,0.0,0,0,2,False,0,0,0
611,Casey,,DEF,19,West Ham,,3,,,,,0,0,0,0,0,0,0,0,0,0,0,0,0,0,0.0,0.0,0.0,0.0,0.0,0.0,0.0,0.0,0,0,2,False,0,0,0
612,L.Paquetá,,MID,19,West Ham,,3,,,,,90,10,1,0,1,0,0,0,0,0,0,0,0,24,62.2,27.4,40.0,13.0,1.11,0.05,1.16,0.73,5,15,3,False,8,1,2
613,Souček,,MID,19,West Ham,,3,,,,,90,3,0,0,1,0,0,0,0,0,0,0,0,14,13.2,0.8,0.0,1.4,0.0,0.0,0.0,0.73,5,9,3,False,2,1,2
614,Ward-Prowse,,MID,19,West Ham,,3,,,,,74,3,0,0,1,0,0,0,0,0,0,0,0,11,9.4,45.2,0.0,5.5,0.0,0.11,0.11,0.7,2,6,3,False,4,1,0
615,Summerville,,MID,19,West Ham,,3,,,,,8,7,0,2,0,0,0,0,0,0,0,0,0,24,22.6,10.7,4.0,3.7,0.0,0.02,0.02,0.04,1,4,3,False,3,0,0
616,Álvarez,,MID,19,West Ham,,3,,,,,0,0,0,0,0,0,0,0,0,0,0,0,0,0,0.0,0.0,0.0,0.0,0.0,0.0,0.0,0.0,0,0,3,False,0,0,0
617,Cornet,,MID,19,West Ham,,3,,,,,0,0,0,0,0,0,0,0,0,0,0,0,0,0,0.0,0.0,0.0,0.0,0.0,0.0,0.0,0.0,0,0,3,False,0,0,0
618,G.Rodriguez,,MID,19,West Ham,,3,,,,,0,0,0,0,0,0,0,0,0,0,0,0,0,0,0.0,0.0,0.0,0.0,0.0,0.0,0.0,0.0,0,0,3,False,0,0,0
619,L.Guilherme,,MID,19,West Ham,,3,,,,,0,0,0,0,0,0,0,0,0,0,0,0,0,0,0.0,0.0,0.0,0.0,0.0,0.0,0.0,0.0,0,0,3,False,0,0,0
620,Earthy,,MID,19,West Ham,,3,,,,,0,0,0,0,0,0,0,0,0,0,0,0,0,0,0.0,0.0,0.0,0.0,0.0,0.0,0.0,0.0,0,0,3,False,0,0,0
621,Irving,,MID,19,West Ham,,3,,,,,15,1,0,0,0,0,0,0,0,0,0,0,0,5,5.4,2.4,0.0,0.8,0.0,0.0,0.0,0.04,0,3,3,False,1,0,2
622,Orford,,MID,19,West Ham,,3,,,,,0,0,0,0,0,0,0,0,0,0,0,0,0,0,0.0,0.0,0.0,0.0,0.0,0.0,0.0,0.0,0,0,3,False,0,0,0
623,Potts,,MID,19,West Ham,,3,,,,,0,0,0,0,0,0,0,0,0,0,0,0,0,0,0.0,0.0,0.0,0.0,0.0,0.0,0.0,0.0,0,0,3,False,0,0,0
624,Bowen,,FWD,19,West Ham,,3,,,,,90,9,1,0,1,0,0,0,0,0,0,0,3,46,50.2,33.6,9.0,9.3,0.07,0.04,0.11,0.73,2,8,4,False,4,1,2
625,Füllkrug,,FWD,19,West Ham,,3,,,,,63,2,0,0,1,0,0,0,0,0,0,0,0,6,6.0,1.3,31.0,3.8,0.15,0.0,0.15,0.54,1,3,4,False,1,1,1
626,Marshall,,FWD,19,West Ham,,3,,,,,0,0,0,0,0,0,0,0,0,0,0,0,0,0,0.0,0.0,0.0,0.0,0.0,0.0,0.0,0.0,0,0,4,False,0,0,0
627,Johnstone,,GK,20,Wolves,,3,,,,,0,0,0,0,0,0,0,0,0,0,0,0,0,0,0.0,0.0,0.0,0.0,0.0,0.0,0.0,0.0,0,0,1,False,0,0,0
628,José Sá,,GK,20,Wolves,,3,,,,,90,1,0,0,0,3,0,0,0,0,0,1,0,1,11.6,0.0,0.0,1.2,0.0,0.0,0.0,1.93,1,0,1,False,12,1,0
629,Bentley,,GK,20,Wolves,,3,,,,,0,0,0,0,0,0,0,0,0,0,0,0,0,0,0.0,0.0,0.0,0.0,0.0,0.0,0.0,0.0,0,0,1,False,0,0,0
630,King,,GK,9,Everton,,3,,,,,0,0,0,0,0,0,0,0,0,0,0,0,0,0,0.0,0.0,0.0,0.0,0.0,0.0,0.0,0.0,0,0,1,False,0,0,0
631,Agbadou,,DEF,20,Wolves,,3,,,,,90,1,0,0,0,3,0,0,0,0,0,0,0,4,21.2,11.1,4.0,3.6,0.13,0.01,0.14,1.93,6,6,2,False,8,1,0
632,Doherty,,DEF,20,Wolves,,3,,,,,0,0,0,0,0,0,0,0,0,0,0,0,0,0,0.0,0.0,0.0,0.0,0.0,0.0,0.0,0.0,0,0,2,False,0,0,0
633,H.Bueno,,DEF,20,Wolves,,3,,,,,74,1,0,0,0,3,0,0,0,0,0,0,0,6,22.0,20.5,14.0,5.7,0.0,0.04,0.04,1.84,4,9,2,False,4,1,5
634,Mosquera,,DEF,20,Wolves,,3,,,,,0,0,0,0,0,0,0,0,0,0,0,0,0,0,0.0,0.0,0.0,0.0,0.0,0.0,0.0,0.0,0,0,2,False,0,0,0
635,R.Gomes,,DEF,20,Wolves,,3,,,,,27,7,1,0,0,0,0,0,0,0,0,0,0,16,32.2,1.2,27.0,6.0,0.37,0.01,0.38,0.18,1,2,2,False,3,0,1
636,S.Bueno,,DEF,20,Wolves,,3,,,,,90,3,0,0,0,3,0,0,0,0,0,0,0,4,21.8,19.2,2.0,4.3,0.0,0.05,0.05,1.93,8,10,2,False,3,1,2
637,Toti,,DEF,20,Wolves,,3,,,,,90,3,0,0,0,3,0,0,0,0,0,0,0,9,27.8,11.8,8.0,4.8,0.03,0.01,0.04,1.93,6,11,2,False,6,1,5
638,Hoever,,DEF,20,Wolves,,3,,,,,0,0,0,0,0,0,0,0,0,0,0,0,0,0,0.0,0.0,0.0,0.0,0.0,0.0,0.0,0.0,0,0,2,False,0,0,0
639,Meupiyou,,DEF,20,Wolves,,3,,,,,0,0,0,0,0,0,0,0,0,0,0,0,0,0,0.0,0.0,0.0,0.0,0.0,0.0,0.0,0.0,0,0,2,False,0,0,0
640,Pedro Lima,,DEF,20,Wolves,,3,,,,,0,0,0,0,0,0,0,0,0,0,0,0,0,0,0.0,0.0,0.0,0.0,0.0,0.0,0.0,0.0,0,0,2,False,0,0,0
641,Pond,,DEF,20,Wolves,,3,,,,,0,0,0,0,0,0,0,0,0,0,0,0,0,0,0.0,0.0,0.0,0.0,0.0,0.0,0.0,0.0,0,0,2,False,0,0,0
642,Hee Chan,,MID,20,Wolves,,3,,,,,75,7,1,0,0,3,0,0,0,0,0,0,0,27,35.2,0.7,17.0,5.3,0.42,0.0,0.42,1.84,2,2,3,False,0,1,0
643,André,,MID,20,Wolves,,3,,,,,63,2,0,0,0,3,0,0,0,0,0,0,0,10,0.0,3.2,0.0,0.3,0.0,0.01,0.01,1.75,1,9,3,False,7,1,1
644,Bellegarde,,MID,20,Wolves,,3,,,,,26,1,0,0,0,0,0,0,0,0,0,0,0,5,5.4,14.8,9.0,2.9,0.05,0.09,0.14,0.18,0,1,3,False,1,0,0
645,Fer López,,MID,20,Wolves,,3,,,,,26,1,0,0,0,0,0,0,0,0,0,0,0,0,0.0,9.7,2.0,1.1,0.03,0.01,0.04,0.18,0,1,3,False,1,0,0
646,Gomes,,MID,20,Wolves,,3,,,,,90,2,0,0,0,3,0,0,0,0,0,0,0,15,5.6,15.2,1.0,2.2,0.01,0.03,0.04,1.93,0,5,3,False,5,1,0
647,Guedes,,MID,20,Wolves,,3,,,,,0,0,0,0,0,0,0,0,0,0,0,0,0,0,0.0,0.0,0.0,0.0,0.0,0.0,0.0,0.0,0,0,3,False,0,0,0
648,Munetsi,,MID,20,Wolves,,3,,,,,90,5,0,1,0,3,0,0,0,0,0,0,0,16,23.4,25.5,7.0,5.6,0.03,0.06,0.09,1.93,0,2,3,False,0,1,2
649,B.Traore,,MID,20,Wolves,,3,,,,,0,0,0,0,0,0,0,0,0,0,0,0,0,0,0.0,0.0,0.0,0.0,0.0,0.0,0.0,0.0,0,0,3,False,0,0,0
650,Chirewa,,MID,20,Wolves,,3,,,,,0,0,0,0,0,0,0,0,0,0,0,0,0,0,0.0,0.0,0.0,0.0,0.0,0.0,0.0,0.0,0,0,3,False,0,0,0
651,Edozie,,MID,20,Wolves,,3,,,,,0,0,0,0,0,0,0,0,0,0,0,0,0,0,0.0,0.0,0.0,0.0,0.0,0.0,0.0,0.0,0,0,3,False,0,0,0
652,Gonzalez,,MID,20,Wolves,,3,,,,,0,0,0,0,0,0,0,0,0,0,0,0,0,0,0.0,0.0,0.0,0.0,0.0,0.0,0.0,0.0,0,0,3,False,0,0,0
653,Hodge,,MID,20,Wolves,,3,,,,,0,0,0,0,0,0,0,0,0,0,0,0,0,0,0.0,0.0,0.0,0.0,0.0,0.0,0.0,0.0,0,0,3,False,0,0,0
654,Strand Larsen,,FWD,20,Wolves,,3,,,,,0,0,0,0,0,0,0,0,0,0,0,0,0,0,0.0,0.0,0.0,0.0,0.0,0.0,0.0,0.0,0,0,4,False,0,0,0
655,Fábio Silva,,FWD,20,Wolves,,3,,,,,0,0,0,0,0,0,0,0,0,0,0,0,0,0,0.0,0.0,0.0,0.0,0.0,0.0,0.0,0.0,0,0,4,False,0,0,0
656,Kalajdžić,,FWD,20,Wolves,,3,,,,,14,1,0,0,0,0,0,0,0,0,0,0,0,1,1.0,4.3,2.0,0.7,0.0,0.01,0.01,0.1,1,2,4,False,1,0,0
657,Chiwome,,FWD,20,Wolves,,3,,,,,0,0,0,0,0,0,0,0,0,0,0,0,0,0,0.0,0.0,0.0,0.0,0.0,0.0,0.0,0.0,0,0,4,False,0,0,0
658,Fraser,,FWD,20,Wolves,,3,,,,,0,0,0,0,0,0,0,0,0,0,0,0,0,0,0.0,0.0,0.0,0.0,0.0,0.0,0.0,0.0,0,0,4,False,0,0,0
659,Walker-Peters,,DEF,19,West Ham,,3,,,,,90,6,0,0,1,0,0,0,0,0,0,0,0,30,13.8,1.5,0.0,1.5,0.0,0.01,0.01,0.73,3,6,2,False,4,1,3
660,Stach,,MID,11,Leeds,,3,,,,,90,3,0,0,1,0,0,0,0,0,0,0,0,9,10.2,37.4,11.0,5.9,0.18,0.02,0.2,0.46,2,6,3,False,2,1,2
661,Ekitiké,,FWD,12,Liverpool,,3,,,,,78,2,0,0,1,0,0,0,0,0,0,0,0,3,0.2,0.3,2.0,0.3,0.0,0.0,0.0,0.4,0,2,4,False,1,1,1
662,Mosquera,,DEF,1,Arsenal,,3,,,,,85,2,0,0,0,1,0,0,0,0,0,0,0,14,25.2,0.8,2.0,2.8,0.0,0.0,0.0,0.52,5,9,2,False,3,0,4
663,J.Arias,,MID,20,Wolves,,3,,,,,63,2,0,0,0,3,0,0,0,0,0,0,0,13,15.6,5.0,13.0,3.4,0.04,0.02,0.06,1.75,0,7,3,False,1,1,6
664,Lecomte,,GK,10,Fulham,,3,,,,,0,0,0,0,0,0,0,0,0,0,0,0,0,0,0.0,0.0,0.0,0.0,0.0,0.0,0.0,0.0,0,0,1,False,0,0,0
665,Perri,,GK,11,Leeds,,3,,,,,90,6,0,0,1,0,0,0,0,0,0,2,0,25,15.2,0.0,0.0,1.5,0.0,0.0,0.0,0.46,1,0,1,False,8,1,0
666,Gyökeres,,FWD,1,Arsenal,,3,,,,,90,1,0,0,0,1,0,0,0,1,0,0,0,8,7.0,26.0,4.0,3.7,0.0,0.16,0.16,0.52,1,2,4,False,1,1,0
667,Aznou,,DEF,9,Everton,,3,,,,,0,0,0,0,0,0,0,0,0,0,0,0,0,0,0.0,0.0,0.0,0.0,0.0,0.0,0.0,0.0,0,0,2,False,0,0,0
668,Xhaka,,MID,17,Sunderland,,3,,,,,90,4,0,1,0,1,0,0,0,1,0,0,0,28,34.6,16.7,0.0,5.1,0.0,0.1,0.1,1.2,6,11,3,False,4,1,1
669,Ndoye,,MID,16,Nott'm Forest,,3,,,,,57,1,0,0,0,0,0,0,0,0,0,0,0,5,2.6,2.3,4.0,0.9,0.0,0.0,0.0,0.47,0,6,3,False,4,1,2
670,Roefs,,GK,17,Sunderland,,3,,,,,90,8,0,0,0,1,0,1,0,0,0,3,0,23,47.4,0.0,0.0,4.7,0.0,0.0,0.0,1.2,0,0,1,False,9,1,0
671,Wilson,,FWD,19,West Ham,,3,,,,,26,7,1,0,0,0,0,0,0,0,0,0,2,35,44.0,0.1,62.0,10.6,1.04,0.0,1.04,0.19,0,0,4,False,0,0,0
672,Hato,,DEF,7,Chelsea,,3,,,,,0,0,0,0,0,0,0,0,0,0,0,0,0,0,0.0,0.0,0.0,0.0,0.0,0.0,0.0,0.0,0,0,2,False,0,0,0
673,J.Palhinha,,MID,18,Spurs,,3,,,,,53,1,0,0,0,1,0,0,0,0,0,0,0,6,6.8,3.2,2.0,1.2,0.0,0.01,0.01,1.28,2,6,3,False,2,1,2
674,Ramsdale,,GK,15,Newcastle,,3,,,,,0,0,0,0,0,0,0,0,0,0,0,0,0,0,0.0,0.0,0.0,0.0,0.0,0.0,0.0,0.0,0,0,1,False,0,0,0
675,Gunn,,GK,16,Nott'm Forest,,3,,,,,0,0,0,0,0,0,0,0,0,0,0,0,0,0,0.0,0.0,0.0,0.0,0.0,0.0,0.0,0.0,0,0,1,False,0,0,0
676,Ugochukwu,,MID,3,Burnley,,3,,,,,75,2,0,0,0,2,0,0,0,0,0,0,0,8,8.6,1.7,2.0,1.2,0.0,0.0,0.0,2.5,2,10,3,False,4,1,4
677,Guessand,,MID,2,Aston Villa,,3,,,,,45,1,0,0,0,1,0,0,0,0,0,0,0,3,4.2,2.2,17.0,2.3,0.07,0.0,0.07,1.72,0,4,3,False,3,1,1
678,Masuaku,,DEF,17,Sunderland,,3,,,,,0,0,0,0,0,0,0,0,0,0,0,0,0,0,0.0,0.0,0.0,0.0,0.0,0.0,0.0,0.0,0,0,2,False,0,0,0
679,Hermansen,,GK,19,West Ham,,3,,,,,90,7,0,0,1,0,0,0,0,0,0,3,0,30,27.8,0.0,0.0,2.8,0.0,0.0,0.0,0.73,1,0,1,False,11,1,0
680,Broja,,FWD,3,Burnley,,3,,,,,0,0,0,0,0,0,0,0,0,0,0,0,0,0,0.0,0.0,0.0,0.0,0.0,0.0,0.0,0.0,0,0,4,False,0,0,0
681,Šeško,,FWD,14,Man Utd,,3,,,,,18,1,0,0,0,0,0,0,0,0,0,0,0,-2,0.0,1.1,8.0,0.3,0.27,0.0,0.27,0.0,0,0,4,False,0,0,0
682,Møller Wolfe,,DEF,20,Wolves,,3,,,,,15,4,0,1,0,0,0,0,0,0,0,0,0,17,21.2,15.0,0.0,3.6,0.0,0.12,0.12,0.1,1,1,2,False,0,0,0
683,Alderete,,DEF,17,Sunderland,,3,,,,,90,4,0,0,0,1,0,0,0,0,0,0,0,11,20.0,1.2,7.0,2.8,0.05,0.01,0.06,1.2,9,11,2,False,4,1,2
684,Thiaw,,DEF,15,Newcastle,,3,,,,,0,0,0,0,0,0,0,0,0,0,0,0,0,0,0.0,0.0,0.0,0.0,0.0,0.0,0.0,0.0,0,0,2,False,0,0,0
685,Diakité,,DEF,4,Bournemouth,,3,,,,,90,6,0,0,1,0,0,0,0,0,0,0,0,22,15.4,10.9,2.0,2.8,0.0,0.01,0.01,0.19,7,7,2,False,3,1,0
686,Ngumoha,,MID,12,Liverpool,,3,,,,,0,0,0,0,0,0,0,0,0,0,0,0,0,0,0.0,0.0,0.0,0.0,0.0,0.0,0.0,0.0,0,0,3,False,0,0,0
687,Rees-Dottin,,MID,4,Bournemouth,,3,,,,,0,0,0,0,0,0,0,0,0,0,0,0,0,0,0.0,0.0,0.0,0.0,0.0,0.0,0.0,0.0,0,0,3,False,0,0,0
688,Wright,,GK,2,Aston Villa,,3,,,,,0,0,0,0,0,0,0,0,0,0,0,0,0,0,0.0,0.0,0.0,0.0,0.0,0.0,0.0,0.0,0,0,1,False,0,0,0
689,Seung soo,,MID,15,Newcastle,,3,,,,,0,0,0,0,0,0,0,0,0,0,0,0,0,0,0.0,0.0,0.0,0.0,0.0,0.0,0.0,0.0,0,0,3,False,0,0,0
690,Cardines,,MID,8,Crystal Palace,,3,,,,,0,0,0,0,0,0,0,0,0,0,0,0,0,0,0.0,0.0,0.0,0.0,0.0,0.0,0.0,0.0,0,0,3,False,0,0,0
691,Calvert-Lewin,,FWD,11,Leeds,,3,,,,,20,1,0,0,0,0,0,0,0,0,0,0,0,3,1.2,0.5,20.0,2.2,0.07,0.0,0.07,0.07,0,2,4,False,2,0,0
692,Leoni,,DEF,12,Liverpool,,3,,,,,0,0,0,0,0,0,0,0,0,0,0,0,0,0,0.0,0.0,0.0,0.0,0.0,0.0,0.0,0.0,0,0,2,False,0,0,0
693,Hutchinson,,MID,16,Nott'm Forest,,3,,,,,1,1,0,0,0,1,0,0,0,0,0,0,0,3,0.2,0.3,0.0,0.1,0.0,0.0,0.0,0.96,0,1,3,False,1,0,0
694,Mukiele,,DEF,17,Sunderland,,3,,,,,90,4,0,0,0,1,0,0,0,0,0,0,0,18,26.4,0.6,6.0,3.3,0.07,0.0,0.07,1.2,9,14,2,False,1,1,5
695,Tchatchoua,,DEF,20,Wolves,,3,,,,,62,1,0,0,0,3,0,0,0,0,0,0,0,-5,11.0,6.3,2.0,1.9,0.0,0.01,0.01,1.75,2,3,2,False,2,1,1
696,Kalimuendo,,FWD,16,Nott'm Forest,,3,,,,,1,1,0,0,0,1,0,0,0,0,0,0,0,3,0.4,0.5,0.0,0.1,0.0,0.0,0.0,0.96,0,1,4,False,1,0,0
697,Adli,,MID,4,Bournemouth,,3,,,,,26,1,0,0,0,0,0,0,0,0,0,0,0,7,12.8,10.5,0.0,2.3,0.0,0.01,0.01,0.18,2,11,3,False,5,0,4
698,Okafor,,MID,11,Leeds,,3,,,,,0,0,0,0,0,0,0,0,0,0,0,0,0,0,0.0,0.0,0.0,0.0,0.0,0.0,0.0,0.0,0,0,3,False,0,0,0
699,Douglas Luiz,,MID,16,Nott'm Forest,,3,,,,,0,0,0,0,0,0,0,0,0,0,0,0,0,0,0.0,0.0,0.0,0.0,0.0,0.0,0.0,0.0,0,0,3,False,0,0,0
700,Dowman,,MID,1,Arsenal,,3,,,,,1,1,0,0,0,0,0,0,0,0,0,0,0,0,0.0,0.3,11.0,1.1,0.06,0.0,0.06,0.12,0,0,3,False,0,0,0
701,Rowe,,DEF,2,Aston Villa,,3,,,,,0,0,0,0,0,0,0,0,0,0,0,0,0,0,0.0,0.0,0.0,0.0,0.0,0.0,0.0,0.0,0,0,2,False,0,0,0
702,Burrowes,,MID,2,Aston Villa,,3,,,,,16,1,0,0,0,1,0,0,0,0,0,0,0,3,0.0,0.3,0.0,0.0,0.0,0.0,0.0,0.9,0,1,3,False,1,0,0
703,Proctor,,GK,2,Aston Villa,,3,,,,,0,0,0,0,0,0,0,0,0,0,0,0,0,0,0.0,0.0,0.0,0.0,0.0,0.0,0.0,0.0,0,0,1,False,0,0,0
704,Onyango,,MID,9,Everton,,3,,,,,0,0,0,0,0,0,0,0,0,0,0,0,0,0,0.0,0.0,0.0,0.0,0.0,0.0,0.0,0.0,0,0,3,False,0,0,0
705,Campbell,,DEF,9,Everton,,3,,,,,0,0,0,0,0,0,0,0,0,0,0,0,0,0,0.0,0.0,0.0,0.0,0.0,0.0,0.0,0.0,0,0,2,False,0,0,0
706,Justin,,DEF,11,Leeds,,3,,,,,10,1,0,0,0,0,0,0,0,0,0,0,0,3,0.0,0.0,0.0,0.0,0.0,0.0,0.0,0.03,0,0,2,False,0,0,0
707,Dibling,,MID,9,Everton,,3,,,,,0,0,0,0,0,0,0,0,0,0,0,0,0,0,0.0,0.0,0.0,0.0,0.0,0.0,0.0,0.0,0,0,3,False,0,0,0
708,M.Fernandes,,MID,19,West Ham,,3,,,,,81,3,0,0,1,0,0,0,0,0,0,0,0,15,11.0,26.4,4.0,4.1,0.0,0.1,0.1,0.7,1,11,3,False,7,1,3
709,Krejčí,,DEF,20,Wolves,,3,,,,,0,0,0,0,0,0,0,0,0,0,0,0,0,0,0.0,0.0,0.0,0.0,0.0,0.0,0.0,0.0,0,0,2,False,0,0,0
710,Patterson,,DEF,2,Aston Villa,,3,,,,,0,0,0,0,0,0,0,0,0,0,0,0,0,0,0.0,0.0,0.0,0.0,0.0,0.0,0.0,0.0,0,0,2,False,0,0,0
711,Harriman-Annous,,MID,1,Arsenal,,3,,,,,0,0,0,0,0,0,0,0,0,0,0,0,0,0,0.0,0.0,0.0,0.0,0.0,0.0,0.0,0.0,0,0,3,False,0,0,0
712,Yeremy,,MID,8,Crystal Palace,,3,,,,,19,1,0,0,0,0,0,0,0,0,0,0,0,10,3.6,11.6,2.0,1.7,0.02,0.01,0.03,0.28,0,4,3,False,3,0,1
1,Raya,,GK,1,Arsenal,,4,,,,,90,6,0,0,1,0,0,0,0,0,0,1,0,24,12.8,0.0,0.0,1.3,0.0,0.0,0.0,0.2,0,0,1,False,9,1,0
2,Arrizabalaga,,GK,1,Arsenal,,4,,,,,0,0,0,0,0,0,0,0,0,0,0,0,0,0,0.0,0.0,0.0,0.0,0.0,0.0,0.0,0.0,0,0,1,False,0,0,0
3,Hein,,GK,1,Arsenal,,4,,,,,0,0,0,0,0,0,0,0,0,0,0,0,0,0,0.0,0.0,0.0,0.0,0.0,0.0,0.0,0.0,0,0,1,False,0,0,0
4,Setford,,GK,1,Arsenal,,4,,,,,0,0,0,0,0,0,0,0,0,0,0,0,0,0,0.0,0.0,0.0,0.0,0.0,0.0,0.0,0.0,0,0,1,False,0,0,0
5,Gabriel,,DEF,1,Arsenal,,4,,,,,90,9,0,0,1,0,0,0,0,0,0,0,1,32,28.0,1.3,9.0,3.8,0.2,0.01,0.21,0.2,8,10,2,False,3,1,2
6,Saliba,,DEF,1,Arsenal,,4,,,,,0,0,0,0,0,0,0,0,0,0,0,0,0,0,0.0,0.0,0.0,0.0,0.0,0.0,0.0,0.0,0,0,2,False,0,0,0
7,Calafiori,,DEF,1,Arsenal,,4,,,,,67,5,0,0,1,0,0,0,0,1,0,0,0,16,5.4,12.6,2.0,2.0,0.0,0.01,0.01,0.1,1,3,2,False,1,1,2
8,J.Timber,,DEF,1,Arsenal,,4,,,,,90,8,0,0,1,0,0,0,0,0,0,0,2,37,19.8,13.0,35.0,6.8,0.3,0.02,0.32,0.2,4,6,2,False,2,1,2
9,Kiwior,,DEF,1,Arsenal,,4,,,,,0,0,0,0,0,0,0,0,0,0,0,0,0,0,0.0,0.0,0.0,0.0,0.0,0.0,0.0,0.0,0,0,2,False,0,0,0
10,Lewis-Skelly,,DEF,1,Arsenal,,4,,,,,22,1,0,0,0,0,0,0,0,0,0,0,0,3,0.0,2.0,0.0,0.1,0.0,0.0,0.0,0.1,0,0,2,False,2,0,0
11,White,,DEF,1,Arsenal,,4,,,,,0,0,0,0,0,0,0,0,0,0,0,0,0,0,0.0,0.0,0.0,0.0,0.0,0.0,0.0,0.0,0,0,2,False,0,0,0
12,Zinchenko,,DEF,16,Nott'm Forest,,4,,,,,0,0,0,0,0,0,0,0,0,0,0,0,0,0,0.0,0.0,0.0,0.0,0.0,0.0,0.0,0.0,0,0,2,False,0,0,0
13,Clarke,,DEF,1,Arsenal,,4,,,,,0,0,0,0,0,0,0,0,0,0,0,0,0,0,0.0,0.0,0.0,0.0,0.0,0.0,0.0,0.0,0,0,2,False,0,0,0
14,Kacurri,,DEF,1,Arsenal,,4,,,,,0,0,0,0,0,0,0,0,0,0,0,0,0,0,0.0,0.0,0.0,0.0,0.0,0.0,0.0,0.0,0,0,2,False,0,0,0
15,Nichols,,DEF,1,Arsenal,,4,,,,,0,0,0,0,0,0,0,0,0,0,0,0,0,0,0.0,0.0,0.0,0.0,0.0,0.0,0.0,0.0,0,0,2,False,0,0,0
16,Saka,,MID,1,Arsenal,,4,,,,,0,0,0,0,0,0,0,0,0,0,0,0,0,0,0.0,0.0,0.0,0.0,0.0,0.0,0.0,0.0,0,0,3,False,0,0,0
17,Ødegaard,,MID,1,Arsenal,,4,,,,,17,1,0,0,0,0,0,0,0,0,0,0,0,3,0.0,5.2,0.0,0.5,0.0,0.0,0.0,0.0,0,0,3,False,0,1,0
18,Madueke,,MID,1,Arsenal,,4,,,,,78,3,0,0,1,0,0,0,0,0,0,0,0,24,22.6,70.8,26.0,11.9,0.0,0.71,0.71,0.1,1,7,3,False,3,1,3
19,Martinelli,,MID,1,Arsenal,,4,,,,,12,1,0,0,0,0,0,0,0,0,0,0,0,4,2.0,4.3,0.0,0.6,0.0,0.0,0.0,0.1,0,1,3,False,1,0,0
20,Trossard,,MID,1,Arsenal,,4,,,,,11,4,0,1,0,0,0,0,0,0,0,0,0,12,17.2,10.5,4.0,3.2,0.0,0.26,0.26,0.1,0,0,3,False,0,0,0
21,Rice,,MID,1,Arsenal,,4,,,,,22,1,0,0,0,0,0,0,0,0,0,0,0,1,3.4,1.3,2.0,0.7,0.0,0.03,0.03,0.1,0,3,3,False,2,0,1
22,Merino,,MID,1,Arsenal,,4,,,,,90,3,0,0,1,0,0,0,0,0,0,0,0,15,13.2,20.3,33.0,6.7,0.13,0.07,0.2,0.2,2,10,3,False,8,1,0
23,Fábio Vieira,,MID,1,Arsenal,,4,,,,,0,0,0,0,0,0,0,0,0,0,0,0,0,0,0.0,0.0,0.0,0.0,0.0,0.0,0.0,0.0,0,0,3,False,0,0,0
24,Nørgaard,,MID,1,Arsenal,,4,,,,,0,0,0,0,0,0,0,0,0,0,0,0,0,0,0.0,0.0,0.0,0.0,0.0,0.0,0.0,0.0,0,0,3,False,0,0,0
25,Nwaneri,,MID,1,Arsenal,,4,,,,,72,3,0,0,1,0,0,0,0,0,0,0,0,8,2.4,18.7,15.0,3.6,0.15,0.03,0.18,0.2,1,4,3,False,3,0,0
26,Zubimendi,,MID,1,Arsenal,,4,,,,,90,16,2,0,1,0,0,0,0,0,0,0,3,52,68.6,14.5,25.0,10.8,0.16,0.03,0.19,0.2,1,2,3,True,1,1,0
27,Nelson,,MID,5,Brentford,,4,,,,,0,0,0,0,0,0,0,0,0,0,0,0,0,0,0.0,0.0,0.0,0.0,0.0,0.0,0.0,0.0,0,0,3,False,0,0,0
28,Kabia,,MID,1,Arsenal,,4,,,,,0,0,0,0,0,0,0,0,0,0,0,0,0,0,0.0,0.0,0.0,0.0,0.0,0.0,0.0,0.0,0,0,3,False,0,0,0
29,Sambi,,MID,1,Arsenal,,4,,,,,0,0,0,0,0,0,0,0,0,0,0,0,0,0,0.0,0.0,0.0,0.0,0.0,0.0,0.0,0.0,0,0,3,False,0,0,0
30,Havertz,,FWD,1,Arsenal,,4,,,,,0,0,0,0,0,0,0,0,0,0,0,0,0,0,0.0,0.0,0.0,0.0,0.0,0.0,0.0,0.0,0,0,4,False,0,0,0
31,G.Jesus,,FWD,1,Arsenal,,4,,,,,0,0,0,0,0,0,0,0,0,0,0,0,0,0,0.0,0.0,0.0,0.0,0.0,0.0,0.0,0.0,0,0,4,False,0,0,0
32,Martinez,,GK,2,Aston Villa,,4,,,,,90,6,0,0,1,0,0,0,0,0,0,2,0,27,20.2,0.0,0.0,2.0,0.0,0.0,0.0,2.08,2,0,1,False,3,1,0
33,M.Bizot,,GK,2,Aston Villa,,4,,,,,0,0,0,0,0,0,0,0,0,0,0,0,0,0,0.0,0.0,0.0,0.0,0.0,0.0,0.0,0.0,0,0,1,False,0,0,0
34,Gauci,,GK,2,Aston Villa,,4,,,,,0,0,0,0,0,0,0,0,0,0,0,0,0,0,0.0,0.0,0.0,0.0,0.0,0.0,0.0,0.0,0,0,1,False,0,0,0
35,Marschall,,GK,2,Aston Villa,,4,,,,,0,0,0,0,0,0,0,0,0,0,0,0,0,0,0.0,0.0,0.0,0.0,0.0,0.0,0.0,0.0,0,0,1,False,0,0,0
36,Cash,,DEF,2,Aston Villa,,4,,,,,90,5,0,0,1,0,0,0,0,1,0,0,0,13,13.2,16.6,2.0,3.2,0.0,0.14,0.14,2.08,1,4,2,False,0,1,3
37,Digne,,DEF,2,Aston Villa,,4,,,,,90,5,0,0,1,0,0,0,0,1,0,0,0,18,7.4,6.8,9.0,2.3,0.08,0.01,0.09,2.08,3,4,2,False,6,1,1
38,Konsa,,DEF,2,Aston Villa,,4,,,,,90,6,0,0,1,0,0,0,0,0,0,0,0,28,15.4,1.0,0.0,1.6,0.0,0.01,0.01,2.08,3,4,2,False,2,1,1
39,Maatsen,,DEF,2,Aston Villa,,4,,,,,0,0,0,0,0,0,0,0,0,0,0,0,0,0,0.0,0.0,0.0,0.0,0.0,0.0,0.0,0.0,0,0,2,False,0,0,0
40,Mings,,DEF,2,Aston Villa,,4,,,,,90,9,0,0,1,0,0,0,0,0,0,0,1,30,36.0,1.3,8.0,4.5,0.22,0.01,0.23,2.08,12,13,2,False,3,1,1
41,Pau,,DEF,2,Aston Villa,,4,,,,,0,0,0,0,0,0,0,0,0,0,0,0,0,0,0.0,0.0,0.0,0.0,0.0,0.0,0.0,0.0,0,0,2,False,0,0,0
42,A.García,,DEF,2,Aston Villa,,4,,,,,0,0,0,0,0,0,0,0,0,0,0,0,0,0,0.0,0.0,0.0,0.0,0.0,0.0,0.0,0.0,0,0,2,False,0,0,0
43,Alex Moreno,,DEF,2,Aston Villa,,4,,,,,0,0,0,0,0,0,0,0,0,0,0,0,0,0,0.0,0.0,0.0,0.0,0.0,0.0,0.0,0.0,0,0,2,False,0,0,0
44,Bogarde,,DEF,2,Aston Villa,,4,,,,,82,9,0,0,1,0,0,0,0,0,0,0,3,35,13.0,2.0,0.0,1.5,0.0,0.02,0.02,1.6,4,7,2,False,3,1,3
45,Sousa,,DEF,2,Aston Villa,,4,,,,,0,0,0,0,0,0,0,0,0,0,0,0,0,0,0.0,0.0,0.0,0.0,0.0,0.0,0.0,0.0,0,0,2,False,0,0,0
46,Yasin,,DEF,2,Aston Villa,,4,,,,,0,0,0,0,0,0,0,0,0,0,0,0,0,0,0.0,0.0,0.0,0.0,0.0,0.0,0.0,0.0,0,0,2,False,0,0,0
47,Rogers,,MID,2,Aston Villa,,4,,,,,90,3,0,0,1,0,0,0,0,0,0,0,0,4,6.4,4.0,7.0,1.7,0.08,0.02,0.1,2.08,2,6,3,False,4,1,0
48,Tielemans,,MID,2,Aston Villa,,4,,,,,45,1,0,0,0,0,0,0,0,0,0,0,0,10,3.4,2.3,0.0,0.6,0.0,0.02,0.02,1.17,0,4,3,False,3,1,1
49,Bailey,,MID,2,Aston Villa,,4,,,,,0,0,0,0,0,0,0,0,0,0,0,0,0,0,0.0,0.0,0.0,0.0,0.0,0.0,0.0,0.0,0,0,3,False,0,0,0
50,Buendía,,MID,2,Aston Villa,,4,,,,,70,2,0,0,1,0,0,0,0,1,0,0,0,6,8.6,13.2,13.0,3.5,0.16,0.06,0.22,1.53,1,8,3,False,5,1,2
51,Iling Jr,,MID,2,Aston Villa,,4,,,,,0,0,0,0,0,0,0,0,0,0,0,0,0,0,0.0,0.0,0.0,0.0,0.0,0.0,0.0,0.0,0,0,3,False,0,0,0
52,J.Ramsey,,MID,15,Newcastle,,4,,,,,0,0,0,0,0,0,0,0,0,0,0,0,0,0,0.0,0.0,0.0,0.0,0.0,0.0,0.0,0.0,0,0,3,False,0,0,0
53,Malen,,MID,2,Aston Villa,,4,,,,,7,1,0,0,0,0,0,0,0,0,0,0,0,2,1.0,0.3,0.0,0.1,0.0,0.0,0.0,0.48,0,0,3,False,0,0,0
54,McGinn,,MID,2,Aston Villa,,4,,,,,90,3,0,0,1,0,0,0,0,0,0,0,0,12,10.4,13.4,0.0,2.4,0.0,0.03,0.03,2.08,3,8,3,False,5,1,0
55,Barkley,,MID,2,Aston Villa,,4,,,,,0,0,0,0,0,0,0,0,0,0,0,0,0,0,0.0,0.0,0.0,0.0,0.0,0.0,0.0,0.0,0,0,3,False,0,0,0
56,Barrenechea,,MID,2,Aston Villa,,4,,,,,0,0,0,0,0,0,0,0,0,0,0,0,0,0,0.0,0.0,0.0,0.0,0.0,0.0,0.0,0.0,0,0,3,False,0,0,0
57,Dobbin,,MID,2,Aston Villa,,4,,,,,0,0,0,0,0,0,0,0,0,0,0,0,0,0,0.0,0.0,0.0,0.0,0.0,0.0,0.0,0.0,0,0,3,False,0,0,0
58,Kamara,,MID,2,Aston Villa,,4,,,,,0,0,0,0,0,0,0,0,0,0,0,0,0,0,0.0,0.0,0.0,0.0,0.0,0.0,0.0,0.0,0,0,3,False,0,0,0
59,Onana,,MID,2,Aston Villa,,4,,,,,0,0,0,0,0,0,0,0,0,0,0,0,0,0,0.0,0.0,0.0,0.0,0.0,0.0,0.0,0.0,0,0,3,False,0,0,0
60,Broggio,,MID,2,Aston Villa,,4,,,,,0,0,0,0,0,0,0,0,0,0,0,0,0,0,0.0,0.0,0.0,0.0,0.0,0.0,0.0,0.0,0,0,3,False,0,0,0
61,Dendoncker,,MID,2,Aston Villa,,4,,,,,0,0,0,0,0,0,0,0,0,0,0,0,0,0,0.0,0.0,0.0,0.0,0.0,0.0,0.0,0.0,0,0,3,False,0,0,0
62,Jimoh-Aloba,,MID,2,Aston Villa,,4,,,,,0,0,0,0,0,0,0,0,0,0,0,0,0,0,0.0,0.0,0.0,0.0,0.0,0.0,0.0,0.0,0,0,3,False,0,0,0
63,Young,,MID,2,Aston Villa,,4,,,,,0,0,0,0,0,0,0,0,0,0,0,0,0,0,0.0,0.0,0.0,0.0,0.0,0.0,0.0,0.0,0,0,3,False,0,0,0
64,Watkins,,FWD,2,Aston Villa,,4,,,,,82,2,0,0,1,0,0,0,0,0,0,0,0,6,2.0,17.3,2.0,2.1,0.0,0.04,0.04,1.6,0,2,4,False,2,1,0
65,Redmond,,FWD,2,Aston Villa,,4,,,,,0,0,0,0,0,0,0,0,0,0,0,0,0,0,0.0,0.0,0.0,0.0,0.0,0.0,0.0,0.0,0,0,4,False,0,0,0
66,Neto,,GK,4,Bournemouth,,4,,,,,0,0,0,0,0,0,0,0,0,0,0,0,0,0,0.0,0.0,0.0,0.0,0.0,0.0,0.0,0.0,0,0,1,False,0,0,0
67,Petrović,,GK,4,Bournemouth,,4,,,,,90,2,0,0,0,1,0,0,0,0,0,1,0,5,8.6,0.0,0.0,0.9,0.0,0.0,0.0,0.62,1,0,1,False,5,1,0
68,Dennis,,GK,4,Bournemouth,,4,,,,,0,0,0,0,0,0,0,0,0,0,0,0,0,0,0.0,0.0,0.0,0.0,0.0,0.0,0.0,0.0,0,0,1,False,0,0,0
69,McKenna,,GK,4,Bournemouth,,4,,,,,0,0,0,0,0,0,0,0,0,0,0,0,0,0,0.0,0.0,0.0,0.0,0.0,0.0,0.0,0.0,0,0,1,False,0,0,0
70,Paulsen,,GK,4,Bournemouth,,4,,,,,0,0,0,0,0,0,0,0,0,0,0,0,0,0,0.0,0.0,0.0,0.0,0.0,0.0,0.0,0.0,0,0,1,False,0,0,0
71,Zabarnyi,,DEF,4,Bournemouth,,4,,,,,0,0,0,0,0,0,0,0,0,0,0,0,0,0,0.0,0.0,0.0,0.0,0.0,0.0,0.0,0.0,0,0,2,False,0,0,0
72,Senesi,,DEF,4,Bournemouth,,4,,,,,90,3,0,0,0,1,0,0,0,1,0,0,0,9,30.0,4.7,2.0,3.7,0.0,0.03,0.03,0.62,9,12,2,False,6,1,3
73,Smith,,DEF,4,Bournemouth,,4,,,,,0,0,0,0,0,0,0,0,0,0,0,0,0,0,0.0,0.0,0.0,0.0,0.0,0.0,0.0,0.0,0,0,2,False,0,0,0
74,Truffert,,DEF,4,Bournemouth,,4,,,,,90,2,0,0,0,1,0,0,0,0,0,0,0,2,15.4,29.7,0.0,4.5,0.0,0.1,0.1,0.62,3,4,2,False,3,1,1
75,Akinmboni,,DEF,4,Bournemouth,,4,,,,,0,0,0,0,0,0,0,0,0,0,0,0,0,0,0.0,0.0,0.0,0.0,0.0,0.0,0.0,0.0,0,0,2,False,0,0,0
76,Bevan,,DEF,4,Bournemouth,,4,,,,,0,0,0,0,0,0,0,0,0,0,0,0,0,0,0.0,0.0,0.0,0.0,0.0,0.0,0.0,0.0,0,0,2,False,0,0,0
77,Hill,,DEF,4,Bournemouth,,4,,,,,86,2,0,0,0,1,0,0,0,0,0,0,0,7,8.2,1.3,33.0,4.3,0.12,0.03,0.15,0.62,2,3,2,False,1,1,1
78,J.Araujo,,DEF,4,Bournemouth,,4,,,,,0,0,0,0,0,0,0,0,0,0,0,0,0,0,0.0,0.0,0.0,0.0,0.0,0.0,0.0,0.0,0,0,2,False,0,0,0
79,Mepham,,DEF,4,Bournemouth,,4,,,,,0,0,0,0,0,0,0,0,0,0,0,0,0,0,0.0,0.0,0.0,0.0,0.0,0.0,0.0,0.0,0,0,2,False,0,0,0
80,Soler,,DEF,4,Bournemouth,,4,,,,,1,1,0,0,0,0,0,0,0,0,0,0,0,2,0.0,0.0,0.0,0.0,0.0,0.0,0.0,0.0,0,0,2,False,0,0,0
81,Kluivert,,MID,4,Bournemouth,,4,,,,,23,1,0,0,0,0,0,0,0,0,0,0,0,6,6.6,14.4,8.0,2.9,0.09,0.32,0.41,0.05,1,3,3,False,2,0,0
82,Semenyo,,MID,4,Bournemouth,,4,,,,,90,13,1,1,0,1,0,0,0,0,0,0,3,39,63.2,24.7,29.0,11.7,0.87,0.06,0.93,0.62,3,8,3,True,2,1,3
83,O.Dango,,MID,5,Brentford,,4,,,,,17,1,0,0,0,1,0,0,0,0,0,0,0,2,1.0,0.4,4.0,0.5,0.0,0.0,0.0,0.49,0,1,3,False,1,0,0
84,Tavernier,,MID,4,Bournemouth,,4,,,,,85,2,0,0,0,1,0,0,0,0,0,0,0,9,1.8,14.9,7.0,2.4,0.04,0.11,0.15,0.62,1,8,3,False,7,1,0
85,Adams,,MID,4,Bournemouth,,4,,,,,90,1,0,0,0,1,0,0,0,1,0,0,0,15,11.4,13.3,0.0,2.5,0.0,0.01,0.01,0.62,4,11,3,False,5,1,2
86,Brooks,,MID,4,Bournemouth,,4,,,,,66,1,0,0,0,1,0,0,0,1,0,0,0,0,0.0,2.9,8.0,0.6,0.09,0.02,0.11,0.57,0,6,3,False,6,1,0
87,Christie,,MID,4,Bournemouth,,4,,,,,0,0,0,0,0,0,0,0,0,0,0,0,0,0,0.0,0.0,0.0,0.0,0.0,0.0,0.0,0.0,0,0,3,False,0,0,0
88,Cook,,MID,4,Bournemouth,,4,,,,,4,1,0,0,0,0,0,0,0,0,0,0,0,2,2.0,0.1,0.0,0.2,0.0,0.0,0.0,0.0,1,1,3,False,0,0,0
89,Philip,,MID,4,Bournemouth,,4,,,,,0,0,0,0,0,0,0,0,0,0,0,0,0,0,0.0,0.0,0.0,0.0,0.0,0.0,0.0,0.0,0,0,3,False,0,0,0
90,Scott,,MID,4,Bournemouth,,4,,,,,66,9,1,0,0,1,0,0,0,0,0,0,2,35,47.6,12.8,9.0,6.9,0.06,0.02,0.08,0.57,1,10,3,False,3,1,6
91,Sinisterra,,MID,4,Bournemouth,,4,,,,,0,0,0,0,0,0,0,0,0,0,0,0,0,0,0.0,0.0,0.0,0.0,0.0,0.0,0.0,0.0,0,0,3,False,0,0,0
92,Faivre,,MID,4,Bournemouth,,4,,,,,0,0,0,0,0,0,0,0,0,0,0,0,0,0,0.0,0.0,0.0,0.0,0.0,0.0,0.0,0.0,0,0,3,False,0,0,0
93,H.Traorè,,MID,4,Bournemouth,,4,,,,,0,0,0,0,0,0,0,0,0,0,0,0,0,0,0.0,0.0,0.0,0.0,0.0,0.0,0.0,0.0,0,0,3,False,0,0,0
94,Sadi,,MID,4,Bournemouth,,4,,,,,0,0,0,0,0,0,0,0,0,0,0,0,0,0,0.0,0.0,0.0,0.0,0.0,0.0,0.0,0.0,0,0,3,False,0,0,0
95,Silcott-Duberry,,MID,4,Bournemouth,,4,,,,,0,0,0,0,0,0,0,0,0,0,0,0,0,0,0.0,0.0,0.0,0.0,0.0,0.0,0.0,0.0,0,0,3,False,0,0,0
96,Winterburn,,MID,4,Bournemouth,,4,,,,,0,0,0,0,0,0,0,0,0,0,0,0,0,0,0.0,0.0,0.0,0.0,0.0,0.0,0.0,0.0,0,0,3,False,0,0,0
97,Evanilson,,FWD,4,Bournemouth,,4,,,,,90,5,0,1,0,1,0,0,0,0,0,0,0,19,3.4,2.2,40.0,4.6,0.14,0.04,0.18,0.62,1,7,4,False,6,1,0
98,Enes Ünal,,FWD,4,Bournemouth,,4,,,,,0,0,0,0,0,0,0,0,0,0,0,0,0,0,0.0,0.0,0.0,0.0,0.0,0.0,0.0,0.0,0,0,4,False,0,0,0
99,Adu-Adjei,,FWD,4,Bournemouth,,4,,,,,0,0,0,0,0,0,0,0,0,0,0,0,0,0,0.0,0.0,0.0,0.0,0.0,0.0,0.0,0.0,0,0,4,False,0,0,0
100,Kroupi.Jr,,FWD,4,Bournemouth,,4,,,,,0,0,0,0,0,0,0,0,0,0,0,0,0,0,0.0,0.0,0.0,0.0,0.0,0.0,0.0,0.0,0,0,4,False,0,0,0
101,Kelleher,,GK,5,Brentford,,4,,,,,90,2,0,0,0,2,0,0,0,0,0,4,0,12,33.0,0.0,0.0,3.3,0.0,0.0,0.0,1.25,1,0,1,False,10,1,1
102,Balcombe,,GK,5,Brentford,,4,,,,,0,0,0,0,0,0,0,0,0,0,0,0,0,0,0.0,0.0,0.0,0.0,0.0,0.0,0.0,0.0,0,0,1,False,0,0,0
103,Cox,,GK,5,Brentford,,4,,,,,0,0,0,0,0,0,0,0,0,0,0,0,0,0,0.0,0.0,0.0,0.0,0.0,0.0,0.0,0.0,0,0,1,False,0,0,0
104,Eyestone,,GK,5,Brentford,,4,,,,,0,0,0,0,0,0,0,0,0,0,0,0,0,0,0.0,0.0,0.0,0.0,0.0,0.0,0.0,0.0,0,0,1,False,0,0,0
105,Valdimarsson,,GK,5,Brentford,,4,,,,,0,0,0,0,0,0,0,0,0,0,0,0,0,0,0.0,0.0,0.0,0.0,0.0,0.0,0.0,0.0,0,0,1,False,0,0,0
106,Collins,,DEF,5,Brentford,,4,,,,,90,3,0,0,0,2,0,0,0,0,0,0,0,7,24.8,10.4,4.0,3.9,0.0,0.04,0.04,1.25,10,11,2,False,1,1,1
107,Lewis-Potter,,DEF,5,Brentford,,4,,,,,89,1,0,0,0,2,0,0,0,0,0,0,0,1,4.2,15.5,4.0,2.4,0.0,0.05,0.05,1.16,1,2,2,False,3,1,1
108,Ajer,,DEF,5,Brentford,,4,,,,,7,4,0,1,0,1,0,0,0,0,0,0,0,13,20.2,10.3,19.0,5.0,0.04,0.41,0.45,0.16,0,0,2,False,0,0,0
109,Henry,,DEF,5,Brentford,,4,,,,,18,1,0,0,0,1,0,0,0,0,0,0,0,2,0.0,0.1,4.0,0.3,0.1,0.0,0.1,0.49,0,1,2,False,1,0,1
110,Kayode,,DEF,5,Brentford,,4,,,,,82,2,0,0,0,1,0,0,0,0,0,0,0,10,16.8,1.4,0.0,1.8,0.0,0.0,0.0,1.1,8,8,2,False,6,1,0
111,Pinnock,,DEF,5,Brentford,,4,,,,,82,1,0,0,0,1,0,0,0,1,0,0,0,5,18.0,0.7,8.0,2.7,0.0,0.04,0.04,1.1,7,8,2,False,1,1,1
112,Roerslev,,DEF,5,Brentford,,4,,,,,0,0,0,0,0,0,0,0,0,0,0,0,0,0,0.0,0.0,0.0,0.0,0.0,0.0,0.0,0.0,0,0,2,False,0,0,0
113,Van den Berg,,DEF,5,Brentford,,4,,,,,90,1,0,0,0,2,0,0,0,0,0,0,0,7,12.4,0.3,0.0,1.3,0.0,0.0,0.0,1.25,6,7,2,False,1,1,1
114,Arthur,,DEF,5,Brentford,,4,,,,,0,0,0,0,0,0,0,0,0,0,0,0,0,0,0.0,0.0,0.0,0.0,0.0,0.0,0.0,0.0,0,0,2,False,0,0,0
115,Fredrick,,DEF,5,Brentford,,4,,,,,0,0,0,0,0,0,0,0,0,0,0,0,0,0,0.0,0.0,0.0,0.0,0.0,0.0,0.0,0.0,0,0,2,False,0,0,0
116,Hickey,,DEF,5,Brentford,,4,,,,,7,1,0,0,0,1,0,0,0,0,0,0,0,-1,0.2,0.3,0.0,0.1,0.0,0.0,0.0,0.16,0,0,2,False,0,0,0
117,Ji-soo,,DEF,5,Brentford,,4,,,,,0,0,0,0,0,0,0,0,0,0,0,0,0,0,0.0,0.0,0.0,0.0,0.0,0.0,0.0,0.0,0,0,2,False,0,0,0
118,Meghoma,,DEF,5,Brentford,,4,,,,,0,0,0,0,0,0,0,0,0,0,0,0,0,0,0.0,0.0,0.0,0.0,0.0,0.0,0.0,0.0,0,0,2,False,0,0,0
119,Mbeumo,,MID,14,Man Utd,,4,,,,,90,2,0,0,0,3,0,0,0,0,0,0,0,1,2.2,15.7,41.0,5.9,0.68,0.17,0.85,2.52,0,2,3,False,2,1,0
120,Schade,,MID,5,Brentford,,4,,,,,90,7,1,0,0,2,0,0,0,0,0,0,0,21,35.4,1.6,43.0,8.0,0.61,0.03,0.64,1.25,0,4,3,False,1,1,3
121,Damsgaard,,MID,5,Brentford,,4,,,,,0,0,0,0,0,0,0,0,0,0,0,0,0,0,0.0,0.0,0.0,0.0,0.0,0.0,0.0,0.0,0,0,3,False,0,0,0
122,Milambo,,MID,5,Brentford,,4,,,,,0,0,0,0,0,0,0,0,0,0,0,0,0,0,0.0,0.0,0.0,0.0,0.0,0.0,0.0,0.0,0,0,3,False,0,0,0
123,Carvalho,,MID,5,Brentford,,4,,,,,1,7,1,0,0,0,0,0,0,0,0,0,1,23,33.2,0.1,33.0,6.6,0.67,0.0,0.67,0.09,0,0,3,False,0,0,0
124,Henderson,,MID,5,Brentford,,4,,,,,90,6,0,1,0,2,0,0,0,0,0,0,1,23,32.4,20.0,0.0,5.2,0.0,0.03,0.03,1.25,3,9,3,False,3,1,3
125,Janelt,,MID,5,Brentford,,4,,,,,0,0,0,0,0,0,0,0,0,0,0,0,0,0,0.0,0.0,0.0,0.0,0.0,0.0,0.0,0.0,0,0,3,False,0,0,0
126,Jensen,,MID,5,Brentford,,4,,,,,72,2,0,0,0,1,0,0,0,0,0,0,0,17,14.4,22.3,2.0,3.9,0.0,0.06,0.06,0.77,4,10,3,False,3,1,3
127,Nunes,,MID,5,Brentford,,4,,,,,0,0,0,0,0,0,0,0,0,0,0,0,0,0,0.0,0.0,0.0,0.0,0.0,0.0,0.0,0.0,0,0,3,False,0,0,0
128,Onyeka,,MID,5,Brentford,,4,,,,,0,0,0,0,0,0,0,0,0,0,0,0,0,0,0.0,0.0,0.0,0.0,0.0,0.0,0.0,0.0,0,0,3,False,0,0,0
129,Yarmoliuk,,MID,5,Brentford,,4,,,,,90,3,0,0,0,2,0,0,0,1,0,0,0,11,15.0,12.9,2.0,3.0,0.0,0.11,0.11,1.25,3,12,3,False,7,1,2
130,Donovan,,MID,5,Brentford,,4,,,,,0,0,0,0,0,0,0,0,0,0,0,0,0,0,0.0,0.0,0.0,0.0,0.0,0.0,0.0,0.0,0,0,3,False,0,0,0
131,Konak,,MID,5,Brentford,,4,,,,,0,0,0,0,0,0,0,0,0,0,0,0,0,0,0.0,0.0,0.0,0.0,0.0,0.0,0.0,0.0,0,0,3,False,0,0,0
132,Maghoma,,MID,5,Brentford,,4,,,,,0,0,0,0,0,0,0,0,0,0,0,0,0,0,0.0,0.0,0.0,0.0,0.0,0.0,0.0,0.0,0,0,3,False,0,0,0
133,Peart-Harris,,MID,5,Brentford,,4,,,,,0,0,0,0,0,0,0,0,0,0,0,0,0,0,0.0,0.0,0.0,0.0,0.0,0.0,0.0,0.0,0,0,3,False,0,0,0
134,Trevitt,,MID,5,Brentford,,4,,,,,0,0,0,0,0,0,0,0,0,0,0,0,0,0,0.0,0.0,0.0,0.0,0.0,0.0,0.0,0.0,0,0,3,False,0,0,0
135,Wissa,,FWD,15,Newcastle,,4,,,,,0,0,0,0,0,0,0,0,0,0,0,0,0,0,0.0,0.0,0.0,0.0,0.0,0.0,0.0,0.0,0,0,4,False,0,0,0
136,Thiago,,FWD,5,Brentford,,4,,,,,71,1,0,0,0,1,0,0,0,1,0,0,0,7,10.0,14.5,0.0,2.5,0.0,0.03,0.03,0.77,3,4,4,False,1,1,0
137,Morgan,,FWD,5,Brentford,,4,,,,,0,0,0,0,0,0,0,0,0,0,0,0,0,0,0.0,0.0,0.0,0.0,0.0,0.0,0.0,0.0,0,0,4,False,0,0,0
138,Steele,,GK,6,Brighton,,4,,,,,0,0,0,0,0,0,0,0,0,0,0,0,0,0,0.0,0.0,0.0,0.0,0.0,0.0,0.0,0.0,0,0,1,False,0,0,0
139,Verbruggen,,GK,6,Brighton,,4,,,,,90,2,0,0,0,2,0,0,0,0,0,3,0,15,26.2,0.0,0.0,2.6,0.0,0.01,0.01,1.45,1,0,1,False,13,1,0
140,McGill,,GK,6,Brighton,,4,,,,,0,0,0,0,0,0,0,0,0,0,0,0,0,0,0.0,0.0,0.0,0.0,0.0,0.0,0.0,0.0,0,0,1,False,0,0,0
141,Rushworth,,GK,6,Brighton,,4,,,,,0,0,0,0,0,0,0,0,0,0,0,0,0,0,0.0,0.0,0.0,0.0,0.0,0.0,0.0,0.0,0,0,1,False,0,0,0
142,Scherpen,,GK,6,Brighton,,4,,,,,0,0,0,0,0,0,0,0,0,0,0,0,0,0,0.0,0.0,0.0,0.0,0.0,0.0,0.0,0.0,0,0,1,False,0,0,0
143,Boscagli,,DEF,6,Brighton,,4,,,,,0,0,0,0,0,0,0,0,0,0,0,0,0,0,0.0,0.0,0.0,0.0,0.0,0.0,0.0,0.0,0,0,2,False,0,0,0
144,Coppola,,DEF,6,Brighton,,4,,,,,0,0,0,0,0,0,0,0,0,0,0,0,0,0,0.0,0.0,0.0,0.0,0.0,0.0,0.0,0.0,0,0,2,False,0,0,0
145,De Cuyper,,DEF,6,Brighton,,4,,,,,23,1,0,0,0,1,0,0,0,0,0,0,0,2,3.8,0.2,2.0,0.6,0.0,0.0,0.0,0.06,0,2,2,False,2,1,2
146,Dunk,,DEF,6,Brighton,,4,,,,,90,2,0,0,0,2,0,0,0,1,0,0,0,4,23.2,11.3,8.0,4.3,0.0,0.01,0.01,1.45,11,11,2,False,2,1,0
147,Estupiñan,,DEF,6,Brighton,,4,,,,,0,0,0,0,0,0,0,0,0,0,0,0,0,0,0.0,0.0,0.0,0.0,0.0,0.0,0.0,0.0,0,0,2,False,0,0,0
148,F.Kadıoğlu,,DEF,6,Brighton,,4,,,,,66,4,0,0,0,1,0,0,0,0,0,0,0,13,21.2,6.4,0.0,2.8,0.0,0.04,0.04,1.39,8,10,2,False,4,0,2
149,Igor,,DEF,19,West Ham,,4,,,,,0,0,0,0,0,0,0,0,0,0,0,0,0,0,0.0,0.0,0.0,0.0,0.0,0.0,0.0,0.0,0,0,2,False,0,0,0
150,Lamptey,,DEF,6,Brighton,,4,,,,,0,0,0,0,0,0,0,0,0,0,0,0,0,0,0.0,0.0,0.0,0.0,0.0,0.0,0.0,0.0,0,0,2,False,0,0,0
151,Van Hecke,,DEF,6,Brighton,,4,,,,,90,3,0,0,0,2,0,0,0,0,0,0,0,5,24.0,0.8,2.0,2.7,0.0,0.02,0.02,1.45,10,10,2,False,2,1,0
152,Veltman,,DEF,6,Brighton,,4,,,,,90,3,0,0,0,2,0,0,0,0,0,0,0,13,22.4,11.3,4.0,3.8,0.0,0.01,0.01,1.45,6,10,2,False,7,1,4
153,Webster,,DEF,6,Brighton,,4,,,,,0,0,0,0,0,0,0,0,0,0,0,0,0,0,0.0,0.0,0.0,0.0,0.0,0.0,0.0,0.0,0,0,2,False,0,0,0
154,Cashin,,DEF,6,Brighton,,4,,,,,0,0,0,0,0,0,0,0,0,0,0,0,0,0,0.0,0.0,0.0,0.0,0.0,0.0,0.0,0.0,0,0,2,False,0,0,0
155,Slater,,DEF,6,Brighton,,4,,,,,0,0,0,0,0,0,0,0,0,0,0,0,0,0,0.0,0.0,0.0,0.0,0.0,0.0,0.0,0.0,0,0,2,False,0,0,0
156,Tasker,,DEF,6,Brighton,,4,,,,,0,0,0,0,0,0,0,0,0,0,0,0,0,0,0.0,0.0,0.0,0.0,0.0,0.0,0.0,0.0,0,0,2,False,0,0,0
157,Mitoma,,MID,6,Brighton,,4,,,,,90,7,1,0,0,2,0,0,0,0,0,0,0,24,35.6,3.0,35.0,7.4,0.37,0.03,0.4,1.45,0,0,3,False,0,1,0
158,Georginio,,MID,6,Brighton,,4,,,,,66,1,0,0,0,2,0,0,0,1,0,0,0,10,6.8,12.2,6.0,2.5,0.0,0.01,0.01,1.2,2,5,3,False,2,1,1
159,March,,MID,6,Brighton,,4,,,,,0,0,0,0,0,0,0,0,0,0,0,0,0,0,0.0,0.0,0.0,0.0,0.0,0.0,0.0,0.0,0,0,3,False,0,0,0
160,Minteh,,MID,6,Brighton,,4,,,,,90,6,0,1,0,2,0,0,0,0,0,0,1,28,29.0,16.9,37.0,8.3,0.14,0.15,0.29,1.45,0,6,3,False,4,1,2
161,Enciso,,MID,6,Brighton,,4,,,,,0,0,0,0,0,0,0,0,0,0,0,0,0,0,0.0,0.0,0.0,0.0,0.0,0.0,0.0,0.0,0,0,3,False,0,0,0
162,Gruda,,MID,6,Brighton,,4,,,,,23,1,0,0,0,0,0,0,0,0,0,0,0,2,0.6,0.7,0.0,0.1,0.0,0.01,0.01,0.25,0,2,3,False,2,0,0
163,Hinshelwood,,MID,6,Brighton,,4,,,,,2,1,0,0,0,0,0,0,0,0,0,0,0,2,0.0,0.0,0.0,0.0,0.0,0.0,0.0,0.0,0,0,3,False,0,1,0
164,O'Riley,,MID,6,Brighton,,4,,,,,0,0,0,0,0,0,0,0,0,0,0,0,0,0,0.0,0.0,0.0,0.0,0.0,0.0,0.0,0.0,0,0,3,False,0,0,0
165,Sima,,MID,6,Brighton,,4,,,,,0,0,0,0,0,0,0,0,0,0,0,0,0,0,0.0,0.0,0.0,0.0,0.0,0.0,0.0,0.0,0,0,3,False,0,0,0
166,Ayari,,MID,6,Brighton,,4,,,,,87,2,0,0,0,2,0,0,0,0,0,0,0,20,15.4,2.4,0.0,1.8,0.0,0.07,0.07,1.45,3,10,3,False,3,0,4
167,Baleba,,MID,6,Brighton,,4,,,,,24,0,0,0,0,0,0,0,0,1,0,0,0,0,0.6,1.0,1.0,0.3,0.02,0.0,0.02,0.25,2,6,3,False,3,0,1
168,Buonanotte,,MID,7,Chelsea,,4,,,,,45,1,0,0,0,1,0,0,0,0,0,0,0,4,5.6,25.1,8.0,3.9,0.0,0.09,0.09,0.55,0,3,3,False,2,1,1
169,Gomez,,MID,6,Brighton,,4,,,,,0,0,0,0,0,0,0,0,0,0,0,0,0,0,0.0,0.0,0.0,0.0,0.0,0.0,0.0,0.0,0,0,3,False,0,0,0
170,Milner,,MID,6,Brighton,,4,,,,,65,1,0,0,0,2,0,0,0,1,0,0,0,8,8.0,5.0,0.0,1.3,0.0,0.02,0.02,1.2,2,6,3,False,2,1,2
171,Sarmiento,,MID,6,Brighton,,4,,,,,0,0,0,0,0,0,0,0,0,0,0,0,0,0,0.0,0.0,0.0,0.0,0.0,0.0,0.0,0.0,0,0,3,False,0,0,0
172,Watson,,MID,6,Brighton,,4,,,,,0,0,0,0,0,0,0,0,0,0,0,0,0,0,0.0,0.0,0.0,0.0,0.0,0.0,0.0,0.0,0,0,3,False,0,0,0
173,Wieffer,,MID,6,Brighton,,4,,,,,0,0,0,0,0,0,0,0,0,0,0,0,0,0,0.0,0.0,0.0,0.0,0.0,0.0,0.0,0.0,0,0,3,False,0,0,0
174,Yalcouye,,MID,6,Brighton,,4,,,,,0,0,0,0,0,0,0,0,0,0,0,0,0,0,0.0,0.0,0.0,0.0,0.0,0.0,0.0,0.0,0,0,3,False,0,0,0
175,Knight,,MID,6,Brighton,,4,,,,,0,0,0,0,0,0,0,0,0,0,0,0,0,0,0.0,0.0,0.0,0.0,0.0,0.0,0.0,0.0,0,0,3,False,0,0,0
176,Mazilu,,MID,6,Brighton,,4,,,,,0,0,0,0,0,0,0,0,0,0,0,0,0,0,0.0,0.0,0.0,0.0,0.0,0.0,0.0,0.0,0,0,3,False,0,0,0
177,Moran,,MID,6,Brighton,,4,,,,,0,0,0,0,0,0,0,0,0,0,0,0,0,0,0.0,0.0,0.0,0.0,0.0,0.0,0.0,0.0,0,0,3,False,0,0,0
178,Welbeck,,FWD,6,Brighton,,4,,,,,66,2,0,0,0,2,0,0,0,0,0,0,0,7,1.8,2.9,8.0,1.3,0.09,0.02,0.11,1.2,0,4,4,False,2,1,2
179,Ferguson,,FWD,6,Brighton,,4,,,,,0,0,0,0,0,0,0,0,0,0,0,0,0,0,0.0,0.0,0.0,0.0,0.0,0.0,0.0,0.0,0,0,4,False,0,0,0
180,Tzimas,,FWD,6,Brighton,,4,,,,,23,1,0,0,0,0,0,0,0,0,0,0,0,0,0.0,0.1,0.0,0.0,0.0,0.0,0.0,0.25,0,2,4,False,2,0,0
181,Kostoulas,,FWD,6,Brighton,,4,,,,,0,0,0,0,0,0,0,0,0,0,0,0,0,0,0.0,0.0,0.0,0.0,0.0,0.0,0.0,0.0,0,0,4,False,0,0,0
182,Trafford,,GK,13,Man City,,4,,,,,0,0,0,0,0,0,0,0,0,0,0,0,0,0,0.0,0.0,0.0,0.0,0.0,0.0,0.0,0.0,0,0,1,False,0,0,0
183,Weiss,,GK,3,Burnley,,4,,,,,0,0,0,0,0,0,0,0,0,0,0,0,0,0,0.0,0.0,0.0,0.0,0.0,0.0,0.0,0.0,0,0,1,False,0,0,0
184,Green,,GK,3,Burnley,,4,,,,,0,0,0,0,0,0,0,0,0,0,0,0,0,0,0.0,0.0,0.0,0.0,0.0,0.0,0.0,0.0,0,0,1,False,0,0,0
185,Hladký,,GK,3,Burnley,,4,,,,,0,0,0,0,0,0,0,0,0,0,0,0,0,0,0.0,0.0,0.0,0.0,0.0,0.0,0.0,0.0,0,0,1,False,0,0,0
186,Roberts,,DEF,3,Burnley,,4,,,,,0,0,0,0,0,0,0,0,0,0,0,0,0,0,0.0,0.0,0.0,0.0,0.0,0.0,0.0,0.0,0,0,2,False,0,0,0
187,Walker,,DEF,3,Burnley,,4,,,,,90,2,0,0,0,1,0,0,0,0,0,0,0,6,8.6,0.8,0.0,0.9,0.0,0.0,0.0,2.45,3,4,2,False,1,1,1
188,Delcroix,,DEF,3,Burnley,,4,,,,,0,0,0,0,0,0,0,0,0,0,0,0,0,0,0.0,0.0,0.0,0.0,0.0,0.0,0.0,0.0,0,0,2,False,0,0,0
189,Dodgson,,DEF,3,Burnley,,4,,,,,0,0,0,0,0,0,0,0,0,0,0,0,0,0,0.0,0.0,0.0,0.0,0.0,0.0,0.0,0.0,0,0,2,False,0,0,0
190,Ekdal,,DEF,3,Burnley,,4,,,,,90,4,0,0,0,1,0,0,0,0,0,0,0,8,27.6,0.3,4.0,3.2,0.01,0.0,0.01,2.45,11,12,2,False,0,1,1
191,Estève,,DEF,3,Burnley,,4,,,,,90,4,0,0,0,1,0,0,0,0,0,0,0,10,36.8,0.1,0.0,3.7,0.0,0.0,0.0,2.45,15,15,2,False,0,1,0
192,Hartman,,DEF,3,Burnley,,4,,,,,90,4,0,0,0,1,0,0,0,0,0,0,0,14,25.4,10.2,0.0,3.6,0.0,0.01,0.01,2.45,15,17,2,False,2,1,2
193,Humphreys,,DEF,3,Burnley,,4,,,,,0,0,0,0,0,0,0,0,0,0,0,0,0,0,0.0,0.0,0.0,0.0,0.0,0.0,0.0,0.0,0,0,2,False,0,0,0
194,Jordan,,DEF,3,Burnley,,4,,,,,0,0,0,0,0,0,0,0,0,0,0,0,0,0,0.0,0.0,0.0,0.0,0.0,0.0,0.0,0.0,0,0,2,False,0,0,0
195,Lucas Pires,,DEF,3,Burnley,,4,,,,,0,0,0,0,0,0,0,0,0,0,0,0,0,0,0.0,0.0,0.0,0.0,0.0,0.0,0.0,0.0,0,0,2,False,0,0,0
196,Sambo,,DEF,3,Burnley,,4,,,,,0,0,0,0,0,0,0,0,0,0,0,0,0,0,0.0,0.0,0.0,0.0,0.0,0.0,0.0,0.0,0,0,2,False,0,0,0
197,Sonne,,DEF,3,Burnley,,4,,,,,0,0,0,0,0,0,0,0,0,0,0,0,0,0,0.0,0.0,0.0,0.0,0.0,0.0,0.0,0.0,0,0,2,False,0,0,0
198,Tuanzebe,,DEF,3,Burnley,,4,,,,,0,0,0,0,0,0,0,0,0,0,0,0,0,0,0.0,0.0,0.0,0.0,0.0,0.0,0.0,0.0,0,0,2,False,0,0,0
199,Worrall,,DEF,3,Burnley,,4,,,,,4,1,0,0,0,1,0,0,0,0,0,0,0,-1,2.0,0.0,0.0,0.2,0.0,0.0,0.0,1.0,1,1,2,False,0,0,0
200,Anthony,,MID,3,Burnley,,4,,,,,88,3,0,0,1,0,0,0,0,0,0,0,0,6,9.4,0.5,1.0,1.1,0.11,0.0,0.11,1.51,3,11,3,False,6,1,2
201,Benson,,MID,3,Burnley,,4,,,,,0,0,0,0,0,0,0,0,0,0,0,0,0,0,0.0,0.0,0.0,0.0,0.0,0.0,0.0,0.0,0,0,3,False,0,0,0
202,Bruun Larsen,,MID,3,Burnley,,4,,,,,0,0,0,0,0,0,0,0,0,0,0,0,0,0,0.0,0.0,0.0,0.0,0.0,0.0,0.0,0.0,0,0,3,False,0,0,0
203,Boateng,,MID,3,Burnley,,4,,,,,0,0,0,0,0,0,0,0,0,0,0,0,0,0,0.0,0.0,0.0,0.0,0.0,0.0,0.0,0.0,0,0,3,False,0,0,0
204,Churlinov,,MID,3,Burnley,,4,,,,,0,0,0,0,0,0,0,0,0,0,0,0,0,0,0.0,0.0,0.0,0.0,0.0,0.0,0.0,0.0,0,0,3,False,0,0,0
205,Cullen,,MID,3,Burnley,,4,,,,,62,3,0,0,1,0,0,0,0,0,0,0,0,12,16.6,1.5,0.0,1.8,0.0,0.0,0.0,1.21,6,7,3,False,0,1,1
206,Edwards,,MID,3,Burnley,,4,,,,,0,0,0,0,0,0,0,0,0,0,0,0,0,0,0.0,0.0,0.0,0.0,0.0,0.0,0.0,0.0,0,0,3,False,0,0,0
207,Hannibal,,MID,3,Burnley,,4,,,,,27,1,0,0,0,1,0,0,0,0,0,0,0,-2,0.0,0.3,0.0,0.0,0.0,0.0,0.0,1.24,0,2,3,False,1,0,1
208,Koleosho,,MID,3,Burnley,,4,,,,,0,0,0,0,0,0,0,0,0,0,0,0,0,0,0.0,0.0,0.0,0.0,0.0,0.0,0.0,0.0,0,0,3,False,0,0,0
209,Laurent,,MID,3,Burnley,,4,,,,,90,2,0,0,0,1,0,0,0,0,0,0,0,4,6.2,0.3,1.0,0.8,0.01,0.0,0.01,2.45,5,6,3,False,1,1,0
210,Tchaouna,,MID,3,Burnley,,4,,,,,62,3,0,0,1,0,0,0,0,0,0,0,0,6,3.8,10.7,0.0,1.5,0.0,0.01,0.01,1.21,1,3,3,False,2,1,0
211,A.Ramsey,,MID,3,Burnley,,4,,,,,0,0,0,0,0,0,0,0,0,0,0,0,0,0,0.0,0.0,0.0,0.0,0.0,0.0,0.0,0.0,0,0,3,False,0,0,0
212,Adewumi,,MID,3,Burnley,,4,,,,,0,0,0,0,0,0,0,0,0,0,0,0,0,0,0.0,0.0,0.0,0.0,0.0,0.0,0.0,0.0,0,0,3,False,0,0,0
213,Banel,,MID,3,Burnley,,4,,,,,0,0,0,0,0,0,0,0,0,0,0,0,0,0,0.0,0.0,0.0,0.0,0.0,0.0,0.0,0.0,0,0,3,False,0,0,0
214,Trésor,,MID,3,Burnley,,4,,,,,0,0,0,0,0,0,0,0,0,0,0,0,0,0,0.0,0.0,0.0,0.0,0.0,0.0,0.0,0.0,0,0,3,False,0,0,0
215,Flemming,,FWD,3,Burnley,,4,,,,,0,0,0,0,0,0,0,0,0,0,0,0,0,0,0.0,0.0,0.0,0.0,0.0,0.0,0.0,0.0,0,0,4,False,0,0,0
216,Amdouni,,FWD,3,Burnley,,4,,,,,0,0,0,0,0,0,0,0,0,0,0,0,0,0,0.0,0.0,0.0,0.0,0.0,0.0,0.0,0.0,0,0,4,False,0,0,0
217,Foster,,FWD,3,Burnley,,4,,,,,85,2,0,0,1,0,0,0,0,0,0,0,0,11,8.2,1.3,2.0,1.2,0.0,0.0,0.0,1.45,4,9,4,False,3,1,2
218,Barnes,,FWD,3,Burnley,,4,,,,,0,0,0,0,0,0,0,0,0,0,0,0,0,0,0.0,0.0,0.0,0.0,0.0,0.0,0.0,0.0,0,0,4,False,0,0,0
219,Obafemi,,FWD,3,Burnley,,4,,,,,0,0,0,0,0,0,0,0,0,0,0,0,0,0,0.0,0.0,0.0,0.0,0.0,0.0,0.0,0.0,0,0,4,False,0,0,0
220,Sánchez,,GK,7,Chelsea,,4,,,,,90,2,0,0,0,2,0,0,0,0,0,3,0,7,23.6,0.0,0.0,2.4,0.0,0.0,0.0,1.43,2,0,1,False,8,1,0
221,Jörgensen,,GK,7,Chelsea,,4,,,,,0,0,0,0,0,0,0,0,0,0,0,0,0,0,0.0,0.0,0.0,0.0,0.0,0.0,0.0,0.0,0,0,1,False,0,0,0
222,Penders,,GK,7,Chelsea,,4,,,,,0,0,0,0,0,0,0,0,0,0,0,0,0,0,0.0,0.0,0.0,0.0,0.0,0.0,0.0,0.0,0,0,1,False,0,0,0
223,Slonina,,GK,7,Chelsea,,4,,,,,0,0,0,0,0,0,0,0,0,0,0,0,0,0,0.0,0.0,0.0,0.0,0.0,0.0,0.0,0.0,0,0,1,False,0,0,0
224,Cucurella,,DEF,7,Chelsea,,4,,,,,45,1,0,0,0,1,0,0,0,0,0,0,0,6,15.4,23.5,19.0,5.8,0.06,0.02,0.08,0.87,3,5,2,False,2,0,2
225,James,,DEF,7,Chelsea,,4,,,,,45,1,0,0,0,1,0,0,0,0,0,0,0,8,6.6,3.3,2.0,1.2,0.04,0.02,0.06,0.87,2,2,2,False,2,0,0
226,Chalobah,,DEF,7,Chelsea,,4,,,,,90,3,0,0,0,2,0,0,0,0,0,0,0,12,31.0,17.1,5.0,5.3,0.03,0.29,0.32,1.43,15,16,2,False,4,1,1
227,Colwill,,DEF,7,Chelsea,,4,,,,,0,0,0,0,0,0,0,0,0,0,0,0,0,0,0.0,0.0,0.0,0.0,0.0,0.0,0.0,0.0,0,0,2,False,0,0,0
228,Gusto,,DEF,7,Chelsea,,4,,,,,0,0,0,0,0,0,0,0,0,0,0,0,0,0,0.0,0.0,0.0,0.0,0.0,0.0,0.0,0.0,0,0,2,False,0,0,0
229,B.Badiashile,,DEF,7,Chelsea,,4,,,,,0,0,0,0,0,0,0,0,0,0,0,0,0,0,0.0,0.0,0.0,0.0,0.0,0.0,0.0,0.0,0,0,2,False,0,0,0
230,Fofana,,DEF,7,Chelsea,,4,,,,,45,1,0,0,0,1,0,0,0,0,0,0,0,7,6.2,2.8,0.0,0.9,0.0,0.01,0.01,0.55,2,2,2,False,1,1,0
231,M.Sarr,,DEF,7,Chelsea,,4,,,,,0,0,0,0,0,0,0,0,0,0,0,0,0,0,0.0,0.0,0.0,0.0,0.0,0.0,0.0,0.0,0,0,2,False,0,0,0
232,Tosin,,DEF,7,Chelsea,,4,,,,,90,1,0,0,0,2,0,0,0,0,0,0,0,7,27.0,1.7,0.0,2.9,0.0,0.02,0.02,1.43,9,9,2,False,1,1,0
233,Acheampong,,DEF,7,Chelsea,,4,,,,,0,0,0,0,0,0,0,0,0,0,0,0,0,0,0.0,0.0,0.0,0.0,0.0,0.0,0.0,0.0,0,0,2,False,0,0,0
234,Anselmino,,DEF,7,Chelsea,,4,,,,,0,0,0,0,0,0,0,0,0,0,0,0,0,0,0.0,0.0,0.0,0.0,0.0,0.0,0.0,0.0,0,0,2,False,0,0,0
235,Palmer,,MID,7,Chelsea,,4,,,,,34,7,1,0,0,1,0,0,0,0,0,0,1,23,39.6,2.3,42.0,8.4,0.63,0.09,0.72,0.87,1,2,3,False,0,0,1
236,Neto,,MID,7,Chelsea,,4,,,,,90,2,0,0,0,2,0,0,0,0,0,0,0,13,11.4,35.0,24.0,7.0,0.12,0.21,0.33,1.43,1,6,3,False,4,1,1
237,Enzo,,MID,7,Chelsea,,4,,,,,90,4,0,0,0,2,0,0,0,0,0,0,0,18,24.2,29.5,15.0,6.9,0.11,0.06,0.17,1.43,3,13,3,False,6,1,4
238,Estêvão,,MID,7,Chelsea,,4,,,,,0,0,0,0,0,0,0,0,0,0,0,0,0,0,0.0,0.0,0.0,0.0,0.0,0.0,0.0,0.0,0,0,3,False,0,0,0
239,Gittens,,MID,7,Chelsea,,4,,,,,55,1,0,0,0,1,0,0,0,0,0,0,0,3,2.0,12.2,15.0,2.9,0.01,0.03,0.04,0.55,0,1,3,False,1,1,0
240,Nkunku,,MID,7,Chelsea,,4,,,,,0,0,0,0,0,0,0,0,0,0,0,0,0,0,0.0,0.0,0.0,0.0,0.0,0.0,0.0,0.0,0,0,3,False,0,0,0
241,Caicedo,,MID,7,Chelsea,,4,,,,,90,12,1,0,0,2,0,0,0,0,0,0,3,40,54.0,15.3,7.0,7.6,0.07,0.07,0.14,1.43,5,17,3,True,8,1,4
242,Dewsbury-Hall,,MID,9,Everton,,4,,,,,90,2,0,0,1,0,0,0,0,1,0,0,0,11,9.4,28.3,11.0,4.9,0.06,0.26,0.32,0.54,0,8,3,False,5,1,3
243,George,,MID,7,Chelsea,,4,,,,,45,0,0,0,0,1,0,0,0,1,0,0,0,1,4.6,4.9,19.0,2.9,0.04,0.06,0.1,0.87,0,1,3,False,0,0,1
244,Lavia,,MID,7,Chelsea,,4,,,,,0,0,0,0,0,0,0,0,0,0,0,0,0,0,0.0,0.0,0.0,0.0,0.0,0.0,0.0,0.0,0,0,3,False,0,0,0
245,Mudryk,,MID,7,Chelsea,,4,,,,,0,0,0,0,0,0,0,0,0,0,0,0,0,0,0.0,0.0,0.0,0.0,0.0,0.0,0.0,0.0,0,0,3,False,0,0,0
246,Andrey Santos,,MID,7,Chelsea,,4,,,,,0,0,0,0,0,0,0,0,0,0,0,0,0,0,0.0,0.0,0.0,0.0,0.0,0.0,0.0,0.0,0,0,3,False,0,0,0
247,D.Essugo,,MID,7,Chelsea,,4,,,,,0,0,0,0,0,0,0,0,0,0,0,0,0,0,0.0,0.0,0.0,0.0,0.0,0.0,0.0,0.0,0,0,3,False,0,0,0
248,Paez,,MID,7,Chelsea,,4,,,,,0,0,0,0,0,0,0,0,0,0,0,0,0,0,0.0,0.0,0.0,0.0,0.0,0.0,0.0,0.0,0,0,3,False,0,0,0
249,João Pedro,,FWD,7,Chelsea,,4,,,,,78,7,0,1,0,1,0,0,0,0,0,0,2,25,21.0,18.2,11.0,5.0,0.15,0.02,0.17,0.71,3,3,4,False,0,1,0
250,Delap,,FWD,7,Chelsea,,4,,,,,0,0,0,0,0,0,0,0,0,0,0,0,0,0,0.0,0.0,0.0,0.0,0.0,0.0,0.0,0.0,0,0,4,False,0,0,0
251,N.Jackson,,FWD,7,Chelsea,,4,,,,,0,0,0,0,0,0,0,0,0,0,0,0,0,0,0.0,0.0,0.0,0.0,0.0,0.0,0.0,0.0,0,0,4,False,0,0,0
252,Marc Guiu,,FWD,7,Chelsea,,4,,,,,0,0,0,0,0,0,0,0,0,0,0,0,0,0,0.0,0.0,0.0,0.0,0.0,0.0,0.0,0.0,0,0,4,False,0,0,0
253,Henderson,,GK,8,Crystal Palace,,4,,,,,90,6,0,0,1,0,0,0,0,0,0,0,0,22,4.4,0.0,0.0,0.4,0.0,0.0,0.0,0.36,1,0,1,False,8,1,0
254,Benitez,,GK,8,Crystal Palace,,4,,,,,0,0,0,0,0,0,0,0,0,0,0,0,0,0,0.0,0.0,0.0,0.0,0.0,0.0,0.0,0.0,0,0,1,False,0,0,0
255,Matthews,,GK,8,Crystal Palace,,4,,,,,0,0,0,0,0,0,0,0,0,0,0,0,0,0,0.0,0.0,0.0,0.0,0.0,0.0,0.0,0.0,0,0,1,False,0,0,0
256,Muñoz,,DEF,8,Crystal Palace,,4,,,,,90,5,0,0,1,0,0,0,0,1,0,0,0,21,11.2,7.2,41.0,5.9,0.12,0.22,0.34,0.36,3,4,2,False,2,1,1
257,Lacroix,,DEF,8,Crystal Palace,,4,,,,,90,6,0,0,1,0,0,0,0,0,0,0,0,30,19.2,4.1,2.0,2.5,0.0,0.02,0.02,0.36,5,6,2,False,3,1,1
258,Mitchell,,DEF,8,Crystal Palace,,4,,,,,90,6,0,0,1,0,0,0,0,0,0,0,0,27,20.8,21.2,0.0,4.2,0.0,0.13,0.13,0.36,6,8,2,False,5,1,2
259,Sosa,,DEF,8,Crystal Palace,,4,,,,,0,0,0,0,0,0,0,0,0,0,0,0,0,0,0.0,0.0,0.0,0.0,0.0,0.0,0.0,0.0,0,0,2,False,0,0,0
260,Guéhi,,DEF,8,Crystal Palace,,4,,,,,90,6,0,0,1,0,0,0,0,0,0,0,0,27,17.4,11.8,4.0,3.3,0.03,0.01,0.04,0.36,6,6,2,False,6,1,0
261,Richards,,DEF,8,Crystal Palace,,4,,,,,90,6,0,0,1,0,0,0,0,0,0,0,0,29,17.8,15.3,14.0,4.7,0.19,0.03,0.22,0.36,3,4,2,False,3,1,1
262,Chadi Riad,,DEF,8,Crystal Palace,,4,,,,,0,0,0,0,0,0,0,0,0,0,0,0,0,0,0.0,0.0,0.0,0.0,0.0,0.0,0.0,0.0,0,0,2,False,0,0,0
263,Clyne,,DEF,8,Crystal Palace,,4,,,,,0,0,0,0,0,0,0,0,0,0,0,0,0,0,0.0,0.0,0.0,0.0,0.0,0.0,0.0,0.0,0,0,2,False,0,0,0
264,Holding,,DEF,8,Crystal Palace,,4,,,,,0,0,0,0,0,0,0,0,0,0,0,0,0,0,0.0,0.0,0.0,0.0,0.0,0.0,0.0,0.0,0,0,2,False,0,0,0
265,Kporha,,DEF,8,Crystal Palace,,4,,,,,0,0,0,0,0,0,0,0,0,0,0,0,0,0,0.0,0.0,0.0,0.0,0.0,0.0,0.0,0.0,0,0,2,False,0,0,0
266,Eze,,MID,1,Arsenal,,4,,,,,78,6,0,1,1,0,0,0,0,0,0,0,0,19,20.4,16.3,11.0,4.8,0.06,0.44,0.5,0.1,0,2,3,False,2,1,0
267,Sarr,,MID,8,Crystal Palace,,4,,,,,0,0,0,0,0,0,0,0,0,0,0,0,0,0,0.0,0.0,0.0,0.0,0.0,0.0,0.0,0.0,0,0,3,False,0,0,0
268,Doucouré,,MID,8,Crystal Palace,,4,,,,,0,0,0,0,0,0,0,0,0,0,0,0,0,0,0.0,0.0,0.0,0.0,0.0,0.0,0.0,0.0,0,0,3,False,0,0,0
269,Esse,,MID,8,Crystal Palace,,4,,,,,0,0,0,0,0,0,0,0,0,0,0,0,0,0,0.0,0.0,0.0,0.0,0.0,0.0,0.0,0.0,0,0,3,False,0,0,0
270,Hughes,,MID,8,Crystal Palace,,4,,,,,90,3,0,0,1,0,0,0,0,0,0,0,0,8,9.4,26.8,2.0,3.8,0.03,0.21,0.24,0.36,2,5,3,False,2,1,1
271,Kamada,,MID,8,Crystal Palace,,4,,,,,90,3,0,0,1,0,0,0,0,0,0,0,0,16,13.8,15.2,18.0,4.7,0.07,0.22,0.29,0.36,1,3,3,False,1,1,1
272,Lerma,,MID,8,Crystal Palace,,4,,,,,68,3,0,0,1,0,0,0,0,0,0,0,0,7,2.2,2.8,1.0,0.6,0.03,0.01,0.04,0.34,1,4,3,False,2,1,1
273,Wharton,,MID,8,Crystal Palace,,4,,,,,0,0,0,0,0,0,0,0,0,0,0,0,0,0,0.0,0.0,0.0,0.0,0.0,0.0,0.0,0.0,0,0,3,False,0,0,0
274,Agbinone,,MID,8,Crystal Palace,,4,,,,,0,0,0,0,0,0,0,0,0,0,0,0,0,0,0.0,0.0,0.0,0.0,0.0,0.0,0.0,0.0,0,0,3,False,0,0,0
275,Ahamada,,MID,8,Crystal Palace,,4,,,,,0,0,0,0,0,0,0,0,0,0,0,0,0,0,0.0,0.0,0.0,0.0,0.0,0.0,0.0,0.0,0,0,3,False,0,0,0
276,Devenny,,MID,8,Crystal Palace,,4,,,,,21,1,0,0,0,0,0,0,0,0,0,0,0,6,5.2,21.3,6.0,3.3,0.0,0.12,0.12,0.02,0,1,3,False,0,0,1
277,Ebiowei,,MID,8,Crystal Palace,,4,,,,,0,0,0,0,0,0,0,0,0,0,0,0,0,0,0.0,0.0,0.0,0.0,0.0,0.0,0.0,0.0,0,0,3,False,0,0,0
278,J.Rak-Sakyi,,MID,8,Crystal Palace,,4,,,,,0,0,0,0,0,0,0,0,0,0,0,0,0,0,0.0,0.0,0.0,0.0,0.0,0.0,0.0,0.0,0,0,3,False,0,0,0
279,M.França,,MID,8,Crystal Palace,,4,,,,,0,0,0,0,0,0,0,0,0,0,0,0,0,0,0.0,0.0,0.0,0.0,0.0,0.0,0.0,0.0,0,0,3,False,0,0,0
280,Ozoh,,MID,8,Crystal Palace,,4,,,,,0,0,0,0,0,0,0,0,0,0,0,0,0,0,0.0,0.0,0.0,0.0,0.0,0.0,0.0,0.0,0,0,3,False,0,0,0
281,Rodney,,MID,8,Crystal Palace,,4,,,,,0,0,0,0,0,0,0,0,0,0,0,0,0,0,0.0,0.0,0.0,0.0,0.0,0.0,0.0,0.0,0,0,3,False,0,0,0
282,Umeh,,MID,8,Crystal Palace,,4,,,,,0,0,0,0,0,0,0,0,0,0,0,0,0,0,0.0,0.0,0.0,0.0,0.0,0.0,0.0,0.0,0,0,3,False,0,0,0
283,Mateta,,FWD,8,Crystal Palace,,4,,,,,90,2,0,0,1,0,0,0,0,0,0,0,0,4,11.6,1.3,50.0,6.3,0.59,0.01,0.6,0.36,5,9,4,False,4,1,0
284,Nketiah,,FWD,8,Crystal Palace,,4,,,,,0,0,0,0,0,0,0,0,0,0,0,0,0,0,0.0,0.0,0.0,0.0,0.0,0.0,0.0,0.0,0,0,4,False,0,0,0
285,Édouard,,FWD,8,Crystal Palace,,4,,,,,0,0,0,0,0,0,0,0,0,0,0,0,0,0,0.0,0.0,0.0,0.0,0.0,0.0,0.0,0.0,0,0,4,False,0,0,0
286,Marsh,,FWD,8,Crystal Palace,,4,,,,,0,0,0,0,0,0,0,0,0,0,0,0,0,0,0.0,0.0,0.0,0.0,0.0,0.0,0.0,0.0,0,0,4,False,0,0,0
287,Pickford,,GK,9,Everton,,4,,,,,90,6,0,0,1,0,0,0,0,0,0,1,0,24,8.6,0.0,0.0,0.9,0.0,0.0,0.0,0.54,1,0,1,False,9,1,0
288,Travers,,GK,9,Everton,,4,,,,,0,0,0,0,0,0,0,0,0,0,0,0,0,0,0.0,0.0,0.0,0.0,0.0,0.0,0.0,0.0,0,0,1,False,0,0,0
289,Tyrer,,GK,9,Everton,,4,,,,,0,0,0,0,0,0,0,0,0,0,0,0,0,0,0.0,0.0,0.0,0.0,0.0,0.0,0.0,0.0,0,0,1,False,0,0,0
290,Branthwaite,,DEF,9,Everton,,4,,,,,0,0,0,0,0,0,0,0,0,0,0,0,0,0,0.0,0.0,0.0,0.0,0.0,0.0,0.0,0.0,0,0,2,False,0,0,0
291,Tarkowski,,DEF,9,Everton,,4,,,,,90,8,0,0,1,0,0,0,0,0,0,0,0,27,29.2,10.8,6.0,4.6,0.0,0.04,0.04,0.54,7,11,2,False,3,1,4
292,Mykolenko,,DEF,9,Everton,,4,,,,,0,0,0,0,0,0,0,0,0,0,0,0,0,0,0.0,0.0,0.0,0.0,0.0,0.0,0.0,0.0,0,0,2,False,0,0,0
293,O'Brien,,DEF,9,Everton,,4,,,,,90,6,0,0,1,0,0,0,0,0,0,0,0,26,16.2,15.4,5.0,3.7,0.05,0.06,0.11,0.54,4,6,2,False,3,1,2
294,Coleman,,DEF,9,Everton,,4,,,,,0,0,0,0,0,0,0,0,0,0,0,0,0,0,0.0,0.0,0.0,0.0,0.0,0.0,0.0,0.0,0,0,2,False,0,0,0
295,Keane,,DEF,9,Everton,,4,,,,,90,6,0,0,1,0,0,0,0,0,0,0,0,20,11.0,10.8,34.0,5.6,0.55,0.04,0.59,0.54,5,6,2,False,3,1,1
296,Patterson,,DEF,9,Everton,,4,,,,,0,0,0,0,0,0,0,0,0,0,0,0,0,0,0.0,0.0,0.0,0.0,0.0,0.0,0.0,0.0,0,0,2,False,0,0,0
297,Dixon,,DEF,9,Everton,,4,,,,,0,0,0,0,0,0,0,0,0,0,0,0,0,0,0.0,0.0,0.0,0.0,0.0,0.0,0.0,0.0,0,0,2,False,0,0,0
298,Welch,,DEF,9,Everton,,4,,,,,0,0,0,0,0,0,0,0,0,0,0,0,0,0,0.0,0.0,0.0,0.0,0.0,0.0,0.0,0.0,0,0,2,False,0,0,0
299,Ndiaye,,MID,9,Everton,,4,,,,,90,5,0,0,1,0,0,0,0,0,0,0,0,18,15.2,27.8,12.0,5.5,0.02,0.19,0.21,0.54,2,14,3,False,10,1,2
300,McNeil,,MID,9,Everton,,4,,,,,0,0,0,0,0,0,0,0,0,0,0,0,0,0,0.0,0.0,0.0,0.0,0.0,0.0,0.0,0.0,0,0,3,False,0,0,0
301,Alcaraz,,MID,9,Everton,,4,,,,,0,0,0,0,0,0,0,0,0,0,0,0,0,0,0.0,0.0,0.0,0.0,0.0,0.0,0.0,0.0,0,0,3,False,0,0,0
302,Gana,,MID,9,Everton,,4,,,,,90,3,0,0,1,0,0,0,0,0,0,0,0,17,4.6,3.4,2.0,1.0,0.1,0.03,0.13,0.54,2,10,3,False,6,1,2
303,Garner,,MID,9,Everton,,4,,,,,90,5,0,0,1,0,0,0,0,0,0,0,2,31,29.6,56.7,2.0,8.8,0.08,0.31,0.39,0.54,2,9,3,False,3,1,4
304,Iroegbunam,,MID,9,Everton,,4,,,,,65,2,0,0,1,0,0,0,0,1,0,0,0,4,5.4,1.3,2.0,0.9,0.04,0.0,0.04,0.54,2,6,3,False,4,1,0
305,Armstrong,,MID,9,Everton,,4,,,,,0,0,0,0,0,0,0,0,0,0,0,0,0,0,0.0,0.0,0.0,0.0,0.0,0.0,0.0,0.0,0,0,3,False,0,0,0
306,Bates,,MID,9,Everton,,4,,,,,0,0,0,0,0,0,0,0,0,0,0,0,0,0,0.0,0.0,0.0,0.0,0.0,0.0,0.0,0.0,0,0,3,False,0,0,0
307,Ebere,,MID,9,Everton,,4,,,,,0,0,0,0,0,0,0,0,0,0,0,0,0,0,0.0,0.0,0.0,0.0,0.0,0.0,0.0,0.0,0,0,3,False,0,0,0
308,Heath,,MID,9,Everton,,4,,,,,0,0,0,0,0,0,0,0,0,0,0,0,0,0,0.0,0.0,0.0,0.0,0.0,0.0,0.0,0.0,0,0,3,False,0,0,0
309,Metcalfe,,MID,9,Everton,,4,,,,,0,0,0,0,0,0,0,0,0,0,0,0,0,0,0.0,0.0,0.0,0.0,0.0,0.0,0.0,0.0,0,0,3,False,0,0,0
310,Barry,,FWD,9,Everton,,4,,,,,15,1,0,0,0,0,0,0,0,0,0,0,0,1,0.0,0.5,13.0,1.1,0.11,0.01,0.12,0.0,0,0,4,False,0,0,0
311,Beto,,FWD,9,Everton,,4,,,,,74,2,0,0,1,0,0,0,0,0,0,0,0,-4,0.0,0.7,29.0,2.5,0.97,0.0,0.97,0.54,1,1,4,False,0,1,0
312,Y.Chermiti,,FWD,9,Everton,,4,,,,,0,0,0,0,0,0,0,0,0,0,0,0,0,0,0.0,0.0,0.0,0.0,0.0,0.0,0.0,0.0,0,0,4,False,0,0,0
313,Sherif,,FWD,9,Everton,,4,,,,,0,0,0,0,0,0,0,0,0,0,0,0,0,0,0.0,0.0,0.0,0.0,0.0,0.0,0.0,0.0,0,0,4,False,0,0,0
314,Leno,,GK,10,Fulham,,4,,,,,90,8,0,0,1,0,0,0,0,0,0,3,1,28,24.0,0.0,0.0,2.4,0.0,0.0,0.0,0.79,1,0,1,False,7,1,0
315,Benda,,GK,10,Fulham,,4,,,,,0,0,0,0,0,0,0,0,0,0,0,0,0,0,0.0,0.0,0.0,0.0,0.0,0.0,0.0,0.0,0,0,1,False,0,0,0
316,Robinson,,DEF,10,Fulham,,4,,,,,0,0,0,0,0,0,0,0,0,0,0,0,0,0,0.0,0.0,0.0,0.0,0.0,0.0,0.0,0.0,0,0,2,False,0,0,0
317,Andersen,,DEF,10,Fulham,,4,,,,,90,10,0,0,1,0,0,0,0,0,0,0,2,32,29.0,3.0,0.0,3.2,0.0,0.05,0.05,0.79,9,12,2,True,7,1,3
318,Bassey,,DEF,10,Fulham,,4,,,,,90,9,0,0,1,0,0,0,0,0,0,0,3,34,24.0,3.0,0.0,2.7,0.0,0.03,0.03,0.79,6,8,2,False,6,1,2
319,Castagne,,DEF,10,Fulham,,4,,,,,0,0,0,0,0,0,0,0,0,0,0,0,0,0,0.0,0.0,0.0,0.0,0.0,0.0,0.0,0.0,0,0,2,False,0,0,0
320,Diop,,DEF,10,Fulham,,4,,,,,0,0,0,0,0,0,0,0,0,0,0,0,0,0,0.0,0.0,0.0,0.0,0.0,0.0,0.0,0.0,0,0,2,False,0,0,0
321,J.Cuenca,,DEF,10,Fulham,,4,,,,,0,0,0,0,0,0,0,0,0,0,0,0,0,0,0.0,0.0,0.0,0.0,0.0,0.0,0.0,0.0,0,0,2,False,0,0,0
322,Tete,,DEF,10,Fulham,,4,,,,,90,6,0,0,1,0,0,0,0,0,0,0,0,26,11.4,3.5,0.0,1.5,0.0,0.02,0.02,0.79,3,6,2,False,2,1,3
323,Amissah,,DEF,10,Fulham,,4,,,,,0,0,0,0,0,0,0,0,0,0,0,0,0,0,0.0,0.0,0.0,0.0,0.0,0.0,0.0,0.0,0,0,2,False,0,0,0
324,Iwobi,,MID,10,Fulham,,4,,,,,75,3,0,0,1,0,0,0,0,0,0,0,0,6,2.4,3.3,0.0,0.6,0.0,0.02,0.02,0.76,0,4,3,False,3,1,1
325,Smith Rowe,,MID,10,Fulham,,4,,,,,30,1,0,0,0,0,0,0,0,0,0,0,0,2,1.0,4.8,0.0,0.6,0.0,0.0,0.0,0.05,0,1,3,False,1,0,0
326,Adama,,MID,10,Fulham,,4,,,,,30,1,0,0,0,0,0,0,0,0,0,0,0,0,0.0,0.6,6.0,0.4,0.04,0.01,0.05,0.05,0,1,3,False,1,0,0
327,Andreas,,MID,10,Fulham,,4,,,,,0,0,0,0,0,0,0,0,0,0,0,0,0,0,0.0,0.0,0.0,0.0,0.0,0.0,0.0,0.0,0,0,3,False,0,0,0
328,Sessegnon,,MID,10,Fulham,,4,,,,,90,3,0,0,1,0,0,0,0,0,0,0,0,12,15.4,22.8,4.0,4.2,0.0,0.22,0.22,0.79,5,10,3,False,3,1,2
329,Wilson,,MID,10,Fulham,,4,,,,,59,1,0,0,0,0,0,0,0,0,0,0,0,9,7.0,2.8,11.0,2.1,0.12,0.02,0.14,0.74,0,2,3,False,0,1,2
330,Berge,,MID,10,Fulham,,4,,,,,83,4,0,0,1,0,0,0,0,1,0,0,0,18,19.4,18.6,0.0,3.8,0.0,0.15,0.15,0.79,5,14,3,False,6,1,3
331,Cairney,,MID,10,Fulham,,4,,,,,6,1,0,0,0,0,0,0,0,0,0,0,0,3,0.0,0.6,0.0,0.1,0.0,0.0,0.0,0.0,0,0,3,False,0,0,0
332,Lukić,,MID,10,Fulham,,4,,,,,90,6,0,1,1,0,0,0,0,0,0,0,0,25,11.4,4.0,7.0,2.2,0.5,0.01,0.51,0.79,3,9,3,False,2,1,4
333,Godo,,MID,10,Fulham,,4,,,,,0,0,0,0,0,0,0,0,0,0,0,0,0,0,0.0,0.0,0.0,0.0,0.0,0.0,0.0,0.0,0,0,3,False,0,0,0
334,Harris,,MID,10,Fulham,,4,,,,,0,0,0,0,0,0,0,0,0,0,0,0,0,0,0.0,0.0,0.0,0.0,0.0,0.0,0.0,0.0,0,0,3,False,0,0,0
335,King,,MID,10,Fulham,,4,,,,,59,1,0,0,0,0,0,0,0,0,0,0,0,4,0.2,1.0,0.0,0.1,0.0,0.01,0.01,0.74,0,3,3,False,2,1,1
336,Reed,,MID,10,Fulham,,4,,,,,0,0,0,0,0,0,0,0,0,0,0,0,0,0,0.0,0.0,0.0,0.0,0.0,0.0,0.0,0.0,0,0,3,False,0,0,0
337,Raúl,,FWD,10,Fulham,,4,,,,,6,1,0,0,0,0,0,0,0,0,0,0,0,4,3.0,0.0,0.0,0.3,0.0,0.0,0.0,0.0,0,2,4,False,0,0,2
338,Muniz,,FWD,10,Fulham,,4,,,,,83,2,0,0,1,0,0,0,0,0,0,0,0,4,4.4,0.3,21.0,2.6,0.18,0.01,0.19,0.79,1,4,4,False,2,1,1
339,Meslier,,GK,11,Leeds,,4,,,,,0,0,0,0,0,0,0,0,0,0,0,0,0,0,0.0,0.0,0.0,0.0,0.0,0.0,0.0,0.0,0,0,1,False,0,0,0
340,Cairns,,GK,11,Leeds,,4,,,,,0,0,0,0,0,0,0,0,0,0,0,0,0,0,0.0,0.0,0.0,0.0,0.0,0.0,0.0,0.0,0,0,1,False,0,0,0
341,Darlow,,GK,11,Leeds,,4,,,,,90,3,0,0,0,1,0,0,0,0,0,3,0,15,19.6,0.0,0.0,2.0,0.0,0.0,0.0,0.85,1,0,1,False,12,1,0
342,Bogle,,DEF,11,Leeds,,4,,,,,90,2,0,0,0,1,0,0,0,0,0,0,0,11,15.6,1.8,14.0,3.1,0.05,0.01,0.06,0.85,4,7,2,False,7,1,3
343,Struijk,,DEF,11,Leeds,,4,,,,,90,2,0,0,0,1,0,0,0,0,0,0,0,8,16.0,0.6,0.0,1.7,0.0,0.01,0.01,0.85,7,8,2,False,1,1,1
344,Bijol,,DEF,11,Leeds,,4,,,,,0,0,0,0,0,0,0,0,0,0,0,0,0,0,0.0,0.0,0.0,0.0,0.0,0.0,0.0,0.0,0,0,2,False,0,0,0
345,Bornauw,,DEF,11,Leeds,,4,,,,,0,0,0,0,0,0,0,0,0,0,0,0,0,0,0.0,0.0,0.0,0.0,0.0,0.0,0.0,0.0,0,0,2,False,0,0,0
346,Byram,,DEF,11,Leeds,,4,,,,,0,0,0,0,0,0,0,0,0,0,0,0,0,0,0.0,0.0,0.0,0.0,0.0,0.0,0.0,0.0,0,0,2,False,0,0,0
347,Gudmundsson,,DEF,11,Leeds,,4,,,,,90,0,0,0,0,1,1,0,0,0,0,0,0,6,3.4,8.2,2.0,1.4,0.0,0.06,0.06,0.85,2,4,2,False,4,1,2
348,Rodon,,DEF,11,Leeds,,4,,,,,90,4,0,0,0,1,0,0,0,0,0,0,0,12,19.0,0.7,2.0,2.2,0.0,0.0,0.0,0.85,10,10,2,False,1,1,0
349,Schmidt,,DEF,11,Leeds,,4,,,,,0,0,0,0,0,0,0,0,0,0,0,0,0,0,0.0,0.0,0.0,0.0,0.0,0.0,0.0,0.0,0,0,2,False,0,0,0
350,Aaronson,,MID,11,Leeds,,4,,,,,76,5,0,0,1,0,0,0,0,0,0,0,0,19,18.6,12.0,23.0,5.4,0.13,0.32,0.45,0.3,2,12,3,False,5,1,5
351,Gnonto,,MID,11,Leeds,,4,,,,,1,1,0,0,0,1,0,0,0,0,0,0,0,5,2.0,0.0,0.0,0.2,0.0,0.0,0.0,0.01,0,1,3,False,0,0,1
352,Harrison,,MID,11,Leeds,,4,,,,,22,1,0,0,0,1,0,0,0,0,0,0,0,3,0.2,0.4,0.0,0.1,0.0,0.0,0.0,0.73,0,0,3,False,0,0,0
353,James,,MID,11,Leeds,,4,,,,,11,1,0,0,0,0,0,0,0,0,0,0,0,3,0.0,0.0,0.0,0.0,0.0,0.0,0.0,0.54,0,0,3,False,0,0,0
354,Ampadu,,MID,11,Leeds,,4,,,,,90,4,0,0,0,1,0,0,0,0,0,0,0,15,13.6,1.4,0.0,1.5,0.0,0.01,0.01,0.85,4,12,3,False,6,1,2
355,Greenwood,,MID,11,Leeds,,4,,,,,0,0,0,0,0,0,0,0,0,0,0,0,0,0,0.0,0.0,0.0,0.0,0.0,0.0,0.0,0.0,0,0,3,False,0,0,0
356,Gruev,,MID,11,Leeds,,4,,,,,0,0,0,0,0,0,0,0,0,0,0,0,0,0,0.0,0.0,0.0,0.0,0.0,0.0,0.0,0.0,0,0,3,False,0,0,0
357,Ramazani,,MID,11,Leeds,,4,,,,,0,0,0,0,0,0,0,0,0,0,0,0,0,0,0.0,0.0,0.0,0.0,0.0,0.0,0.0,0.0,0,0,3,False,0,0,0
358,Tanaka,,MID,11,Leeds,,4,,,,,0,0,0,0,0,0,0,0,0,0,0,0,0,0,0.0,0.0,0.0,0.0,0.0,0.0,0.0,0.0,0,0,3,False,0,0,0
359,Crew,,MID,11,Leeds,,4,,,,,0,0,0,0,0,0,0,0,0,0,0,0,0,0,0.0,0.0,0.0,0.0,0.0,0.0,0.0,0.0,0,0,3,False,0,0,0
360,Gelhardt,,MID,11,Leeds,,4,,,,,0,0,0,0,0,0,0,0,0,0,0,0,0,0,0.0,0.0,0.0,0.0,0.0,0.0,0.0,0.0,0,0,3,False,0,0,0
361,Gyabi,,MID,11,Leeds,,4,,,,,0,0,0,0,0,0,0,0,0,0,0,0,0,0,0.0,0.0,0.0,0.0,0.0,0.0,0.0,0.0,0,0,3,False,0,0,0
362,Piroe,,FWD,11,Leeds,,4,,,,,0,0,0,0,0,0,0,0,0,0,0,0,0,0,0.0,0.0,0.0,0.0,0.0,0.0,0.0,0.0,0,0,4,False,0,0,0
363,Bamford,,FWD,11,Leeds,,4,,,,,0,0,0,0,0,0,0,0,0,0,0,0,0,0,0.0,0.0,0.0,0.0,0.0,0.0,0.0,0.0,0,0,4,False,0,0,0
364,Mateo Joseph,,FWD,11,Leeds,,4,,,,,0,0,0,0,0,0,0,0,0,0,0,0,0,0,0.0,0.0,0.0,0.0,0.0,0.0,0.0,0.0,0,0,4,False,0,0,0
365,Nmecha,,FWD,11,Leeds,,4,,,,,21,1,0,0,0,1,0,0,0,0,0,0,0,1,0.0,1.3,0.0,0.0,0.0,0.0,0.0,0.73,0,0,4,False,0,0,0
366,A.Becker,,GK,12,Liverpool,,4,,,,,90,6,0,0,1,0,0,0,0,0,0,0,0,19,4.0,0.1,0.0,0.4,0.0,0.0,0.0,0.13,0,0,1,False,5,1,0
367,Mamardashvili,,GK,12,Liverpool,,4,,,,,0,0,0,0,0,0,0,0,0,0,0,0,0,0,0.0,0.0,0.0,0.0,0.0,0.0,0.0,0.0,0,0,1,False,0,0,0
368,Pécsi,,GK,12,Liverpool,,4,,,,,0,0,0,0,0,0,0,0,0,0,0,0,0,0,0.0,0.0,0.0,0.0,0.0,0.0,0.0,0.0,0,0,1,False,0,0,0
369,Woodman,,GK,12,Liverpool,,4,,,,,0,0,0,0,0,0,0,0,0,0,0,0,0,0,0.0,0.0,0.0,0.0,0.0,0.0,0.0,0.0,0,0,1,False,0,0,0
370,Frimpong,,DEF,12,Liverpool,,4,,,,,3,4,0,1,0,0,0,0,0,0,0,0,0,14,3.0,0.6,19.0,2.3,0.08,0.01,0.09,0.0,0,0,2,False,0,0,0
371,Kerkez,,DEF,12,Liverpool,,4,,,,,37,0,0,0,0,0,0,0,0,1,0,0,0,-1,0.0,16.9,10.0,2.7,0.08,0.02,0.1,0.12,0,0,2,False,0,1,0
372,Robertson,,DEF,12,Liverpool,,4,,,,,52,1,0,0,0,0,0,0,0,0,0,0,0,20,24.6,68.0,23.0,11.6,0.1,0.37,0.47,0.01,0,0,2,False,2,0,0
373,Virgil,,DEF,12,Liverpool,,4,,,,,90,8,0,0,1,0,0,0,0,0,0,0,2,27,24.8,16.3,0.0,4.1,0.0,0.06,0.06,0.13,5,6,2,False,1,1,1
374,Konaté,,DEF,12,Liverpool,,4,,,,,86,9,0,0,1,0,0,0,0,0,0,0,3,29,20.8,26.7,9.0,5.7,0.49,0.05,0.54,0.13,3,7,2,False,3,1,4
375,Bradley,,DEF,12,Liverpool,,4,,,,,45,0,0,0,0,0,0,0,0,1,0,0,0,6,7.8,8.5,11.0,2.7,0.02,0.08,0.1,0.01,1,2,2,False,3,0,1
376,Gomez,,DEF,12,Liverpool,,4,,,,,0,0,0,0,0,0,0,0,0,0,0,0,0,0,0.0,0.0,0.0,0.0,0.0,0.0,0.0,0.0,0,0,2,False,0,0,0
377,Tsimikas,,DEF,12,Liverpool,,4,,,,,0,0,0,0,0,0,0,0,0,0,0,0,0,0,0.0,0.0,0.0,0.0,0.0,0.0,0.0,0.0,0,0,2,False,0,0,0
378,Nallo,,DEF,12,Liverpool,,4,,,,,0,0,0,0,0,0,0,0,0,0,0,0,0,0,0.0,0.0,0.0,0.0,0.0,0.0,0.0,0.0,0,0,2,False,0,0,0
379,R.Williams,,DEF,12,Liverpool,,4,,,,,0,0,0,0,0,0,0,0,0,0,0,0,0,0,0.0,0.0,0.0,0.0,0.0,0.0,0.0,0.0,0,0,2,False,0,0,0
380,Ramsay,,DEF,12,Liverpool,,4,,,,,0,0,0,0,0,0,0,0,0,0,0,0,0,0,0.0,0.0,0.0,0.0,0.0,0.0,0.0,0.0,0,0,2,False,0,0,0
381,M.Salah,,MID,12,Liverpool,,4,,,,,90,9,1,0,1,0,0,0,0,0,0,0,1,26,35.0,20.6,27.0,8.3,0.79,0.15,0.94,0.13,0,3,3,False,3,1,0
382,Wirtz,,MID,12,Liverpool,,4,,,,,86,3,0,0,1,0,0,0,0,0,0,0,0,8,9.2,59.0,22.0,9.0,0.15,0.26,0.41,0.13,1,4,3,False,2,1,1
383,Luis Díaz,,MID,12,Liverpool,,4,,,,,0,0,0,0,0,0,0,0,0,0,0,0,0,0,0.0,0.0,0.0,0.0,0.0,0.0,0.0,0.0,0,0,3,False,0,0,0
384,Gakpo,,MID,12,Liverpool,,4,,,,,90,3,0,0,1,0,0,0,0,0,0,0,0,14,4.2,35.8,32.0,7.2,0.21,0.32,0.53,0.13,1,1,3,False,0,1,0
385,Chiesa,,MID,12,Liverpool,,4,,,,,18,1,0,0,0,0,0,0,0,0,0,0,0,-1,0.0,0.6,8.0,0.7,0.08,0.03,0.11,0.01,0,0,3,False,0,0,0
386,Mac Allister,,MID,12,Liverpool,,4,,,,,45,1,0,0,0,0,0,0,0,0,0,0,0,10,3.4,4.7,0.0,0.8,0.0,0.03,0.03,0.12,0,3,3,False,2,1,1
387,Szoboszlai,,MID,12,Liverpool,,4,,,,,90,3,0,0,1,0,0,0,0,0,0,0,0,14,12.6,11.9,22.0,4.7,0.21,0.07,0.28,0.13,4,9,3,False,4,1,1
388,C.Jones,,MID,12,Liverpool,,4,,,,,0,0,0,0,0,0,0,0,0,0,0,0,0,0,0.0,0.0,0.0,0.0,0.0,0.0,0.0,0.0,0,0,3,False,0,0,0
389,Elliott,,MID,2,Aston Villa,,4,,,,,19,1,0,0,0,0,0,0,0,0,0,0,0,4,1.4,2.0,0.0,0.3,0.0,0.0,0.0,0.55,1,2,3,False,1,0,0
390,Gravenberch,,MID,12,Liverpool,,4,,,,,90,3,0,0,1,0,0,0,0,0,0,0,0,19,21.2,51.8,12.0,8.5,0.12,0.11,0.23,0.13,2,6,3,False,3,1,1
391,Gannon-Doak,,MID,4,Bournemouth,,4,,,,,0,0,0,0,0,0,0,0,0,0,0,0,0,0,0.0,0.0,0.0,0.0,0.0,0.0,0.0,0.0,0,0,3,False,0,0,0
392,Endo,,MID,12,Liverpool,,4,,,,,0,0,0,0,0,0,0,0,0,0,0,0,0,0,0.0,0.0,0.0,0.0,0.0,0.0,0.0,0.0,0,0,3,False,0,0,0
393,Bajcetic,,MID,12,Liverpool,,4,,,,,0,0,0,0,0,0,0,0,0,0,0,0,0,0,0.0,0.0,0.0,0.0,0.0,0.0,0.0,0.0,0,0,3,False,0,0,0
394,McConnell,,MID,12,Liverpool,,4,,,,,0,0,0,0,0,0,0,0,0,0,0,0,0,0,0.0,0.0,0.0,0.0,0.0,0.0,0.0,0.0,0,0,3,False,0,0,0
395,Morton,,MID,12,Liverpool,,4,,,,,0,0,0,0,0,0,0,0,0,0,0,0,0,0,0.0,0.0,0.0,0.0,0.0,0.0,0.0,0.0,0,0,3,False,0,0,0
396,Nyoni,,MID,12,Liverpool,,4,,,,,0,0,0,0,0,0,0,0,0,0,0,0,0,0,0.0,0.0,0.0,0.0,0.0,0.0,0.0,0.0,0,0,3,False,0,0,0
397,Darwin,,FWD,12,Liverpool,,4,,,,,0,0,0,0,0,0,0,0,0,0,0,0,0,0,0.0,0.0,0.0,0.0,0.0,0.0,0.0,0.0,0,0,4,False,0,0,0
398,Danns,,FWD,12,Liverpool,,4,,,,,0,0,0,0,0,0,0,0,0,0,0,0,0,0,0.0,0.0,0.0,0.0,0.0,0.0,0.0,0.0,0,0,4,False,0,0,0
399,Ederson M.,,GK,13,Man City,,4,,,,,0,0,0,0,0,0,0,0,0,0,0,0,0,0,0.0,0.0,0.0,0.0,0.0,0.0,0.0,0.0,0,0,1,False,0,0,0
400,Ortega Moreno,,GK,13,Man City,,4,,,,,0,0,0,0,0,0,0,0,0,0,0,0,0,0,0.0,0.0,0.0,0.0,0.0,0.0,0.0,0.0,0,0,1,False,0,0,0
401,Bettinelli,,GK,13,Man City,,4,,,,,0,0,0,0,0,0,0,0,0,0,0,0,0,0,0.0,0.0,0.0,0.0,0.0,0.0,0.0,0.0,0,0,1,False,0,0,0
402,Aït-Nouri,,DEF,13,Man City,,4,,,,,0,0,0,0,0,0,0,0,0,0,0,0,0,0,0.0,0.0,0.0,0.0,0.0,0.0,0.0,0.0,0,0,2,False,0,0,0
403,Gvardiol,,DEF,13,Man City,,4,,,,,90,6,0,0,1,0,0,0,0,0,0,0,0,22,9.2,1.2,0.0,1.0,0.0,0.0,0.0,1.51,3,3,2,False,0,1,0
404,Akanji,,DEF,13,Man City,,4,,,,,0,0,0,0,0,0,0,0,0,0,0,0,0,0,0.0,0.0,0.0,0.0,0.0,0.0,0.0,0.0,0,0,2,False,0,0,0
405,Aké,,DEF,13,Man City,,4,,,,,2,1,0,0,0,0,0,0,0,0,0,0,0,3,0.0,0.0,0.0,0.0,0.0,0.0,0.0,0.09,0,0,2,False,0,0,0
406,Khusanov,,DEF,13,Man City,,4,,,,,90,8,0,0,1,0,0,0,0,0,0,0,0,27,20.0,2.1,0.0,2.2,0.0,0.01,0.01,1.51,10,12,2,False,5,1,2
407,Matheus N.,,DEF,13,Man City,,4,,,,,0,0,0,0,0,0,0,0,0,0,0,0,0,0,0.0,0.0,0.0,0.0,0.0,0.0,0.0,0.0,0,0,2,False,0,0,0
408,Rúben,,DEF,13,Man City,,4,,,,,90,6,0,0,1,0,0,0,0,0,0,0,0,25,14.0,0.9,0.0,1.5,0.0,0.01,0.01,1.51,7,7,2,False,1,1,0
409,Stones,,DEF,13,Man City,,4,,,,,0,0,0,0,0,0,0,0,0,0,0,0,0,0,0.0,0.0,0.0,0.0,0.0,0.0,0.0,0.0,0,0,2,False,0,0,0
410,Lewis,,DEF,13,Man City,,4,,,,,0,0,0,0,0,0,0,0,0,0,0,0,0,0,0.0,0.0,0.0,0.0,0.0,0.0,0.0,0.0,0,0,2,False,0,0,0
411,O’Reilly,,DEF,13,Man City,,4,,,,,90,6,0,0,1,0,0,0,0,0,0,0,0,25,19.6,1.8,1.0,2.2,0.03,0.01,0.04,1.51,4,9,2,False,5,1,5
412,Vitor Reis,,DEF,13,Man City,,4,,,,,0,0,0,0,0,0,0,0,0,0,0,0,0,0,0.0,0.0,0.0,0.0,0.0,0.0,0.0,0.0,0,0,2,False,0,0,0
413,Marmoush,,MID,13,Man City,,4,,,,,0,0,0,0,0,0,0,0,0,0,0,0,0,0,0.0,0.0,0.0,0.0,0.0,0.0,0.0,0.0,0,0,3,False,0,0,0
414,Foden,,MID,13,Man City,,4,,,,,90,12,1,0,1,0,0,0,0,0,0,0,2,37,40.6,16.5,23.0,8.0,0.28,0.03,0.31,1.51,1,13,3,True,11,1,1
415,Savinho,,MID,13,Man City,,4,,,,,13,1,0,0,0,0,0,0,0,0,0,0,0,6,5.2,0.5,33.0,3.9,0.04,0.0,0.04,1.37,2,2,3,False,0,0,0
416,Bernardo,,MID,13,Man City,,4,,,,,87,6,0,1,1,0,0,0,0,0,0,0,0,16,19.0,33.8,8.0,6.1,0.1,0.55,0.65,1.42,0,8,3,False,7,1,1
417,Cherki,,MID,13,Man City,,4,,,,,0,0,0,0,0,0,0,0,0,0,0,0,0,0,0.0,0.0,0.0,0.0,0.0,0.0,0.0,0.0,0,0,3,False,0,0,0
418,Doku,,MID,13,Man City,,4,,,,,76,10,0,2,1,0,0,0,0,0,0,0,1,33,40.6,54.0,10.0,10.5,0.0,0.75,0.75,0.14,1,4,3,False,3,1,0
419,Grealish,,MID,9,Everton,,4,,,,,90,2,0,0,1,0,0,0,0,1,0,0,0,20,28.0,64.3,56.0,14.8,0.09,0.3,0.39,0.54,1,6,3,False,2,1,3
420,Gündoğan,,MID,13,Man City,,4,,,,,0,0,0,0,0,0,0,0,0,0,0,0,0,0,0.0,0.0,0.0,0.0,0.0,0.0,0.0,0.0,0,0,3,False,0,0,0
421,Rodrigo,,MID,13,Man City,,4,,,,,75,3,0,0,1,0,0,0,0,0,0,0,0,11,6.4,3.8,0.0,1.0,0.0,0.02,0.02,0.14,0,7,3,False,5,1,2
422,Kovačić,,MID,13,Man City,,4,,,,,0,0,0,0,0,0,0,0,0,0,0,0,0,0,0.0,0.0,0.0,0.0,0.0,0.0,0.0,0.0,0,0,3,False,0,0,0
423,N.Gonzalez,,MID,13,Man City,,4,,,,,14,1,0,0,0,0,0,0,0,0,0,0,0,5,9.2,0.1,0.0,0.9,0.0,0.0,0.0,1.37,4,5,3,False,1,0,0
424,Bobb,,MID,13,Man City,,4,,,,,3,1,0,0,0,0,0,0,0,0,0,0,0,5,3.0,10.8,4.0,1.8,0.0,0.05,0.05,0.09,0,1,3,False,1,0,0
425,Echeverri,,MID,13,Man City,,4,,,,,0,0,0,0,0,0,0,0,0,0,0,0,0,0,0.0,0.0,0.0,0.0,0.0,0.0,0.0,0.0,0,0,3,False,0,0,0
426,McAtee,,MID,16,Nott'm Forest,,4,,,,,17,1,0,0,0,1,0,0,0,0,0,0,0,2,2.8,12.1,0.0,1.5,0.0,0.01,0.01,0.08,0,0,3,False,0,0,0
427,Reijnders,,MID,13,Man City,,4,,,,,90,3,0,0,1,0,0,0,0,0,0,0,0,8,8.0,19.3,25.0,5.2,0.35,0.02,0.37,1.51,3,7,3,False,3,1,1
428,Nypan,,MID,13,Man City,,4,,,,,0,0,0,0,0,0,0,0,0,0,0,0,0,0,0.0,0.0,0.0,0.0,0.0,0.0,0.0,0.0,0,0,3,False,0,0,0
429,Phillips,,MID,13,Man City,,4,,,,,0,0,0,0,0,0,0,0,0,0,0,0,0,0,0.0,0.0,0.0,0.0,0.0,0.0,0.0,0.0,0,0,3,False,0,0,0
430,Haaland,,FWD,13,Man City,,4,,,,,86,13,2,0,1,0,0,0,0,0,0,0,3,63,78.8,12.9,70.0,16.2,1.8,0.01,1.81,1.42,6,8,4,True,2,1,0
431,Bayindir,,GK,14,Man Utd,,4,,,,,90,2,0,0,0,3,0,0,0,0,0,3,0,5,29.2,0.0,0.0,2.9,0.0,0.0,0.0,2.52,1,0,1,False,4,1,0
432,Onana,,GK,14,Man Utd,,4,,,,,0,0,0,0,0,0,0,0,0,0,0,0,0,0,0.0,0.0,0.0,0.0,0.0,0.0,0.0,0.0,0,0,1,False,0,0,0
433,Harrison,,GK,14,Man Utd,,4,,,,,0,0,0,0,0,0,0,0,0,0,0,0,0,0,0.0,0.0,0.0,0.0,0.0,0.0,0.0,0.0,0,0,1,False,0,0,0
434,Heaton,,GK,14,Man Utd,,4,,,,,0,0,0,0,0,0,0,0,0,0,0,0,0,0,0.0,0.0,0.0,0.0,0.0,0.0,0.0,0.0,0,0,1,False,0,0,0
435,Mee,,GK,14,Man Utd,,4,,,,,0,0,0,0,0,0,0,0,0,0,0,0,0,0,0.0,0.0,0.0,0.0,0.0,0.0,0.0,0.0,0,0,1,False,0,0,0
436,De Ligt,,DEF,14,Man Utd,,4,,,,,90,1,0,0,0,3,0,0,0,0,0,0,0,6,14.8,0.8,0.0,1.6,0.0,0.0,0.0,2.52,4,9,2,False,4,1,5
437,Martinez,,DEF,14,Man Utd,,4,,,,,0,0,0,0,0,0,0,0,0,0,0,0,0,0,0.0,0.0,0.0,0.0,0.0,0.0,0.0,0.0,0,0,2,False,0,0,0
438,Mazraoui,,DEF,14,Man Utd,,4,,,,,61,1,0,0,0,2,0,0,0,0,0,0,0,7,8.6,2.5,4.0,1.5,0.0,0.03,0.03,1.46,2,5,2,False,5,1,3
439,D.Leon,,DEF,14,Man Utd,,4,,,,,0,0,0,0,0,0,0,0,0,0,0,0,0,0,0.0,0.0,0.0,0.0,0.0,0.0,0.0,0.0,0,0,2,False,0,0,0
440,Dalot,,DEF,14,Man Utd,,4,,,,,0,0,0,0,0,0,0,0,0,0,0,0,0,0,0.0,0.0,0.0,0.0,0.0,0.0,0.0,0.0,0,0,2,False,0,0,0
441,Dorgu,,DEF,14,Man Utd,,4,,,,,90,1,0,0,0,3,0,0,0,0,0,0,0,7,20.4,48.9,28.0,9.7,0.2,0.1,0.3,2.52,2,6,2,False,3,1,4
442,Maguire,,DEF,14,Man Utd,,4,,,,,28,1,0,0,0,1,0,0,0,0,0,0,0,-4,0.0,0.3,0.0,0.0,0.0,0.0,0.0,1.06,1,1,2,False,1,0,0
443,Shaw,,DEF,14,Man Utd,,4,,,,,90,1,0,0,0,3,0,0,0,0,0,0,0,1,8.6,3.7,0.0,1.2,0.0,0.05,0.05,2.52,1,2,2,False,5,1,1
444,Yoro,,DEF,14,Man Utd,,4,,,,,61,1,0,0,0,2,0,0,0,0,0,0,0,-3,0.6,0.8,2.0,0.3,0.0,0.0,0.0,1.46,3,3,2,False,5,1,0
445,Amass,,DEF,14,Man Utd,,4,,,,,0,0,0,0,0,0,0,0,0,0,0,0,0,0,0.0,0.0,0.0,0.0,0.0,0.0,0.0,0.0,0,0,2,False,0,0,0
446,Fredricson,,DEF,14,Man Utd,,4,,,,,0,0,0,0,0,0,0,0,0,0,0,0,0,0,0.0,0.0,0.0,0.0,0.0,0.0,0.0,0.0,0,0,2,False,0,0,0
447,Heaven,,DEF,14,Man Utd,,4,,,,,0,0,0,0,0,0,0,0,0,0,0,0,0,0,0.0,0.0,0.0,0.0,0.0,0.0,0.0,0.0,0,0,2,False,0,0,0
448,Malacia,,DEF,14,Man Utd,,4,,,,,0,0,0,0,0,0,0,0,0,0,0,0,0,0,0.0,0.0,0.0,0.0,0.0,0.0,0.0,0.0,0,0,2,False,0,0,0
449,B.Fernandes,,MID,14,Man Utd,,4,,,,,90,2,0,0,0,3,0,0,0,0,0,0,0,21,16.0,35.7,1.0,5.3,0.02,0.32,0.34,2.52,0,5,3,False,3,1,2
450,Cunha,,MID,14,Man Utd,,4,,,,,0,0,0,0,0,0,0,0,0,0,0,0,0,0,0.0,0.0,0.0,0.0,0.0,0.0,0.0,0.0,0,0,3,False,0,0,0
451,Rashford,,MID,14,Man Utd,,4,,,,,0,0,0,0,0,0,0,0,0,0,0,0,0,0,0.0,0.0,0.0,0.0,0.0,0.0,0.0,0.0,0,0,3,False,0,0,0
452,Amad,,MID,14,Man Utd,,4,,,,,90,2,0,0,0,3,0,0,0,0,0,0,0,17,10.4,27.0,9.0,4.6,0.07,0.57,0.64,2.52,1,6,3,False,3,1,2
453,Garnacho,,MID,7,Chelsea,,4,,,,,11,1,0,0,0,1,0,0,0,0,0,0,0,4,2.0,10.5,6.0,1.9,0.0,0.05,0.05,0.71,0,1,3,False,1,0,0
454,Antony,,MID,14,Man Utd,,4,,,,,0,0,0,0,0,0,0,0,0,0,0,0,0,0,0.0,0.0,0.0,0.0,0.0,0.0,0.0,0.0,0,0,3,False,0,0,0
455,Mount,,MID,14,Man Utd,,4,,,,,0,0,0,0,0,0,0,0,0,0,0,0,0,0,0.0,0.0,0.0,0.0,0.0,0.0,0.0,0.0,0,0,3,False,0,0,0
456,Sancho,,MID,2,Aston Villa,,4,,,,,0,0,0,0,0,0,0,0,0,0,0,0,0,0,0.0,0.0,0.0,0.0,0.0,0.0,0.0,0.0,0,0,3,False,0,0,0
457,Casemiro,,MID,14,Man Utd,,4,,,,,10,1,0,0,0,0,0,0,0,0,0,0,0,-1,0.2,1.4,9.0,1.1,0.49,0.02,0.51,0.18,0,2,3,False,2,0,0
458,Mainoo,,MID,14,Man Utd,,4,,,,,28,1,0,0,0,1,0,0,0,0,0,0,0,7,9.6,22.5,0.0,3.2,0.0,0.02,0.02,1.06,0,4,3,False,2,0,2
459,Ugarte,,MID,14,Man Utd,,4,,,,,79,4,0,0,0,3,0,0,0,0,0,0,0,15,7.2,8.8,1.0,1.7,0.02,0.01,0.03,2.34,3,12,3,False,6,1,3
460,Collyer,,MID,14,Man Utd,,4,,,,,0,0,0,0,0,0,0,0,0,0,0,0,0,0,0.0,0.0,0.0,0.0,0.0,0.0,0.0,0.0,0,0,3,False,0,0,0
461,Fitzgerald,,MID,14,Man Utd,,4,,,,,0,0,0,0,0,0,0,0,0,0,0,0,0,0,0.0,0.0,0.0,0.0,0.0,0.0,0.0,0.0,0,0,3,False,0,0,0
462,J.Fletcher,,MID,14,Man Utd,,4,,,,,0,0,0,0,0,0,0,0,0,0,0,0,0,0,0.0,0.0,0.0,0.0,0.0,0.0,0.0,0.0,0,0,3,False,0,0,0
463,Kone,,MID,14,Man Utd,,4,,,,,0,0,0,0,0,0,0,0,0,0,0,0,0,0,0.0,0.0,0.0,0.0,0.0,0.0,0.0,0.0,0,0,3,False,0,0,0
464,Moorhouse,,MID,14,Man Utd,,4,,,,,0,0,0,0,0,0,0,0,0,0,0,0,0,0,0.0,0.0,0.0,0.0,0.0,0.0,0.0,0.0,0,0,3,False,0,0,0
465,Højlund,,FWD,14,Man Utd,,4,,,,,0,0,0,0,0,0,0,0,0,0,0,0,0,0,0.0,0.0,0.0,0.0,0.0,0.0,0.0,0.0,0,0,4,False,0,0,0
466,Zirkzee,,FWD,14,Man Utd,,4,,,,,10,1,0,0,0,0,0,0,0,0,0,0,0,4,0.2,0.3,2.0,0.3,0.0,0.0,0.0,0.18,0,1,4,False,1,0,0
467,Obi,,FWD,14,Man Utd,,4,,,,,0,0,0,0,0,0,0,0,0,0,0,0,0,0,0.0,0.0,0.0,0.0,0.0,0.0,0.0,0.0,0,0,4,False,0,0,0
468,Wheatley,,FWD,14,Man Utd,,4,,,,,0,0,0,0,0,0,0,0,0,0,0,0,0,0,0.0,0.0,0.0,0.0,0.0,0.0,0.0,0.0,0,0,4,False,0,0,0
469,Pope,,GK,15,Newcastle,,4,,,,,90,8,0,0,1,0,0,0,0,0,0,3,1,29,26.4,0.0,0.0,2.6,0.0,0.0,0.0,0.5,0,0,1,False,7,1,0
470,Dúbravka,,GK,3,Burnley,,4,,,,,90,3,0,0,0,1,0,0,0,0,0,3,0,15,21.2,0.0,0.0,2.1,0.0,0.0,0.0,2.45,4,0,1,False,11,1,0
471,Gillespie,,GK,15,Newcastle,,4,,,,,0,0,0,0,0,0,0,0,0,0,0,0,0,0,0.0,0.0,0.0,0.0,0.0,0.0,0.0,0.0,0,0,1,False,0,0,0
472,Odysseas,,GK,15,Newcastle,,4,,,,,0,0,0,0,0,0,0,0,0,0,0,0,0,0,0.0,0.0,0.0,0.0,0.0,0.0,0.0,0.0,0,0,1,False,0,0,0
473,Hall,,DEF,15,Newcastle,,4,,,,,0,0,0,0,0,0,0,0,0,0,0,0,0,0,0.0,0.0,0.0,0.0,0.0,0.0,0.0,0.0,0,0,2,False,0,0,0
474,Schär,,DEF,15,Newcastle,,4,,,,,90,8,0,0,1,0,0,0,0,0,0,0,0,28,28.6,11.3,2.0,4.2,0.0,0.03,0.03,0.5,11,11,2,False,2,1,0
475,Botman,,DEF,15,Newcastle,,4,,,,,1,1,0,0,0,0,0,0,0,0,0,0,0,3,0.0,0.0,0.0,0.0,0.0,0.0,0.0,0.0,0,0,2,False,0,0,0
476,Burn,,DEF,15,Newcastle,,4,,,,,90,6,0,0,1,0,0,0,0,0,0,0,0,24,13.8,0.5,9.0,2.3,0.04,0.0,0.04,0.5,4,6,2,False,3,1,2
477,Livramento,,DEF,15,Newcastle,,4,,,,,90,6,0,0,1,0,0,0,0,0,0,0,0,22,10.0,5.7,2.0,1.8,0.0,0.04,0.04,0.5,2,4,2,False,4,1,2
478,Trippier,,DEF,15,Newcastle,,4,,,,,90,8,0,0,1,0,0,0,0,0,0,0,2,32,22.2,82.1,2.0,10.6,0.0,0.19,0.19,0.5,2,3,2,False,7,1,1
479,Krafth,,DEF,15,Newcastle,,4,,,,,0,0,0,0,0,0,0,0,0,0,0,0,0,0,0.0,0.0,0.0,0.0,0.0,0.0,0.0,0.0,0,0,2,False,0,0,0
480,Lascelles,,DEF,15,Newcastle,,4,,,,,0,0,0,0,0,0,0,0,0,0,0,0,0,0,0.0,0.0,0.0,0.0,0.0,0.0,0.0,0.0,0,0,2,False,0,0,0
481,A.Murphy,,DEF,15,Newcastle,,4,,,,,0,0,0,0,0,0,0,0,0,0,0,0,0,0,0.0,0.0,0.0,0.0,0.0,0.0,0.0,0.0,0,0,2,False,0,0,0
482,Ashby,,DEF,15,Newcastle,,4,,,,,0,0,0,0,0,0,0,0,0,0,0,0,0,0,0.0,0.0,0.0,0.0,0.0,0.0,0.0,0.0,0,0,2,False,0,0,0
483,Pivas,,DEF,15,Newcastle,,4,,,,,0,0,0,0,0,0,0,0,0,0,0,0,0,0,0.0,0.0,0.0,0.0,0.0,0.0,0.0,0.0,0,0,2,False,0,0,0
484,Targett,,DEF,15,Newcastle,,4,,,,,0,0,0,0,0,0,0,0,0,0,0,0,0,0,0.0,0.0,0.0,0.0,0.0,0.0,0.0,0.0,0,0,2,False,0,0,0
485,Gordon,,MID,15,Newcastle,,4,,,,,0,0,0,0,0,0,0,0,0,0,0,0,0,0,0.0,0.0,0.0,0.0,0.0,0.0,0.0,0.0,0,0,3,False,0,0,0
486,Elanga,,MID,15,Newcastle,,4,,,,,10,1,0,0,0,0,0,0,0,0,0,0,0,4,0.2,1.4,0.0,0.2,0.0,0.0,0.0,0.09,0,0,3,False,0,0,0
487,Barnes,,MID,15,Newcastle,,4,,,,,79,3,0,0,1,0,0,0,0,0,0,0,0,4,0.0,4.1,14.0,1.8,0.11,0.09,0.2,0.41,1,4,3,False,2,1,1
488,Bruno G.,,MID,15,Newcastle,,4,,,,,90,2,0,0,1,0,0,0,0,1,0,0,0,9,7.2,32.3,6.0,4.6,0.08,0.05,0.13,0.5,1,11,3,False,10,1,0
489,J.Murphy,,MID,15,Newcastle,,4,,,,,90,6,0,1,1,0,0,0,0,0,0,0,0,16,24.2,17.2,41.0,8.2,0.82,0.28,1.1,0.5,2,2,3,False,0,1,0
490,Joelinton,,MID,15,Newcastle,,4,,,,,64,3,0,0,1,0,0,0,0,0,0,0,0,11,3.2,16.6,8.0,2.8,0.0,0.31,0.31,0.41,1,2,3,False,1,1,0
491,Tonali,,MID,15,Newcastle,,4,,,,,90,3,0,0,1,0,0,0,0,0,0,0,0,18,14.2,5.0,35.0,5.4,0.14,0.02,0.16,0.5,2,5,3,False,2,1,1
492,Antoñito C.,,MID,15,Newcastle,,4,,,,,0,0,0,0,0,0,0,0,0,0,0,0,0,0,0.0,0.0,0.0,0.0,0.0,0.0,0.0,0.0,0,0,3,False,0,0,0
493,Longstaff,,MID,11,Leeds,,4,,,,,90,2,0,0,0,1,0,0,0,0,0,0,0,10,5.8,2.2,5.0,1.3,0.04,0.02,0.06,0.85,1,7,3,False,4,1,2
494,Willock,,MID,15,Newcastle,,4,,,,,25,1,0,0,0,0,0,0,0,0,0,0,0,1,0.0,0.3,4.0,0.3,0.09,0.0,0.09,0.09,1,2,3,False,1,0,0
495,Hayden,,MID,15,Newcastle,,4,,,,,0,0,0,0,0,0,0,0,0,0,0,0,0,0,0.0,0.0,0.0,0.0,0.0,0.0,0.0,0.0,0,0,3,False,0,0,0
496,Kuol,,MID,15,Newcastle,,4,,,,,0,0,0,0,0,0,0,0,0,0,0,0,0,0,0.0,0.0,0.0,0.0,0.0,0.0,0.0,0.0,0,0,3,False,0,0,0
497,L.Miley,,MID,15,Newcastle,,4,,,,,0,0,0,0,0,0,0,0,0,0,0,0,0,0,0.0,0.0,0.0,0.0,0.0,0.0,0.0,0.0,0,0,3,False,0,0,0
498,White,,MID,15,Newcastle,,4,,,,,0,0,0,0,0,0,0,0,0,0,0,0,0,0,0.0,0.0,0.0,0.0,0.0,0.0,0.0,0.0,0,0,3,False,0,0,0
499,Isak,,FWD,12,Liverpool,,4,,,,,0,0,0,0,0,0,0,0,0,0,0,0,0,0,0.0,0.0,0.0,0.0,0.0,0.0,0.0,0.0,0,0,4,False,0,0,0
500,Osula,,FWD,15,Newcastle,,4,,,,,25,1,0,0,0,0,0,0,0,0,0,0,0,3,6.0,10.0,0.0,1.6,0.0,0.0,0.0,0.09,1,2,4,False,1,0,0
501,Neave,,FWD,15,Newcastle,,4,,,,,0,0,0,0,0,0,0,0,0,0,0,0,0,0,0.0,0.0,0.0,0.0,0.0,0.0,0.0,0.0,0,0,4,False,0,0,0
502,Sels,,GK,16,Nott'm Forest,,4,,,,,90,1,0,0,0,3,0,0,0,0,0,2,0,2,20.6,0.0,0.0,2.1,0.0,0.0,0.0,1.84,2,0,1,False,4,1,0
503,C.Miguel,,GK,16,Nott'm Forest,,4,,,,,0,0,0,0,0,0,0,0,0,0,0,0,0,0,0.0,0.0,0.0,0.0,0.0,0.0,0.0,0.0,0,0,1,False,0,0,0
504,Turner,,GK,16,Nott'm Forest,,4,,,,,0,0,0,0,0,0,0,0,0,0,0,0,0,0,0.0,0.0,0.0,0.0,0.0,0.0,0.0,0.0,0,0,1,False,0,0,0
505,Milenković,,DEF,16,Nott'm Forest,,4,,,,,90,1,0,0,0,3,0,0,0,0,0,0,0,0,10.8,1.6,2.0,1.4,0.0,0.02,0.02,1.84,5,5,2,False,3,1,0
506,Murillo,,DEF,16,Nott'm Forest,,4,,,,,36,3,0,0,0,1,0,0,0,0,0,0,0,5,14.2,0.0,0.0,1.4,0.0,0.0,0.0,0.95,9,10,2,False,1,1,1
507,Aina,,DEF,16,Nott'm Forest,,4,,,,,0,0,0,0,0,0,0,0,0,0,0,0,0,0,0.0,0.0,0.0,0.0,0.0,0.0,0.0,0.0,0,0,2,False,0,0,0
508,N.Williams,,DEF,16,Nott'm Forest,,4,,,,,90,0,0,0,0,3,0,0,0,1,0,0,0,-5,16.0,2.6,2.0,2.1,0.01,0.01,0.02,1.84,4,5,2,False,2,1,1
509,David Carmo,,DEF,16,Nott'm Forest,,4,,,,,0,0,0,0,0,0,0,0,0,0,0,0,0,0,0.0,0.0,0.0,0.0,0.0,0.0,0.0,0.0,0,0,2,False,0,0,0
510,Jair Cunha,,DEF,16,Nott'm Forest,,4,,,,,0,0,0,0,0,0,0,0,0,0,0,0,0,0,0.0,0.0,0.0,0.0,0.0,0.0,0.0,0.0,0,0,2,False,0,0,0
511,Morato,,DEF,16,Nott'm Forest,,4,,,,,90,1,0,0,0,3,0,0,0,0,0,0,0,1,13.6,0.8,0.0,1.4,0.0,0.0,0.0,1.84,4,5,2,False,4,1,1
512,O.Richards,,DEF,16,Nott'm Forest,,4,,,,,0,0,0,0,0,0,0,0,0,0,0,0,0,0,0.0,0.0,0.0,0.0,0.0,0.0,0.0,0.0,0,0,2,False,0,0,0
513,Abbott,,DEF,16,Nott'm Forest,,4,,,,,0,0,0,0,0,0,0,0,0,0,0,0,0,0,0.0,0.0,0.0,0.0,0.0,0.0,0.0,0.0,0,0,2,False,0,0,0
514,Boly,,DEF,16,Nott'm Forest,,4,,,,,0,0,0,0,0,0,0,0,0,0,0,0,0,0,0.0,0.0,0.0,0.0,0.0,0.0,0.0,0.0,0,0,2,False,0,0,0
515,Gibbs-White,,MID,16,Nott'm Forest,,4,,,,,72,2,0,0,0,2,0,0,0,0,0,0,0,4,0.0,6.8,6.0,1.2,0.04,0.01,0.05,1.75,1,4,3,False,3,1,0
516,Hudson-Odoi,,MID,16,Nott'm Forest,,4,,,,,59,1,0,0,0,2,0,0,0,0,0,0,0,1,0.4,4.1,2.0,0.7,0.0,0.01,0.01,1.75,0,2,3,False,2,1,0
517,Anderson,,MID,16,Nott'm Forest,,4,,,,,90,4,0,0,0,3,0,0,0,0,0,0,0,17,15.4,7.9,0.0,2.3,0.0,0.03,0.03,1.84,2,15,3,False,11,1,2
518,Jota,,MID,16,Nott'm Forest,,4,,,,,0,0,0,0,0,0,0,0,0,0,0,0,0,0,0.0,0.0,0.0,0.0,0.0,0.0,0.0,0.0,0,0,3,False,0,0,0
519,Dominguez,,MID,16,Nott'm Forest,,4,,,,,0,0,0,0,0,0,0,0,0,0,0,0,0,0,0.0,0.0,0.0,0.0,0.0,0.0,0.0,0.0,0,0,3,False,0,0,0
520,O'Brien,,MID,16,Nott'm Forest,,4,,,,,0,0,0,0,0,0,0,0,0,0,0,0,0,0,0.0,0.0,0.0,0.0,0.0,0.0,0.0,0.0,0,0,3,False,0,0,0
521,Sangaré,,MID,16,Nott'm Forest,,4,,,,,72,2,0,0,0,2,0,0,0,0,0,0,0,16,7.8,4.5,0.0,1.2,0.0,0.01,0.01,1.75,2,7,3,False,2,1,3
522,Yates,,MID,16,Nott'm Forest,,4,,,,,17,1,0,0,0,1,0,0,0,0,0,0,0,1,0.0,0.6,0.0,0.0,0.0,0.0,0.0,0.08,1,1,3,False,0,0,0
523,Da Silva Moreira,,MID,16,Nott'm Forest,,4,,,,,0,0,0,0,0,0,0,0,0,0,0,0,0,0,0.0,0.0,0.0,0.0,0.0,0.0,0.0,0.0,0,0,3,False,0,0,0
524,Stamenic,,MID,16,Nott'm Forest,,4,,,,,0,0,0,0,0,0,0,0,0,0,0,0,0,0,0.0,0.0,0.0,0.0,0.0,0.0,0.0,0.0,0,0,3,False,0,0,0
525,Wood,,FWD,16,Nott'm Forest,,4,,,,,59,1,0,0,0,2,0,0,0,0,0,0,0,4,4.4,11.6,17.0,3.3,0.03,0.04,0.07,1.75,1,1,4,False,0,1,0
526,Igor Jesus,,FWD,16,Nott'm Forest,,4,,,,,0,0,0,0,0,0,0,0,0,0,0,0,0,0,0.0,0.0,0.0,0.0,0.0,0.0,0.0,0.0,0,0,4,False,0,0,0
527,Awoniyi,,FWD,16,Nott'm Forest,,4,,,,,0,0,0,0,0,0,0,0,0,0,0,0,0,0,0.0,0.0,0.0,0.0,0.0,0.0,0.0,0.0,0,0,4,False,0,0,0
528,Patterson,,GK,17,Sunderland,,4,,,,,0,0,0,0,0,0,0,0,0,0,0,0,0,0,0.0,0.0,0.0,0.0,0.0,0.0,0.0,0.0,0,0,1,False,0,0,0
529,Moore,,GK,17,Sunderland,,4,,,,,0,0,0,0,0,0,0,0,0,0,0,0,0,0,0.0,0.0,0.0,0.0,0.0,0.0,0.0,0.0,0,0,1,False,0,0,0
530,Nna Noukeu,,GK,17,Sunderland,,4,,,,,0,0,0,0,0,0,0,0,0,0,0,0,0,0,0.0,0.0,0.0,0.0,0.0,0.0,0.0,0.0,0,0,1,False,0,0,0
531,Ballard,,DEF,17,Sunderland,,4,,,,,0,0,0,0,0,0,0,0,0,0,0,0,0,0,0.0,0.0,0.0,0.0,0.0,0.0,0.0,0.0,0,0,2,False,0,0,0
532,Hume,,DEF,17,Sunderland,,4,,,,,90,6,0,0,1,0,0,0,0,0,0,0,0,26,21.4,25.8,0.0,4.7,0.0,0.05,0.05,1.77,4,7,2,False,2,1,3
533,Alese,,DEF,17,Sunderland,,4,,,,,0,0,0,0,0,0,0,0,0,0,0,0,0,0,0.0,0.0,0.0,0.0,0.0,0.0,0.0,0.0,0,0,2,False,0,0,0
534,Anderson,,DEF,17,Sunderland,,4,,,,,0,0,0,0,0,0,0,0,0,0,0,0,0,0,0.0,0.0,0.0,0.0,0.0,0.0,0.0,0.0,0,0,2,False,0,0,0
535,Cirkin,,DEF,17,Sunderland,,4,,,,,0,0,0,0,0,0,0,0,0,0,0,0,0,0,0.0,0.0,0.0,0.0,0.0,0.0,0.0,0.0,0,0,2,False,0,0,0
536,Hjelde,,DEF,17,Sunderland,,4,,,,,0,0,0,0,0,0,0,0,0,0,0,0,0,0,0.0,0.0,0.0,0.0,0.0,0.0,0.0,0.0,0,0,2,False,0,0,0
537,Huggins,,DEF,17,Sunderland,,4,,,,,0,0,0,0,0,0,0,0,0,0,0,0,0,0,0.0,0.0,0.0,0.0,0.0,0.0,0.0,0.0,0,0,2,False,0,0,0
538,Johnson,,DEF,17,Sunderland,,4,,,,,0,0,0,0,0,0,0,0,0,0,0,0,0,0,0.0,0.0,0.0,0.0,0.0,0.0,0.0,0.0,0,0,2,False,0,0,0
539,O'Nien,,DEF,17,Sunderland,,4,,,,,0,0,0,0,0,0,0,0,0,0,0,0,0,0,0.0,0.0,0.0,0.0,0.0,0.0,0.0,0.0,0,0,2,False,0,0,0
540,Pembele,,DEF,17,Sunderland,,4,,,,,0,0,0,0,0,0,0,0,0,0,0,0,0,0,0.0,0.0,0.0,0.0,0.0,0.0,0.0,0.0,0,0,2,False,0,0,0
541,Reinildo,,DEF,17,Sunderland,,4,,,,,90,6,0,0,1,0,0,0,0,0,0,0,0,29,21.4,2.1,0.0,2.4,0.0,0.01,0.01,1.77,5,6,2,False,4,1,1
542,Seelt,,DEF,17,Sunderland,,4,,,,,0,0,0,0,0,0,0,0,0,0,0,0,0,0,0.0,0.0,0.0,0.0,0.0,0.0,0.0,0.0,0,0,2,False,0,0,0
543,Adingra,,MID,17,Sunderland,,4,,,,,68,3,0,0,1,0,0,0,0,0,0,0,0,11,8.2,15.2,0.0,2.3,0.0,0.09,0.09,0.84,1,4,3,False,2,1,1
544,Diarra,,MID,17,Sunderland,,4,,,,,90,3,0,0,1,0,0,0,0,0,0,0,0,1,0.0,6.1,7.0,1.1,0.02,0.01,0.03,1.77,2,4,3,False,2,1,0
545,Roberts,,MID,17,Sunderland,,4,,,,,0,0,0,0,0,0,0,0,0,0,0,0,0,0,0.0,0.0,0.0,0.0,0.0,0.0,0.0,0.0,0,0,3,False,0,0,0
546,Aleksić,,MID,17,Sunderland,,4,,,,,0,0,0,0,0,0,0,0,0,0,0,0,0,0,0.0,0.0,0.0,0.0,0.0,0.0,0.0,0.0,0,0,3,False,0,0,0
547,E.Le Fée,,MID,17,Sunderland,,4,,,,,0,0,0,0,0,0,0,0,0,0,0,0,0,0,0.0,0.0,0.0,0.0,0.0,0.0,0.0,0.0,0,0,3,False,0,0,0
548,Mundle,,MID,17,Sunderland,,4,,,,,0,0,0,0,0,0,0,0,0,0,0,0,0,0,0.0,0.0,0.0,0.0,0.0,0.0,0.0,0.0,0,0,3,False,0,0,0
549,Neil,,MID,17,Sunderland,,4,,,,,0,0,0,0,0,0,0,0,0,0,0,0,0,0,0.0,0.0,0.0,0.0,0.0,0.0,0.0,0.0,0,0,3,False,0,0,0
550,Poveda,,MID,17,Sunderland,,4,,,,,0,0,0,0,0,0,0,0,0,0,0,0,0,0,0.0,0.0,0.0,0.0,0.0,0.0,0.0,0.0,0,0,3,False,0,0,0
551,Rigg,,MID,17,Sunderland,,4,,,,,1,1,0,0,0,0,0,0,0,0,0,0,0,3,0.0,0.0,0.0,0.0,0.0,0.0,0.0,0.1,0,0,3,False,0,0,0
552,Sadiki,,MID,17,Sunderland,,4,,,,,83,3,0,0,1,0,0,0,0,0,0,0,0,11,8.4,6.7,4.0,1.9,0.02,0.01,0.03,1.39,3,7,3,False,3,1,1
553,Talbi,,MID,17,Sunderland,,4,,,,,90,3,0,0,1,0,0,0,0,0,0,0,0,8,7.2,16.4,15.0,3.9,0.21,0.16,0.37,1.77,2,4,3,False,2,1,0
554,Ba,,MID,17,Sunderland,,4,,,,,0,0,0,0,0,0,0,0,0,0,0,0,0,0,0.0,0.0,0.0,0.0,0.0,0.0,0.0,0.0,0,0,3,False,0,0,0
555,Browne,,MID,17,Sunderland,,4,,,,,0,0,0,0,0,0,0,0,0,0,0,0,0,0,0.0,0.0,0.0,0.0,0.0,0.0,0.0,0.0,0,0,3,False,0,0,0
556,Ekwah,,MID,17,Sunderland,,4,,,,,0,0,0,0,0,0,0,0,0,0,0,0,0,0,0.0,0.0,0.0,0.0,0.0,0.0,0.0,0.0,0,0,3,False,0,0,0
557,H.Jones,,MID,17,Sunderland,,4,,,,,0,0,0,0,0,0,0,0,0,0,0,0,0,0,0.0,0.0,0.0,0.0,0.0,0.0,0.0,0.0,0,0,3,False,0,0,0
558,Matete,,MID,17,Sunderland,,4,,,,,0,0,0,0,0,0,0,0,0,0,0,0,0,0,0.0,0.0,0.0,0.0,0.0,0.0,0.0,0.0,0,0,3,False,0,0,0
559,Triantis,,MID,17,Sunderland,,4,,,,,0,0,0,0,0,0,0,0,0,0,0,0,0,0,0.0,0.0,0.0,0.0,0.0,0.0,0.0,0.0,0,0,3,False,0,0,0
560,Isidor,,FWD,17,Sunderland,,4,,,,,90,2,0,0,1,0,0,0,0,0,0,0,0,1,0.6,0.6,17.0,1.8,0.11,0.0,0.11,1.67,1,3,4,False,1,1,1
561,Mayenda,,FWD,17,Sunderland,,4,,,,,0,0,0,0,0,0,0,0,0,0,0,0,0,0,0.0,0.0,0.0,0.0,0.0,0.0,0.0,0.0,0,0,4,False,0,0,0
562,Abdullahi,,FWD,17,Sunderland,,4,,,,,0,0,0,0,0,0,0,0,0,0,0,0,0,0,0.0,0.0,0.0,0.0,0.0,0.0,0.0,0.0,0,0,4,False,0,0,0
563,Luís Hemir,,FWD,17,Sunderland,,4,,,,,0,0,0,0,0,0,0,0,0,0,0,0,0,0,0.0,0.0,0.0,0.0,0.0,0.0,0.0,0.0,0,0,4,False,0,0,0
564,Rusyn,,FWD,17,Sunderland,,4,,,,,0,0,0,0,0,0,0,0,0,0,0,0,0,0,0.0,0.0,0.0,0.0,0.0,0.0,0.0,0.0,0,0,4,False,0,0,0
565,Vicario,,GK,18,Spurs,,4,,,,,90,8,0,0,1,0,0,0,0,0,0,4,1,39,38.6,0.0,0.0,3.9,0.0,0.0,0.0,0.6,2,0,1,False,9,1,0
566,Austin,,GK,18,Spurs,,4,,,,,0,0,0,0,0,0,0,0,0,0,0,0,0,0,0.0,0.0,0.0,0.0,0.0,0.0,0.0,0.0,0,0,1,False,0,0,0
567,Kinsky,,GK,18,Spurs,,4,,,,,0,0,0,0,0,0,0,0,0,0,0,0,0,0,0.0,0.0,0.0,0.0,0.0,0.0,0.0,0.0,0,0,1,False,0,0,0
568,Pedro Porro,,DEF,18,Spurs,,4,,,,,90,6,0,0,1,0,0,0,0,0,0,0,0,32,18.6,31.9,6.0,5.7,0.0,0.37,0.37,0.6,2,5,2,False,5,1,3
569,Romero,,DEF,18,Spurs,,4,,,,,90,12,0,1,1,0,0,0,0,0,0,0,3,44,34.2,21.8,35.0,9.1,0.07,0.14,0.21,0.6,2,3,2,True,4,1,1
570,Danso,,DEF,18,Spurs,,4,,,,,10,1,0,0,0,0,0,0,0,0,0,0,0,3,2.0,0.8,0.0,0.3,0.0,0.0,0.0,0.0,0,0,2,False,0,0,0
571,Davies,,DEF,18,Spurs,,4,,,,,0,0,0,0,0,0,0,0,0,0,0,0,0,0,0.0,0.0,0.0,0.0,0.0,0.0,0.0,0.0,0,0,2,False,0,0,0
572,Dragusin,,DEF,18,Spurs,,4,,,,,0,0,0,0,0,0,0,0,0,0,0,0,0,0,0.0,0.0,0.0,0.0,0.0,0.0,0.0,0.0,0,0,2,False,0,0,0
573,Spence,,DEF,18,Spurs,,4,,,,,70,5,0,0,1,0,0,0,0,1,0,0,0,14,2.8,2.4,2.0,0.7,0.0,0.01,0.01,0.6,0,0,2,False,3,1,0
574,Udogie,,DEF,18,Spurs,,4,,,,,19,1,0,0,0,0,0,0,0,0,0,0,0,6,4.2,11.5,6.0,2.2,0.0,0.01,0.01,0.0,0,1,2,False,1,0,1
575,Van de Ven,,DEF,18,Spurs,,4,,,,,79,14,1,0,1,0,0,0,0,0,0,0,2,43,46.0,10.9,23.0,8.0,0.09,0.0,0.09,0.6,4,5,2,True,2,1,1
576,Phillips,,DEF,18,Spurs,,4,,,,,0,0,0,0,0,0,0,0,0,0,0,0,0,0,0.0,0.0,0.0,0.0,0.0,0.0,0.0,0.0,0,0,2,False,0,0,0
577,Takai,,DEF,18,Spurs,,4,,,,,0,0,0,0,0,0,0,0,0,0,0,0,0,0,0.0,0.0,0.0,0.0,0.0,0.0,0.0,0.0,0,0,2,False,0,0,0
578,Vuskovic,,DEF,18,Spurs,,4,,,,,0,0,0,0,0,0,0,0,0,0,0,0,0,0,0.0,0.0,0.0,0.0,0.0,0.0,0.0,0.0,0,0,2,False,0,0,0
579,Son,,MID,18,Spurs,,4,,,,,0,0,0,0,0,0,0,0,0,0,0,0,0,0,0.0,0.0,0.0,0.0,0.0,0.0,0.0,0.0,0,0,3,False,0,0,0
580,Johnson,,MID,18,Spurs,,4,,,,,10,1,0,0,0,0,0,0,0,0,0,0,0,3,1.0,0.6,4.0,0.6,0.0,0.05,0.05,0.0,1,2,3,False,1,0,0
581,Maddison,,MID,18,Spurs,,4,,,,,0,0,0,0,0,0,0,0,0,0,0,0,0,0,0.0,0.0,0.0,0.0,0.0,0.0,0.0,0.0,0,0,3,False,0,0,0
582,Kudus,,MID,18,Spurs,,4,,,,,90,3,0,0,1,0,0,0,0,0,0,0,0,4,10.2,31.8,36.0,7.8,0.47,0.11,0.58,0.6,0,3,3,False,3,1,0
583,Kulusevski,,MID,18,Spurs,,4,,,,,0,0,0,0,0,0,0,0,0,0,0,0,0,0,0.0,0.0,0.0,0.0,0.0,0.0,0.0,0.0,0,0,3,False,0,0,0
584,Tel,,MID,18,Spurs,,4,,,,,78,3,0,0,1,0,0,0,0,0,0,0,0,7,0.8,3.0,8.0,1.2,0.02,0.0,0.02,0.6,0,1,3,False,1,1,0
585,Bentancur,,MID,18,Spurs,,4,,,,,0,0,0,0,0,0,0,0,0,0,0,0,0,0,0.0,0.0,0.0,0.0,0.0,0.0,0.0,0.0,0,0,3,False,0,0,0
586,Bergvall,,MID,18,Spurs,,4,,,,,79,11,1,1,1,0,0,0,0,0,0,0,0,38,55.2,13.8,23.0,9.2,0.12,0.06,0.18,0.6,0,5,3,True,3,1,2
587,Bissouma,,MID,18,Spurs,,4,,,,,0,0,0,0,0,0,0,0,0,0,0,0,0,0,0.0,0.0,0.0,0.0,0.0,0.0,0.0,0.0,0,0,3,False,0,0,0
588,Odobert,,MID,18,Spurs,,4,,,,,11,1,0,0,0,0,0,0,0,0,0,0,0,5,2.4,2.6,0.0,0.5,0.0,0.01,0.01,0.0,0,1,3,False,0,0,1
589,Solomon,,MID,18,Spurs,,4,,,,,0,0,0,0,0,0,0,0,0,0,0,0,0,0,0.0,0.0,0.0,0.0,0.0,0.0,0.0,0.0,0,0,3,False,0,0,0
590,Bryan,,MID,18,Spurs,,4,,,,,0,0,0,0,0,0,0,0,0,0,0,0,0,0,0.0,0.0,0.0,0.0,0.0,0.0,0.0,0.0,0,0,3,False,0,0,0
591,Gray,,MID,18,Spurs,,4,,,,,0,0,0,0,0,0,0,0,0,0,0,0,0,0,0.0,0.0,0.0,0.0,0.0,0.0,0.0,0.0,0,0,3,False,0,0,0
592,Moore,,MID,18,Spurs,,4,,,,,0,0,0,0,0,0,0,0,0,0,0,0,0,0,0.0,0.0,0.0,0.0,0.0,0.0,0.0,0.0,0,0,3,False,0,0,0
593,P.M.Sarr,,MID,18,Spurs,,4,,,,,90,8,1,0,1,0,0,0,0,0,0,0,0,33,37.6,4.3,45.0,8.7,0.28,0.03,0.31,0.6,2,7,3,False,5,1,0
594,Min-hyeok,,MID,18,Spurs,,4,,,,,0,0,0,0,0,0,0,0,0,0,0,0,0,0,0.0,0.0,0.0,0.0,0.0,0.0,0.0,0.0,0,0,3,False,0,0,0
595,Olusesi,,MID,18,Spurs,,4,,,,,0,0,0,0,0,0,0,0,0,0,0,0,0,0,0.0,0.0,0.0,0.0,0.0,0.0,0.0,0.0,0,0,3,False,0,0,0
596,Solanke,,FWD,18,Spurs,,4,,,,,0,0,0,0,0,0,0,0,0,0,0,0,0,0,0.0,0.0,0.0,0.0,0.0,0.0,0.0,0.0,0,0,4,False,0,0,0
597,Richarlison,,FWD,18,Spurs,,4,,,,,19,1,0,0,0,0,0,0,0,0,0,0,0,4,2.0,10.3,2.0,1.4,0.0,0.0,0.0,0.0,0,0,4,False,0,0,0
598,Lankshear,,FWD,18,Spurs,,4,,,,,0,0,0,0,0,0,0,0,0,0,0,0,0,0,0.0,0.0,0.0,0.0,0.0,0.0,0.0,0.0,0,0,4,False,0,0,0
599,Scarlett,,FWD,18,Spurs,,4,,,,,0,0,0,0,0,0,0,0,0,0,0,0,0,0,0.0,0.0,0.0,0.0,0.0,0.0,0.0,0.0,0,0,4,False,0,0,0
600,Areola,,GK,19,West Ham,,4,,,,,0,0,0,0,0,0,0,0,0,0,0,0,0,0,0.0,0.0,0.0,0.0,0.0,0.0,0.0,0.0,0,0,1,False,0,0,0
601,Foderingham,,GK,19,West Ham,,4,,,,,0,0,0,0,0,0,0,0,0,0,0,0,0,0,0.0,0.0,0.0,0.0,0.0,0.0,0.0,0.0,0,0,1,False,0,0,0
602,Hegyi,,GK,19,West Ham,,4,,,,,0,0,0,0,0,0,0,0,0,0,0,0,0,0,0.0,0.0,0.0,0.0,0.0,0.0,0.0,0.0,0,0,1,False,0,0,0
603,Diouf,,DEF,19,West Ham,,4,,,,,90,1,0,0,0,3,0,0,0,0,0,0,0,0,20.6,5.4,17.0,4.3,0.01,0.04,0.05,1.29,5,8,2,False,4,1,3
604,Emerson,,DEF,19,West Ham,,4,,,,,0,0,0,0,0,0,0,0,0,0,0,0,0,0,0.0,0.0,0.0,0.0,0.0,0.0,0.0,0.0,0,0,2,False,0,0,0
605,Kilman,,DEF,19,West Ham,,4,,,,,90,1,0,0,0,3,0,0,0,0,0,0,0,-3,21.0,0.3,7.0,2.8,0.2,0.0,0.2,1.29,9,9,2,False,5,1,0
606,Mavropanos,,DEF,19,West Ham,,4,,,,,90,3,0,0,0,3,0,0,0,0,0,0,0,2,26.8,0.6,0.0,2.7,0.0,0.01,0.01,1.29,11,11,2,False,3,1,0
607,N.Aguerd,,DEF,19,West Ham,,4,,,,,0,0,0,0,0,0,0,0,0,0,0,0,0,0,0.0,0.0,0.0,0.0,0.0,0.0,0.0,0.0,0,0,2,False,0,0,0
608,Scarles,,DEF,19,West Ham,,4,,,,,0,0,0,0,0,0,0,0,0,0,0,0,0,0,0.0,0.0,0.0,0.0,0.0,0.0,0.0,0.0,0,0,2,False,0,0,0
609,Todibo,,DEF,19,West Ham,,4,,,,,0,0,0,0,0,0,0,0,0,0,0,0,0,0,0.0,0.0,0.0,0.0,0.0,0.0,0.0,0.0,0,0,2,False,0,0,0
610,Wan-Bissaka,,DEF,19,West Ham,,4,,,,,0,0,0,0,0,0,0,0,0,0,0,0,0,0,0.0,0.0,0.0,0.0,0.0,0.0,0.0,0.0,0,0,2,False,0,0,0
611,Casey,,DEF,19,West Ham,,4,,,,,0,0,0,0,0,0,0,0,0,0,0,0,0,0,0.0,0.0,0.0,0.0,0.0,0.0,0.0,0.0,0,0,2,False,0,0,0
612,L.Paquetá,,MID,19,West Ham,,4,,,,,67,2,0,0,0,3,0,0,0,0,0,0,0,4,0.0,14.7,4.0,1.9,0.25,0.01,0.26,0.78,1,2,3,False,1,1,0
613,Souček,,MID,19,West Ham,,4,,,,,53,-2,0,0,0,3,0,0,0,0,1,0,0,-2,14.6,0.9,17.0,3.3,0.01,0.0,0.01,0.42,9,11,3,False,1,1,1
614,Ward-Prowse,,MID,19,West Ham,,4,,,,,90,2,0,0,0,3,0,0,0,0,0,0,0,20,13.6,30.7,0.0,4.4,0.0,0.24,0.24,0.92,2,3,3,False,1,1,0
615,Summerville,,MID,19,West Ham,,4,,,,,60,2,0,0,0,2,0,0,0,0,0,0,0,11,9.8,2.1,0.0,1.2,0.0,0.01,0.01,0.63,2,5,3,False,1,1,2
616,Álvarez,,MID,19,West Ham,,4,,,,,0,0,0,0,0,0,0,0,0,0,0,0,0,0,0.0,0.0,0.0,0.0,0.0,0.0,0.0,0.0,0,0,3,False,0,0,0
617,Cornet,,MID,19,West Ham,,4,,,,,0,0,0,0,0,0,0,0,0,0,0,0,0,0,0.0,0.0,0.0,0.0,0.0,0.0,0.0,0.0,0,0,3,False,0,0,0
618,G.Rodriguez,,MID,19,West Ham,,4,,,,,0,0,0,0,0,0,0,0,0,0,0,0,0,0,0.0,0.0,0.0,0.0,0.0,0.0,0.0,0.0,0,0,3,False,0,0,0
619,L.Guilherme,,MID,19,West Ham,,4,,,,,29,1,0,0,0,1,0,0,0,0,0,0,0,2,1.4,0.0,0.0,0.1,0.0,0.0,0.0,0.65,1,3,3,False,2,0,0
620,Earthy,,MID,19,West Ham,,4,,,,,0,0,0,0,0,0,0,0,0,0,0,0,0,0,0.0,0.0,0.0,0.0,0.0,0.0,0.0,0.0,0,0,3,False,0,0,0
621,Irving,,MID,19,West Ham,,4,,,,,1,1,0,0,0,0,0,0,0,0,0,0,0,3,5.0,0.0,0.0,0.5,0.0,0.0,0.0,0.37,1,1,3,False,0,0,0
622,Orford,,MID,19,West Ham,,4,,,,,0,0,0,0,0,0,0,0,0,0,0,0,0,0,0.0,0.0,0.0,0.0,0.0,0.0,0.0,0.0,0,0,3,False,0,0,0
623,Potts,,MID,19,West Ham,,4,,,,,0,0,0,0,0,0,0,0,0,0,0,0,0,0,0.0,0.0,0.0,0.0,0.0,0.0,0.0,0.0,0,0,3,False,0,0,0
624,Bowen,,FWD,19,West Ham,,4,,,,,90,2,0,0,0,3,0,0,0,0,0,0,0,12,12.4,4.4,39.0,5.6,0.12,0.02,0.14,1.29,4,9,4,False,4,1,1
625,Füllkrug,,FWD,19,West Ham,,4,,,,,0,0,0,0,0,0,0,0,0,0,0,0,0,0,0.0,0.0,0.0,0.0,0.0,0.0,0.0,0.0,0,0,4,False,0,0,0
626,Marshall,,FWD,19,West Ham,,4,,,,,0,0,0,0,0,0,0,0,0,0,0,0,0,0,0.0,0.0,0.0,0.0,0.0,0.0,0.0,0.0,0,0,4,False,0,0,0
627,Johnstone,,GK,20,Wolves,,4,,,,,90,3,0,0,0,1,0,0,0,0,0,3,0,17,31.2,0.0,0.0,3.1,0.0,0.0,0.0,1.55,5,0,1,False,13,1,0
628,José Sá,,GK,20,Wolves,,4,,,,,0,0,0,0,0,0,0,0,0,0,0,0,0,0,0.0,0.0,0.0,0.0,0.0,0.0,0.0,0.0,0,0,1,False,0,0,0
629,Bentley,,GK,20,Wolves,,4,,,,,0,0,0,0,0,0,0,0,0,0,0,0,0,0,0.0,0.0,0.0,0.0,0.0,0.0,0.0,0.0,0,0,1,False,0,0,0
630,King,,GK,9,Everton,,4,,,,,0,0,0,0,0,0,0,0,0,0,0,0,0,0,0.0,0.0,0.0,0.0,0.0,0.0,0.0,0.0,0,0,1,False,0,0,0
631,Agbadou,,DEF,20,Wolves,,4,,,,,90,4,0,0,0,1,0,0,0,0,0,0,0,10,37.0,4.6,0.0,4.2,0.0,0.1,0.1,1.55,12,14,2,False,3,1,2
632,Doherty,,DEF,20,Wolves,,4,,,,,0,0,0,0,0,0,0,0,0,0,0,0,0,0,0.0,0.0,0.0,0.0,0.0,0.0,0.0,0.0,0,0,2,False,0,0,0
633,H.Bueno,,DEF,20,Wolves,,4,,,,,90,4,0,0,0,1,0,0,0,0,0,0,0,11,29.6,29.8,8.0,6.7,0.0,0.11,0.11,1.55,5,11,2,False,4,1,6
634,Mosquera,,DEF,20,Wolves,,4,,,,,65,2,0,0,0,1,0,0,0,0,0,0,0,4,11.8,0.2,0.0,1.2,0.0,0.0,0.0,1.35,5,6,2,False,2,1,1
635,R.Gomes,,DEF,20,Wolves,,4,,,,,76,2,0,0,0,1,0,0,0,0,0,0,0,9,10.2,1.3,27.0,3.9,0.26,0.0,0.26,1.38,5,7,2,False,4,1,2
636,S.Bueno,,DEF,20,Wolves,,4,,,,,0,0,0,0,0,0,0,0,0,0,0,0,0,0,0.0,0.0,0.0,0.0,0.0,0.0,0.0,0.0,0,0,2,False,0,0,0
637,Toti,,DEF,20,Wolves,,4,,,,,90,2,0,0,0,1,0,0,0,0,0,0,0,11,15.4,2.0,19.0,3.6,0.01,0.01,0.02,1.55,4,4,2,False,8,1,0
638,Hoever,,DEF,20,Wolves,,4,,,,,0,0,0,0,0,0,0,0,0,0,0,0,0,0,0.0,0.0,0.0,0.0,0.0,0.0,0.0,0.0,0,0,2,False,0,0,0
639,Meupiyou,,DEF,20,Wolves,,4,,,,,0,0,0,0,0,0,0,0,0,0,0,0,0,0,0.0,0.0,0.0,0.0,0.0,0.0,0.0,0.0,0,0,2,False,0,0,0
640,Pedro Lima,,DEF,20,Wolves,,4,,,,,0,0,0,0,0,0,0,0,0,0,0,0,0,0,0.0,0.0,0.0,0.0,0.0,0.0,0.0,0.0,0,0,2,False,0,0,0
641,Pond,,DEF,20,Wolves,,4,,,,,0,0,0,0,0,0,0,0,0,0,0,0,0,0,0.0,0.0,0.0,0.0,0.0,0.0,0.0,0.0,0,0,2,False,0,0,0
642,Hee Chan,,MID,20,Wolves,,4,,,,,76,2,0,0,0,1,0,0,0,0,0,0,0,6,0.6,0.7,28.0,2.9,0.14,0.01,0.15,1.38,0,1,3,False,1,1,0
643,André,,MID,20,Wolves,,4,,,,,65,1,0,0,0,1,0,0,0,1,0,0,0,7,2.4,0.9,0.0,0.3,0.0,0.0,0.0,1.35,2,7,3,False,4,1,1
644,Bellegarde,,MID,20,Wolves,,4,,,,,24,1,0,0,0,0,0,0,0,0,0,0,0,4,1.6,4.6,2.0,0.8,0.05,0.02,0.07,0.2,1,2,3,False,1,0,0
645,Fer López,,MID,20,Wolves,,4,,,,,13,1,0,0,0,0,0,0,0,0,0,0,0,5,3.6,11.6,2.0,1.7,0.0,0.07,0.07,0.17,0,0,3,False,0,0,0
646,Gomes,,MID,20,Wolves,,4,,,,,90,3,0,0,0,1,0,0,0,1,0,0,0,14,18.2,16.7,2.0,3.7,0.0,0.09,0.09,1.55,6,18,3,False,9,1,3
647,Guedes,,MID,20,Wolves,,4,,,,,0,0,0,0,0,0,0,0,0,0,0,0,0,0,0.0,0.0,0.0,0.0,0.0,0.0,0.0,0.0,0,0,3,False,0,0,0
648,Munetsi,,MID,20,Wolves,,4,,,,,24,0,0,0,0,0,0,0,0,1,0,0,0,-1,0.0,1.6,2.0,0.2,0.0,0.0,0.0,0.2,0,0,3,False,0,0,0
649,B.Traore,,MID,20,Wolves,,4,,,,,0,0,0,0,0,0,0,0,0,0,0,0,0,0,0.0,0.0,0.0,0.0,0.0,0.0,0.0,0.0,0,0,3,False,0,0,0
650,Chirewa,,MID,20,Wolves,,4,,,,,0,0,0,0,0,0,0,0,0,0,0,0,0,0,0.0,0.0,0.0,0.0,0.0,0.0,0.0,0.0,0,0,3,False,0,0,0
651,Edozie,,MID,20,Wolves,,4,,,,,0,0,0,0,0,0,0,0,0,0,0,0,0,0,0.0,0.0,0.0,0.0,0.0,0.0,0.0,0.0,0,0,3,False,0,0,0
652,Gonzalez,,MID,20,Wolves,,4,,,,,0,0,0,0,0,0,0,0,0,0,0,0,0,0,0.0,0.0,0.0,0.0,0.0,0.0,0.0,0.0,0,0,3,False,0,0,0
653,Hodge,,MID,20,Wolves,,4,,,,,0,0,0,0,0,0,0,0,0,0,0,0,0,0,0.0,0.0,0.0,0.0,0.0,0.0,0.0,0.0,0,0,3,False,0,0,0
654,Strand Larsen,,FWD,20,Wolves,,4,,,,,0,0,0,0,0,0,0,0,0,0,0,0,0,0,0.0,0.0,0.0,0.0,0.0,0.0,0.0,0.0,0,0,4,False,0,0,0
655,Fábio Silva,,FWD,20,Wolves,,4,,,,,0,0,0,0,0,0,0,0,0,0,0,0,0,0,0.0,0.0,0.0,0.0,0.0,0.0,0.0,0.0,0,0,4,False,0,0,0
656,Kalajdžić,,FWD,20,Wolves,,4,,,,,0,0,0,0,0,0,0,0,0,0,0,0,0,0,0.0,0.0,0.0,0.0,0.0,0.0,0.0,0.0,0,0,4,False,0,0,0
657,Chiwome,,FWD,20,Wolves,,4,,,,,0,0,0,0,0,0,0,0,0,0,0,0,0,0,0.0,0.0,0.0,0.0,0.0,0.0,0.0,0.0,0,0,4,False,0,0,0
658,Fraser,,FWD,20,Wolves,,4,,,,,0,0,0,0,0,0,0,0,0,0,0,0,0,0,0.0,0.0,0.0,0.0,0.0,0.0,0.0,0.0,0,0,4,False,0,0,0
659,Walker-Peters,,DEF,19,West Ham,,4,,,,,90,1,0,0,0,3,0,0,0,0,0,0,0,2,14.6,13.0,0.0,2.8,0.0,0.01,0.01,1.29,3,5,2,False,6,1,2
660,Stach,,MID,11,Leeds,,4,,,,,90,1,0,0,0,1,0,0,0,1,0,0,0,2,4.4,16.0,13.0,3.3,0.08,0.11,0.19,0.85,2,5,3,False,2,1,1
661,Ekitiké,,FWD,12,Liverpool,,4,,,,,71,2,0,0,1,0,0,0,0,0,0,0,0,8,2.6,2.7,10.0,1.5,0.1,0.06,0.16,0.12,1,4,4,False,3,1,0
662,Mosquera,,DEF,1,Arsenal,,4,,,,,90,7,0,0,1,0,0,0,0,0,0,0,1,32,21.4,1.6,2.0,2.5,0.0,0.04,0.04,0.2,6,8,2,False,6,1,2
663,J.Arias,,MID,20,Wolves,,4,,,,,24,1,0,0,0,0,0,0,0,0,0,0,0,1,0.0,0.8,7.0,0.7,0.04,0.0,0.04,0.2,1,2,3,False,1,0,0
664,Lecomte,,GK,10,Fulham,,4,,,,,0,0,0,0,0,0,0,0,0,0,0,0,0,0,0.0,0.0,0.0,0.0,0.0,0.0,0.0,0.0,0,0,1,False,0,0,0
665,Perri,,GK,11,Leeds,,4,,,,,0,0,0,0,0,0,0,0,0,0,0,0,0,0,0.0,0.0,0.0,0.0,0.0,0.0,0.0,0.0,0,0,1,False,0,0,0
666,Gyökeres,,FWD,1,Arsenal,,4,,,,,67,6,1,0,1,0,0,0,0,0,0,0,0,30,34.6,11.3,44.0,9.0,0.84,0.02,0.86,0.1,1,3,4,False,1,1,1
667,Aznou,,DEF,9,Everton,,4,,,,,0,0,0,0,0,0,0,0,0,0,0,0,0,0,0.0,0.0,0.0,0.0,0.0,0.0,0.0,0.0,0,0,2,False,0,0,0
668,Xhaka,,MID,17,Sunderland,,4,,,,,90,5,0,0,1,0,0,0,0,0,0,0,0,20,25.2,15.8,2.0,4.3,0.0,0.11,0.11,1.77,10,18,3,False,6,1,2
669,Ndoye,,MID,16,Nott'm Forest,,4,,,,,90,2,0,0,0,3,0,0,0,0,0,0,0,10,16.6,21.1,4.0,4.2,0.0,0.03,0.03,1.84,2,5,3,False,2,1,1
670,Roefs,,GK,17,Sunderland,,4,,,,,90,10,0,0,1,0,0,0,0,1,0,6,3,39,43.2,0.0,0.0,4.3,0.0,0.0,0.0,1.77,1,0,1,True,15,1,0
671,Wilson,,FWD,19,West Ham,,4,,,,,22,1,0,0,0,0,0,0,0,0,0,0,0,3,0.2,0.1,0.0,0.0,0.0,0.0,0.0,0.51,0,2,4,False,2,0,0
672,Hato,,DEF,7,Chelsea,,4,,,,,45,0,0,0,0,1,0,0,0,1,0,0,0,-6,0.0,1.5,2.0,0.3,0.0,0.01,0.01,0.55,1,1,2,False,2,1,0
673,J.Palhinha,,MID,18,Spurs,,4,,,,,90,3,0,0,1,0,0,0,0,0,0,0,0,18,14.2,4.2,18.0,3.6,0.22,0.03,0.25,0.6,0,7,3,False,1,1,6
674,Ramsdale,,GK,15,Newcastle,,4,,,,,0,0,0,0,0,0,0,0,0,0,0,0,0,0,0.0,0.0,0.0,0.0,0.0,0.0,0.0,0.0,0,0,1,False,0,0,0
675,Gunn,,GK,16,Nott'm Forest,,4,,,,,0,0,0,0,0,0,0,0,0,0,0,0,0,0,0.0,0.0,0.0,0.0,0.0,0.0,0.0,0.0,0,0,1,False,0,0,0
676,Ugochukwu,,MID,3,Burnley,,4,,,,,83,-1,0,0,0,1,0,0,0,0,1,0,0,0,7.4,0.1,0.0,0.8,0.0,0.0,0.0,1.45,4,9,3,False,2,1,3
677,Guessand,,MID,2,Aston Villa,,4,,,,,45,1,0,0,0,0,0,0,0,0,0,0,0,2,6.2,0.8,0.0,0.7,0.0,0.0,0.0,0.91,0,5,3,False,1,0,4
678,Masuaku,,DEF,17,Sunderland,,4,,,,,0,0,0,0,0,0,0,0,0,0,0,0,0,0,0.0,0.0,0.0,0.0,0.0,0.0,0.0,0.0,0,0,2,False,0,0,0
679,Hermansen,,GK,19,West Ham,,4,,,,,90,1,0,0,0,3,0,0,0,0,0,2,0,2,19.2,0.0,0.0,1.9,0.0,0.0,0.0,1.29,2,0,1,False,3,1,0
680,Broja,,FWD,3,Burnley,,4,,,,,1,1,0,0,0,1,0,0,0,0,0,0,0,3,2.0,0.1,0.0,0.2,0.0,0.0,0.0,0.94,1,1,4,False,0,0,0
681,Šeško,,FWD,14,Man Utd,,4,,,,,79,2,0,0,0,3,0,0,0,0,0,0,0,6,1.0,6.8,7.0,1.5,0.03,0.0,0.03,2.34,0,1,4,False,1,1,0
682,Møller Wolfe,,DEF,20,Wolves,,4,,,,,0,0,0,0,0,0,0,0,0,0,0,0,0,0,0.0,0.0,0.0,0.0,0.0,0.0,0.0,0.0,0,0,2,False,0,0,0
683,Alderete,,DEF,17,Sunderland,,4,,,,,90,9,0,0,1,0,0,0,0,0,0,0,1,31,30.2,0.5,2.0,3.3,0.0,0.02,0.02,1.77,8,10,2,False,5,1,2
684,Thiaw,,DEF,15,Newcastle,,4,,,,,0,0,0,0,0,0,0,0,0,0,0,0,0,0,0.0,0.0,0.0,0.0,0.0,0.0,0.0,0.0,0,0,2,False,0,0,0
685,Diakité,,DEF,4,Bournemouth,,4,,,,,0,0,0,0,0,0,0,0,0,0,0,0,0,0,0.0,0.0,0.0,0.0,0.0,0.0,0.0,0.0,0,0,2,False,0,0,0
686,Ngumoha,,MID,12,Liverpool,,4,,,,,3,1,0,0,0,0,0,0,0,0,0,0,0,4,2.2,11.3,6.0,2.0,0.0,0.1,0.1,0.0,0,0,3,False,0,0,0
687,Rees-Dottin,,MID,4,Bournemouth,,4,,,,,0,0,0,0,0,0,0,0,0,0,0,0,0,0,0.0,0.0,0.0,0.0,0.0,0.0,0.0,0.0,0,0,3,False,0,0,0
688,Wright,,GK,2,Aston Villa,,4,,,,,0,0,0,0,0,0,0,0,0,0,0,0,0,0,0.0,0.0,0.0,0.0,0.0,0.0,0.0,0.0,0,0,1,False,0,0,0
689,Seung soo,,MID,15,Newcastle,,4,,,,,0,0,0,0,0,0,0,0,0,0,0,0,0,0,0.0,0.0,0.0,0.0,0.0,0.0,0.0,0.0,0,0,3,False,0,0,0
690,Cardines,,MID,8,Crystal Palace,,4,,,,,0,0,0,0,0,0,0,0,0,0,0,0,0,0,0.0,0.0,0.0,0.0,0.0,0.0,0.0,0.0,0,0,3,False,0,0,0
691,Calvert-Lewin,,FWD,11,Leeds,,4,,,,,68,2,0,0,1,0,0,0,0,0,0,0,0,7,5.2,12.3,19.0,3.7,0.3,0.05,0.35,0.12,1,1,4,False,0,1,0
692,Leoni,,DEF,12,Liverpool,,4,,,,,0,0,0,0,0,0,0,0,0,0,0,0,0,0,0.0,0.0,0.0,0.0,0.0,0.0,0.0,0.0,0,0,2,False,0,0,0
693,Hutchinson,,MID,16,Nott'm Forest,,4,,,,,0,0,0,0,0,0,0,0,0,0,0,0,0,0,0.0,0.0,0.0,0.0,0.0,0.0,0.0,0.0,0,0,3,False,0,0,0
694,Mukiele,,DEF,17,Sunderland,,4,,,,,90,10,0,0,1,0,0,0,0,0,0,0,2,32,24.4,10.9,0.0,3.5,0.0,0.05,0.05,1.77,10,12,2,True,2,1,2
695,Tchatchoua,,DEF,20,Wolves,,4,,,,,13,1,0,0,0,0,0,0,0,0,0,0,0,3,0.2,1.2,2.0,0.3,0.0,0.0,0.0,0.17,0,0,2,False,2,0,0
696,Kalimuendo,,FWD,16,Nott'm Forest,,4,,,,,30,1,0,0,0,1,0,0,0,0,0,0,0,3,1.2,12.2,13.0,2.6,0.11,0.01,0.12,0.08,0,0,4,False,0,0,0
697,Adli,,MID,4,Bournemouth,,4,,,,,23,1,0,0,0,0,0,0,0,0,0,0,0,5,6.6,1.3,7.0,1.5,0.04,0.0,0.04,0.05,2,3,3,False,1,0,0
698,Okafor,,MID,11,Leeds,,4,,,,,67,2,0,0,1,0,0,0,0,1,0,0,0,2,4.2,12.3,17.0,3.4,0.18,0.02,0.2,0.12,3,11,3,False,7,1,1
699,Douglas Luiz,,MID,16,Nott'm Forest,,4,,,,,0,0,0,0,0,0,0,0,0,0,0,0,0,0,0.0,0.0,0.0,0.0,0.0,0.0,0.0,0.0,0,0,3,False,0,0,0
700,Dowman,,MID,1,Arsenal,,4,,,,,0,0,0,0,0,0,0,0,0,0,0,0,0,0,0.0,0.0,0.0,0.0,0.0,0.0,0.0,0.0,0,0,3,False,0,0,0
701,Rowe,,DEF,2,Aston Villa,,4,,,,,0,0,0,0,0,0,0,0,0,0,0,0,0,0,0.0,0.0,0.0,0.0,0.0,0.0,0.0,0.0,0,0,2,False,0,0,0
702,Burrowes,,MID,2,Aston Villa,,4,,,,,0,0,0,0,0,0,0,0,0,0,0,0,0,0,0.0,0.0,0.0,0.0,0.0,0.0,0.0,0.0,0,0,3,False,0,0,0
703,Proctor,,GK,2,Aston Villa,,4,,,,,0,0,0,0,0,0,0,0,0,0,0,0,0,0,0.0,0.0,0.0,0.0,0.0,0.0,0.0,0.0,0,0,1,False,0,0,0
704,Onyango,,MID,9,Everton,,4,,,,,0,0,0,0,0,0,0,0,0,0,0,0,0,0,0.0,0.0,0.0,0.0,0.0,0.0,0.0,0.0,0,0,3,False,0,0,0
705,Campbell,,DEF,9,Everton,,4,,,,,0,0,0,0,0,0,0,0,0,0,0,0,0,0,0.0,0.0,0.0,0.0,0.0,0.0,0.0,0.0,0,0,2,False,0,0,0
706,Justin,,DEF,11,Leeds,,4,,,,,0,0,0,0,0,0,0,0,0,0,0,0,0,0,0.0,0.0,0.0,0.0,0.0,0.0,0.0,0.0,0,0,2,False,0,0,0
707,Dibling,,MID,9,Everton,,4,,,,,0,0,0,0,0,0,0,0,0,0,0,0,0,0,0.0,0.0,0.0,0.0,0.0,0.0,0.0,0.0,0,0,3,False,0,0,0
708,M.Fernandes,,MID,19,West Ham,,4,,,,,60,2,0,0,0,2,0,0,0,0,0,0,0,10,6.4,28.3,4.0,3.9,0.0,0.15,0.15,0.63,0,3,3,False,1,1,2
709,Krejčí,,DEF,20,Wolves,,4,,,,,90,1,0,0,0,1,0,0,0,1,0,0,0,8,8.2,15.6,0.0,2.4,0.0,0.16,0.16,1.55,3,4,2,False,3,1,1
710,Patterson,,DEF,2,Aston Villa,,4,,,,,0,0,0,0,0,0,0,0,0,0,0,0,0,0,0.0,0.0,0.0,0.0,0.0,0.0,0.0,0.0,0,0,2,False,0,0,0
711,Harriman-Annous,,MID,1,Arsenal,,4,,,,,0,0,0,0,0,0,0,0,0,0,0,0,0,0,0.0,0.0,0.0,0.0,0.0,0.0,0.0,0.0,0,0,3,False,0,0,0
712,Yeremy,,MID,8,Crystal Palace,,4,,,,,83,3,0,0,1,0,0,0,0,0,0,0,0,-1,0.0,15.2,10.0,2.3,0.73,0.03,0.76,0.36,0,5,3,False,4,1,1
713,A.Jimenez,,DEF,4,Bournemouth,,4,,,,,3,0,0,0,0,0,0,0,0,1,0,0,0,2,2.2,0.1,0.0,0.2,0.0,0.0,0.0,0.0,1,2,2,False,0,0,1
714,Woltemade,,FWD,15,Newcastle,,4,,,,,64,9,1,0,1,0,0,0,0,0,0,0,3,40,37.2,12.3,46.0,9.6,0.27,0.01,0.28,0.41,0,6,4,False,3,1,3
715,John,,GK,16,Nott'm Forest,,4,,,,,0,0,0,0,0,0,0,0,0,0,0,0,0,0,0.0,0.0,0.0,0.0,0.0,0.0,0.0,0.0,0,0,1,False,0,0,0
716,Savona,,DEF,16,Nott'm Forest,,4,,,,,53,0,0,0,0,2,0,0,0,0,0,0,0,4,11.0,11.1,4.0,2.6,0.0,0.0,0.0,0.88,2,5,2,False,0,0,3
717,Xavi,,MID,18,Spurs,,4,,,,,70,6,0,1,1,0,0,0,0,0,0,0,0,23,18.4,19.7,1.0,3.9,0.03,0.08,0.11,0.6,0,3,3,False,2,1,1
718,S.Magassa,,MID,19,West Ham,,4,,,,,29,1,0,0,0,1,0,0,0,0,0,0,0,6,9.6,1.3,0.0,1.1,0.0,0.0,0.0,0.65,1,3,3,False,0,0,2
719,Lindelöf,,DEF,2,Aston Villa,,4,,,,,7,1,0,0,0,0,0,0,0,0,0,0,0,3,0.4,0.3,0.0,0.1,0.0,0.0,0.0,0.48,0,0,2,False,0,0,0
720,Tolu,,FWD,20,Wolves,,4,,,,,65,2,0,0,0,1,0,0,0,0,0,0,0,7,4.4,1.8,4.0,1.0,0.0,0.0,0.0,1.35,4,4,4,False,0,1,0
721,Milosavljević,,DEF,4,Bournemouth,,4,,,,,90,4,0,0,0,1,0,0,0,0,0,0,0,15,23.4,11.3,6.0,4.1,0.0,0.18,0.18,0.62,10,11,2,False,3,1,1
722,Florentino,,MID,3,Burnley,,4,,,,,27,1,0,0,0,1,0,0,0,0,0,0,0,5,13.0,0.2,0.0,1.3,0.0,0.0,0.0,1.24,2,7,3,False,2,0,3
723,Canvot,,DEF,8,Crystal Palace,,4,,,,,0,0,0,0,0,0,0,0,0,0,0,0,0,0,0.0,0.0,0.0,0.0,0.0,0.0,0.0,0.0,0,0,2,False,0,0,0
724,Geertruida,,DEF,17,Sunderland,,4,,,,,6,1,0,0,0,0,0,0,0,0,0,0,0,4,1.0,0.0,0.0,0.1,0.0,0.0,0.0,0.38,0,0,2,False,1,0,0
725,Hincapie,,DEF,1,Arsenal,,4,,,,,0,0,0,0,0,0,0,0,0,0,0,0,0,0,0.0,0.0,0.0,0.0,0.0,0.0,0.0,0.0,0,0,2,False,0,0,0
726,Kolo Muani,,FWD,18,Spurs,,4,,,,,0,0,0,0,0,0,0,0,0,0,0,0,0,0,0.0,0.0,0.0,0.0,0.0,0.0,0.0,0.0,0,0,4,False,0,0,0
727,Chukwueze,,MID,10,Fulham,,4,,,,,0,0,0,0,0,0,0,0,0,0,0,0,0,0,0.0,0.0,0.0,0.0,0.0,0.0,0.0,0.0,0,0,3,False,0,0,0
728,Röhl,,MID,9,Everton,,4,,,,,24,1,0,0,0,0,0,0,0,0,0,0,0,5,3.0,10.7,1.0,1.5,0.03,0.0,0.03,0.0,0,3,3,False,1,0,2
729,Cuiabano,,DEF,16,Nott'm Forest,,4,,,,,0,0,0,0,0,0,0,0,0,0,0,0,0,0,0.0,0.0,0.0,0.0,0.0,0.0,0.0,0.0,0,0,2,False,0,0,0
730,Brobbey,,FWD,17,Sunderland,,4,,,,,21,1,0,0,0,0,0,0,0,0,0,0,0,4,1.0,0.1,0.0,0.1,0.0,0.0,0.0,0.93,1,2,4,False,1,0,0
731,Kevin,,MID,10,Fulham,,4,,,,,14,1,0,0,0,0,0,0,0,0,0,0,0,6,11.4,18.6,7.0,3.7,0.01,0.07,0.08,0.03,0,0,3,False,0,0,0
732,Uche,,FWD,8,Crystal Palace,,4,,,,,6,1,0,0,0,0,0,0,0,0,0,0,0,6,3.4,0.8,19.0,2.3,0.01,0.0,0.01,0.0,0,1,4,False,1,0,0
733,Lammens,,GK,14,Man Utd,,4,,,,,0,0,0,0,0,0,0,0,0,0,0,0,0,0,0.0,0.0,0.0,0.0,0.0,0.0,0.0,0.0,0,0,1,False,0,0,0
734,Bakwa,,MID,16,Nott'm Forest,,4,,,,,30,1,0,0,0,1,0,0,0,0,0,0,0,4,0.6,0.9,2.0,0.4,0.0,0.0,0.0,0.08,0,2,3,False,2,0,0
735,Traoré,,MID,17,Sunderland,,4,,,,,0,0,0,0,0,0,0,0,0,0,0,0,0,0,0.0,0.0,0.0,0.0,0.0,0.0,0.0,0.0,0,0,3,False,0,0,0
736,Donnarumma,,GK,13,Man City,,4,,,,,90,6,0,0,1,0,0,0,0,0,0,2,0,26,14.4,0.0,0.0,1.4,0.0,0.0,0.0,1.51,3,0,1,False,6,1,0
737,Kusi-Asare,,FWD,10,Fulham,,4,,,,,0,0,0,0,0,0,0,0,0,0,0,0,0,0,0.0,0.0,0.0,0.0,0.0,0.0,0.0,0.0,0,0,4,False,0,0,0
738,Fabianski,,GK,19,West Ham,,4,,,,,0,0,0,0,0,0,0,0,0,0,0,0,0,0,0.0,0.0,0.0,0.0,0.0,0.0,0.0,0.0,0,0,1,False,0,0,0
739,Mukasa,,MID,13,Man City,,4,,,,,0,0,0,0,0,0,0,0,0,0,0,0,0,0,0.0,0.0,0.0,0.0,0.0,0.0,0.0,0.0,0,0,3,False,0,0,0
740,Mfuni,,DEF,13,Man City,,4,,,,,0,0,0,0,0,0,0,0,0,0,0,0,0,0,0.0,0.0,0.0,0.0,0.0,0.0,0.0,0.0,0,0,2,False,0,0,0
1,Raya,,GK,1,Arsenal,,5,,,,,90,2,0,0,0,1,0,0,0,0,0,2,0,13,21.4,0.0,0.0,2.1,0.0,0.01,0.01,0.89,1,0,1,False,6,1,0
2,Arrizabalaga,,GK,1,Arsenal,,5,,,,,0,0,0,0,0,0,0,0,0,0,0,0,0,0,0.0,0.0,0.0,0.0,0.0,0.0,0.0,0.0,0,0,1,False,0,0,0
3,Hein,,GK,1,Arsenal,,5,,,,,0,0,0,0,0,0,0,0,0,0,0,0,0,0,0.0,0.0,0.0,0.0,0.0,0.0,0.0,0.0,0,0,1,False,0,0,0
4,Setford,,GK,1,Arsenal,,5,,,,,0,0,0,0,0,0,0,0,0,0,0,0,0,0,0.0,0.0,0.0,0.0,0.0,0.0,0.0,0.0,0,0,1,False,0,0,0
5,Gabriel,,DEF,1,Arsenal,,5,,,,,90,2,0,0,0,1,0,0,0,0,0,0,0,13,19.6,2.3,0.0,2.2,0.0,0.01,0.01,0.89,7,8,2,False,1,1,1
6,Saliba,,DEF,1,Arsenal,,5,,,,,90,2,0,0,0,1,0,0,0,0,0,0,0,15,22.0,3.0,4.0,2.9,0.13,0.02,0.15,0.89,5,9,2,False,8,1,4
7,Calafiori,,DEF,1,Arsenal,,5,,,,,90,2,0,0,0,1,0,0,0,0,0,0,0,7,3.6,6.2,19.0,2.9,0.14,0.05,0.19,0.89,2,5,2,False,6,1,3
8,J.Timber,,DEF,1,Arsenal,,5,,,,,79,1,0,0,0,1,0,0,0,1,0,0,0,16,17.0,13.9,8.0,3.9,0.0,0.05,0.05,0.65,1,8,2,False,3,1,7
9,Kiwior,,DEF,1,Arsenal,,5,,,,,0,0,0,0,0,0,0,0,0,0,0,0,0,0,0.0,0.0,0.0,0.0,0.0,0.0,0.0,0.0,0,0,2,False,0,0,0
10,Lewis-Skelly,,DEF,1,Arsenal,,5,,,,,0,0,0,0,0,0,0,0,0,0,0,0,0,0,0.0,0.0,0.0,0.0,0.0,0.0,0.0,0.0,0,0,2,False,0,0,0
11,White,,DEF,1,Arsenal,,5,,,,,0,0,0,0,0,0,0,0,0,0,0,0,0,0,0.0,0.0,0.0,0.0,0.0,0.0,0.0,0.0,0,0,2,False,0,0,0
12,Zinchenko,,DEF,16,Nott'm Forest,,5,,,,,90,2,0,0,0,1,0,0,0,0,0,0,0,19,29.6,18.0,15.0,6.3,0.04,0.07,0.11,0.85,6,9,2,False,6,1,3
13,Clarke,,DEF,1,Arsenal,,5,,,,,0,0,0,0,0,0,0,0,0,0,0,0,0,0,0.0,0.0,0.0,0.0,0.0,0.0,0.0,0.0,0,0,2,False,0,0,0
14,Kacurri,,DEF,1,Arsenal,,5,,,,,0,0,0,0,0,0,0,0,0,0,0,0,0,0,0.0,0.0,0.0,0.0,0.0,0.0,0.0,0.0,0,0,2,False,0,0,0
15,Nichols,,DEF,1,Arsenal,,5,,,,,0,0,0,0,0,0,0,0,0,0,0,0,0,0,0.0,0.0,0.0,0.0,0.0,0.0,0.0,0.0,0,0,2,False,0,0,0
16,Saka,,MID,1,Arsenal,,5,,,,,45,1,0,0,0,0,0,0,0,0,0,0,0,7,5.6,32.3,7.0,4.5,0.04,0.21,0.25,0.34,0,3,3,False,3,0,0
17,Ødegaard,,MID,1,Arsenal,,5,,,,,0,0,0,0,0,0,0,0,0,0,0,0,0,0,0.0,0.0,0.0,0.0,0.0,0.0,0.0,0.0,0,0,3,False,0,0,0
18,Madueke,,MID,1,Arsenal,,5,,,,,45,1,0,0,0,1,0,0,0,0,0,0,0,-2,0.4,1.7,29.0,3.1,0.15,0.01,0.16,0.55,0,2,3,False,2,1,0
19,Martinelli,,MID,1,Arsenal,,5,,,,,10,7,1,0,0,0,0,0,0,0,0,0,1,22,33.0,0.3,17.0,5.0,0.16,0.0,0.16,0.25,0,0,3,False,0,0,0
20,Trossard,,MID,1,Arsenal,,5,,,,,83,2,0,0,0,1,0,0,0,0,0,0,0,13,7.6,4.3,17.0,2.9,0.14,0.07,0.21,0.89,2,4,3,False,1,1,1
21,Rice,,MID,1,Arsenal,,5,,,,,90,3,0,0,0,1,0,0,0,0,0,0,1,22,18.8,37.0,0.0,5.6,0.0,0.16,0.16,0.89,1,9,3,False,6,1,2
22,Merino,,MID,1,Arsenal,,5,,,,,45,1,0,0,0,1,0,0,0,0,0,0,0,6,8.8,17.3,0.0,2.6,0.0,0.03,0.03,0.55,2,7,3,False,4,1,1
23,Fábio Vieira,,MID,1,Arsenal,,5,,,,,0,0,0,0,0,0,0,0,0,0,0,0,0,0,0.0,0.0,0.0,0.0,0.0,0.0,0.0,0.0,0,0,3,False,0,0,0
24,Nørgaard,,MID,1,Arsenal,,5,,,,,0,0,0,0,0,0,0,0,0,0,0,0,0,0,0.0,0.0,0.0,0.0,0.0,0.0,0.0,0.0,0,0,3,False,0,0,0
25,Nwaneri,,MID,1,Arsenal,,5,,,,,6,1,0,0,0,0,0,0,0,0,0,0,0,3,0.2,0.4,0.0,0.1,0.0,0.0,0.0,0.0,0,1,3,False,1,0,0
26,Zubimendi,,MID,1,Arsenal,,5,,,,,90,2,0,0,0,1,0,0,0,0,0,0,0,13,8.6,19.0,12.0,4.0,0.05,0.04,0.09,0.89,2,5,3,False,3,1,0
27,Nelson,,MID,5,Brentford,,5,,,,,0,0,0,0,0,0,0,0,0,0,0,0,0,0,0.0,0.0,0.0,0.0,0.0,0.0,0.0,0.0,0,0,3,False,0,0,0
28,Kabia,,MID,1,Arsenal,,5,,,,,0,0,0,0,0,0,0,0,0,0,0,0,0,0,0.0,0.0,0.0,0.0,0.0,0.0,0.0,0.0,0,0,3,False,0,0,0
29,Sambi,,MID,1,Arsenal,,5,,,,,0,0,0,0,0,0,0,0,0,0,0,0,0,0,0.0,0.0,0.0,0.0,0.0,0.0,0.0,0.0,0,0,3,False,0,0,0
30,Havertz,,FWD,1,Arsenal,,5,,,,,0,0,0,0,0,0,0,0,0,0,0,0,0,0,0.0,0.0,0.0,0.0,0.0,0.0,0.0,0.0,0,0,4,False,0,0,0
31,G.Jesus,,FWD,1,Arsenal,,5,,,,,0,0,0,0,0,0,0,0,0,0,0,0,0,0,0.0,0.0,0.0,0.0,0.0,0.0,0.0,0.0,0,0,4,False,0,0,0
32,Martinez,,GK,2,Aston Villa,,5,,,,,90,3,0,0,0,1,0,0,0,0,0,3,0,12,18.8,0.0,0.0,1.9,0.0,0.0,0.0,1.05,1,0,1,False,7,1,0
33,M.Bizot,,GK,2,Aston Villa,,5,,,,,0,0,0,0,0,0,0,0,0,0,0,0,0,0,0.0,0.0,0.0,0.0,0.0,0.0,0.0,0.0,0,0,1,False,0,0,0
34,Gauci,,GK,2,Aston Villa,,5,,,,,0,0,0,0,0,0,0,0,0,0,0,0,0,0,0.0,0.0,0.0,0.0,0.0,0.0,0.0,0.0,0,0,1,False,0,0,0
35,Marschall,,GK,2,Aston Villa,,5,,,,,0,0,0,0,0,0,0,0,0,0,0,0,0,0,0.0,0.0,0.0,0.0,0.0,0.0,0.0,0.0,0,0,1,False,0,0,0
36,Cash,,DEF,2,Aston Villa,,5,,,,,90,10,1,0,0,1,0,0,0,0,0,0,2,29,44.4,7.2,11.0,6.3,0.05,0.05,0.1,1.05,3,5,2,True,3,1,2
37,Digne,,DEF,2,Aston Villa,,5,,,,,57,1,0,0,0,0,0,0,0,0,0,0,0,6,1.2,3.8,2.0,0.7,0.0,0.04,0.04,0.37,0,0,2,False,2,1,0
38,Konsa,,DEF,2,Aston Villa,,5,,,,,90,2,0,0,0,1,0,0,0,0,0,0,0,10,26.2,3.0,0.0,2.9,0.0,0.02,0.02,1.05,5,6,2,False,4,1,1
39,Maatsen,,DEF,2,Aston Villa,,5,,,,,32,0,0,0,0,1,0,0,0,1,0,0,0,-2,5.0,3.5,6.0,1.5,0.0,0.02,0.02,0.68,2,2,2,False,3,0,0
40,Mings,,DEF,2,Aston Villa,,5,,,,,90,4,0,0,0,1,0,0,0,0,0,0,0,16,34.4,24.4,2.0,6.1,0.0,0.03,0.03,1.05,12,12,2,False,2,1,0
41,Pau,,DEF,2,Aston Villa,,5,,,,,0,0,0,0,0,0,0,0,0,0,0,0,0,0,0.0,0.0,0.0,0.0,0.0,0.0,0.0,0.0,0,0,2,False,0,0,0
42,A.García,,DEF,2,Aston Villa,,5,,,,,0,0,0,0,0,0,0,0,0,0,0,0,0,0,0.0,0.0,0.0,0.0,0.0,0.0,0.0,0.0,0,0,2,False,0,0,0
43,Alex Moreno,,DEF,2,Aston Villa,,5,,,,,0,0,0,0,0,0,0,0,0,0,0,0,0,0,0.0,0.0,0.0,0.0,0.0,0.0,0.0,0.0,0,0,2,False,0,0,0
44,Bogarde,,DEF,2,Aston Villa,,5,,,,,8,1,0,0,0,0,0,0,0,0,0,0,0,2,0.0,1.3,4.0,0.5,0.0,0.0,0.0,0.0,0,0,2,False,2,0,0
45,Sousa,,DEF,2,Aston Villa,,5,,,,,0,0,0,0,0,0,0,0,0,0,0,0,0,0,0.0,0.0,0.0,0.0,0.0,0.0,0.0,0.0,0,0,2,False,0,0,0
46,Yasin,,DEF,2,Aston Villa,,5,,,,,0,0,0,0,0,0,0,0,0,0,0,0,0,0,0.0,0.0,0.0,0.0,0.0,0.0,0.0,0.0,0,0,2,False,0,0,0
47,Rogers,,MID,2,Aston Villa,,5,,,,,81,2,0,0,0,1,0,0,0,0,0,0,0,5,5.2,23.8,10.0,3.9,0.0,0.27,0.27,1.05,1,2,3,False,1,1,0
48,Tielemans,,MID,2,Aston Villa,,5,,,,,0,0,0,0,0,0,0,0,0,0,0,0,0,0,0.0,0.0,0.0,0.0,0.0,0.0,0.0,0.0,0,0,3,False,0,0,0
49,Bailey,,MID,2,Aston Villa,,5,,,,,0,0,0,0,0,0,0,0,0,0,0,0,0,0,0.0,0.0,0.0,0.0,0.0,0.0,0.0,0.0,0,0,3,False,0,0,0
50,Buendía,,MID,2,Aston Villa,,5,,,,,57,1,0,0,0,0,0,0,0,0,0,0,0,0,2.6,3.5,12.0,1.8,0.06,0.06,0.12,0.37,2,7,3,False,3,1,2
51,Iling Jr,,MID,2,Aston Villa,,5,,,,,0,0,0,0,0,0,0,0,0,0,0,0,0,0,0.0,0.0,0.0,0.0,0.0,0.0,0.0,0.0,0,0,3,False,0,0,0
52,J.Ramsey,,MID,15,Newcastle,,5,,,,,0,0,0,0,0,0,0,0,0,0,0,0,0,0,0.0,0.0,0.0,0.0,0.0,0.0,0.0,0.0,0,0,3,False,0,0,0
53,Malen,,MID,2,Aston Villa,,5,,,,,17,1,0,0,0,1,0,0,0,0,0,0,0,4,2.2,12.8,14.0,2.9,0.1,0.05,0.15,0.27,0,1,3,False,0,0,1
54,McGinn,,MID,2,Aston Villa,,5,,,,,90,2,0,0,0,1,0,0,0,0,0,0,0,15,11.8,19.4,3.0,3.4,0.06,0.08,0.14,1.05,1,5,3,False,3,1,1
55,Barkley,,MID,2,Aston Villa,,5,,,,,0,0,0,0,0,0,0,0,0,0,0,0,0,0,0.0,0.0,0.0,0.0,0.0,0.0,0.0,0.0,0,0,3,False,0,0,0
56,Barrenechea,,MID,2,Aston Villa,,5,,,,,0,0,0,0,0,0,0,0,0,0,0,0,0,0,0.0,0.0,0.0,0.0,0.0,0.0,0.0,0.0,0,0,3,False,0,0,0
57,Dobbin,,MID,2,Aston Villa,,5,,,,,0,0,0,0,0,0,0,0,0,0,0,0,0,0,0.0,0.0,0.0,0.0,0.0,0.0,0.0,0.0,0,0,3,False,0,0,0
58,Kamara,,MID,2,Aston Villa,,5,,,,,81,6,0,1,0,1,0,0,0,0,0,0,1,28,38.2,29.0,0.0,6.7,0.0,0.08,0.08,1.05,4,8,3,False,2,1,2
59,Onana,,MID,2,Aston Villa,,5,,,,,0,0,0,0,0,0,0,0,0,0,0,0,0,0,0.0,0.0,0.0,0.0,0.0,0.0,0.0,0.0,0,0,3,False,0,0,0
60,Broggio,,MID,2,Aston Villa,,5,,,,,0,0,0,0,0,0,0,0,0,0,0,0,0,0,0.0,0.0,0.0,0.0,0.0,0.0,0.0,0.0,0,0,3,False,0,0,0
61,Dendoncker,,MID,2,Aston Villa,,5,,,,,0,0,0,0,0,0,0,0,0,0,0,0,0,0,0.0,0.0,0.0,0.0,0.0,0.0,0.0,0.0,0,0,3,False,0,0,0
62,Jimoh-Aloba,,MID,2,Aston Villa,,5,,,,,0,0,0,0,0,0,0,0,0,0,0,0,0,0,0.0,0.0,0.0,0.0,0.0,0.0,0.0,0.0,0,0,3,False,0,0,0
63,Young,,MID,2,Aston Villa,,5,,,,,0,0,0,0,0,0,0,0,0,0,0,0,0,0,0.0,0.0,0.0,0.0,0.0,0.0,0.0,0.0,0,0,3,False,0,0,0
64,Watkins,,FWD,2,Aston Villa,,5,,,,,90,2,0,0,0,1,0,0,0,0,0,0,0,4,1.2,0.8,6.0,0.8,0.0,0.0,0.0,1.05,0,2,4,False,1,1,1
65,Redmond,,FWD,2,Aston Villa,,5,,,,,0,0,0,0,0,0,0,0,0,0,0,0,0,0,0.0,0.0,0.0,0.0,0.0,0.0,0.0,0.0,0,0,4,False,0,0,0
66,Neto,,GK,4,Bournemouth,,5,,,,,0,0,0,0,0,0,0,0,0,0,0,0,0,0,0.0,0.0,0.0,0.0,0.0,0.0,0.0,0.0,0,0,1,False,0,0,0
67,Petrović,,GK,4,Bournemouth,,5,,,,,90,6,0,0,1,0,0,0,0,0,0,1,0,22,9.8,0.0,0.0,1.0,0.0,0.0,0.0,0.14,1,0,1,False,5,1,0
68,Dennis,,GK,4,Bournemouth,,5,,,,,0,0,0,0,0,0,0,0,0,0,0,0,0,0,0.0,0.0,0.0,0.0,0.0,0.0,0.0,0.0,0,0,1,False,0,0,0
69,McKenna,,GK,4,Bournemouth,,5,,,,,0,0,0,0,0,0,0,0,0,0,0,0,0,0,0.0,0.0,0.0,0.0,0.0,0.0,0.0,0.0,0,0,1,False,0,0,0
70,Paulsen,,GK,4,Bournemouth,,5,,,,,0,0,0,0,0,0,0,0,0,0,0,0,0,0,0.0,0.0,0.0,0.0,0.0,0.0,0.0,0.0,0,0,1,False,0,0,0
71,Zabarnyi,,DEF,4,Bournemouth,,5,,,,,0,0,0,0,0,0,0,0,0,0,0,0,0,0,0.0,0.0,0.0,0.0,0.0,0.0,0.0,0.0,0,0,2,False,0,0,0
72,Senesi,,DEF,4,Bournemouth,,5,,,,,90,9,0,0,1,0,0,0,0,0,0,0,1,27,25.8,11.9,2.0,4.0,0.0,0.03,0.03,0.14,11,11,2,False,3,1,0
73,Smith,,DEF,4,Bournemouth,,5,,,,,0,0,0,0,0,0,0,0,0,0,0,0,0,0,0.0,0.0,0.0,0.0,0.0,0.0,0.0,0.0,0,0,2,False,0,0,0
74,Truffert,,DEF,4,Bournemouth,,5,,,,,90,9,0,0,1,0,0,0,0,0,0,0,3,29,11.4,4.9,2.0,1.8,0.0,0.01,0.01,0.14,5,5,2,False,10,1,0
75,Akinmboni,,DEF,4,Bournemouth,,5,,,,,0,0,0,0,0,0,0,0,0,0,0,0,0,0,0.0,0.0,0.0,0.0,0.0,0.0,0.0,0.0,0,0,2,False,0,0,0
76,Bevan,,DEF,4,Bournemouth,,5,,,,,0,0,0,0,0,0,0,0,0,0,0,0,0,0,0.0,0.0,0.0,0.0,0.0,0.0,0.0,0.0,0,0,2,False,0,0,0
77,Hill,,DEF,4,Bournemouth,,5,,,,,45,1,0,0,0,0,0,0,0,0,0,0,0,4,5.0,0.7,4.0,1.0,0.0,0.0,0.0,0.0,4,4,2,False,0,0,0
78,J.Araujo,,DEF,4,Bournemouth,,5,,,,,0,0,0,0,0,0,0,0,0,0,0,0,0,0,0.0,0.0,0.0,0.0,0.0,0.0,0.0,0.0,0,0,2,False,0,0,0
79,Mepham,,DEF,4,Bournemouth,,5,,,,,0,0,0,0,0,0,0,0,0,0,0,0,0,0,0.0,0.0,0.0,0.0,0.0,0.0,0.0,0.0,0,0,2,False,0,0,0
80,Soler,,DEF,4,Bournemouth,,5,,,,,0,0,0,0,0,0,0,0,0,0,0,0,0,0,0.0,0.0,0.0,0.0,0.0,0.0,0.0,0.0,0,0,2,False,0,0,0
81,Kluivert,,MID,4,Bournemouth,,5,,,,,27,1,0,0,0,0,0,0,0,0,0,0,0,4,5.4,3.8,7.0,1.6,0.11,0.0,0.11,0.0,1,2,3,False,1,0,0
82,Semenyo,,MID,4,Bournemouth,,5,,,,,90,5,0,0,1,0,0,0,0,0,0,0,0,9,8.8,13.9,4.0,2.7,0.11,0.05,0.16,0.14,1,14,3,False,10,1,3
83,O.Dango,,MID,5,Brentford,,5,,,,,25,1,0,0,0,0,0,0,0,0,0,0,0,-2,0.0,0.3,11.0,0.9,0.12,0.0,0.12,0.0,0,0,3,False,0,0,0
84,Tavernier,,MID,4,Bournemouth,,5,,,,,74,3,0,0,1,0,0,0,0,0,0,0,0,4,11.4,13.1,6.0,3.1,0.06,0.03,0.09,0.14,3,7,3,False,3,1,1
85,Adams,,MID,4,Bournemouth,,5,,,,,90,3,0,0,1,0,0,0,0,0,0,0,0,19,16.2,4.0,17.0,3.7,0.04,0.01,0.05,0.14,4,11,3,False,4,1,3
86,Brooks,,MID,4,Bournemouth,,5,,,,,62,3,0,0,1,0,0,0,0,0,0,0,0,8,3.8,14.8,4.0,2.3,0.0,0.04,0.04,0.14,2,6,3,False,4,1,0
87,Christie,,MID,4,Bournemouth,,5,,,,,27,1,0,0,0,0,0,0,0,0,0,0,0,4,3.2,5.5,4.0,1.3,0.01,0.02,0.03,0.0,2,5,3,False,3,0,0
88,Cook,,MID,4,Bournemouth,,5,,,,,0,0,0,0,0,0,0,0,0,0,0,0,0,0,0.0,0.0,0.0,0.0,0.0,0.0,0.0,0.0,0,0,3,False,0,0,0
89,Philip,,MID,4,Bournemouth,,5,,,,,0,0,0,0,0,0,0,0,0,0,0,0,0,0,0.0,0.0,0.0,0.0,0.0,0.0,0.0,0.0,0,0,3,False,0,0,0
90,Scott,,MID,4,Bournemouth,,5,,,,,62,3,0,0,1,0,0,0,0,0,0,0,0,12,7.6,8.5,1.0,1.7,0.06,0.02,0.08,0.14,3,10,3,False,5,1,2
91,Sinisterra,,MID,4,Bournemouth,,5,,,,,0,0,0,0,0,0,0,0,0,0,0,0,0,0,0.0,0.0,0.0,0.0,0.0,0.0,0.0,0.0,0,0,3,False,0,0,0
92,Faivre,,MID,4,Bournemouth,,5,,,,,0,0,0,0,0,0,0,0,0,0,0,0,0,0,0.0,0.0,0.0,0.0,0.0,0.0,0.0,0.0,0,0,3,False,0,0,0
93,H.Traorè,,MID,4,Bournemouth,,5,,,,,0,0,0,0,0,0,0,0,0,0,0,0,0,0,0.0,0.0,0.0,0.0,0.0,0.0,0.0,0.0,0,0,3,False,0,0,0
94,Sadi,,MID,4,Bournemouth,,5,,,,,0,0,0,0,0,0,0,0,0,0,0,0,0,0,0.0,0.0,0.0,0.0,0.0,0.0,0.0,0.0,0,0,3,False,0,0,0
95,Silcott-Duberry,,MID,4,Bournemouth,,5,,,,,0,0,0,0,0,0,0,0,0,0,0,0,0,0,0.0,0.0,0.0,0.0,0.0,0.0,0.0,0.0,0,0,3,False,0,0,0
96,Winterburn,,MID,4,Bournemouth,,5,,,,,0,0,0,0,0,0,0,0,0,0,0,0,0,0,0.0,0.0,0.0,0.0,0.0,0.0,0.0,0.0,0,0,3,False,0,0,0
97,Evanilson,,FWD,4,Bournemouth,,5,,,,,90,2,0,0,1,0,0,0,0,0,0,0,0,9,4.6,11.6,9.0,2.5,0.1,0.02,0.12,0.14,0,5,4,False,4,1,1
98,Enes Ünal,,FWD,4,Bournemouth,,5,,,,,0,0,0,0,0,0,0,0,0,0,0,0,0,0,0.0,0.0,0.0,0.0,0.0,0.0,0.0,0.0,0,0,4,False,0,0,0
99,Adu-Adjei,,FWD,4,Bournemouth,,5,,,,,0,0,0,0,0,0,0,0,0,0,0,0,0,0,0.0,0.0,0.0,0.0,0.0,0.0,0.0,0.0,0,0,4,False,0,0,0
100,Kroupi.Jr,,FWD,4,Bournemouth,,5,,,,,0,0,0,0,0,0,0,0,0,0,0,0,0,0,0.0,0.0,0.0,0.0,0.0,0.0,0.0,0.0,0,0,4,False,0,0,0
101,Kelleher,,GK,5,Brentford,,5,,,,,90,1,0,0,0,3,0,0,0,0,0,2,0,1,17.6,0.0,0.0,1.8,0.0,0.0,0.0,1.01,1,0,1,False,7,1,0
102,Balcombe,,GK,5,Brentford,,5,,,,,0,0,0,0,0,0,0,0,0,0,0,0,0,0,0.0,0.0,0.0,0.0,0.0,0.0,0.0,0.0,0,0,1,False,0,0,0
103,Cox,,GK,5,Brentford,,5,,,,,0,0,0,0,0,0,0,0,0,0,0,0,0,0,0.0,0.0,0.0,0.0,0.0,0.0,0.0,0.0,0,0,1,False,0,0,0
104,Eyestone,,GK,5,Brentford,,5,,,,,0,0,0,0,0,0,0,0,0,0,0,0,0,0,0.0,0.0,0.0,0.0,0.0,0.0,0.0,0.0,0,0,1,False,0,0,0
105,Valdimarsson,,GK,5,Brentford,,5,,,,,0,0,0,0,0,0,0,0,0,0,0,0,0,0,0.0,0.0,0.0,0.0,0.0,0.0,0.0,0.0,0,0,1,False,0,0,0
106,Collins,,DEF,5,Brentford,,5,,,,,90,0,0,0,0,3,0,0,0,1,0,0,0,1,22.2,0.3,33.0,5.6,0.09,0.01,0.1,1.01,7,8,2,False,1,1,1
107,Lewis-Potter,,DEF,5,Brentford,,5,,,,,65,1,0,0,0,3,0,0,0,0,0,0,0,-4,0.8,4.3,2.0,0.7,0.0,0.01,0.01,1.01,0,0,2,False,2,1,0
108,Ajer,,DEF,5,Brentford,,5,,,,,16,1,0,0,0,0,0,0,0,0,0,0,0,4,3.2,0.3,4.0,0.8,0.05,0.0,0.05,0.0,1,2,2,False,1,0,1
109,Henry,,DEF,5,Brentford,,5,,,,,24,1,0,0,0,0,0,0,0,0,0,0,0,0,0.4,0.2,0.0,0.1,0.0,0.0,0.0,0.0,1,1,2,False,4,0,0
110,Kayode,,DEF,5,Brentford,,5,,,,,90,1,0,0,0,3,0,0,0,0,0,0,0,5,13.2,22.9,2.0,3.8,0.0,0.07,0.07,1.01,2,4,2,False,5,1,2
111,Pinnock,,DEF,5,Brentford,,5,,,,,73,-1,0,0,0,3,1,0,0,0,0,0,0,-4,13.8,0.1,2.0,1.6,0.0,0.0,0.0,1.01,6,7,2,False,3,1,1
112,Roerslev,,DEF,5,Brentford,,5,,,,,0,0,0,0,0,0,0,0,0,0,0,0,0,0,0.0,0.0,0.0,0.0,0.0,0.0,0.0,0.0,0,0,2,False,0,0,0
113,Van den Berg,,DEF,5,Brentford,,5,,,,,90,1,0,0,0,3,0,0,0,0,0,0,0,3,10.6,0.3,0.0,1.1,0.0,0.0,0.0,1.01,6,6,2,False,3,1,0
114,Arthur,,DEF,5,Brentford,,5,,,,,0,0,0,0,0,0,0,0,0,0,0,0,0,0,0.0,0.0,0.0,0.0,0.0,0.0,0.0,0.0,0,0,2,False,0,0,0
115,Fredrick,,DEF,5,Brentford,,5,,,,,0,0,0,0,0,0,0,0,0,0,0,0,0,0,0.0,0.0,0.0,0.0,0.0,0.0,0.0,0.0,0,0,2,False,0,0,0
116,Hickey,,DEF,5,Brentford,,5,,,,,0,0,0,0,0,0,0,0,0,0,0,0,0,0,0.0,0.0,0.0,0.0,0.0,0.0,0.0,0.0,0,0,2,False,0,0,0
117,Ji-soo,,DEF,5,Brentford,,5,,,,,0,0,0,0,0,0,0,0,0,0,0,0,0,0,0.0,0.0,0.0,0.0,0.0,0.0,0.0,0.0,0,0,2,False,0,0,0
118,Meghoma,,DEF,5,Brentford,,5,,,,,0,0,0,0,0,0,0,0,0,0,0,0,0,0,0.0,0.0,0.0,0.0,0.0,0.0,0.0,0.0,0,0,2,False,0,0,0
119,Mbeumo,,MID,14,Man Utd,,5,,,,,69,3,0,0,1,0,0,0,0,0,0,0,0,7,2.8,11.1,22.0,3.6,0.09,0.08,0.17,0.13,1,2,3,False,1,1,0
120,Schade,,MID,5,Brentford,,5,,,,,90,2,0,0,0,3,0,0,0,0,0,0,0,7,6.0,11.3,13.0,3.0,0.06,0.2,0.26,1.01,0,5,3,False,3,1,2
121,Damsgaard,,MID,5,Brentford,,5,,,,,86,8,1,0,0,3,0,0,0,0,0,0,1,32,42.6,8.0,24.0,7.5,0.19,0.04,0.23,1.01,0,4,3,False,1,1,3
122,Milambo,,MID,5,Brentford,,5,,,,,0,0,0,0,0,0,0,0,0,0,0,0,0,0,0.0,0.0,0.0,0.0,0.0,0.0,0.0,0.0,0,0,3,False,0,0,0
123,Carvalho,,MID,5,Brentford,,5,,,,,3,1,0,0,0,0,0,0,0,0,0,0,0,3,0.2,1.0,0.0,0.1,0.0,0.0,0.0,0.0,0,1,3,False,1,0,0
124,Henderson,,MID,5,Brentford,,5,,,,,73,2,0,0,0,3,0,0,0,0,0,0,0,8,2.8,2.1,0.0,0.5,0.0,0.01,0.01,1.01,1,3,3,False,2,1,0
125,Janelt,,MID,5,Brentford,,5,,,,,16,1,0,0,0,0,0,0,0,0,0,0,0,2,0.0,0.1,0.0,0.0,0.0,0.0,0.0,0.0,0,0,3,False,0,0,0
126,Jensen,,MID,5,Brentford,,5,,,,,0,0,0,0,0,0,0,0,0,0,0,0,0,0,0.0,0.0,0.0,0.0,0.0,0.0,0.0,0.0,0,0,3,False,0,0,0
127,Nunes,,MID,5,Brentford,,5,,,,,0,0,0,0,0,0,0,0,0,0,0,0,0,0,0.0,0.0,0.0,0.0,0.0,0.0,0.0,0.0,0,0,3,False,0,0,0
128,Onyeka,,MID,5,Brentford,,5,,,,,0,0,0,0,0,0,0,0,0,0,0,0,0,0,0.0,0.0,0.0,0.0,0.0,0.0,0.0,0.0,0,0,3,False,0,0,0
129,Yarmoliuk,,MID,5,Brentford,,5,,,,,90,2,0,0,0,3,0,0,0,0,0,0,0,13,13.6,12.3,0.0,2.6,0.0,0.01,0.01,1.01,2,7,3,False,3,1,2
130,Donovan,,MID,5,Brentford,,5,,,,,0,0,0,0,0,0,0,0,0,0,0,0,0,0,0.0,0.0,0.0,0.0,0.0,0.0,0.0,0.0,0,0,3,False,0,0,0
131,Konak,,MID,5,Brentford,,5,,,,,0,0,0,0,0,0,0,0,0,0,0,0,0,0,0.0,0.0,0.0,0.0,0.0,0.0,0.0,0.0,0,0,3,False,0,0,0
132,Maghoma,,MID,5,Brentford,,5,,,,,0,0,0,0,0,0,0,0,0,0,0,0,0,0,0.0,0.0,0.0,0.0,0.0,0.0,0.0,0.0,0,0,3,False,0,0,0
133,Peart-Harris,,MID,5,Brentford,,5,,,,,0,0,0,0,0,0,0,0,0,0,0,0,0,0,0.0,0.0,0.0,0.0,0.0,0.0,0.0,0.0,0,0,3,False,0,0,0
134,Trevitt,,MID,5,Brentford,,5,,,,,0,0,0,0,0,0,0,0,0,0,0,0,0,0,0.0,0.0,0.0,0.0,0.0,0.0,0.0,0.0,0,0,3,False,0,0,0
135,Wissa,,FWD,15,Newcastle,,5,,,,,0,0,0,0,0,0,0,0,0,0,0,0,0,0,0.0,0.0,0.0,0.0,0.0,0.0,0.0,0.0,0,0,4,False,0,0,0
136,Thiago,,FWD,5,Brentford,,5,,,,,64,2,0,0,0,3,0,0,0,0,0,0,0,5,3.4,1.6,17.0,2.2,0.1,0.01,0.11,1.01,1,4,4,False,2,1,1
137,Morgan,,FWD,5,Brentford,,5,,,,,0,0,0,0,0,0,0,0,0,0,0,0,0,0,0.0,0.0,0.0,0.0,0.0,0.0,0.0,0.0,0,0,4,False,0,0,0
138,Steele,,GK,6,Brighton,,5,,,,,0,0,0,0,0,0,0,0,0,0,0,0,0,0,0.0,0.0,0.0,0.0,0.0,0.0,0.0,0.0,0,0,1,False,0,0,0
139,Verbruggen,,GK,6,Brighton,,5,,,,,90,1,0,0,0,2,0,0,0,0,0,2,0,6,19.2,0.0,0.0,1.9,0.0,0.0,0.0,1.22,1,0,1,False,7,1,0
140,McGill,,GK,6,Brighton,,5,,,,,0,0,0,0,0,0,0,0,0,0,0,0,0,0,0.0,0.0,0.0,0.0,0.0,0.0,0.0,0.0,0,0,1,False,0,0,0
141,Rushworth,,GK,6,Brighton,,5,,,,,0,0,0,0,0,0,0,0,0,0,0,0,0,0,0.0,0.0,0.0,0.0,0.0,0.0,0.0,0.0,0,0,1,False,0,0,0
142,Scherpen,,GK,6,Brighton,,5,,,,,0,0,0,0,0,0,0,0,0,0,0,0,0,0,0.0,0.0,0.0,0.0,0.0,0.0,0.0,0.0,0,0,1,False,0,0,0
143,Boscagli,,DEF,6,Brighton,,5,,,,,0,0,0,0,0,0,0,0,0,0,0,0,0,0,0.0,0.0,0.0,0.0,0.0,0.0,0.0,0.0,0,0,2,False,0,0,0
144,Coppola,,DEF,6,Brighton,,5,,,,,15,1,0,0,0,1,0,0,0,0,0,0,0,0,5.4,0.1,0.0,0.6,0.0,0.0,0.0,0.07,3,3,2,False,1,0,0
145,De Cuyper,,DEF,6,Brighton,,5,,,,,0,0,0,0,0,0,0,0,0,0,0,0,0,0,0.0,0.0,0.0,0.0,0.0,0.0,0.0,0.0,0,0,2,False,0,0,0
146,Dunk,,DEF,6,Brighton,,5,,,,,90,3,0,0,0,2,0,0,0,0,0,0,0,10,26.4,0.4,2.0,2.9,0.03,0.0,0.03,1.22,10,12,2,False,4,1,2
147,Estupiñan,,DEF,6,Brighton,,5,,,,,0,0,0,0,0,0,0,0,0,0,0,0,0,0,0.0,0.0,0.0,0.0,0.0,0.0,0.0,0.0,0,0,2,False,0,0,0
148,F.Kadıoğlu,,DEF,6,Brighton,,5,,,,,84,1,0,0,0,2,0,0,0,0,0,0,0,9,10.6,11.3,4.0,2.6,0.07,0.01,0.08,1.21,1,5,2,False,5,1,4
149,Igor,,DEF,19,West Ham,,5,,,,,0,0,0,0,0,0,0,0,0,0,0,0,0,0,0.0,0.0,0.0,0.0,0.0,0.0,0.0,0.0,0,0,2,False,0,0,0
150,Lamptey,,DEF,6,Brighton,,5,,,,,0,0,0,0,0,0,0,0,0,0,0,0,0,0,0.0,0.0,0.0,0.0,0.0,0.0,0.0,0.0,0,0,2,False,0,0,0
151,Van Hecke,,DEF,6,Brighton,,5,,,,,90,1,0,0,0,2,1,0,0,0,0,0,0,5,15.2,0.3,0.0,1.6,0.0,0.0,0.0,1.22,11,12,2,False,1,1,1
152,Veltman,,DEF,6,Brighton,,5,,,,,90,3,0,0,0,2,0,0,0,0,0,0,0,11,27.0,5.2,0.0,3.2,0.0,0.0,0.0,1.22,8,15,2,False,4,1,7
153,Webster,,DEF,6,Brighton,,5,,,,,0,0,0,0,0,0,0,0,0,0,0,0,0,0,0.0,0.0,0.0,0.0,0.0,0.0,0.0,0.0,0,0,2,False,0,0,0
154,Cashin,,DEF,6,Brighton,,5,,,,,0,0,0,0,0,0,0,0,0,0,0,0,0,0,0.0,0.0,0.0,0.0,0.0,0.0,0.0,0.0,0,0,2,False,0,0,0
155,Slater,,DEF,6,Brighton,,5,,,,,0,0,0,0,0,0,0,0,0,0,0,0,0,0,0.0,0.0,0.0,0.0,0.0,0.0,0.0,0.0,0,0,2,False,0,0,0
156,Tasker,,DEF,6,Brighton,,5,,,,,0,0,0,0,0,0,0,0,0,0,0,0,0,0,0.0,0.0,0.0,0.0,0.0,0.0,0.0,0.0,0,0,2,False,0,0,0
157,Mitoma,,MID,6,Brighton,,5,,,,,90,2,0,0,0,2,0,0,0,0,0,0,0,9,11.2,12.8,19.0,4.3,0.09,0.07,0.16,1.22,2,7,3,False,5,1,0
158,Georginio,,MID,6,Brighton,,5,,,,,74,5,0,1,0,1,0,0,0,0,0,0,0,16,31.8,21.8,6.0,6.0,0.0,0.02,0.02,1.16,5,7,3,False,1,1,1
159,March,,MID,6,Brighton,,5,,,,,0,0,0,0,0,0,0,0,0,0,0,0,0,0,0.0,0.0,0.0,0.0,0.0,0.0,0.0,0.0,0,0,3,False,0,0,0
160,Minteh,,MID,6,Brighton,,5,,,,,75,9,1,0,0,1,0,0,0,0,0,0,2,32,39.0,12.7,39.0,9.1,0.74,0.0,0.74,1.16,0,7,3,False,5,1,2
161,Enciso,,MID,6,Brighton,,5,,,,,0,0,0,0,0,0,0,0,0,0,0,0,0,0,0.0,0.0,0.0,0.0,0.0,0.0,0.0,0.0,0,0,3,False,0,0,0
162,Gruda,,MID,6,Brighton,,5,,,,,62,2,0,0,0,1,0,0,0,0,0,0,0,5,2.4,11.8,3.0,1.7,0.09,0.01,0.1,0.91,1,5,3,False,3,1,1
163,Hinshelwood,,MID,6,Brighton,,5,,,,,0,0,0,0,0,0,0,0,0,0,0,0,0,0,0.0,0.0,0.0,0.0,0.0,0.0,0.0,0.0,0,0,3,False,0,0,0
164,O'Riley,,MID,6,Brighton,,5,,,,,0,0,0,0,0,0,0,0,0,0,0,0,0,0,0.0,0.0,0.0,0.0,0.0,0.0,0.0,0.0,0,0,3,False,0,0,0
165,Sima,,MID,6,Brighton,,5,,,,,0,0,0,0,0,0,0,0,0,0,0,0,0,0,0.0,0.0,0.0,0.0,0.0,0.0,0.0,0.0,0,0,3,False,0,0,0
166,Ayari,,MID,6,Brighton,,5,,,,,90,8,1,0,0,2,0,0,0,0,0,0,1,28,34.8,11.8,22.0,6.9,0.24,0.02,0.26,1.22,2,10,3,False,7,1,1
167,Baleba,,MID,6,Brighton,,5,,,,,45,1,0,0,0,1,0,0,0,0,0,0,0,6,6.0,0.7,0.0,0.7,0.0,0.0,0.0,0.91,2,7,3,False,3,1,2
168,Buonanotte,,MID,7,Chelsea,,5,,,,,0,0,0,0,0,0,0,0,0,0,0,0,0,0,0.0,0.0,0.0,0.0,0.0,0.0,0.0,0.0,0,0,3,False,0,0,0
169,Gomez,,MID,6,Brighton,,5,,,,,45,0,0,0,0,1,0,0,0,1,0,0,0,5,7.0,14.6,4.0,2.6,0.02,0.06,0.08,0.31,0,5,3,False,2,0,3
170,Milner,,MID,6,Brighton,,5,,,,,27,1,0,0,0,1,0,0,0,0,0,0,0,5,5.2,11.3,0.0,1.7,0.0,0.03,0.03,0.31,1,4,3,False,3,0,0
171,Sarmiento,,MID,6,Brighton,,5,,,,,0,0,0,0,0,0,0,0,0,0,0,0,0,0,0.0,0.0,0.0,0.0,0.0,0.0,0.0,0.0,0,0,3,False,0,0,0
172,Watson,,MID,6,Brighton,,5,,,,,0,0,0,0,0,0,0,0,0,0,0,0,0,0,0.0,0.0,0.0,0.0,0.0,0.0,0.0,0.0,0,0,3,False,0,0,0
173,Wieffer,,MID,6,Brighton,,5,,,,,5,1,0,0,0,0,0,0,0,0,0,0,0,2,2.2,0.8,0.0,0.3,0.0,0.01,0.01,0.02,0,2,3,False,1,0,1
174,Yalcouye,,MID,6,Brighton,,5,,,,,0,0,0,0,0,0,0,0,0,0,0,0,0,0,0.0,0.0,0.0,0.0,0.0,0.0,0.0,0.0,0,0,3,False,0,0,0
175,Knight,,MID,6,Brighton,,5,,,,,0,0,0,0,0,0,0,0,0,0,0,0,0,0,0.0,0.0,0.0,0.0,0.0,0.0,0.0,0.0,0,0,3,False,0,0,0
176,Mazilu,,MID,6,Brighton,,5,,,,,0,0,0,0,0,0,0,0,0,0,0,0,0,0,0.0,0.0,0.0,0.0,0.0,0.0,0.0,0.0,0,0,3,False,0,0,0
177,Moran,,MID,6,Brighton,,5,,,,,0,0,0,0,0,0,0,0,0,0,0,0,0,0,0.0,0.0,0.0,0.0,0.0,0.0,0.0,0.0,0,0,3,False,0,0,0
178,Welbeck,,FWD,6,Brighton,,5,,,,,15,1,0,0,0,1,0,0,0,0,0,0,0,3,1.2,1.0,9.0,1.1,0.04,0.06,0.1,0.07,0,0,4,False,0,0,0
179,Ferguson,,FWD,6,Brighton,,5,,,,,0,0,0,0,0,0,0,0,0,0,0,0,0,0,0.0,0.0,0.0,0.0,0.0,0.0,0.0,0.0,0,0,4,False,0,0,0
180,Tzimas,,FWD,6,Brighton,,5,,,,,0,0,0,0,0,0,0,0,0,0,0,0,0,0,0.0,0.0,0.0,0.0,0.0,0.0,0.0,0.0,0,0,4,False,0,0,0
181,Kostoulas,,FWD,6,Brighton,,5,,,,,0,0,0,0,0,0,0,0,0,0,0,0,0,0,0.0,0.0,0.0,0.0,0.0,0.0,0.0,0.0,0,0,4,False,0,0,0
182,Trafford,,GK,13,Man City,,5,,,,,0,0,0,0,0,0,0,0,0,0,0,0,0,0,0.0,0.0,0.0,0.0,0.0,0.0,0.0,0.0,0,0,1,False,0,0,0
183,Weiss,,GK,3,Burnley,,5,,,,,0,0,0,0,0,0,0,0,0,0,0,0,0,0,0.0,0.0,0.0,0.0,0.0,0.0,0.0,0.0,0,0,1,False,0,0,0
184,Green,,GK,3,Burnley,,5,,,,,0,0,0,0,0,0,0,0,0,0,0,0,0,0,0.0,0.0,0.0,0.0,0.0,0.0,0.0,0.0,0,0,1,False,0,0,0
185,Hladký,,GK,3,Burnley,,5,,,,,0,0,0,0,0,0,0,0,0,0,0,0,0,0,0.0,0.0,0.0,0.0,0.0,0.0,0.0,0.0,0,0,1,False,0,0,0
186,Roberts,,DEF,3,Burnley,,5,,,,,0,0,0,0,0,0,0,0,0,0,0,0,0,0,0.0,0.0,0.0,0.0,0.0,0.0,0.0,0.0,0,0,2,False,0,0,0
187,Walker,,DEF,3,Burnley,,5,,,,,90,2,0,0,0,1,0,0,0,0,0,0,0,10,20.2,3.4,2.0,2.6,0.0,0.02,0.02,1.1,7,9,2,False,7,1,2
188,Delcroix,,DEF,3,Burnley,,5,,,,,0,0,0,0,0,0,0,0,0,0,0,0,0,0,0.0,0.0,0.0,0.0,0.0,0.0,0.0,0.0,0,0,2,False,0,0,0
189,Dodgson,,DEF,3,Burnley,,5,,,,,0,0,0,0,0,0,0,0,0,0,0,0,0,0,0.0,0.0,0.0,0.0,0.0,0.0,0.0,0.0,0,0,2,False,0,0,0
190,Ekdal,,DEF,3,Burnley,,5,,,,,90,2,0,0,0,1,0,0,0,0,0,0,0,5,17.8,0.4,39.0,5.7,0.14,0.0,0.14,1.1,8,8,2,False,3,1,0
191,Estève,,DEF,3,Burnley,,5,,,,,90,4,0,0,0,1,0,0,0,0,0,0,0,14,19.6,10.4,8.0,3.8,0.12,0.0,0.12,1.1,10,11,2,False,5,1,1
192,Hartman,,DEF,3,Burnley,,5,,,,,90,2,0,0,0,1,0,0,0,0,0,0,0,10,26.4,47.3,9.0,8.3,0.02,0.31,0.33,1.1,3,5,2,False,0,1,2
193,Humphreys,,DEF,3,Burnley,,5,,,,,0,0,0,0,0,0,0,0,0,0,0,0,0,0,0.0,0.0,0.0,0.0,0.0,0.0,0.0,0.0,0,0,2,False,0,0,0
194,Jordan,,DEF,3,Burnley,,5,,,,,0,0,0,0,0,0,0,0,0,0,0,0,0,0,0.0,0.0,0.0,0.0,0.0,0.0,0.0,0.0,0,0,2,False,0,0,0
195,Lucas Pires,,DEF,3,Burnley,,5,,,,,0,0,0,0,0,0,0,0,0,0,0,0,0,0,0.0,0.0,0.0,0.0,0.0,0.0,0.0,0.0,0,0,2,False,0,0,0
196,Sambo,,DEF,3,Burnley,,5,,,,,0,0,0,0,0,0,0,0,0,0,0,0,0,0,0.0,0.0,0.0,0.0,0.0,0.0,0.0,0.0,0,0,2,False,0,0,0
197,Sonne,,DEF,3,Burnley,,5,,,,,0,0,0,0,0,0,0,0,0,0,0,0,0,0,0.0,0.0,0.0,0.0,0.0,0.0,0.0,0.0,0,0,2,False,0,0,0
198,Tuanzebe,,DEF,3,Burnley,,5,,,,,0,0,0,0,0,0,0,0,0,0,0,0,0,0,0.0,0.0,0.0,0.0,0.0,0.0,0.0,0.0,0,0,2,False,0,0,0
199,Worrall,,DEF,3,Burnley,,5,,,,,0,0,0,0,0,0,0,0,0,0,0,0,0,0,0.0,0.0,0.0,0.0,0.0,0.0,0.0,0.0,0,0,2,False,0,0,0
200,Anthony,,MID,3,Burnley,,5,,,,,90,10,1,0,0,1,0,0,0,0,0,0,3,37,52.4,19.7,55.0,12.7,0.36,0.14,0.5,1.1,2,6,3,True,3,1,1
201,Benson,,MID,3,Burnley,,5,,,,,0,0,0,0,0,0,0,0,0,0,0,0,0,0,0.0,0.0,0.0,0.0,0.0,0.0,0.0,0.0,0,0,3,False,0,0,0
202,Bruun Larsen,,MID,3,Burnley,,5,,,,,0,0,0,0,0,0,0,0,0,0,0,0,0,0,0.0,0.0,0.0,0.0,0.0,0.0,0.0,0.0,0,0,3,False,0,0,0
203,Boateng,,MID,3,Burnley,,5,,,,,0,0,0,0,0,0,0,0,0,0,0,0,0,0,0.0,0.0,0.0,0.0,0.0,0.0,0.0,0.0,0,0,3,False,0,0,0
204,Churlinov,,MID,3,Burnley,,5,,,,,0,0,0,0,0,0,0,0,0,0,0,0,0,0,0.0,0.0,0.0,0.0,0.0,0.0,0.0,0.0,0,0,3,False,0,0,0
205,Cullen,,MID,3,Burnley,,5,,,,,90,4,0,0,0,1,0,0,0,0,0,0,0,15,19.0,6.0,0.0,2.5,0.0,0.04,0.04,1.1,7,14,3,False,7,1,0
206,Edwards,,MID,3,Burnley,,5,,,,,0,0,0,0,0,0,0,0,0,0,0,0,0,0,0.0,0.0,0.0,0.0,0.0,0.0,0.0,0.0,0,0,3,False,0,0,0
207,Hannibal,,MID,3,Burnley,,5,,,,,9,1,0,0,0,0,0,0,0,0,0,0,0,5,2.0,14.1,0.0,1.6,0.0,0.08,0.08,0.34,0,1,3,False,1,0,0
208,Koleosho,,MID,3,Burnley,,5,,,,,0,0,0,0,0,0,0,0,0,0,0,0,0,0,0.0,0.0,0.0,0.0,0.0,0.0,0.0,0.0,0,0,3,False,0,0,0
209,Laurent,,MID,3,Burnley,,5,,,,,90,2,0,0,0,1,0,0,0,0,0,0,0,11,13.4,5.9,2.0,2.1,0.0,0.01,0.01,1.1,3,5,3,False,2,1,0
210,Tchaouna,,MID,3,Burnley,,5,,,,,80,2,0,0,0,1,0,0,0,0,0,0,0,6,1.6,8.8,8.0,1.8,0.08,0.1,0.18,0.76,2,3,3,False,0,1,1
211,A.Ramsey,,MID,3,Burnley,,5,,,,,0,0,0,0,0,0,0,0,0,0,0,0,0,0,0.0,0.0,0.0,0.0,0.0,0.0,0.0,0.0,0,0,3,False,0,0,0
212,Adewumi,,MID,3,Burnley,,5,,,,,0,0,0,0,0,0,0,0,0,0,0,0,0,0,0.0,0.0,0.0,0.0,0.0,0.0,0.0,0.0,0,0,3,False,0,0,0
213,Banel,,MID,3,Burnley,,5,,,,,0,0,0,0,0,0,0,0,0,0,0,0,0,0,0.0,0.0,0.0,0.0,0.0,0.0,0.0,0.0,0,0,3,False,0,0,0
214,Trésor,,MID,3,Burnley,,5,,,,,0,0,0,0,0,0,0,0,0,0,0,0,0,0,0.0,0.0,0.0,0.0,0.0,0.0,0.0,0.0,0,0,3,False,0,0,0
215,Flemming,,FWD,3,Burnley,,5,,,,,4,1,0,0,0,0,0,0,0,0,0,0,0,3,0.0,0.1,5.0,0.5,0.11,0.0,0.11,0.06,0,1,4,False,1,0,0
216,Amdouni,,FWD,3,Burnley,,5,,,,,0,0,0,0,0,0,0,0,0,0,0,0,0,0,0.0,0.0,0.0,0.0,0.0,0.0,0.0,0.0,0,0,4,False,0,0,0
217,Foster,,FWD,3,Burnley,,5,,,,,85,6,0,1,0,1,0,0,0,0,0,0,1,27,26.6,22.7,9.0,5.8,0.02,0.03,0.05,1.04,2,5,4,False,3,1,0
218,Barnes,,FWD,3,Burnley,,5,,,,,0,0,0,0,0,0,0,0,0,0,0,0,0,0,0.0,0.0,0.0,0.0,0.0,0.0,0.0,0.0,0,0,4,False,0,0,0
219,Obafemi,,FWD,3,Burnley,,5,,,,,0,0,0,0,0,0,0,0,0,0,0,0,0,0,0.0,0.0,0.0,0.0,0.0,0.0,0.0,0.0,0,0,4,False,0,0,0
220,Sánchez,,GK,7,Chelsea,,5,,,,,4,-3,0,0,0,2,0,0,0,0,1,1,0,-12,2.0,0.0,0.0,0.2,0.0,0.0,0.0,0.05,0,0,1,False,0,1,0
221,Jörgensen,,GK,7,Chelsea,,5,,,,,84,1,0,0,0,2,0,0,0,0,0,1,0,4,9.4,0.0,0.0,0.9,0.0,0.0,0.0,1.79,2,0,1,False,5,0,0
222,Penders,,GK,7,Chelsea,,5,,,,,0,0,0,0,0,0,0,0,0,0,0,0,0,0,0.0,0.0,0.0,0.0,0.0,0.0,0.0,0.0,0,0,1,False,0,0,0
223,Slonina,,GK,7,Chelsea,,5,,,,,0,0,0,0,0,0,0,0,0,0,0,0,0,0,0.0,0.0,0.0,0.0,0.0,0.0,0.0,0.0,0,0,1,False,0,0,0
224,Cucurella,,DEF,7,Chelsea,,5,,,,,63,0,0,0,0,2,0,0,0,1,0,0,0,-6,1.8,1.0,4.0,0.7,0.05,0.0,0.05,1.45,3,4,2,False,2,1,1
225,James,,DEF,7,Chelsea,,5,,,,,90,4,0,1,0,2,0,0,0,0,0,0,0,16,27.4,32.8,4.0,6.4,0.0,0.16,0.16,1.84,6,9,2,False,5,1,3
226,Chalobah,,DEF,7,Chelsea,,5,,,,,90,8,1,0,0,2,0,0,0,1,0,0,0,23,57.4,2.3,17.0,7.7,0.2,0.01,0.21,1.84,8,10,2,False,2,1,2
227,Colwill,,DEF,7,Chelsea,,5,,,,,0,0,0,0,0,0,0,0,0,0,0,0,0,0,0.0,0.0,0.0,0.0,0.0,0.0,0.0,0.0,0,0,2,False,0,0,0
228,Gusto,,DEF,7,Chelsea,,5,,,,,26,1,0,0,0,0,0,0,0,0,0,0,0,4,0.6,1.8,4.0,0.6,0.0,0.01,0.01,0.39,0,0,2,False,4,0,0
229,B.Badiashile,,DEF,7,Chelsea,,5,,,,,0,0,0,0,0,0,0,0,0,0,0,0,0,0,0.0,0.0,0.0,0.0,0.0,0.0,0.0,0.0,0,0,2,False,0,0,0
230,Fofana,,DEF,7,Chelsea,,5,,,,,63,1,0,0,0,2,0,0,0,0,0,0,0,6,17.6,1.1,0.0,1.9,0.0,0.0,0.0,1.45,7,9,2,False,1,1,2
231,M.Sarr,,DEF,7,Chelsea,,5,,,,,0,0,0,0,0,0,0,0,0,0,0,0,0,0,0.0,0.0,0.0,0.0,0.0,0.0,0.0,0.0,0,0,2,False,0,0,0
232,Tosin,,DEF,7,Chelsea,,5,,,,,83,0,0,0,0,2,0,0,0,1,0,0,0,3,19.6,2.1,9.0,3.1,0.05,0.01,0.05,1.79,8,8,2,False,6,0,0
233,Acheampong,,DEF,7,Chelsea,,5,,,,,0,0,0,0,0,0,0,0,0,0,0,0,0,0,0.0,0.0,0.0,0.0,0.0,0.0,0.0,0.0,0,0,2,False,0,0,0
234,Anselmino,,DEF,7,Chelsea,,5,,,,,0,0,0,0,0,0,0,0,0,0,0,0,0,0,0.0,0.0,0.0,0.0,0.0,0.0,0.0,0.0,0,0,2,False,0,0,0
235,Palmer,,MID,7,Chelsea,,5,,,,,20,1,0,0,0,1,0,0,0,0,0,0,0,3,0.0,0.0,0.0,0.0,0.0,0.0,0.0,1.01,0,0,3,False,0,1,0
236,Neto,,MID,7,Chelsea,,5,,,,,6,1,0,0,0,0,0,0,0,0,0,0,0,3,0.0,0.0,0.0,0.0,0.0,0.0,0.0,0.05,0,1,3,False,1,1,0
237,Enzo,,MID,7,Chelsea,,5,,,,,90,1,0,0,0,2,0,0,0,1,0,0,0,8,10.2,10.6,4.0,2.5,0.0,0.04,0.04,1.84,1,4,3,False,2,1,1
238,Estêvão,,MID,7,Chelsea,,5,,,,,5,1,0,0,0,0,0,0,0,0,0,0,0,1,0.0,0.0,0.0,0.0,0.0,0.0,0.0,0.05,0,2,3,False,2,1,0
239,Gittens,,MID,7,Chelsea,,5,,,,,0,0,0,0,0,0,0,0,0,0,0,0,0,0,0.0,0.0,0.0,0.0,0.0,0.0,0.0,0.0,0,0,3,False,0,0,0
240,Nkunku,,MID,7,Chelsea,,5,,,,,0,0,0,0,0,0,0,0,0,0,0,0,0,0,0.0,0.0,0.0,0.0,0.0,0.0,0.0,0.0,0,0,3,False,0,0,0
241,Caicedo,,MID,7,Chelsea,,5,,,,,90,4,0,0,0,2,0,0,0,0,0,0,0,24,19.2,20.2,2.0,4.1,0.03,0.04,0.07,1.84,3,15,3,False,7,1,5
242,Dewsbury-Hall,,MID,9,Everton,,5,,,,,90,1,0,0,0,2,0,0,0,1,0,0,0,5,8.4,29.5,13.0,5.1,0.19,0.07,0.26,0.9,1,5,3,False,2,1,2
243,George,,MID,7,Chelsea,,5,,,,,26,0,0,0,0,0,0,0,0,1,0,0,0,-7,0.0,0.8,0.0,0.0,0.0,0.01,0.01,0.39,0,0,3,False,0,0,0
244,Lavia,,MID,7,Chelsea,,5,,,,,0,0,0,0,0,0,0,0,0,0,0,0,0,0,0.0,0.0,0.0,0.0,0.0,0.0,0.0,0.0,0,0,3,False,0,0,0
245,Mudryk,,MID,7,Chelsea,,5,,,,,0,0,0,0,0,0,0,0,0,0,0,0,0,0,0.0,0.0,0.0,0.0,0.0,0.0,0.0,0.0,0,0,3,False,0,0,0
246,Andrey Santos,,MID,7,Chelsea,,5,,,,,69,2,0,0,0,1,0,0,0,0,0,0,0,17,8.4,9.6,7.0,2.5,0.1,0.02,0.12,0.82,1,9,3,False,7,0,1
247,D.Essugo,,MID,7,Chelsea,,5,,,,,0,0,0,0,0,0,0,0,0,0,0,0,0,0,0.0,0.0,0.0,0.0,0.0,0.0,0.0,0.0,0,0,3,False,0,0,0
248,Paez,,MID,7,Chelsea,,5,,,,,0,0,0,0,0,0,0,0,0,0,0,0,0,0,0.0,0.0,0.0,0.0,0.0,0.0,0.0,0.0,0,0,3,False,0,0,0
249,João Pedro,,FWD,7,Chelsea,,5,,,,,90,2,0,0,0,2,0,0,0,0,0,0,0,7,8.0,15.0,8.0,3.1,0.0,0.03,0.03,1.84,1,3,4,False,1,1,1
250,Delap,,FWD,7,Chelsea,,5,,,,,0,0,0,0,0,0,0,0,0,0,0,0,0,0,0.0,0.0,0.0,0.0,0.0,0.0,0.0,0.0,0,0,4,False,0,0,0
251,N.Jackson,,FWD,7,Chelsea,,5,,,,,0,0,0,0,0,0,0,0,0,0,0,0,0,0,0.0,0.0,0.0,0.0,0.0,0.0,0.0,0.0,0,0,4,False,0,0,0
252,Marc Guiu,,FWD,7,Chelsea,,5,,,,,0,0,0,0,0,0,0,0,0,0,0,0,0,0,0.0,0.0,0.0,0.0,0.0,0.0,0.0,0.0,0,0,4,False,0,0,0
253,Henderson,,GK,8,Crystal Palace,,5,,,,,90,1,0,0,0,1,0,0,0,1,0,2,0,11,20.0,0.0,0.0,2.0,0.0,0.03,0.03,0.66,3,0,1,False,7,1,0
254,Benitez,,GK,8,Crystal Palace,,5,,,,,0,0,0,0,0,0,0,0,0,0,0,0,0,0,0.0,0.0,0.0,0.0,0.0,0.0,0.0,0.0,0,0,1,False,0,0,0
255,Matthews,,GK,8,Crystal Palace,,5,,,,,0,0,0,0,0,0,0,0,0,0,0,0,0,0,0.0,0.0,0.0,0.0,0.0,0.0,0.0,0.0,0,0,1,False,0,0,0
256,Muñoz,,DEF,8,Crystal Palace,,5,,,,,90,2,0,0,0,1,0,0,0,0,0,0,0,7,7.2,17.0,19.0,4.3,0.19,0.12,0.31,0.66,2,3,2,False,4,1,1
257,Lacroix,,DEF,8,Crystal Palace,,5,,,,,90,2,0,0,0,1,0,0,0,0,0,0,0,7,11.2,0.2,7.0,1.8,0.2,0.0,0.2,0.66,4,6,2,False,3,1,2
258,Mitchell,,DEF,8,Crystal Palace,,5,,,,,90,8,1,0,0,1,0,0,0,1,0,0,1,29,50.2,40.5,25.0,11.6,0.28,0.1,0.38,0.66,2,5,2,False,6,1,3
259,Sosa,,DEF,8,Crystal Palace,,5,,,,,0,0,0,0,0,0,0,0,0,0,0,0,0,0,0.0,0.0,0.0,0.0,0.0,0.0,0.0,0.0,0,0,2,False,0,0,0
260,Guéhi,,DEF,8,Crystal Palace,,5,,,,,90,7,0,1,0,1,0,0,0,0,0,0,0,25,22.0,1.4,8.0,3.1,0.2,0.01,0.21,0.66,5,10,2,False,2,1,5
261,Richards,,DEF,8,Crystal Palace,,5,,,,,90,4,0,0,0,1,0,0,0,0,0,0,0,20,32.6,4.0,0.0,3.7,0.0,0.0,0.0,0.66,13,17,2,False,1,1,4
262,Chadi Riad,,DEF,8,Crystal Palace,,5,,,,,0,0,0,0,0,0,0,0,0,0,0,0,0,0,0.0,0.0,0.0,0.0,0.0,0.0,0.0,0.0,0,0,2,False,0,0,0
263,Clyne,,DEF,8,Crystal Palace,,5,,,,,0,0,0,0,0,0,0,0,0,0,0,0,0,0,0.0,0.0,0.0,0.0,0.0,0.0,0.0,0.0,0,0,2,False,0,0,0
264,Holding,,DEF,8,Crystal Palace,,5,,,,,0,0,0,0,0,0,0,0,0,0,0,0,0,0,0.0,0.0,0.0,0.0,0.0,0.0,0.0,0.0,0,0,2,False,0,0,0
265,Kporha,,DEF,8,Crystal Palace,,5,,,,,0,0,0,0,0,0,0,0,0,0,0,0,0,0,0.0,0.0,0.0,0.0,0.0,0.0,0.0,0.0,0,0,2,False,0,0,0
266,Eze,,MID,1,Arsenal,,5,,,,,45,4,0,1,0,0,0,0,0,0,0,0,0,16,24.6,16.6,21.0,6.2,0.14,0.23,0.37,0.34,1,4,3,False,2,0,1
267,Sarr,,MID,8,Crystal Palace,,5,,,,,0,0,0,0,0,0,0,0,0,0,0,0,0,0,0.0,0.0,0.0,0.0,0.0,0.0,0.0,0.0,0,0,3,False,0,0,0
268,Doucouré,,MID,8,Crystal Palace,,5,,,,,0,0,0,0,0,0,0,0,0,0,0,0,0,0,0.0,0.0,0.0,0.0,0.0,0.0,0.0,0.0,0,0,3,False,0,0,0
269,Esse,,MID,8,Crystal Palace,,5,,,,,0,0,0,0,0,0,0,0,0,0,0,0,0,0,0.0,0.0,0.0,0.0,0.0,0.0,0.0,0.0,0,0,3,False,0,0,0
270,Hughes,,MID,8,Crystal Palace,,5,,,,,64,2,0,0,0,1,0,0,0,0,0,0,0,8,10.0,2.8,2.0,1.5,0.0,0.01,0.01,0.45,4,6,3,False,2,1,0
271,Kamada,,MID,8,Crystal Palace,,5,,,,,90,2,0,0,0,1,0,0,0,0,0,0,0,19,24.4,41.3,13.0,7.9,0.25,0.22,0.47,0.66,3,7,3,False,0,1,4
272,Lerma,,MID,8,Crystal Palace,,5,,,,,25,0,0,0,0,0,0,0,0,1,0,0,0,5,7.0,10.3,20.0,3.7,0.08,0.0,0.08,0.22,3,6,3,False,3,0,0
273,Wharton,,MID,8,Crystal Palace,,5,,,,,74,7,0,1,0,1,0,0,0,0,0,0,2,30,11.2,43.0,2.0,5.6,0.04,0.51,0.55,0.52,2,5,3,False,2,1,1
274,Agbinone,,MID,8,Crystal Palace,,5,,,,,0,0,0,0,0,0,0,0,0,0,0,0,0,0,0.0,0.0,0.0,0.0,0.0,0.0,0.0,0.0,0,0,3,False,0,0,0
275,Ahamada,,MID,8,Crystal Palace,,5,,,,,0,0,0,0,0,0,0,0,0,0,0,0,0,0,0.0,0.0,0.0,0.0,0.0,0.0,0.0,0.0,0,0,3,False,0,0,0
276,Devenny,,MID,8,Crystal Palace,,5,,,,,45,1,0,0,0,1,0,0,0,0,0,0,0,5,0.0,5.2,5.0,1.0,0.08,0.04,0.12,0.45,0,5,3,False,4,0,1
277,Ebiowei,,MID,8,Crystal Palace,,5,,,,,0,0,0,0,0,0,0,0,0,0,0,0,0,0,0.0,0.0,0.0,0.0,0.0,0.0,0.0,0.0,0,0,3,False,0,0,0
278,J.Rak-Sakyi,,MID,8,Crystal Palace,,5,,,,,0,0,0,0,0,0,0,0,0,0,0,0,0,0,0.0,0.0,0.0,0.0,0.0,0.0,0.0,0.0,0,0,3,False,0,0,0
279,M.França,,MID,8,Crystal Palace,,5,,,,,0,0,0,0,0,0,0,0,0,0,0,0,0,0,0.0,0.0,0.0,0.0,0.0,0.0,0.0,0.0,0,0,3,False,0,0,0
280,Ozoh,,MID,8,Crystal Palace,,5,,,,,0,0,0,0,0,0,0,0,0,0,0,0,0,0,0.0,0.0,0.0,0.0,0.0,0.0,0.0,0.0,0,0,3,False,0,0,0
281,Rodney,,MID,8,Crystal Palace,,5,,,,,0,0,0,0,0,0,0,0,0,0,0,0,0,0,0.0,0.0,0.0,0.0,0.0,0.0,0.0,0.0,0,0,3,False,0,0,0
282,Umeh,,MID,8,Crystal Palace,,5,,,,,0,0,0,0,0,0,0,0,0,0,0,0,0,0,0.0,0.0,0.0,0.0,0.0,0.0,0.0,0.0,0,0,3,False,0,0,0
283,Mateta,,FWD,8,Crystal Palace,,5,,,,,90,6,1,0,0,1,0,0,0,0,0,0,0,28,37.2,3.3,40.0,8.1,0.84,0.0,0.84,0.66,3,7,4,False,4,1,0
284,Nketiah,,FWD,8,Crystal Palace,,5,,,,,15,1,0,0,0,0,0,0,0,0,0,0,0,3,3.4,10.4,7.0,2.1,0.04,0.0,0.04,0.15,1,2,4,False,1,0,0
285,Édouard,,FWD,8,Crystal Palace,,5,,,,,0,0,0,0,0,0,0,0,0,0,0,0,0,0,0.0,0.0,0.0,0.0,0.0,0.0,0.0,0.0,0,0,4,False,0,0,0
286,Marsh,,FWD,8,Crystal Palace,,5,,,,,0,0,0,0,0,0,0,0,0,0,0,0,0,0,0.0,0.0,0.0,0.0,0.0,0.0,0.0,0.0,0,0,4,False,0,0,0
287,Pickford,,GK,9,Everton,,5,,,,,90,1,0,0,0,2,0,0,0,0,0,1,0,3,13.0,0.0,0.0,1.3,0.0,0.03,0.03,0.9,1,0,1,False,6,1,0
288,Travers,,GK,9,Everton,,5,,,,,0,0,0,0,0,0,0,0,0,0,0,0,0,0,0.0,0.0,0.0,0.0,0.0,0.0,0.0,0.0,0,0,1,False,0,0,0
289,Tyrer,,GK,9,Everton,,5,,,,,0,0,0,0,0,0,0,0,0,0,0,0,0,0,0.0,0.0,0.0,0.0,0.0,0.0,0.0,0.0,0,0,1,False,0,0,0
290,Branthwaite,,DEF,9,Everton,,5,,,,,0,0,0,0,0,0,0,0,0,0,0,0,0,0,0.0,0.0,0.0,0.0,0.0,0.0,0.0,0.0,0,0,2,False,0,0,0
291,Tarkowski,,DEF,9,Everton,,5,,,,,90,3,0,0,0,2,0,0,0,0,0,0,0,12,34.6,7.8,0.0,4.2,0.0,0.02,0.02,0.9,11,14,2,False,2,1,3
292,Mykolenko,,DEF,9,Everton,,5,,,,,85,1,0,0,0,2,0,0,0,0,0,0,0,0,11.8,11.4,4.0,2.7,0.0,0.17,0.17,0.9,5,6,2,False,3,1,1
293,O'Brien,,DEF,9,Everton,,5,,,,,90,1,0,0,0,2,0,0,0,0,0,0,0,0,5.2,5.5,0.0,1.1,0.0,0.02,0.02,0.9,1,1,2,False,1,1,0
294,Coleman,,DEF,9,Everton,,5,,,,,0,0,0,0,0,0,0,0,0,0,0,0,0,0,0.0,0.0,0.0,0.0,0.0,0.0,0.0,0.0,0,0,2,False,0,0,0
295,Keane,,DEF,9,Everton,,5,,,,,90,1,0,0,0,2,0,0,0,0,0,0,0,9,15.4,0.7,2.0,1.8,0.0,0.01,0.01,0.9,6,7,2,False,7,1,1
296,Patterson,,DEF,9,Everton,,5,,,,,0,0,0,0,0,0,0,0,0,0,0,0,0,0,0.0,0.0,0.0,0.0,0.0,0.0,0.0,0.0,0,0,2,False,0,0,0
297,Dixon,,DEF,9,Everton,,5,,,,,0,0,0,0,0,0,0,0,0,0,0,0,0,0,0.0,0.0,0.0,0.0,0.0,0.0,0.0,0.0,0,0,2,False,0,0,0
298,Welch,,DEF,9,Everton,,5,,,,,0,0,0,0,0,0,0,0,0,0,0,0,0,0,0.0,0.0,0.0,0.0,0.0,0.0,0.0,0.0,0,0,2,False,0,0,0
299,Ndiaye,,MID,9,Everton,,5,,,,,85,6,0,1,0,2,0,0,0,1,0,0,0,25,31.4,26.1,2.0,6.0,0.0,0.16,0.16,0.9,1,12,3,False,9,1,2
300,McNeil,,MID,9,Everton,,5,,,,,0,0,0,0,0,0,0,0,0,0,0,0,0,0,0.0,0.0,0.0,0.0,0.0,0.0,0.0,0.0,0,0,3,False,0,0,0
301,Alcaraz,,MID,9,Everton,,5,,,,,4,1,0,0,0,0,0,0,0,0,0,0,0,3,0.0,0.3,0.0,0.0,0.0,0.0,0.0,0.0,0,0,3,False,0,0,0
302,Gana,,MID,9,Everton,,5,,,,,90,10,1,0,0,2,0,0,0,0,0,0,1,35,50.4,6.4,40.0,9.7,0.26,0.02,0.28,0.9,3,12,3,False,7,1,2
303,Garner,,MID,9,Everton,,5,,,,,90,4,0,0,0,2,0,0,0,0,0,0,0,17,16.2,3.2,3.0,2.2,0.04,0.02,0.06,0.9,6,18,3,False,7,1,5
304,Iroegbunam,,MID,9,Everton,,5,,,,,0,0,0,0,0,0,0,0,0,0,0,0,0,0,0.0,0.0,0.0,0.0,0.0,0.0,0.0,0.0,0,0,3,False,0,0,0
305,Armstrong,,MID,9,Everton,,5,,,,,0,0,0,0,0,0,0,0,0,0,0,0,0,0,0.0,0.0,0.0,0.0,0.0,0.0,0.0,0.0,0,0,3,False,0,0,0
306,Bates,,MID,9,Everton,,5,,,,,0,0,0,0,0,0,0,0,0,0,0,0,0,0,0.0,0.0,0.0,0.0,0.0,0.0,0.0,0.0,0,0,3,False,0,0,0
307,Ebere,,MID,9,Everton,,5,,,,,0,0,0,0,0,0,0,0,0,0,0,0,0,0,0.0,0.0,0.0,0.0,0.0,0.0,0.0,0.0,0,0,3,False,0,0,0
308,Heath,,MID,9,Everton,,5,,,,,0,0,0,0,0,0,0,0,0,0,0,0,0,0,0.0,0.0,0.0,0.0,0.0,0.0,0.0,0.0,0,0,3,False,0,0,0
309,Metcalfe,,MID,9,Everton,,5,,,,,0,0,0,0,0,0,0,0,0,0,0,0,0,0,0.0,0.0,0.0,0.0,0.0,0.0,0.0,0.0,0,0,3,False,0,0,0
310,Barry,,FWD,9,Everton,,5,,,,,45,1,0,0,0,0,0,0,0,0,0,0,0,1,0.4,1.0,0.0,0.1,0.0,0.0,0.0,0.21,0,1,4,False,1,0,0
311,Beto,,FWD,9,Everton,,5,,,,,45,1,0,0,0,2,0,0,0,0,0,0,0,1,0.0,0.3,8.0,0.6,0.2,0.0,0.2,0.69,0,1,4,False,1,1,0
312,Y.Chermiti,,FWD,9,Everton,,5,,,,,0,0,0,0,0,0,0,0,0,0,0,0,0,0,0.0,0.0,0.0,0.0,0.0,0.0,0.0,0.0,0,0,4,False,0,0,0
313,Sherif,,FWD,9,Everton,,5,,,,,0,0,0,0,0,0,0,0,0,0,0,0,0,0,0.0,0.0,0.0,0.0,0.0,0.0,0.0,0.0,0,0,4,False,0,0,0
314,Leno,,GK,10,Fulham,,5,,,,,90,1,0,0,0,1,0,0,0,1,0,2,0,9,19.2,0.0,0.0,1.9,0.0,0.0,0.0,0.6,1,0,1,False,6,1,0
315,Benda,,GK,10,Fulham,,5,,,,,0,0,0,0,0,0,0,0,0,0,0,0,0,0,0.0,0.0,0.0,0.0,0.0,0.0,0.0,0.0,0,0,1,False,0,0,0
316,Robinson,,DEF,10,Fulham,,5,,,,,0,0,0,0,0,0,0,0,0,0,0,0,0,0,0.0,0.0,0.0,0.0,0.0,0.0,0.0,0.0,0,0,2,False,0,0,0
317,Andersen,,DEF,10,Fulham,,5,,,,,90,4,0,0,0,1,0,0,0,0,0,0,0,15,32.4,0.8,11.0,4.4,0.22,0.01,0.23,0.6,13,15,2,False,3,1,2
318,Bassey,,DEF,10,Fulham,,5,,,,,90,4,0,0,0,1,0,0,0,0,0,0,0,15,29.0,0.8,2.0,3.2,0.01,0.0,0.01,0.6,9,10,2,False,4,1,1
319,Castagne,,DEF,10,Fulham,,5,,,,,0,0,0,0,0,0,0,0,0,0,0,0,0,0,0.0,0.0,0.0,0.0,0.0,0.0,0.0,0.0,0,0,2,False,0,0,0
320,Diop,,DEF,10,Fulham,,5,,,,,0,0,0,0,0,0,0,0,0,0,0,0,0,0,0.0,0.0,0.0,0.0,0.0,0.0,0.0,0.0,0,0,2,False,0,0,0
321,J.Cuenca,,DEF,10,Fulham,,5,,,,,4,1,0,0,0,0,0,0,0,0,0,0,0,6,5.0,0.0,0.0,0.5,0.0,0.0,0.0,0.05,3,4,2,False,0,0,1
322,Tete,,DEF,10,Fulham,,5,,,,,90,2,0,0,0,1,0,0,0,0,0,0,0,11,22.8,13.7,0.0,3.7,0.0,0.02,0.02,0.6,5,8,2,False,4,1,3
323,Amissah,,DEF,10,Fulham,,5,,,,,0,0,0,0,0,0,0,0,0,0,0,0,0,0,0.0,0.0,0.0,0.0,0.0,0.0,0.0,0.0,0,0,2,False,0,0,0
324,Iwobi,,MID,10,Fulham,,5,,,,,79,13,1,1,0,1,0,0,0,0,0,0,3,47,59.8,38.3,19.0,11.7,0.18,0.2,0.38,0.52,0,5,3,True,5,1,0
325,Smith Rowe,,MID,10,Fulham,,5,,,,,10,1,0,0,0,0,0,0,0,0,0,0,0,4,2.2,0.3,0.0,0.3,0.0,0.0,0.0,0.08,0,2,3,False,1,0,1
326,Adama,,MID,10,Fulham,,5,,,,,0,0,0,0,0,0,0,0,0,0,0,0,0,0,0.0,0.0,0.0,0.0,0.0,0.0,0.0,0.0,0,0,3,False,0,0,0
327,Andreas,,MID,10,Fulham,,5,,,,,0,0,0,0,0,0,0,0,0,0,0,0,0,0,0.0,0.0,0.0,0.0,0.0,0.0,0.0,0.0,0,0,3,False,0,0,0
328,Sessegnon,,MID,10,Fulham,,5,,,,,90,5,0,1,0,1,0,0,0,0,0,0,0,25,22.6,5.8,27.0,5.5,0.05,0.01,0.06,0.6,4,9,3,False,1,1,4
329,Wilson,,MID,10,Fulham,,5,,,,,85,9,1,0,0,1,0,0,0,0,0,0,2,35,47.6,40.5,28.0,11.6,0.26,0.09,0.35,0.55,1,7,3,False,3,1,3
330,Berge,,MID,10,Fulham,,5,,,,,90,2,0,0,0,1,0,0,0,0,0,0,0,15,12.6,12.5,2.0,2.7,0.0,0.01,0.01,0.6,4,10,3,False,5,1,1
331,Cairney,,MID,10,Fulham,,5,,,,,4,1,0,0,0,0,0,0,0,0,0,0,0,4,0.4,0.3,0.0,0.1,0.0,0.0,0.0,0.05,0,1,3,False,1,0,0
332,Lukić,,MID,10,Fulham,,5,,,,,85,1,0,0,0,1,0,0,0,1,0,0,0,6,1.4,29.3,9.0,4.0,0.09,0.25,0.34,0.55,2,5,3,False,2,1,1
333,Godo,,MID,10,Fulham,,5,,,,,0,0,0,0,0,0,0,0,0,0,0,0,0,0,0.0,0.0,0.0,0.0,0.0,0.0,0.0,0.0,0,0,3,False,0,0,0
334,Harris,,MID,10,Fulham,,5,,,,,0,0,0,0,0,0,0,0,0,0,0,0,0,0,0.0,0.0,0.0,0.0,0.0,0.0,0.0,0.0,0,0,3,False,0,0,0
335,King,,MID,10,Fulham,,5,,,,,66,1,0,0,0,1,0,0,0,1,0,0,0,3,0.0,3.3,8.0,0.6,0.09,0.02,0.11,0.43,0,6,3,False,5,1,1
336,Reed,,MID,10,Fulham,,5,,,,,0,0,0,0,0,0,0,0,0,0,0,0,0,0,0.0,0.0,0.0,0.0,0.0,0.0,0.0,0.0,0,0,3,False,0,0,0
337,Raúl,,FWD,10,Fulham,,5,,,,,10,1,0,0,0,0,0,0,0,0,0,0,0,2,1.2,1.3,0.0,0.3,0.0,0.0,0.0,0.08,1,1,4,False,0,0,0
338,Muniz,,FWD,10,Fulham,,5,,,,,79,5,0,1,0,1,0,0,0,0,0,0,0,13,23.4,20.8,21.0,6.5,0.12,0.0,0.12,0.52,4,6,4,False,1,1,1
339,Meslier,,GK,11,Leeds,,5,,,,,0,0,0,0,0,0,0,0,0,0,0,0,0,0,0.0,0.0,0.0,0.0,0.0,0.0,0.0,0.0,0,0,1,False,0,0,0
340,Cairns,,GK,11,Leeds,,5,,,,,0,0,0,0,0,0,0,0,0,0,0,0,0,0,0.0,0.0,0.0,0.0,0.0,0.0,0.0,0.0,0,0,1,False,0,0,0
341,Darlow,,GK,11,Leeds,,5,,,,,90,3,0,0,0,1,0,0,0,0,0,5,0,23,39.0,0.0,0.0,3.9,0.0,0.0,0.0,1.78,2,0,1,False,15,1,0
342,Bogle,,DEF,11,Leeds,,5,,,,,82,4,0,1,0,1,0,0,0,1,0,0,0,6,10.0,1.3,0.0,1.1,0.0,0.0,0.0,1.51,5,8,2,False,5,1,3
343,Struijk,,DEF,11,Leeds,,5,,,,,90,4,0,0,0,1,0,0,0,0,0,0,0,14,32.8,0.8,0.0,3.4,0.0,0.0,0.0,1.78,13,14,2,False,2,1,1
344,Bijol,,DEF,11,Leeds,,5,,,,,0,0,0,0,0,0,0,0,0,0,0,0,0,0,0.0,0.0,0.0,0.0,0.0,0.0,0.0,0.0,0,0,2,False,0,0,0
345,Bornauw,,DEF,11,Leeds,,5,,,,,0,0,0,0,0,0,0,0,0,0,0,0,0,0,0.0,0.0,0.0,0.0,0.0,0.0,0.0,0.0,0,0,2,False,0,0,0
346,Byram,,DEF,11,Leeds,,5,,,,,0,0,0,0,0,0,0,0,0,0,0,0,0,0,0.0,0.0,0.0,0.0,0.0,0.0,0.0,0.0,0,0,2,False,0,0,0
347,Gudmundsson,,DEF,11,Leeds,,5,,,,,90,4,0,0,0,1,0,0,0,0,0,0,0,11,20.0,6.3,6.0,3.2,0.0,0.12,0.12,1.78,10,10,2,False,5,1,0
348,Rodon,,DEF,11,Leeds,,5,,,,,90,2,0,0,0,1,0,0,0,0,0,0,0,12,20.0,0.6,0.0,2.1,0.0,0.01,0.01,1.78,8,9,2,False,2,1,1
349,Schmidt,,DEF,11,Leeds,,5,,,,,0,0,0,0,0,0,0,0,0,0,0,0,0,0,0.0,0.0,0.0,0.0,0.0,0.0,0.0,0.0,0,0,2,False,0,0,0
350,Aaronson,,MID,11,Leeds,,5,,,,,90,2,0,0,0,1,0,0,0,0,0,0,0,9,3.4,5.7,1.0,1.0,0.05,0.19,0.24,1.77,2,10,3,False,7,1,1
351,Gnonto,,MID,11,Leeds,,5,,,,,0,0,0,0,0,0,0,0,0,0,0,0,0,0,0.0,0.0,0.0,0.0,0.0,0.0,0.0,0.0,0,0,3,False,0,0,0
352,Harrison,,MID,11,Leeds,,5,,,,,20,1,0,0,0,0,0,0,0,0,0,0,0,4,0.6,1.5,0.0,0.2,0.0,0.0,0.0,0.5,0,3,3,False,3,0,0
353,James,,MID,11,Leeds,,5,,,,,0,0,0,0,0,0,0,0,0,0,0,0,0,0,0.0,0.0,0.0,0.0,0.0,0.0,0.0,0.0,0,0,3,False,0,0,0
354,Ampadu,,MID,11,Leeds,,5,,,,,90,4,0,0,0,1,0,0,0,0,0,0,0,18,17.2,6.1,1.0,2.4,0.02,0.01,0.03,1.78,5,15,3,False,6,1,4
355,Greenwood,,MID,11,Leeds,,5,,,,,0,0,0,0,0,0,0,0,0,0,0,0,0,0,0.0,0.0,0.0,0.0,0.0,0.0,0.0,0.0,0,0,3,False,0,0,0
356,Gruev,,MID,11,Leeds,,5,,,,,1,1,0,0,0,0,0,0,0,0,0,0,0,3,0.2,0.1,0.0,0.0,0.0,0.0,0.0,0.02,0,0,3,False,0,0,0
357,Ramazani,,MID,11,Leeds,,5,,,,,0,0,0,0,0,0,0,0,0,0,0,0,0,0,0.0,0.0,0.0,0.0,0.0,0.0,0.0,0.0,0,0,3,False,0,0,0
358,Tanaka,,MID,11,Leeds,,5,,,,,7,1,0,0,0,0,0,0,0,0,0,0,0,4,2.0,0.0,0.0,0.2,0.0,0.0,0.0,0.28,2,2,3,False,0,0,0
359,Crew,,MID,11,Leeds,,5,,,,,0,0,0,0,0,0,0,0,0,0,0,0,0,0,0.0,0.0,0.0,0.0,0.0,0.0,0.0,0.0,0,0,3,False,0,0,0
360,Gelhardt,,MID,11,Leeds,,5,,,,,0,0,0,0,0,0,0,0,0,0,0,0,0,0,0.0,0.0,0.0,0.0,0.0,0.0,0.0,0.0,0,0,3,False,0,0,0
361,Gyabi,,MID,11,Leeds,,5,,,,,0,0,0,0,0,0,0,0,0,0,0,0,0,0,0.0,0.0,0.0,0.0,0.0,0.0,0.0,0.0,0,0,3,False,0,0,0
362,Piroe,,FWD,11,Leeds,,5,,,,,0,0,0,0,0,0,0,0,0,0,0,0,0,0,0.0,0.0,0.0,0.0,0.0,0.0,0.0,0.0,0,0,4,False,0,0,0
363,Bamford,,FWD,11,Leeds,,5,,,,,0,0,0,0,0,0,0,0,0,0,0,0,0,0,0.0,0.0,0.0,0.0,0.0,0.0,0.0,0.0,0,0,4,False,0,0,0
364,Mateo Joseph,,FWD,11,Leeds,,5,,,,,0,0,0,0,0,0,0,0,0,0,0,0,0,0,0.0,0.0,0.0,0.0,0.0,0.0,0.0,0.0,0,0,4,False,0,0,0
365,Nmecha,,FWD,11,Leeds,,5,,,,,1,1,0,0,0,0,0,0,0,0,0,0,0,3,1.0,0.0,0.0,0.1,0.0,0.0,0.0,0.02,1,1,4,False,0,0,0
366,A.Becker,,GK,12,Liverpool,,5,,,,,90,2,0,0,0,1,0,0,0,0,0,1,0,11,11.8,0.0,0.0,1.2,0.0,0.0,0.0,0.7,3,0,1,False,10,1,0
367,Mamardashvili,,GK,12,Liverpool,,5,,,,,0,0,0,0,0,0,0,0,0,0,0,0,0,0,0.0,0.0,0.0,0.0,0.0,0.0,0.0,0.0,0,0,1,False,0,0,0
368,Pécsi,,GK,12,Liverpool,,5,,,,,0,0,0,0,0,0,0,0,0,0,0,0,0,0,0.0,0.0,0.0,0.0,0.0,0.0,0.0,0.0,0,0,1,False,0,0,0
369,Woodman,,GK,12,Liverpool,,5,,,,,0,0,0,0,0,0,0,0,0,0,0,0,0,0,0.0,0.0,0.0,0.0,0.0,0.0,0.0,0.0,0,0,1,False,0,0,0
370,Frimpong,,DEF,12,Liverpool,,5,,,,,0,0,0,0,0,0,0,0,0,0,0,0,0,0,0.0,0.0,0.0,0.0,0.0,0.0,0.0,0.0,0,0,2,False,0,0,0
371,Kerkez,,DEF,12,Liverpool,,5,,,,,90,4,0,0,0,1,0,0,0,0,0,0,0,15,24.2,17.4,2.0,4.4,0.0,0.04,0.04,0.7,8,10,2,False,1,1,2
372,Robertson,,DEF,12,Liverpool,,5,,,,,0,0,0,0,0,0,0,0,0,0,0,0,0,0,0.0,0.0,0.0,0.0,0.0,0.0,0.0,0.0,0,0,2,False,0,0,0
373,Virgil,,DEF,12,Liverpool,,5,,,,,90,4,0,0,0,1,0,0,0,0,0,0,0,14,22.6,1.2,2.0,2.6,0.0,0.01,0.01,0.7,10,10,2,False,3,1,0
374,Konaté,,DEF,12,Liverpool,,5,,,,,90,4,0,0,0,1,0,0,0,0,0,0,0,9,27.4,0.7,5.0,3.3,0.04,0.0,0.04,0.7,9,11,2,False,2,1,2
375,Bradley,,DEF,12,Liverpool,,5,,,,,90,2,0,0,0,1,0,0,0,0,0,0,0,6,5.4,3.7,5.0,1.4,0.04,0.04,0.08,0.7,4,5,2,False,1,1,1
376,Gomez,,DEF,12,Liverpool,,5,,,,,0,0,0,0,0,0,0,0,0,0,0,0,0,0,0.0,0.0,0.0,0.0,0.0,0.0,0.0,0.0,0,0,2,False,0,0,0
377,Tsimikas,,DEF,12,Liverpool,,5,,,,,0,0,0,0,0,0,0,0,0,0,0,0,0,0,0.0,0.0,0.0,0.0,0.0,0.0,0.0,0.0,0,0,2,False,0,0,0
378,Nallo,,DEF,12,Liverpool,,5,,,,,0,0,0,0,0,0,0,0,0,0,0,0,0,0,0.0,0.0,0.0,0.0,0.0,0.0,0.0,0.0,0,0,2,False,0,0,0
379,R.Williams,,DEF,12,Liverpool,,5,,,,,0,0,0,0,0,0,0,0,0,0,0,0,0,0,0.0,0.0,0.0,0.0,0.0,0.0,0.0,0.0,0,0,2,False,0,0,0
380,Ramsay,,DEF,12,Liverpool,,5,,,,,0,0,0,0,0,0,0,0,0,0,0,0,0,0,0.0,0.0,0.0,0.0,0.0,0.0,0.0,0.0,0,0,2,False,0,0,0
381,M.Salah,,MID,12,Liverpool,,5,,,,,90,5,0,1,0,1,0,0,0,0,0,0,0,14,21.6,16.7,27.0,6.5,0.12,0.19,0.31,0.7,2,4,3,False,2,1,0
382,Wirtz,,MID,12,Liverpool,,5,,,,,29,0,0,0,0,0,0,0,0,1,0,0,0,-2,1.4,11.3,4.0,1.7,0.0,0.03,0.03,0.04,0,0,3,False,0,0,0
383,Luis Díaz,,MID,12,Liverpool,,5,,,,,0,0,0,0,0,0,0,0,0,0,0,0,0,0,0.0,0.0,0.0,0.0,0.0,0.0,0.0,0.0,0,0,3,False,0,0,0
384,Gakpo,,MID,12,Liverpool,,5,,,,,60,2,0,0,0,1,0,0,0,0,0,0,0,10,9.2,25.8,10.0,4.5,0.08,0.1,0.18,0.66,4,7,3,False,2,1,1
385,Chiesa,,MID,12,Liverpool,,5,,,,,0,0,0,0,0,0,0,0,0,0,0,0,0,0,0.0,0.0,0.0,0.0,0.0,0.0,0.0,0.0,0,0,3,False,0,0,0
386,Mac Allister,,MID,12,Liverpool,,5,,,,,60,2,0,0,0,1,0,0,0,0,0,0,0,13,4.6,3.8,5.0,1.3,0.1,0.05,0.15,0.66,1,7,3,False,5,1,1
387,Szoboszlai,,MID,12,Liverpool,,5,,,,,90,1,0,0,0,1,0,0,0,1,0,0,0,10,11.4,22.4,14.0,4.8,0.07,0.03,0.1,0.7,2,10,3,False,7,1,1
388,C.Jones,,MID,12,Liverpool,,5,,,,,29,1,0,0,0,0,0,0,0,0,0,0,0,9,9.2,4.7,0.0,1.4,0.0,0.04,0.04,0.04,2,7,3,False,3,0,2
389,Elliott,,MID,2,Aston Villa,,5,,,,,32,1,0,0,0,1,0,0,0,0,0,0,0,3,2.2,8.8,11.0,2.2,0.17,0.05,0.22,0.68,0,1,3,False,1,0,0
390,Gravenberch,,MID,12,Liverpool,,5,,,,,90,15,1,1,0,1,0,0,0,0,0,0,3,48,67.4,18.5,17.0,10.3,0.13,0.19,0.32,0.7,2,14,3,True,7,1,5
391,Gannon-Doak,,MID,4,Bournemouth,,5,,,,,0,0,0,0,0,0,0,0,0,0,0,0,0,0,0.0,0.0,0.0,0.0,0.0,0.0,0.0,0.0,0,0,3,False,0,0,0
392,Endo,,MID,12,Liverpool,,5,,,,,0,0,0,0,0,0,0,0,0,0,0,0,0,0,0.0,0.0,0.0,0.0,0.0,0.0,0.0,0.0,0,0,3,False,0,0,0
393,Bajcetic,,MID,12,Liverpool,,5,,,,,0,0,0,0,0,0,0,0,0,0,0,0,0,0,0.0,0.0,0.0,0.0,0.0,0.0,0.0,0.0,0,0,3,False,0,0,0
394,McConnell,,MID,12,Liverpool,,5,,,,,0,0,0,0,0,0,0,0,0,0,0,0,0,0,0.0,0.0,0.0,0.0,0.0,0.0,0.0,0.0,0,0,3,False,0,0,0
395,Morton,,MID,12,Liverpool,,5,,,,,0,0,0,0,0,0,0,0,0,0,0,0,0,0,0.0,0.0,0.0,0.0,0.0,0.0,0.0,0.0,0,0,3,False,0,0,0
396,Nyoni,,MID,12,Liverpool,,5,,,,,0,0,0,0,0,0,0,0,0,0,0,0,0,0,0.0,0.0,0.0,0.0,0.0,0.0,0.0,0.0,0,0,3,False,0,0,0
397,Darwin,,FWD,12,Liverpool,,5,,,,,0,0,0,0,0,0,0,0,0,0,0,0,0,0,0.0,0.0,0.0,0.0,0.0,0.0,0.0,0.0,0,0,4,False,0,0,0
398,Danns,,FWD,12,Liverpool,,5,,,,,0,0,0,0,0,0,0,0,0,0,0,0,0,0,0.0,0.0,0.0,0.0,0.0,0.0,0.0,0.0,0,0,4,False,0,0,0
399,Ederson M.,,GK,13,Man City,,5,,,,,0,0,0,0,0,0,0,0,0,0,0,0,0,0,0.0,0.0,0.0,0.0,0.0,0.0,0.0,0.0,0,0,1,False,0,0,0
400,Ortega Moreno,,GK,13,Man City,,5,,,,,0,0,0,0,0,0,0,0,0,0,0,0,0,0,0.0,0.0,0.0,0.0,0.0,0.0,0.0,0.0,0,0,1,False,0,0,0
401,Bettinelli,,GK,13,Man City,,5,,,,,0,0,0,0,0,0,0,0,0,0,0,0,0,0,0.0,0.0,0.0,0.0,0.0,0.0,0.0,0.0,0,0,1,False,0,0,0
402,Aït-Nouri,,DEF,13,Man City,,5,,,,,0,0,0,0,0,0,0,0,0,0,0,0,0,0,0.0,0.0,0.0,0.0,0.0,0.0,0.0,0.0,0,0,2,False,0,0,0
403,Gvardiol,,DEF,13,Man City,,5,,,,,90,4,0,0,0,1,0,0,0,0,0,0,0,16,30.0,0.3,0.0,3.0,0.0,0.0,0.0,0.96,12,14,2,False,6,1,2
404,Akanji,,DEF,13,Man City,,5,,,,,0,0,0,0,0,0,0,0,0,0,0,0,0,0,0.0,0.0,0.0,0.0,0.0,0.0,0.0,0.0,0,0,2,False,0,0,0
405,Aké,,DEF,13,Man City,,5,,,,,22,1,0,0,0,1,0,0,0,0,0,0,0,1,3.0,0.5,0.0,0.4,0.0,0.03,0.03,0.23,2,2,2,False,0,0,0
406,Khusanov,,DEF,13,Man City,,5,,,,,45,1,0,0,0,0,0,0,0,0,0,0,0,4,4.8,0.8,0.0,0.6,0.0,0.0,0.0,0.35,3,3,2,False,3,1,0
407,Matheus N.,,DEF,13,Man City,,5,,,,,45,1,0,0,0,1,0,0,0,0,0,0,0,5,11.6,0.8,0.0,1.2,0.0,0.0,0.0,0.61,6,7,2,False,2,0,1
408,Rúben,,DEF,13,Man City,,5,,,,,90,2,0,0,0,1,0,0,0,0,0,0,0,5,9.0,0.7,0.0,1.0,0.0,0.0,0.0,0.96,6,6,2,False,1,1,0
409,Stones,,DEF,13,Man City,,5,,,,,3,1,0,0,0,1,0,0,0,0,0,0,0,-1,0.0,0.0,2.0,0.2,0.0,0.0,0.0,0.16,0,0,2,False,0,0,0
410,Lewis,,DEF,13,Man City,,5,,,,,0,0,0,0,0,0,0,0,0,0,0,0,0,0,0.0,0.0,0.0,0.0,0.0,0.0,0.0,0.0,0,0,2,False,0,0,0
411,O’Reilly,,DEF,13,Man City,,5,,,,,86,6,0,0,1,0,0,0,0,0,0,0,0,19,15.4,0.7,0.0,1.6,0.0,0.0,0.0,0.8,7,9,2,False,2,1,2
412,Vitor Reis,,DEF,13,Man City,,5,,,,,0,0,0,0,0,0,0,0,0,0,0,0,0,0,0.0,0.0,0.0,0.0,0.0,0.0,0.0,0.0,0,0,2,False,0,0,0
413,Marmoush,,MID,13,Man City,,5,,,,,0,0,0,0,0,0,0,0,0,0,0,0,0,0,0.0,0.0,0.0,0.0,0.0,0.0,0.0,0.0,0,0,3,False,0,0,0
414,Foden,,MID,13,Man City,,5,,,,,67,3,0,0,1,0,0,0,0,0,0,0,0,10,6.0,1.8,0.0,0.8,0.0,0.01,0.01,0.72,4,8,3,False,2,1,2
415,Savinho,,MID,13,Man City,,5,,,,,3,1,0,0,0,1,0,0,0,0,0,0,0,1,0.0,0.8,0.0,0.0,0.0,0.0,0.0,0.16,0,1,3,False,1,0,0
416,Bernardo,,MID,13,Man City,,5,,,,,90,1,0,0,0,1,0,0,0,1,0,0,0,10,13.8,12.3,2.0,2.8,0.0,0.02,0.02,0.96,4,11,3,False,6,1,1
417,Cherki,,MID,13,Man City,,5,,,,,0,0,0,0,0,0,0,0,0,0,0,0,0,0,0.0,0.0,0.0,0.0,0.0,0.0,0.0,0.0,0,0,3,False,0,0,0
418,Doku,,MID,13,Man City,,5,,,,,86,3,0,0,1,0,0,0,0,0,0,0,0,12,14.6,21.9,11.0,4.8,0.25,0.02,0.27,0.8,0,9,3,False,5,1,4
419,Grealish,,MID,9,Everton,,5,,,,,90,1,0,0,0,2,0,0,0,1,0,0,0,16,19.4,41.6,14.0,7.5,0.01,0.1,0.11,0.9,3,8,3,False,3,1,2
420,Gündoğan,,MID,13,Man City,,5,,,,,0,0,0,0,0,0,0,0,0,0,0,0,0,0,0.0,0.0,0.0,0.0,0.0,0.0,0.0,0.0,0,0,3,False,0,0,0
421,Rodrigo,,MID,13,Man City,,5,,,,,90,4,0,0,0,1,0,0,0,0,0,0,0,19,22.6,5.2,1.0,2.9,0.06,0.01,0.07,0.96,11,16,3,False,3,1,2
422,Kovačić,,MID,13,Man City,,5,,,,,0,0,0,0,0,0,0,0,0,0,0,0,0,0,0.0,0.0,0.0,0.0,0.0,0.0,0.0,0.0,0,0,3,False,0,0,0
423,N.Gonzalez,,MID,13,Man City,,5,,,,,14,1,0,0,0,1,0,0,0,0,0,0,0,2,1.8,0.5,0.0,0.2,0.0,0.0,0.0,0.18,1,2,3,False,1,0,0
424,Bobb,,MID,13,Man City,,5,,,,,0,0,0,0,0,0,0,0,0,0,0,0,0,0,0.0,0.0,0.0,0.0,0.0,0.0,0.0,0.0,0,0,3,False,0,0,0
425,Echeverri,,MID,13,Man City,,5,,,,,0,0,0,0,0,0,0,0,0,0,0,0,0,0,0.0,0.0,0.0,0.0,0.0,0.0,0.0,0.0,0,0,3,False,0,0,0
426,McAtee,,MID,16,Nott'm Forest,,5,,,,,0,0,0,0,0,0,0,0,0,0,0,0,0,0,0.0,0.0,0.0,0.0,0.0,0.0,0.0,0.0,0,0,3,False,0,0,0
427,Reijnders,,MID,13,Man City,,5,,,,,90,9,0,1,0,1,0,0,0,0,0,0,2,26,31.2,21.8,17.0,7.0,0.06,0.04,0.1,0.96,5,12,3,False,7,1,0
428,Nypan,,MID,13,Man City,,5,,,,,0,0,0,0,0,0,0,0,0,0,0,0,0,0,0.0,0.0,0.0,0.0,0.0,0.0,0.0,0.0,0,0,3,False,0,0,0
429,Phillips,,MID,13,Man City,,5,,,,,0,0,0,0,0,0,0,0,0,0,0,0,0,0,0.0,0.0,0.0,0.0,0.0,0.0,0.0,0.0,0,0,3,False,0,0,0
430,Haaland,,FWD,13,Man City,,5,,,,,75,9,1,0,1,0,0,0,0,0,0,0,3,32,35.4,2.1,34.0,7.2,0.52,0.01,0.53,0.77,2,5,4,False,3,1,0
431,Bayindir,,GK,14,Man Utd,,5,,,,,90,2,0,0,0,1,0,0,0,0,0,0,0,4,3.8,0.0,0.0,0.4,0.0,0.0,0.0,0.43,3,0,1,False,2,1,0
432,Onana,,GK,14,Man Utd,,5,,,,,0,0,0,0,0,0,0,0,0,0,0,0,0,0,0.0,0.0,0.0,0.0,0.0,0.0,0.0,0.0,0,0,1,False,0,0,0
433,Harrison,,GK,14,Man Utd,,5,,,,,0,0,0,0,0,0,0,0,0,0,0,0,0,0,0.0,0.0,0.0,0.0,0.0,0.0,0.0,0.0,0,0,1,False,0,0,0
434,Heaton,,GK,14,Man Utd,,5,,,,,0,0,0,0,0,0,0,0,0,0,0,0,0,0,0.0,0.0,0.0,0.0,0.0,0.0,0.0,0.0,0,0,1,False,0,0,0
435,Mee,,GK,14,Man Utd,,5,,,,,0,0,0,0,0,0,0,0,0,0,0,0,0,0,0.0,0.0,0.0,0.0,0.0,0.0,0.0,0.0,0,0,1,False,0,0,0
436,De Ligt,,DEF,14,Man Utd,,5,,,,,90,2,0,0,0,1,0,0,0,0,0,0,0,20,27.0,23.3,0.0,5.0,0.0,0.38,0.38,0.43,7,9,2,False,4,1,2
437,Martinez,,DEF,14,Man Utd,,5,,,,,0,0,0,0,0,0,0,0,0,0,0,0,0,0,0.0,0.0,0.0,0.0,0.0,0.0,0.0,0.0,0,0,2,False,0,0,0
438,Mazraoui,,DEF,14,Man Utd,,5,,,,,64,7,0,0,1,0,0,0,0,0,0,0,1,28,18.0,11.2,0.0,2.9,0.0,0.1,0.1,0.13,1,5,2,False,6,1,4
439,D.Leon,,DEF,14,Man Utd,,5,,,,,0,0,0,0,0,0,0,0,0,0,0,0,0,0,0.0,0.0,0.0,0.0,0.0,0.0,0.0,0.0,0,0,2,False,0,0,0
440,Dalot,,DEF,14,Man Utd,,5,,,,,0,0,0,0,0,0,0,0,0,0,0,0,0,0,0.0,0.0,0.0,0.0,0.0,0.0,0.0,0.0,0,0,2,False,0,0,0
441,Dorgu,,DEF,14,Man Utd,,5,,,,,90,5,0,1,0,1,0,0,0,0,0,0,0,22,36.0,26.8,10.0,7.3,0.0,0.39,0.39,0.43,3,7,2,False,4,1,4
442,Maguire,,DEF,14,Man Utd,,5,,,,,69,11,0,1,1,0,0,0,0,0,0,0,2,34,19.2,10.8,6.0,3.6,0.11,0.01,0.12,0.13,2,3,2,True,2,1,1
443,Shaw,,DEF,14,Man Utd,,5,,,,,90,2,0,0,0,1,0,0,0,0,0,0,0,12,14.2,2.2,5.0,2.1,0.08,0.01,0.09,0.43,5,8,2,False,6,1,3
444,Yoro,,DEF,14,Man Utd,,5,,,,,20,1,0,0,0,1,0,0,0,0,0,0,0,-2,0.0,0.0,0.0,0.0,0.0,0.0,0.0,0.3,0,0,2,False,2,0,0
445,Amass,,DEF,14,Man Utd,,5,,,,,0,0,0,0,0,0,0,0,0,0,0,0,0,0,0.0,0.0,0.0,0.0,0.0,0.0,0.0,0.0,0,0,2,False,0,0,0
446,Fredricson,,DEF,14,Man Utd,,5,,,,,0,0,0,0,0,0,0,0,0,0,0,0,0,0,0.0,0.0,0.0,0.0,0.0,0.0,0.0,0.0,0,0,2,False,0,0,0
447,Heaven,,DEF,14,Man Utd,,5,,,,,0,0,0,0,0,0,0,0,0,0,0,0,0,0,0.0,0.0,0.0,0.0,0.0,0.0,0.0,0.0,0,0,2,False,0,0,0
448,Malacia,,DEF,14,Man Utd,,5,,,,,0,0,0,0,0,0,0,0,0,0,0,0,0,0,0.0,0.0,0.0,0.0,0.0,0.0,0.0,0.0,0,0,2,False,0,0,0
449,B.Fernandes,,MID,14,Man Utd,,5,,,,,86,10,1,0,0,1,0,0,0,0,0,0,3,36,42.8,17.8,46.0,10.7,0.82,0.08,0.9,0.32,0,8,3,True,6,1,2
450,Cunha,,MID,14,Man Utd,,5,,,,,26,1,0,0,0,1,0,0,0,0,0,0,0,7,4.2,4.3,2.0,1.1,0.0,0.03,0.03,0.3,1,4,3,False,3,0,0
451,Rashford,,MID,14,Man Utd,,5,,,,,0,0,0,0,0,0,0,0,0,0,0,0,0,0,0.0,0.0,0.0,0.0,0.0,0.0,0.0,0.0,0,0,3,False,0,0,0
452,Amad,,MID,14,Man Utd,,5,,,,,90,2,0,0,0,1,0,0,0,0,0,0,0,8,9.2,7.9,12.0,2.9,0.38,0.05,0.43,0.43,3,11,3,False,6,1,2
453,Garnacho,,MID,7,Chelsea,,5,,,,,0,0,0,0,0,0,0,0,0,0,0,0,0,0,0.0,0.0,0.0,0.0,0.0,0.0,0.0,0.0,0,0,3,False,0,0,0
454,Antony,,MID,14,Man Utd,,5,,,,,0,0,0,0,0,0,0,0,0,0,0,0,0,0,0.0,0.0,0.0,0.0,0.0,0.0,0.0,0.0,0,0,3,False,0,0,0
455,Mount,,MID,14,Man Utd,,5,,,,,21,1,0,0,0,1,0,0,0,0,0,0,0,3,0.6,0.1,0.0,0.1,0.0,0.0,0.0,0.3,0,1,3,False,1,0,0
456,Sancho,,MID,2,Aston Villa,,5,,,,,8,1,0,0,0,0,0,0,0,0,0,0,0,2,0.8,2.8,7.0,1.1,0.02,0.04,0.06,0.0,0,0,3,False,0,0,0
457,Casemiro,,MID,14,Man Utd,,5,,,,,49,3,1,0,0,1,0,0,0,0,1,0,0,16,29.8,12.3,35.0,7.7,0.35,0.01,0.36,0.03,0,3,3,False,3,1,0
458,Mainoo,,MID,14,Man Utd,,5,,,,,3,1,0,0,0,0,0,0,0,0,0,0,0,3,1.0,0.3,0.0,0.1,0.0,0.0,0.0,0.1,1,1,3,False,0,0,0
459,Ugarte,,MID,14,Man Utd,,5,,,,,45,1,0,0,0,1,0,0,0,0,0,0,0,8,12.0,0.5,0.0,1.3,0.0,0.0,0.0,0.34,3,7,3,False,1,0,3
460,Collyer,,MID,14,Man Utd,,5,,,,,0,0,0,0,0,0,0,0,0,0,0,0,0,0,0.0,0.0,0.0,0.0,0.0,0.0,0.0,0.0,0,0,3,False,0,0,0
461,Fitzgerald,,MID,14,Man Utd,,5,,,,,0,0,0,0,0,0,0,0,0,0,0,0,0,0,0.0,0.0,0.0,0.0,0.0,0.0,0.0,0.0,0,0,3,False,0,0,0
462,J.Fletcher,,MID,14,Man Utd,,5,,,,,0,0,0,0,0,0,0,0,0,0,0,0,0,0,0.0,0.0,0.0,0.0,0.0,0.0,0.0,0.0,0,0,3,False,0,0,0
463,Kone,,MID,14,Man Utd,,5,,,,,0,0,0,0,0,0,0,0,0,0,0,0,0,0,0.0,0.0,0.0,0.0,0.0,0.0,0.0,0.0,0,0,3,False,0,0,0
464,Moorhouse,,MID,14,Man Utd,,5,,,,,0,0,0,0,0,0,0,0,0,0,0,0,0,0,0.0,0.0,0.0,0.0,0.0,0.0,0.0,0.0,0,0,3,False,0,0,0
465,Højlund,,FWD,14,Man Utd,,5,,,,,0,0,0,0,0,0,0,0,0,0,0,0,0,0,0.0,0.0,0.0,0.0,0.0,0.0,0.0,0.0,0,0,4,False,0,0,0
466,Zirkzee,,FWD,14,Man Utd,,5,,,,,0,0,0,0,0,0,0,0,0,0,0,0,0,0,0.0,0.0,0.0,0.0,0.0,0.0,0.0,0.0,0,0,4,False,0,0,0
467,Obi,,FWD,14,Man Utd,,5,,,,,0,0,0,0,0,0,0,0,0,0,0,0,0,0,0.0,0.0,0.0,0.0,0.0,0.0,0.0,0.0,0,0,4,False,0,0,0
468,Wheatley,,FWD,14,Man Utd,,5,,,,,0,0,0,0,0,0,0,0,0,0,0,0,0,0,0.0,0.0,0.0,0.0,0.0,0.0,0.0,0.0,0,0,4,False,0,0,0
469,Pope,,GK,15,Newcastle,,5,,,,,90,6,0,0,1,0,0,0,0,0,0,2,0,26,14.8,0.0,0.0,1.5,0.0,0.0,0.0,0.56,1,0,1,True,11,1,0
470,Dúbravka,,GK,3,Burnley,,5,,,,,90,4,0,0,0,1,0,0,0,0,0,7,0,24,49.6,0.0,0.0,5.0,0.0,0.0,0.0,1.1,1,0,1,False,11,1,0
471,Gillespie,,GK,15,Newcastle,,5,,,,,0,0,0,0,0,0,0,0,0,0,0,0,0,0,0.0,0.0,0.0,0.0,0.0,0.0,0.0,0.0,0,0,1,False,0,0,0
472,Odysseas,,GK,15,Newcastle,,5,,,,,0,0,0,0,0,0,0,0,0,0,0,0,0,0,0.0,0.0,0.0,0.0,0.0,0.0,0.0,0.0,0,0,1,False,0,0,0
473,Hall,,DEF,15,Newcastle,,5,,,,,90,7,0,0,1,0,0,0,0,0,0,0,1,27,18.4,2.6,4.0,2.5,0.0,0.05,0.05,0.56,1,5,2,False,7,1,4
474,Schär,,DEF,15,Newcastle,,5,,,,,0,0,0,0,0,0,0,0,0,0,0,0,0,0,0.0,0.0,0.0,0.0,0.0,0.0,0.0,0.0,0,0,2,False,0,0,0
475,Botman,,DEF,15,Newcastle,,5,,,,,90,8,0,0,1,0,0,0,0,0,0,0,2,28,24.8,0.3,0.0,2.5,0.0,0.0,0.0,0.56,9,9,2,False,7,1,0
476,Burn,,DEF,15,Newcastle,,5,,,,,90,9,0,0,1,0,0,0,0,0,0,0,1,27,33.0,1.2,2.0,3.6,0.0,0.03,0.03,0.56,13,15,2,False,5,1,2
477,Livramento,,DEF,15,Newcastle,,5,,,,,90,6,0,0,1,0,0,0,0,0,0,0,0,26,12.6,4.8,2.0,1.9,0.0,0.02,0.02,0.56,3,5,2,False,3,1,2
478,Trippier,,DEF,15,Newcastle,,5,,,,,0,0,0,0,0,0,0,0,0,0,0,0,0,0,0.0,0.0,0.0,0.0,0.0,0.0,0.0,0.0,0,0,2,False,0,0,0
479,Krafth,,DEF,15,Newcastle,,5,,,,,0,0,0,0,0,0,0,0,0,0,0,0,0,0,0.0,0.0,0.0,0.0,0.0,0.0,0.0,0.0,0,0,2,False,0,0,0
480,Lascelles,,DEF,15,Newcastle,,5,,,,,6,1,0,0,0,0,0,0,0,0,0,0,0,4,3.0,0.0,0.0,0.3,0.0,0.0,0.0,0.13,2,2,2,False,0,0,0
481,A.Murphy,,DEF,15,Newcastle,,5,,,,,0,0,0,0,0,0,0,0,0,0,0,0,0,0,0.0,0.0,0.0,0.0,0.0,0.0,0.0,0.0,0,0,2,False,0,0,0
482,Ashby,,DEF,15,Newcastle,,5,,,,,0,0,0,0,0,0,0,0,0,0,0,0,0,0,0.0,0.0,0.0,0.0,0.0,0.0,0.0,0.0,0,0,2,False,0,0,0
483,Pivas,,DEF,15,Newcastle,,5,,,,,0,0,0,0,0,0,0,0,0,0,0,0,0,0,0.0,0.0,0.0,0.0,0.0,0.0,0.0,0.0,0,0,2,False,0,0,0
484,Targett,,DEF,15,Newcastle,,5,,,,,0,0,0,0,0,0,0,0,0,0,0,0,0,0,0.0,0.0,0.0,0.0,0.0,0.0,0.0,0.0,0,0,2,False,0,0,0
485,Gordon,,MID,15,Newcastle,,5,,,,,0,0,0,0,0,0,0,0,0,0,0,0,0,0,0.0,0.0,0.0,0.0,0.0,0.0,0.0,0.0,0,0,3,False,0,0,0
486,Elanga,,MID,15,Newcastle,,5,,,,,28,1,0,0,0,0,0,0,0,0,0,0,0,5,3.4,0.7,2.0,0.6,0.0,0.0,0.0,0.13,2,3,3,False,1,0,0
487,Barnes,,MID,15,Newcastle,,5,,,,,28,1,0,0,0,0,0,0,0,0,0,0,0,1,0.0,0.8,4.0,0.3,0.0,0.0,0.0,0.13,0,2,3,False,2,0,0
488,Bruno G.,,MID,15,Newcastle,,5,,,,,0,0,0,0,0,0,0,0,0,0,0,0,0,0,0.0,0.0,0.0,0.0,0.0,0.0,0.0,0.0,0,0,3,False,0,0,0
489,J.Murphy,,MID,15,Newcastle,,5,,,,,61,3,0,0,1,0,0,0,0,0,0,0,0,8,6.4,6.8,24.0,3.7,0.08,0.05,0.13,0.43,1,2,3,False,1,1,0
490,Joelinton,,MID,15,Newcastle,,5,,,,,0,0,0,0,0,0,0,0,0,0,0,0,0,0,0.0,0.0,0.0,0.0,0.0,0.0,0.0,0.0,0,0,3,False,0,0,0
491,Tonali,,MID,15,Newcastle,,5,,,,,90,3,0,0,1,0,0,0,0,0,0,0,0,19,17.2,32.6,5.0,5.5,0.06,0.17,0.23,0.56,0,8,3,False,5,1,3
492,Antoñito C.,,MID,15,Newcastle,,5,,,,,0,0,0,0,0,0,0,0,0,0,0,0,0,0,0.0,0.0,0.0,0.0,0.0,0.0,0.0,0.0,0,0,3,False,0,0,0
493,Longstaff,,MID,11,Leeds,,5,,,,,82,2,0,0,0,1,0,0,0,0,0,0,0,16,21.2,3.8,7.0,3.2,0.07,0.0,0.07,1.51,2,11,3,False,3,1,6
494,Willock,,MID,15,Newcastle,,5,,,,,61,3,0,0,1,0,0,0,0,0,0,0,0,15,10.6,1.9,2.0,1.5,0.0,0.01,0.01,0.43,1,9,3,False,4,1,4
495,Hayden,,MID,15,Newcastle,,5,,,,,0,0,0,0,0,0,0,0,0,0,0,0,0,0,0.0,0.0,0.0,0.0,0.0,0.0,0.0,0.0,0,0,3,False,0,0,0
496,Kuol,,MID,15,Newcastle,,5,,,,,0,0,0,0,0,0,0,0,0,0,0,0,0,0,0.0,0.0,0.0,0.0,0.0,0.0,0.0,0.0,0,0,3,False,0,0,0
497,L.Miley,,MID,15,Newcastle,,5,,,,,90,3,0,0,1,0,0,0,0,0,0,0,0,14,12.2,13.4,2.0,2.8,0.0,0.02,0.02,0.56,2,9,3,False,5,1,2
498,White,,MID,15,Newcastle,,5,,,,,0,0,0,0,0,0,0,0,0,0,0,0,0,0,0.0,0.0,0.0,0.0,0.0,0.0,0.0,0.0,0,0,3,False,0,0,0
499,Isak,,FWD,12,Liverpool,,5,,,,,23,1,0,0,0,0,0,0,0,0,0,0,0,5,2.4,0.3,4.0,0.7,0.0,0.01,0.01,0.04,0,3,4,False,2,0,1
500,Osula,,FWD,15,Newcastle,,5,,,,,6,1,0,0,0,0,0,0,0,0,0,0,0,3,0.0,0.0,0.0,0.0,0.0,0.0,0.0,0.13,0,0,4,False,0,0,0
501,Neave,,FWD,15,Newcastle,,5,,,,,0,0,0,0,0,0,0,0,0,0,0,0,0,0,0.0,0.0,0.0,0.0,0.0,0.0,0.0,0.0,0,0,4,False,0,0,0
502,Sels,,GK,16,Nott'm Forest,,5,,,,,90,3,0,0,0,1,0,0,0,0,0,4,0,14,29.4,0.0,0.0,2.9,0.0,0.0,0.0,0.85,2,0,1,False,3,1,0
503,C.Miguel,,GK,16,Nott'm Forest,,5,,,,,0,0,0,0,0,0,0,0,0,0,0,0,0,0,0.0,0.0,0.0,0.0,0.0,0.0,0.0,0.0,0,0,1,False,0,0,0
504,Turner,,GK,16,Nott'm Forest,,5,,,,,0,0,0,0,0,0,0,0,0,0,0,0,0,0,0.0,0.0,0.0,0.0,0.0,0.0,0.0,0.0,0,0,1,False,0,0,0
505,Milenković,,DEF,16,Nott'm Forest,,5,,,,,90,2,0,0,0,1,0,0,0,0,0,0,0,16,18.4,13.3,0.0,3.2,0.0,0.11,0.11,0.85,8,8,2,False,2,1,0
506,Murillo,,DEF,16,Nott'm Forest,,5,,,,,0,0,0,0,0,0,0,0,0,0,0,0,0,0,0.0,0.0,0.0,0.0,0.0,0.0,0.0,0.0,0,0,2,False,0,0,0
507,Aina,,DEF,16,Nott'm Forest,,5,,,,,0,0,0,0,0,0,0,0,0,0,0,0,0,0,0.0,0.0,0.0,0.0,0.0,0.0,0.0,0.0,0,0,2,False,0,0,0
508,N.Williams,,DEF,16,Nott'm Forest,,5,,,,,90,10,1,0,0,1,0,0,0,0,0,0,2,28,49.4,8.3,37.0,9.5,0.15,0.01,0.16,0.85,5,7,2,True,4,1,2
509,David Carmo,,DEF,16,Nott'm Forest,,5,,,,,0,0,0,0,0,0,0,0,0,0,0,0,0,0,0.0,0.0,0.0,0.0,0.0,0.0,0.0,0.0,0,0,2,False,0,0,0
510,Jair Cunha,,DEF,16,Nott'm Forest,,5,,,,,0,0,0,0,0,0,0,0,0,0,0,0,0,0,0.0,0.0,0.0,0.0,0.0,0.0,0.0,0.0,0,0,2,False,0,0,0
511,Morato,,DEF,16,Nott'm Forest,,5,,,,,90,1,0,0,0,1,0,0,0,1,0,0,0,6,16.0,1.9,0.0,1.8,0.0,0.01,0.01,0.85,4,7,2,False,5,1,3
512,O.Richards,,DEF,16,Nott'm Forest,,5,,,,,0,0,0,0,0,0,0,0,0,0,0,0,0,0,0.0,0.0,0.0,0.0,0.0,0.0,0.0,0.0,0,0,2,False,0,0,0
513,Abbott,,DEF,16,Nott'm Forest,,5,,,,,0,0,0,0,0,0,0,0,0,0,0,0,0,0,0.0,0.0,0.0,0.0,0.0,0.0,0.0,0.0,0,0,2,False,0,0,0
514,Boly,,DEF,16,Nott'm Forest,,5,,,,,0,0,0,0,0,0,0,0,0,0,0,0,0,0,0.0,0.0,0.0,0.0,0.0,0.0,0.0,0.0,0,0,2,False,0,0,0
515,Gibbs-White,,MID,16,Nott'm Forest,,5,,,,,90,2,0,0,0,1,0,0,0,0,0,0,0,16,15.0,28.7,25.0,6.9,0.08,0.05,0.13,0.85,3,6,3,False,3,1,0
516,Hudson-Odoi,,MID,16,Nott'm Forest,,5,,,,,31,1,0,0,0,0,0,0,0,0,0,0,0,2,3.8,23.5,2.0,2.9,0.01,0.03,0.04,0.34,0,0,3,False,0,0,0
517,Anderson,,MID,16,Nott'm Forest,,5,,,,,90,4,0,0,0,1,0,0,0,0,0,0,0,24,28.0,36.5,9.0,7.4,0.04,0.25,0.29,0.85,5,15,3,False,9,1,1
518,Jota,,MID,16,Nott'm Forest,,5,,,,,0,0,0,0,0,0,0,0,0,0,0,0,0,0,0.0,0.0,0.0,0.0,0.0,0.0,0.0,0.0,0,0,3,False,0,0,0
519,Dominguez,,MID,16,Nott'm Forest,,5,,,,,0,0,0,0,0,0,0,0,0,0,0,0,0,0,0.0,0.0,0.0,0.0,0.0,0.0,0.0,0.0,0,0,3,False,0,0,0
520,O'Brien,,MID,16,Nott'm Forest,,5,,,,,0,0,0,0,0,0,0,0,0,0,0,0,0,0,0.0,0.0,0.0,0.0,0.0,0.0,0.0,0.0,0,0,3,False,0,0,0
521,Sangaré,,MID,16,Nott'm Forest,,5,,,,,14,1,0,0,0,0,0,0,0,0,0,0,0,2,7.0,1.7,0.0,0.9,0.0,0.01,0.01,0.17,1,2,3,False,1,0,0
522,Yates,,MID,16,Nott'm Forest,,5,,,,,0,0,0,0,0,0,0,0,0,0,0,0,0,0,0.0,0.0,0.0,0.0,0.0,0.0,0.0,0.0,0,0,3,False,0,0,0
523,Da Silva Moreira,,MID,16,Nott'm Forest,,5,,,,,0,0,0,0,0,0,0,0,0,0,0,0,0,0,0.0,0.0,0.0,0.0,0.0,0.0,0.0,0.0,0,0,3,False,0,0,0
524,Stamenic,,MID,16,Nott'm Forest,,5,,,,,0,0,0,0,0,0,0,0,0,0,0,0,0,0,0.0,0.0,0.0,0.0,0.0,0.0,0.0,0.0,0,0,3,False,0,0,0
525,Wood,,FWD,16,Nott'm Forest,,5,,,,,74,2,0,0,0,1,0,0,0,0,0,0,0,7,5.0,17.5,24.0,4.7,0.41,0.0,0.41,0.68,2,4,4,False,2,1,0
526,Igor Jesus,,FWD,16,Nott'm Forest,,5,,,,,15,1,0,0,0,0,0,0,0,0,0,0,0,6,5.2,10.6,17.0,3.3,0.04,0.03,0.07,0.17,0,0,4,False,0,0,0
527,Awoniyi,,FWD,16,Nott'm Forest,,5,,,,,0,0,0,0,0,0,0,0,0,0,0,0,0,0,0.0,0.0,0.0,0.0,0.0,0.0,0.0,0.0,0,0,4,False,0,0,0
528,Patterson,,GK,17,Sunderland,,5,,,,,0,0,0,0,0,0,0,0,0,0,0,0,0,0,0.0,0.0,0.0,0.0,0.0,0.0,0.0,0.0,0,0,1,False,0,0,0
529,Moore,,GK,17,Sunderland,,5,,,,,0,0,0,0,0,0,0,0,0,0,0,0,0,0,0.0,0.0,0.0,0.0,0.0,0.0,0.0,0.0,0,0,1,False,0,0,0
530,Nna Noukeu,,GK,17,Sunderland,,5,,,,,0,0,0,0,0,0,0,0,0,0,0,0,0,0,0.0,0.0,0.0,0.0,0.0,0.0,0.0,0.0,0,0,1,False,0,0,0
531,Ballard,,DEF,17,Sunderland,,5,,,,,53,1,0,0,0,1,0,0,0,0,0,0,0,2,12.6,10.1,1.0,2.4,0.01,0.0,0.01,0.46,5,6,2,False,0,0,1
532,Hume,,DEF,17,Sunderland,,5,,,,,90,4,0,0,0,1,0,0,0,0,0,0,0,13,19.4,14.3,2.0,3.6,0.0,0.04,0.04,0.71,7,10,2,False,2,1,3
533,Alese,,DEF,17,Sunderland,,5,,,,,0,0,0,0,0,0,0,0,0,0,0,0,0,0,0.0,0.0,0.0,0.0,0.0,0.0,0.0,0.0,0,0,2,False,0,0,0
534,Anderson,,DEF,17,Sunderland,,5,,,,,0,0,0,0,0,0,0,0,0,0,0,0,0,0,0.0,0.0,0.0,0.0,0.0,0.0,0.0,0.0,0,0,2,False,0,0,0
535,Cirkin,,DEF,17,Sunderland,,5,,,,,0,0,0,0,0,0,0,0,0,0,0,0,0,0,0.0,0.0,0.0,0.0,0.0,0.0,0.0,0.0,0,0,2,False,0,0,0
536,Hjelde,,DEF,17,Sunderland,,5,,,,,0,0,0,0,0,0,0,0,0,0,0,0,0,0,0.0,0.0,0.0,0.0,0.0,0.0,0.0,0.0,0,0,2,False,0,0,0
537,Huggins,,DEF,17,Sunderland,,5,,,,,0,0,0,0,0,0,0,0,0,0,0,0,0,0,0.0,0.0,0.0,0.0,0.0,0.0,0.0,0.0,0,0,2,False,0,0,0
538,Johnson,,DEF,17,Sunderland,,5,,,,,0,0,0,0,0,0,0,0,0,0,0,0,0,0,0.0,0.0,0.0,0.0,0.0,0.0,0.0,0.0,0,0,2,False,0,0,0
539,O'Nien,,DEF,17,Sunderland,,5,,,,,0,0,0,0,0,0,0,0,0,0,0,0,0,0,0.0,0.0,0.0,0.0,0.0,0.0,0.0,0.0,0,0,2,False,0,0,0
540,Pembele,,DEF,17,Sunderland,,5,,,,,0,0,0,0,0,0,0,0,0,0,0,0,0,0,0.0,0.0,0.0,0.0,0.0,0.0,0.0,0.0,0,0,2,False,0,0,0
541,Reinildo,,DEF,17,Sunderland,,5,,,,,32,-2,0,0,0,1,0,0,0,0,1,0,0,-12,0.0,0.4,0.0,0.0,0.0,0.0,0.0,0.25,1,1,2,False,0,1,0
542,Seelt,,DEF,17,Sunderland,,5,,,,,0,0,0,0,0,0,0,0,0,0,0,0,0,0,0.0,0.0,0.0,0.0,0.0,0.0,0.0,0.0,0,0,2,False,0,0,0
543,Adingra,,MID,17,Sunderland,,5,,,,,0,0,0,0,0,0,0,0,0,0,0,0,0,0,0.0,0.0,0.0,0.0,0.0,0.0,0.0,0.0,0,0,3,False,0,0,0
544,Diarra,,MID,17,Sunderland,,5,,,,,0,0,0,0,0,0,0,0,0,0,0,0,0,0,0.0,0.0,0.0,0.0,0.0,0.0,0.0,0.0,0,0,3,False,0,0,0
545,Roberts,,MID,17,Sunderland,,5,,,,,0,0,0,0,0,0,0,0,0,0,0,0,0,0,0.0,0.0,0.0,0.0,0.0,0.0,0.0,0.0,0,0,3,False,0,0,0
546,Aleksić,,MID,17,Sunderland,,5,,,,,0,0,0,0,0,0,0,0,0,0,0,0,0,0,0.0,0.0,0.0,0.0,0.0,0.0,0.0,0.0,0,0,3,False,0,0,0
547,E.Le Fée,,MID,17,Sunderland,,5,,,,,80,2,0,0,0,1,0,0,0,0,0,0,0,6,9.8,0.4,0.0,1.0,0.0,0.0,0.0,0.46,1,5,3,False,1,1,3
548,Mundle,,MID,17,Sunderland,,5,,,,,0,0,0,0,0,0,0,0,0,0,0,0,0,0,0.0,0.0,0.0,0.0,0.0,0.0,0.0,0.0,0,0,3,False,0,0,0
549,Neil,,MID,17,Sunderland,,5,,,,,1,1,0,0,0,0,0,0,0,0,0,0,0,4,1.0,0.0,0.0,0.1,0.0,0.0,0.0,0.1,1,1,3,False,0,0,0
550,Poveda,,MID,17,Sunderland,,5,,,,,0,0,0,0,0,0,0,0,0,0,0,0,0,0,0.0,0.0,0.0,0.0,0.0,0.0,0.0,0.0,0,0,3,False,0,0,0
551,Rigg,,MID,17,Sunderland,,5,,,,,36,1,0,0,0,0,0,0,0,0,0,0,0,5,1.4,12.1,4.0,1.8,0.06,0.03,0.09,0.25,0,1,3,False,0,1,1
552,Sadiki,,MID,17,Sunderland,,5,,,,,90,1,0,0,0,1,0,0,0,1,0,0,0,7,9.2,12.3,2.0,2.4,0.0,0.0,0.0,0.61,2,5,3,False,2,1,1
553,Talbi,,MID,17,Sunderland,,5,,,,,79,2,0,0,0,1,0,0,0,0,0,0,0,8,2.2,14.8,6.0,2.3,0.07,0.05,0.12,0.46,2,8,3,False,6,1,0
554,Ba,,MID,17,Sunderland,,5,,,,,0,0,0,0,0,0,0,0,0,0,0,0,0,0,0.0,0.0,0.0,0.0,0.0,0.0,0.0,0.0,0,0,3,False,0,0,0
555,Browne,,MID,17,Sunderland,,5,,,,,0,0,0,0,0,0,0,0,0,0,0,0,0,0,0.0,0.0,0.0,0.0,0.0,0.0,0.0,0.0,0,0,3,False,0,0,0
556,Ekwah,,MID,17,Sunderland,,5,,,,,0,0,0,0,0,0,0,0,0,0,0,0,0,0,0.0,0.0,0.0,0.0,0.0,0.0,0.0,0.0,0,0,3,False,0,0,0
557,H.Jones,,MID,17,Sunderland,,5,,,,,0,0,0,0,0,0,0,0,0,0,0,0,0,0,0.0,0.0,0.0,0.0,0.0,0.0,0.0,0.0,0,0,3,False,0,0,0
558,Matete,,MID,17,Sunderland,,5,,,,,0,0,0,0,0,0,0,0,0,0,0,0,0,0,0.0,0.0,0.0,0.0,0.0,0.0,0.0,0.0,0,0,3,False,0,0,0
559,Triantis,,MID,17,Sunderland,,5,,,,,0,0,0,0,0,0,0,0,0,0,0,0,0,0,0.0,0.0,0.0,0.0,0.0,0.0,0.0,0.0,0,0,3,False,0,0,0
560,Isidor,,FWD,17,Sunderland,,5,,,,,79,9,1,0,0,1,0,0,0,0,0,0,3,35,34.0,1.0,45.0,8.0,0.62,0.0,0.62,0.46,0,3,4,True,2,1,1
561,Mayenda,,FWD,17,Sunderland,,5,,,,,10,1,0,0,0,0,0,0,0,0,0,0,0,3,1.2,0.0,0.0,0.1,0.0,0.0,0.0,0.25,0,1,4,False,1,0,0
562,Abdullahi,,FWD,17,Sunderland,,5,,,,,0,0,0,0,0,0,0,0,0,0,0,0,0,0,0.0,0.0,0.0,0.0,0.0,0.0,0.0,0.0,0,0,4,False,0,0,0
563,Luís Hemir,,FWD,17,Sunderland,,5,,,,,0,0,0,0,0,0,0,0,0,0,0,0,0,0,0.0,0.0,0.0,0.0,0.0,0.0,0.0,0.0,0,0,4,False,0,0,0
564,Rusyn,,FWD,17,Sunderland,,5,,,,,0,0,0,0,0,0,0,0,0,0,0,0,0,0,0.0,0.0,0.0,0.0,0.0,0.0,0.0,0.0,0,0,4,False,0,0,0
565,Vicario,,GK,18,Spurs,,5,,,,,90,1,0,0,0,2,0,0,0,0,0,2,0,9,13.0,0.0,0.0,1.3,0.0,0.0,0.0,1.32,1,0,1,False,15,1,0
566,Austin,,GK,18,Spurs,,5,,,,,0,0,0,0,0,0,0,0,0,0,0,0,0,0,0.0,0.0,0.0,0.0,0.0,0.0,0.0,0.0,0,0,1,False,0,0,0
567,Kinsky,,GK,18,Spurs,,5,,,,,0,0,0,0,0,0,0,0,0,0,0,0,0,0,0.0,0.0,0.0,0.0,0.0,0.0,0.0,0.0,0,0,1,False,0,0,0
568,Pedro Porro,,DEF,18,Spurs,,5,,,,,88,1,0,0,0,2,0,0,0,0,0,0,0,9,21.8,27.2,2.0,5.1,0.0,0.06,0.06,1.32,5,7,2,False,3,1,2
569,Romero,,DEF,18,Spurs,,5,,,,,90,2,0,0,0,2,0,0,0,1,0,0,0,11,31.8,2.2,0.0,3.4,0.0,0.02,0.02,1.32,12,18,2,False,4,1,6
570,Danso,,DEF,18,Spurs,,5,,,,,0,0,0,0,0,0,0,0,0,0,0,0,0,0,0.0,0.0,0.0,0.0,0.0,0.0,0.0,0.0,0,0,2,False,0,0,0
571,Davies,,DEF,18,Spurs,,5,,,,,0,0,0,0,0,0,0,0,0,0,0,0,0,0,0.0,0.0,0.0,0.0,0.0,0.0,0.0,0.0,0,0,2,False,0,0,0
572,Dragusin,,DEF,18,Spurs,,5,,,,,0,0,0,0,0,0,0,0,0,0,0,0,0,0,0.0,0.0,0.0,0.0,0.0,0.0,0.0,0.0,0,0,2,False,0,0,0
573,Spence,,DEF,18,Spurs,,5,,,,,1,1,0,0,0,0,0,0,0,0,0,0,0,5,2.4,0.0,0.0,0.2,0.0,0.0,0.0,0.0,0,1,2,False,0,0,1
574,Udogie,,DEF,18,Spurs,,5,,,,,90,1,0,0,0,2,0,0,0,0,0,0,0,5,14.0,15.7,16.0,4.6,0.0,0.08,0.08,1.32,2,3,2,False,10,1,1
575,Van de Ven,,DEF,18,Spurs,,5,,,,,90,1,0,0,0,2,0,0,0,0,0,0,0,4,12.6,2.3,2.0,1.7,0.0,0.01,0.01,1.32,1,3,2,False,3,1,2
576,Phillips,,DEF,18,Spurs,,5,,,,,0,0,0,0,0,0,0,0,0,0,0,0,0,0,0.0,0.0,0.0,0.0,0.0,0.0,0.0,0.0,0,0,2,False,0,0,0
577,Takai,,DEF,18,Spurs,,5,,,,,0,0,0,0,0,0,0,0,0,0,0,0,0,0,0.0,0.0,0.0,0.0,0.0,0.0,0.0,0.0,0,0,2,False,0,0,0
578,Vuskovic,,DEF,18,Spurs,,5,,,,,0,0,0,0,0,0,0,0,0,0,0,0,0,0,0.0,0.0,0.0,0.0,0.0,0.0,0.0,0.0,0,0,2,False,0,0,0
579,Son,,MID,18,Spurs,,5,,,,,0,0,0,0,0,0,0,0,0,0,0,0,0,0,0.0,0.0,0.0,0.0,0.0,0.0,0.0,0.0,0,0,3,False,0,0,0
580,Johnson,,MID,18,Spurs,,5,,,,,18,1,0,0,0,0,0,0,0,0,0,0,0,2,0.2,0.5,2.0,0.3,0.0,0.0,0.0,0.34,0,0,3,False,0,0,0
581,Maddison,,MID,18,Spurs,,5,,,,,0,0,0,0,0,0,0,0,0,0,0,0,0,0,0.0,0.0,0.0,0.0,0.0,0.0,0.0,0.0,0,0,3,False,0,0,0
582,Kudus,,MID,18,Spurs,,5,,,,,90,7,0,2,0,2,0,0,0,1,0,0,0,21,25.0,33.8,20.0,7.9,0.11,0.16,0.27,1.32,0,7,3,False,5,1,2
583,Kulusevski,,MID,18,Spurs,,5,,,,,0,0,0,0,0,0,0,0,0,0,0,0,0,0,0.0,0.0,0.0,0.0,0.0,0.0,0.0,0.0,0,0,3,False,0,0,0
584,Tel,,MID,18,Spurs,,5,,,,,0,0,0,0,0,0,0,0,0,0,0,0,0,0,0.0,0.0,0.0,0.0,0.0,0.0,0.0,0.0,0,0,3,False,0,0,0
585,Bentancur,,MID,18,Spurs,,5,,,,,60,2,0,0,0,2,0,0,0,0,0,0,0,15,10.0,27.3,8.0,4.5,0.0,0.31,0.31,0.9,1,7,3,False,5,1,1
586,Bergvall,,MID,18,Spurs,,5,,,,,88,4,0,0,0,2,0,0,0,0,0,0,0,9,7.6,4.8,4.0,1.6,0.0,0.01,0.01,1.32,2,13,3,False,8,1,3
587,Bissouma,,MID,18,Spurs,,5,,,,,0,0,0,0,0,0,0,0,0,0,0,0,0,0,0.0,0.0,0.0,0.0,0.0,0.0,0.0,0.0,0,0,3,False,0,0,0
588,Odobert,,MID,18,Spurs,,5,,,,,71,2,0,0,0,2,0,0,0,0,0,0,0,5,0.0,7.8,12.0,1.8,0.11,0.1,0.21,0.98,0,4,3,False,4,1,0
589,Solomon,,MID,18,Spurs,,5,,,,,0,0,0,0,0,0,0,0,0,0,0,0,0,0,0.0,0.0,0.0,0.0,0.0,0.0,0.0,0.0,0,0,3,False,0,0,0
590,Bryan,,MID,18,Spurs,,5,,,,,0,0,0,0,0,0,0,0,0,0,0,0,0,0,0.0,0.0,0.0,0.0,0.0,0.0,0.0,0.0,0,0,3,False,0,0,0
591,Gray,,MID,18,Spurs,,5,,,,,1,1,0,0,0,0,0,0,0,0,0,0,0,4,2.4,10.2,0.0,1.3,0.0,0.0,0.0,0.0,0,0,3,False,0,0,0
592,Moore,,MID,18,Spurs,,5,,,,,0,0,0,0,0,0,0,0,0,0,0,0,0,0,0.0,0.0,0.0,0.0,0.0,0.0,0.0,0.0,0,0,3,False,0,0,0
593,P.M.Sarr,,MID,18,Spurs,,5,,,,,0,0,0,0,0,0,0,0,0,0,0,0,0,0,0.0,0.0,0.0,0.0,0.0,0.0,0.0,0.0,0,0,3,False,0,0,0
594,Min-hyeok,,MID,18,Spurs,,5,,,,,0,0,0,0,0,0,0,0,0,0,0,0,0,0,0.0,0.0,0.0,0.0,0.0,0.0,0.0,0.0,0,0,3,False,0,0,0
595,Olusesi,,MID,18,Spurs,,5,,,,,0,0,0,0,0,0,0,0,0,0,0,0,0,0,0.0,0.0,0.0,0.0,0.0,0.0,0.0,0.0,0,0,3,False,0,0,0
596,Solanke,,FWD,18,Spurs,,5,,,,,0,0,0,0,0,0,0,0,0,0,0,0,0,0,0.0,0.0,0.0,0.0,0.0,0.0,0.0,0.0,0,0,4,False,0,0,0
597,Richarlison,,FWD,18,Spurs,,5,,,,,90,9,1,0,0,2,0,0,0,0,0,0,3,35,36.6,14.9,75.0,12.7,0.76,0.05,0.81,1.32,0,3,4,False,2,1,1
598,Lankshear,,FWD,18,Spurs,,5,,,,,0,0,0,0,0,0,0,0,0,0,0,0,0,0,0.0,0.0,0.0,0.0,0.0,0.0,0.0,0.0,0,0,4,False,0,0,0
599,Scarlett,,FWD,18,Spurs,,5,,,,,0,0,0,0,0,0,0,0,0,0,0,0,0,0,0.0,0.0,0.0,0.0,0.0,0.0,0.0,0.0,0,0,4,False,0,0,0
600,Areola,,GK,19,West Ham,,5,,,,,90,1,0,0,0,2,0,0,0,0,0,1,0,4,13.2,0.0,0.0,1.3,0.0,0.0,0.0,2.31,2,0,1,False,7,1,0
601,Foderingham,,GK,19,West Ham,,5,,,,,0,0,0,0,0,0,0,0,0,0,0,0,0,0,0.0,0.0,0.0,0.0,0.0,0.0,0.0,0.0,0,0,1,False,0,0,0
602,Hegyi,,GK,19,West Ham,,5,,,,,0,0,0,0,0,0,0,0,0,0,0,0,0,0,0.0,0.0,0.0,0.0,0.0,0.0,0.0,0.0,0,0,1,False,0,0,0
603,Diouf,,DEF,19,West Ham,,5,,,,,90,3,0,1,0,2,0,0,0,1,0,0,0,14,32.2,38.6,6.0,7.7,0.0,0.41,0.41,2.31,5,6,2,False,7,1,1
604,Emerson,,DEF,19,West Ham,,5,,,,,0,0,0,0,0,0,0,0,0,0,0,0,0,0,0.0,0.0,0.0,0.0,0.0,0.0,0.0,0.0,0,0,2,False,0,0,0
605,Kilman,,DEF,19,West Ham,,5,,,,,90,2,0,0,0,2,0,0,0,1,0,0,0,8,30.2,1.1,0.0,3.1,0.0,0.0,0.0,2.31,9,11,2,False,6,1,2
606,Mavropanos,,DEF,19,West Ham,,5,,,,,90,3,0,0,0,2,0,0,0,0,0,0,0,11,31.6,0.6,35.0,6.7,0.22,0.01,0.23,2.31,10,11,2,False,5,1,1
607,N.Aguerd,,DEF,19,West Ham,,5,,,,,0,0,0,0,0,0,0,0,0,0,0,0,0,0,0.0,0.0,0.0,0.0,0.0,0.0,0.0,0.0,0,0,2,False,0,0,0
608,Scarles,,DEF,19,West Ham,,5,,,,,0,0,0,0,0,0,0,0,0,0,0,0,0,0,0.0,0.0,0.0,0.0,0.0,0.0,0.0,0.0,0,0,2,False,0,0,0
609,Todibo,,DEF,19,West Ham,,5,,,,,0,0,0,0,0,0,0,0,0,0,0,0,0,0,0.0,0.0,0.0,0.0,0.0,0.0,0.0,0.0,0,0,2,False,0,0,0
610,Wan-Bissaka,,DEF,19,West Ham,,5,,,,,0,0,0,0,0,0,0,0,0,0,0,0,0,0,0.0,0.0,0.0,0.0,0.0,0.0,0.0,0.0,0,0,2,False,0,0,0
611,Casey,,DEF,19,West Ham,,5,,,,,0,0,0,0,0,0,0,0,0,0,0,0,0,0,0.0,0.0,0.0,0.0,0.0,0.0,0.0,0.0,0,0,2,False,0,0,0
612,L.Paquetá,,MID,19,West Ham,,5,,,,,90,1,0,0,0,2,0,0,0,1,0,0,0,6,11.2,34.4,13.0,5.9,0.03,0.08,0.11,2.31,0,7,3,False,5,1,2
613,Souček,,MID,19,West Ham,,5,,,,,0,0,0,0,0,0,0,0,0,0,0,0,0,0,0.0,0.0,0.0,0.0,0.0,0.0,0.0,0.0,0,0,3,False,0,0,0
614,Ward-Prowse,,MID,19,West Ham,,5,,,,,90,2,0,0,0,2,0,0,0,0,0,0,0,15,10.2,26.6,2.0,3.9,0.02,0.23,0.25,2.31,2,4,3,False,1,1,1
615,Summerville,,MID,19,West Ham,,5,,,,,77,2,0,0,0,2,0,0,0,0,0,0,0,3,1.0,12.2,6.0,1.9,0.0,0.2,0.2,2.18,0,3,3,False,3,1,0
616,Álvarez,,MID,19,West Ham,,5,,,,,0,0,0,0,0,0,0,0,0,0,0,0,0,0,0.0,0.0,0.0,0.0,0.0,0.0,0.0,0.0,0,0,3,False,0,0,0
617,Cornet,,MID,19,West Ham,,5,,,,,0,0,0,0,0,0,0,0,0,0,0,0,0,0,0.0,0.0,0.0,0.0,0.0,0.0,0.0,0.0,0,0,3,False,0,0,0
618,G.Rodriguez,,MID,19,West Ham,,5,,,,,0,0,0,0,0,0,0,0,0,0,0,0,0,0,0.0,0.0,0.0,0.0,0.0,0.0,0.0,0.0,0,0,3,False,0,0,0
619,L.Guilherme,,MID,19,West Ham,,5,,,,,12,1,0,0,0,0,0,0,0,0,0,0,0,1,0.0,0.0,4.0,0.2,0.07,0.0,0.07,0.14,0,0,3,False,0,0,0
620,Earthy,,MID,19,West Ham,,5,,,,,0,0,0,0,0,0,0,0,0,0,0,0,0,0,0.0,0.0,0.0,0.0,0.0,0.0,0.0,0.0,0,0,3,False,0,0,0
621,Irving,,MID,19,West Ham,,5,,,,,0,0,0,0,0,0,0,0,0,0,0,0,0,0,0.0,0.0,0.0,0.0,0.0,0.0,0.0,0.0,0,0,3,False,0,0,0
622,Orford,,MID,19,West Ham,,5,,,,,0,0,0,0,0,0,0,0,0,0,0,0,0,0,0.0,0.0,0.0,0.0,0.0,0.0,0.0,0.0,0,0,3,False,0,0,0
623,Potts,,MID,19,West Ham,,5,,,,,0,0,0,0,0,0,0,0,0,0,0,0,0,0,0.0,0.0,0.0,0.0,0.0,0.0,0.0,0.0,0,0,3,False,0,0,0
624,Bowen,,FWD,19,West Ham,,5,,,,,90,9,1,0,0,2,0,0,0,0,0,0,3,31,40.8,20.4,23.0,8.4,0.24,0.23,0.47,2.31,1,3,4,False,1,1,1
625,Füllkrug,,FWD,19,West Ham,,5,,,,,31,1,0,0,0,1,0,0,0,0,0,0,0,1,0.0,10.6,2.0,1.2,0.0,0.03,0.03,0.55,0,0,4,False,0,0,0
626,Marshall,,FWD,19,West Ham,,5,,,,,0,0,0,0,0,0,0,0,0,0,0,0,0,0,0.0,0.0,0.0,0.0,0.0,0.0,0.0,0.0,0,0,4,False,0,0,0
627,Johnstone,,GK,20,Wolves,,5,,,,,0,0,0,0,0,0,0,0,0,0,0,0,0,0,0.0,0.0,0.0,0.0,0.0,0.0,0.0,0.0,0,0,1,False,0,0,0
628,José Sá,,GK,20,Wolves,,5,,,,,90,1,0,0,0,3,0,0,0,0,0,1,0,0,7.8,0.0,0.0,0.8,0.0,0.0,0.0,0.48,0,0,1,False,7,1,0
629,Bentley,,GK,20,Wolves,,5,,,,,0,0,0,0,0,0,0,0,0,0,0,0,0,0,0.0,0.0,0.0,0.0,0.0,0.0,0.0,0.0,0,0,1,False,0,0,0
630,King,,GK,9,Everton,,5,,,,,0,0,0,0,0,0,0,0,0,0,0,0,0,0,0.0,0.0,0.0,0.0,0.0,0.0,0.0,0.0,0,0,1,False,0,0,0
631,Agbadou,,DEF,20,Wolves,,5,,,,,90,3,0,0,0,3,0,0,0,0,0,0,0,16,35.0,21.9,30.0,8.7,0.13,0.11,0.24,0.48,4,11,2,False,9,1,7
632,Doherty,,DEF,20,Wolves,,5,,,,,0,0,0,0,0,0,0,0,0,0,0,0,0,0,0.0,0.0,0.0,0.0,0.0,0.0,0.0,0.0,0,0,2,False,0,0,0
633,H.Bueno,,DEF,20,Wolves,,5,,,,,45,1,0,0,0,0,0,0,0,0,0,0,0,12,20.0,52.5,0.0,7.3,0.0,0.27,0.27,0.07,0,1,2,False,3,0,1
634,Mosquera,,DEF,20,Wolves,,5,,,,,71,1,0,0,0,3,0,0,0,0,0,0,0,5,7.4,0.3,21.0,2.9,0.05,0.0,0.05,0.48,1,3,2,False,7,1,2
635,R.Gomes,,DEF,20,Wolves,,5,,,,,45,0,0,0,0,3,0,0,0,0,0,0,0,-4,7.2,16.3,6.0,3.0,0.03,0.13,0.16,0.42,1,3,2,False,0,1,2
636,S.Bueno,,DEF,20,Wolves,,5,,,,,0,0,0,0,0,0,0,0,0,0,0,0,0,0,0.0,0.0,0.0,0.0,0.0,0.0,0.0,0.0,0,0,2,False,0,0,0
637,Toti,,DEF,20,Wolves,,5,,,,,71,1,0,0,0,3,0,0,0,0,0,0,0,5,9.2,1.3,0.0,1.1,0.0,0.01,0.01,0.48,2,2,2,False,2,1,0
638,Hoever,,DEF,20,Wolves,,5,,,,,0,0,0,0,0,0,0,0,0,0,0,0,0,0,0.0,0.0,0.0,0.0,0.0,0.0,0.0,0.0,0,0,2,False,0,0,0
639,Meupiyou,,DEF,20,Wolves,,5,,,,,0,0,0,0,0,0,0,0,0,0,0,0,0,0,0.0,0.0,0.0,0.0,0.0,0.0,0.0,0.0,0,0,2,False,0,0,0
640,Pedro Lima,,DEF,20,Wolves,,5,,,,,0,0,0,0,0,0,0,0,0,0,0,0,0,0,0.0,0.0,0.0,0.0,0.0,0.0,0.0,0.0,0,0,2,False,0,0,0
641,Pond,,DEF,20,Wolves,,5,,,,,0,0,0,0,0,0,0,0,0,0,0,0,0,0,0.0,0.0,0.0,0.0,0.0,0.0,0.0,0.0,0,0,2,False,0,0,0
642,Hee Chan,,MID,20,Wolves,,5,,,,,0,0,0,0,0,0,0,0,0,0,0,0,0,0,0.0,0.0,0.0,0.0,0.0,0.0,0.0,0.0,0,0,3,False,0,0,0
643,André,,MID,20,Wolves,,5,,,,,18,1,0,0,0,0,0,0,0,0,0,0,0,9,4.6,4.9,2.0,1.2,0.02,0.02,0.04,0.0,1,3,3,False,2,0,0
644,Bellegarde,,MID,20,Wolves,,5,,,,,45,1,0,0,0,3,0,0,0,0,0,0,0,3,3.8,11.3,2.0,1.7,0.0,0.04,0.04,0.42,0,2,3,False,2,1,0
645,Fer López,,MID,20,Wolves,,5,,,,,45,3,0,1,0,3,0,0,0,1,0,0,0,13,20.0,28.8,2.0,5.1,0.0,0.4,0.4,0.42,0,3,3,False,2,1,1
646,Gomes,,MID,20,Wolves,,5,,,,,90,4,0,0,0,3,0,0,0,0,0,0,0,18,19.6,12.9,12.0,4.5,0.23,0.11,0.34,0.48,4,14,3,False,6,1,4
647,Guedes,,MID,20,Wolves,,5,,,,,0,0,0,0,0,0,0,0,0,0,0,0,0,0,0.0,0.0,0.0,0.0,0.0,0.0,0.0,0.0,0,0,3,False,0,0,0
648,Munetsi,,MID,20,Wolves,,5,,,,,45,1,0,0,0,0,0,0,0,0,0,0,0,4,4.0,1.9,33.0,3.9,0.38,0.0,0.38,0.07,0,2,3,False,1,0,1
649,B.Traore,,MID,20,Wolves,,5,,,,,0,0,0,0,0,0,0,0,0,0,0,0,0,0,0.0,0.0,0.0,0.0,0.0,0.0,0.0,0.0,0,0,3,False,0,0,0
650,Chirewa,,MID,20,Wolves,,5,,,,,0,0,0,0,0,0,0,0,0,0,0,0,0,0,0.0,0.0,0.0,0.0,0.0,0.0,0.0,0.0,0,0,3,False,0,0,0
651,Edozie,,MID,20,Wolves,,5,,,,,0,0,0,0,0,0,0,0,0,0,0,0,0,0,0.0,0.0,0.0,0.0,0.0,0.0,0.0,0.0,0,0,3,False,0,0,0
652,Gonzalez,,MID,20,Wolves,,5,,,,,0,0,0,0,0,0,0,0,0,0,0,0,0,0,0.0,0.0,0.0,0.0,0.0,0.0,0.0,0.0,0,0,3,False,0,0,0
653,Hodge,,MID,20,Wolves,,5,,,,,0,0,0,0,0,0,0,0,0,0,0,0,0,0,0.0,0.0,0.0,0.0,0.0,0.0,0.0,0.0,0,0,3,False,0,0,0
654,Strand Larsen,,FWD,20,Wolves,,5,,,,,45,1,0,0,0,0,0,0,0,0,0,0,0,2,0.0,1.6,10.0,0.9,0.04,0.12,0.16,0.07,0,1,4,False,1,0,0
655,Fábio Silva,,FWD,20,Wolves,,5,,,,,0,0,0,0,0,0,0,0,0,0,0,0,0,0,0.0,0.0,0.0,0.0,0.0,0.0,0.0,0.0,0,0,4,False,0,0,0
656,Kalajdžić,,FWD,20,Wolves,,5,,,,,0,0,0,0,0,0,0,0,0,0,0,0,0,0,0.0,0.0,0.0,0.0,0.0,0.0,0.0,0.0,0,0,4,False,0,0,0
657,Chiwome,,FWD,20,Wolves,,5,,,,,0,0,0,0,0,0,0,0,0,0,0,0,0,0,0.0,0.0,0.0,0.0,0.0,0.0,0.0,0.0,0,0,4,False,0,0,0
658,Fraser,,FWD,20,Wolves,,5,,,,,0,0,0,0,0,0,0,0,0,0,0,0,0,0,0.0,0.0,0.0,0.0,0.0,0.0,0.0,0.0,0,0,4,False,0,0,0
659,Walker-Peters,,DEF,19,West Ham,,5,,,,,90,1,0,0,0,2,0,0,0,0,0,0,0,13,17.4,6.4,26.0,5.0,0.1,0.02,0.12,2.31,2,3,2,False,4,1,1
660,Stach,,MID,11,Leeds,,5,,,,,90,15,1,1,0,1,0,0,0,0,0,0,3,55,66.4,14.1,13.0,9.4,0.08,0.06,0.14,1.78,5,15,3,True,7,1,3
661,Ekitiké,,FWD,12,Liverpool,,5,,,,,66,8,1,0,0,1,0,0,0,0,0,0,2,39,52.4,2.0,23.0,7.7,0.32,0.06,0.38,0.66,5,11,4,False,4,1,2
662,Mosquera,,DEF,1,Arsenal,,5,,,,,1,1,0,0,0,0,0,0,0,0,0,0,0,3,0.0,0.0,0.0,0.0,0.0,0.0,0.0,0.0,0,0,2,False,1,0,0
663,J.Arias,,MID,20,Wolves,,5,,,,,18,1,0,0,0,0,0,0,0,0,0,0,0,5,6.8,29.1,10.0,4.6,0.0,0.06,0.06,0.0,0,0,3,False,0,0,0
664,Lecomte,,GK,10,Fulham,,5,,,,,0,0,0,0,0,0,0,0,0,0,0,0,0,0,0.0,0.0,0.0,0.0,0.0,0.0,0.0,0.0,0,0,1,False,0,0,0
665,Perri,,GK,11,Leeds,,5,,,,,0,0,0,0,0,0,0,0,0,0,0,0,0,0,0.0,0.0,0.0,0.0,0.0,0.0,0.0,0.0,0,0,1,False,0,0,0
666,Gyökeres,,FWD,1,Arsenal,,5,,,,,90,2,0,0,0,1,0,0,0,0,0,0,0,3,0.2,1.8,12.0,1.4,0.0,0.01,0.01,0.89,0,3,4,False,3,1,0
667,Aznou,,DEF,9,Everton,,5,,,,,0,0,0,0,0,0,0,0,0,0,0,0,0,0,0.0,0.0,0.0,0.0,0.0,0.0,0.0,0.0,0,0,2,False,0,0,0
668,Xhaka,,MID,17,Sunderland,,5,,,,,90,4,0,1,0,1,0,0,0,1,0,0,0,20,24.8,21.6,9.0,5.5,0.07,0.09,0.16,0.71,1,8,3,False,3,1,4
669,Ndoye,,MID,16,Nott'm Forest,,5,,,,,75,2,0,0,0,1,0,0,0,0,0,0,0,10,9.4,21.6,12.0,4.3,0.0,0.18,0.18,0.68,2,6,3,False,3,1,1
670,Roefs,,GK,17,Sunderland,,5,,,,,90,2,0,0,0,1,0,0,0,0,0,1,0,3,6.2,0.0,0.0,0.6,0.0,0.0,0.0,0.71,1,0,1,False,5,1,0
671,Wilson,,FWD,19,West Ham,,5,,,,,58,1,0,0,0,1,0,0,0,0,0,0,0,1,4.2,1.5,4.0,1.0,0.0,0.0,0.0,1.76,1,2,4,False,1,1,0
672,Hato,,DEF,7,Chelsea,,5,,,,,0,0,0,0,0,0,0,0,0,0,0,0,0,0,0.0,0.0,0.0,0.0,0.0,0.0,0.0,0.0,0,0,2,False,0,0,0
673,J.Palhinha,,MID,18,Spurs,,5,,,,,90,4,0,0,0,2,0,0,0,0,0,0,0,19,21.8,5.1,0.0,2.7,0.0,0.02,0.02,1.32,3,14,3,False,4,1,7
674,Ramsdale,,GK,15,Newcastle,,5,,,,,0,0,0,0,0,0,0,0,0,0,0,0,0,0,0.0,0.0,0.0,0.0,0.0,0.0,0.0,0.0,0,0,1,False,0,0,0
675,Gunn,,GK,16,Nott'm Forest,,5,,,,,0,0,0,0,0,0,0,0,0,0,0,0,0,0,0.0,0.0,0.0,0.0,0.0,0.0,0.0,0.0,0,0,1,False,0,0,0
676,Ugochukwu,,MID,3,Burnley,,5,,,,,0,0,0,0,0,0,0,0,0,0,0,0,0,0,0.0,0.0,0.0,0.0,0.0,0.0,0.0,0.0,0,0,3,False,0,0,0
677,Guessand,,MID,2,Aston Villa,,5,,,,,72,3,0,0,1,0,0,0,0,0,0,0,0,4,13.2,3.3,21.0,3.8,0.25,0.11,0.36,0.78,3,8,3,False,4,1,1
678,Masuaku,,DEF,17,Sunderland,,5,,,,,10,1,0,0,0,0,0,0,0,0,0,0,0,3,2.0,0.1,0.0,0.2,0.0,0.0,0.0,0.25,2,2,2,False,0,0,0
679,Hermansen,,GK,19,West Ham,,5,,,,,0,0,0,0,0,0,0,0,0,0,0,0,0,0,0.0,0.0,0.0,0.0,0.0,0.0,0.0,0.0,0,0,1,False,0,0,0
680,Broja,,FWD,3,Burnley,,5,,,,,0,0,0,0,0,0,0,0,0,0,0,0,0,0,0.0,0.0,0.0,0.0,0.0,0.0,0.0,0.0,0,0,4,False,0,0,0
681,Šeško,,FWD,14,Man Utd,,5,,,,,45,1,0,0,0,0,0,0,0,0,0,0,0,2,0.2,1.3,2.0,0.4,0.0,0.01,0.01,0.08,1,1,4,False,0,1,0
682,Møller Wolfe,,DEF,20,Wolves,,5,,,,,0,0,0,0,0,0,0,0,0,0,0,0,0,0,0.0,0.0,0.0,0.0,0.0,0.0,0.0,0.0,0,0,2,False,0,0,0
683,Alderete,,DEF,17,Sunderland,,5,,,,,90,4,0,0,0,1,0,0,0,0,0,0,0,9,28.6,0.2,23.0,5.2,0.16,0.0,0.16,0.71,10,13,2,False,5,1,3
684,Thiaw,,DEF,15,Newcastle,,5,,,,,83,7,0,0,1,0,0,0,0,1,0,0,0,22,24.4,1.3,0.0,2.6,0.0,0.02,0.02,0.43,12,14,2,False,2,1,2
685,Diakité,,DEF,4,Bournemouth,,5,,,,,90,5,0,0,1,0,0,0,0,1,0,0,0,25,20.0,11.8,4.0,3.6,0.0,0.03,0.03,0.14,5,7,2,False,3,1,2
686,Ngumoha,,MID,12,Liverpool,,5,,,,,0,0,0,0,0,0,0,0,0,0,0,0,0,0,0.0,0.0,0.0,0.0,0.0,0.0,0.0,0.0,0,0,3,False,0,0,0
687,Rees-Dottin,,MID,4,Bournemouth,,5,,,,,0,0,0,0,0,0,0,0,0,0,0,0,0,0,0.0,0.0,0.0,0.0,0.0,0.0,0.0,0.0,0,0,3,False,0,0,0
688,Wright,,GK,2,Aston Villa,,5,,,,,0,0,0,0,0,0,0,0,0,0,0,0,0,0,0.0,0.0,0.0,0.0,0.0,0.0,0.0,0.0,0,0,1,False,0,0,0
689,Seung soo,,MID,15,Newcastle,,5,,,,,0,0,0,0,0,0,0,0,0,0,0,0,0,0,0.0,0.0,0.0,0.0,0.0,0.0,0.0,0.0,0,0,3,False,0,0,0
690,Cardines,,MID,8,Crystal Palace,,5,,,,,0,0,0,0,0,0,0,0,0,0,0,0,0,0,0.0,0.0,0.0,0.0,0.0,0.0,0.0,0.0,0,0,3,False,0,0,0
691,Calvert-Lewin,,FWD,11,Leeds,,5,,,,,90,11,1,1,0,1,0,0,0,0,0,0,2,38,35.4,19.4,21.0,7.6,0.12,0.02,0.14,1.77,1,4,4,True,2,1,1
692,Leoni,,DEF,12,Liverpool,,5,,,,,0,0,0,0,0,0,0,0,0,0,0,0,0,0,0.0,0.0,0.0,0.0,0.0,0.0,0.0,0.0,0,0,2,False,0,0,0
693,Hutchinson,,MID,16,Nott'm Forest,,5,,,,,0,0,0,0,0,0,0,0,0,0,0,0,0,0,0.0,0.0,0.0,0.0,0.0,0.0,0.0,0.0,0,0,3,False,0,0,0
694,Mukiele,,DEF,17,Sunderland,,5,,,,,90,4,0,0,0,1,0,0,0,0,0,0,0,15,36.0,30.6,12.0,7.9,0.07,0.18,0.25,0.71,13,16,2,False,3,1,3
695,Tchatchoua,,DEF,20,Wolves,,5,,,,,90,1,0,0,0,3,0,0,0,0,0,0,0,8,22.0,30.8,6.0,5.9,0.0,0.01,0.01,0.48,2,6,2,False,5,1,4
696,Kalimuendo,,FWD,16,Nott'm Forest,,5,,,,,14,1,0,0,0,0,0,0,0,0,0,0,0,0,0.2,1.8,9.0,1.1,0.24,0.01,0.25,0.17,0,0,4,False,0,0,0
697,Adli,,MID,4,Bournemouth,,5,,,,,15,1,0,0,0,0,0,0,0,0,0,0,0,4,2.2,0.3,0.0,0.3,0.0,0.0,0.0,0.0,0,4,3,False,3,0,1
698,Okafor,,MID,11,Leeds,,5,,,,,69,8,1,0,0,1,0,0,0,0,0,0,1,25,38.6,7.8,23.0,6.9,0.15,0.02,0.17,1.28,1,5,3,False,4,1,0
699,Douglas Luiz,,MID,16,Nott'm Forest,,5,,,,,75,5,0,1,0,1,0,0,0,0,0,0,0,23,4.4,18.1,8.0,3.1,0.02,0.02,0.04,0.68,0,3,3,False,2,1,1
700,Dowman,,MID,1,Arsenal,,5,,,,,0,0,0,0,0,0,0,0,0,0,0,0,0,0,0.0,0.0,0.0,0.0,0.0,0.0,0.0,0.0,0,0,3,False,0,0,0
701,Rowe,,DEF,2,Aston Villa,,5,,,,,0,0,0,0,0,0,0,0,0,0,0,0,0,0,0.0,0.0,0.0,0.0,0.0,0.0,0.0,0.0,0,0,2,False,0,0,0
702,Burrowes,,MID,2,Aston Villa,,5,,,,,0,0,0,0,0,0,0,0,0,0,0,0,0,0,0.0,0.0,0.0,0.0,0.0,0.0,0.0,0.0,0,0,3,False,0,0,0
703,Proctor,,GK,2,Aston Villa,,5,,,,,0,0,0,0,0,0,0,0,0,0,0,0,0,0,0.0,0.0,0.0,0.0,0.0,0.0,0.0,0.0,0,0,1,False,0,0,0
704,Onyango,,MID,9,Everton,,5,,,,,0,0,0,0,0,0,0,0,0,0,0,0,0,0,0.0,0.0,0.0,0.0,0.0,0.0,0.0,0.0,0,0,3,False,0,0,0
705,Campbell,,DEF,9,Everton,,5,,,,,0,0,0,0,0,0,0,0,0,0,0,0,0,0,0.0,0.0,0.0,0.0,0.0,0.0,0.0,0.0,0,0,2,False,0,0,0
706,Justin,,DEF,11,Leeds,,5,,,,,7,1,0,0,0,0,0,0,0,0,0,0,0,4,4.0,0.0,0.0,0.4,0.0,0.0,0.0,0.28,2,2,2,False,0,0,0
707,Dibling,,MID,9,Everton,,5,,,,,4,1,0,0,0,0,0,0,0,0,0,0,0,2,0.0,0.5,0.0,0.0,0.0,0.0,0.0,0.0,0,0,3,False,0,0,0
708,M.Fernandes,,MID,19,West Ham,,5,,,,,77,2,0,0,0,2,0,0,0,0,0,0,0,11,8.6,4.8,0.0,1.3,0.0,0.01,0.01,2.18,3,5,3,False,2,1,0
709,Krejčí,,DEF,20,Wolves,,5,,,,,90,7,1,0,0,3,0,0,0,0,0,0,0,8,49.4,13.6,17.0,8.0,0.68,0.04,0.72,0.48,3,8,2,False,4,1,5
710,Patterson,,DEF,2,Aston Villa,,5,,,,,0,0,0,0,0,0,0,0,0,0,0,0,0,0,0.0,0.0,0.0,0.0,0.0,0.0,0.0,0.0,0,0,2,False,0,0,0
711,Harriman-Annous,,MID,1,Arsenal,,5,,,,,0,0,0,0,0,0,0,0,0,0,0,0,0,0,0.0,0.0,0.0,0.0,0.0,0.0,0.0,0.0,0,0,3,False,0,0,0
712,Yeremy,,MID,8,Crystal Palace,,5,,,,,45,1,0,0,0,0,0,0,0,0,0,0,0,6,5.2,14.2,11.0,3.0,0.1,0.27,0.37,0.22,1,2,3,False,0,1,1
713,A.Jimenez,,DEF,4,Bournemouth,,5,,,,,45,0,0,0,0,0,0,0,0,1,0,0,0,2,2.2,1.8,9.0,1.3,0.05,0.01,0.06,0.14,1,3,2,False,2,1,2
714,Woltemade,,FWD,15,Newcastle,,5,,,,,83,2,0,0,1,0,0,0,0,0,0,0,0,1,0.8,4.9,8.0,1.4,0.0,0.02,0.02,0.43,1,2,4,False,1,1,0
715,John,,GK,16,Nott'm Forest,,5,,,,,0,0,0,0,0,0,0,0,0,0,0,0,0,0,0.0,0.0,0.0,0.0,0.0,0.0,0.0,0.0,0,0,1,False,0,0,0
716,Savona,,DEF,16,Nott'm Forest,,5,,,,,0,0,0,0,0,0,0,0,0,0,0,0,0,0,0.0,0.0,0.0,0.0,0.0,0.0,0.0,0.0,0,0,2,False,0,0,0
717,Xavi,,MID,18,Spurs,,5,,,,,29,1,0,0,0,0,0,0,0,0,0,0,0,4,3.2,12.3,24.0,4.0,0.25,0.06,0.31,0.42,0,1,3,False,1,0,0
718,S.Magassa,,MID,19,West Ham,,5,,,,,12,1,0,0,0,0,0,0,0,0,0,0,0,2,0.0,0.4,0.0,0.0,0.0,0.0,0.0,0.14,0,1,3,False,1,0,0
719,Lindelöf,,DEF,2,Aston Villa,,5,,,,,0,0,0,0,0,0,0,0,0,0,0,0,0,0,0.0,0.0,0.0,0.0,0.0,0.0,0.0,0.0,0,0,2,False,0,0,0
720,Tolu,,FWD,20,Wolves,,5,,,,,90,2,0,0,0,3,0,0,0,0,0,0,0,8,5.0,13.0,47.0,6.5,0.22,0.03,0.25,0.48,1,4,4,False,2,1,1
721,Milosavljević,,DEF,4,Bournemouth,,5,,,,,0,0,0,0,0,0,0,0,0,0,0,0,0,0,0.0,0.0,0.0,0.0,0.0,0.0,0.0,0.0,0,0,2,False,0,0,0
722,Florentino,,MID,3,Burnley,,5,,,,,90,3,0,0,0,1,0,0,0,1,0,0,0,19,25.6,23.5,0.0,4.9,0.0,0.01,0.01,1.1,7,18,3,False,7,1,4
723,Canvot,,DEF,8,Crystal Palace,,5,,,,,0,0,0,0,0,0,0,0,0,0,0,0,0,0,0.0,0.0,0.0,0.0,0.0,0.0,0.0,0.0,0,0,2,False,0,0,0
724,Geertruida,,DEF,17,Sunderland,,5,,,,,9,1,0,0,0,0,0,0,0,0,0,0,0,4,6.0,0.0,0.0,0.6,0.0,0.0,0.0,0.25,2,2,2,False,0,0,0
725,Hincapie,,DEF,1,Arsenal,,5,,,,,0,0,0,0,0,0,0,0,0,0,0,0,0,0,0.0,0.0,0.0,0.0,0.0,0.0,0.0,0.0,0,0,2,False,0,0,0
726,Kolo Muani,,FWD,18,Spurs,,5,,,,,0,0,0,0,0,0,0,0,0,0,0,0,0,0,0.0,0.0,0.0,0.0,0.0,0.0,0.0,0.0,0,0,4,False,0,0,0
727,Chukwueze,,MID,10,Fulham,,5,,,,,0,0,0,0,0,0,0,0,0,0,0,0,0,0,0.0,0.0,0.0,0.0,0.0,0.0,0.0,0.0,0,0,3,False,0,0,0
728,Röhl,,MID,9,Everton,,5,,,,,0,0,0,0,0,0,0,0,0,0,0,0,0,0,0.0,0.0,0.0,0.0,0.0,0.0,0.0,0.0,0,0,3,False,0,0,0
729,Cuiabano,,DEF,16,Nott'm Forest,,5,,,,,0,0,0,0,0,0,0,0,0,0,0,0,0,0,0.0,0.0,0.0,0.0,0.0,0.0,0.0,0.0,0,0,2,False,0,0,0
730,Brobbey,,FWD,17,Sunderland,,5,,,,,0,0,0,0,0,0,0,0,0,0,0,0,0,0,0.0,0.0,0.0,0.0,0.0,0.0,0.0,0.0,0,0,4,False,0,0,0
731,Kevin,,MID,10,Fulham,,5,,,,,23,0,0,0,0,0,0,0,0,1,0,0,0,2,2.2,1.2,0.0,0.3,0.0,0.0,0.0,0.17,1,3,3,False,2,0,0
732,Uche,,FWD,8,Crystal Palace,,5,,,,,0,0,0,0,0,0,0,0,0,0,0,0,0,0,0.0,0.0,0.0,0.0,0.0,0.0,0.0,0.0,0,0,4,False,0,0,0
733,Lammens,,GK,14,Man Utd,,5,,,,,0,0,0,0,0,0,0,0,0,0,0,0,0,0,0.0,0.0,0.0,0.0,0.0,0.0,0.0,0.0,0,0,1,False,0,0,0
734,Bakwa,,MID,16,Nott'm Forest,,5,,,,,58,1,0,0,0,1,0,0,0,0,0,0,0,7,13.0,14.3,26.0,5.3,0.06,0.01,0.07,0.51,1,6,3,False,5,1,0
735,Traoré,,MID,17,Sunderland,,5,,,,,0,0,0,0,0,0,0,0,0,0,0,0,0,0,0.0,0.0,0.0,0.0,0.0,0.0,0.0,0.0,0,0,3,False,0,0,0
736,Donnarumma,,GK,13,Man City,,5,,,,,90,1,0,0,0,1,0,0,0,1,0,2,0,7,15.6,0.0,0.0,1.6,0.0,0.0,0.0,0.96,4,0,1,False,4,1,0
737,Kusi-Asare,,FWD,10,Fulham,,5,,,,,0,0,0,0,0,0,0,0,0,0,0,0,0,0,0.0,0.0,0.0,0.0,0.0,0.0,0.0,0.0,0,0,4,False,0,0,0
738,Fabianski,,GK,19,West Ham,,5,,,,,0,0,0,0,0,0,0,0,0,0,0,0,0,0,0.0,0.0,0.0,0.0,0.0,0.0,0.0,0.0,0,0,1,False,0,0,0
739,Mukasa,,MID,13,Man City,,5,,,,,0,0,0,0,0,0,0,0,0,0,0,0,0,0,0.0,0.0,0.0,0.0,0.0,0.0,0.0,0.0,0,0,3,False,0,0,0
740,Mfuni,,DEF,13,Man City,,5,,,,,0,0,0,0,0,0,0,0,0,0,0,0,0,0,0.0,0.0,0.0,0.0,0.0,0.0,0.0,0.0,0,0,2,False,0,0,0
741,Gray,,FWD,11,Leeds,,5,,,,,0,0,0,0,0,0,0,0,0,0,0,0,0,0,0.0,0.0,0.0,0.0,0.0,0.0,0.0,0.0,0,0,4,False,0,0,0
1,Raya,,GK,1,Arsenal,,6,,,,,90,2,0,0,0,1,0,0,0,0,0,2,0,11,15.8,0.0,0.0,1.6,0.0,0.01,0.01,0.61,2,0,1,False,10,1,0
2,Arrizabalaga,,GK,1,Arsenal,,6,,,,,0,0,0,0,0,0,0,0,0,0,0,0,0,0,0.0,0.0,0.0,0.0,0.0,0.0,0.0,0.0,0,0,1,False,0,0,0
3,Hein,,GK,1,Arsenal,,6,,,,,0,0,0,0,0,0,0,0,0,0,0,0,0,0,0.0,0.0,0.0,0.0,0.0,0.0,0.0,0.0,0,0,1,False,0,0,0
4,Setford,,GK,1,Arsenal,,6,,,,,0,0,0,0,0,0,0,0,0,0,0,0,0,0,0.0,0.0,0.0,0.0,0.0,0.0,0.0,0.0,0,0,1,False,0,0,0
5,Gabriel,,DEF,1,Arsenal,,6,,,,,90,13,1,0,0,1,0,0,0,0,0,0,3,34,76.8,2.5,33.0,11.2,0.22,0.02,0.24,0.61,16,19,2,True,2,1,3
6,Saliba,,DEF,1,Arsenal,,6,,,,,45,1,0,0,0,0,0,0,0,0,0,0,0,8,5.4,11.8,2.0,1.9,0.0,0.07,0.07,0.2,1,1,2,False,1,0,0
7,Calafiori,,DEF,1,Arsenal,,6,,,,,69,1,0,0,0,1,0,0,0,1,0,0,0,0,3.6,16.8,10.0,3.0,0.1,0.04,0.14,0.53,3,3,2,False,3,1,0
8,J.Timber,,DEF,1,Arsenal,,6,,,,,90,2,0,0,0,1,0,0,0,0,0,0,0,10,24.6,38.2,25.0,8.8,0.53,0.21,0.74,0.61,4,6,2,False,4,1,2
9,Kiwior,,DEF,1,Arsenal,,6,,,,,0,0,0,0,0,0,0,0,0,0,0,0,0,0,0.0,0.0,0.0,0.0,0.0,0.0,0.0,0.0,0,0,2,False,0,0,0
10,Lewis-Skelly,,DEF,1,Arsenal,,6,,,,,2,1,0,0,0,0,0,0,0,0,0,0,0,2,0.0,0.9,2.0,0.2,0.0,0.0,0.0,0.04,0,0,2,False,1,0,0
11,White,,DEF,1,Arsenal,,6,,,,,0,0,0,0,0,0,0,0,0,0,0,0,0,0,0.0,0.0,0.0,0.0,0.0,0.0,0.0,0.0,0,0,2,False,0,0,0
12,Zinchenko,,DEF,16,Nott'm Forest,,6,,,,,90,2,0,0,0,1,0,0,0,0,0,0,0,13,14.8,19.3,0.0,3.4,0.0,0.1,0.1,1.19,1,4,2,False,3,1,3
13,Clarke,,DEF,1,Arsenal,,6,,,,,0,0,0,0,0,0,0,0,0,0,0,0,0,0,0.0,0.0,0.0,0.0,0.0,0.0,0.0,0.0,0,0,2,False,0,0,0
14,Kacurri,,DEF,1,Arsenal,,6,,,,,0,0,0,0,0,0,0,0,0,0,0,0,0,0,0.0,0.0,0.0,0.0,0.0,0.0,0.0,0.0,0,0,2,False,0,0,0
15,Nichols,,DEF,1,Arsenal,,6,,,,,0,0,0,0,0,0,0,0,0,0,0,0,0,0,0.0,0.0,0.0,0.0,0.0,0.0,0.0,0.0,0,0,2,False,0,0,0
16,Saka,,MID,1,Arsenal,,6,,,,,69,2,0,0,0,1,0,0,0,0,0,0,0,10,4.4,11.4,30.0,4.6,0.08,0.01,0.09,0.53,0,5,3,False,5,1,0
17,Ødegaard,,MID,1,Arsenal,,6,,,,,8,4,0,1,0,0,0,0,0,0,0,0,0,16,19.0,16.4,0.0,3.5,0.0,0.25,0.25,0.08,0,1,3,False,1,0,0
18,Madueke,,MID,1,Arsenal,,6,,,,,0,0,0,0,0,0,0,0,0,0,0,0,0,0,0.0,0.0,0.0,0.0,0.0,0.0,0.0,0.0,0,0,3,False,0,0,0
19,Martinelli,,MID,1,Arsenal,,6,,,,,20,1,0,0,0,0,0,0,0,0,0,0,0,5,2.2,0.5,4.0,0.7,0.05,0.01,0.06,0.08,1,3,3,False,2,0,0
20,Trossard,,MID,1,Arsenal,,6,,,,,87,2,0,0,0,1,0,0,0,0,0,0,0,5,2.4,17.0,12.0,3.1,0.33,0.12,0.45,0.58,0,2,3,False,2,1,0
21,Rice,,MID,1,Arsenal,,6,,,,,90,9,0,1,0,1,0,0,0,0,0,0,2,33,47.6,53.7,4.0,10.5,0.0,0.2,0.2,0.61,4,12,3,False,5,1,3
22,Merino,,MID,1,Arsenal,,6,,,,,20,6,1,0,0,0,0,0,0,0,0,0,0,23,35.2,0.1,19.0,5.4,0.05,0.0,0.05,0.08,1,3,3,False,1,0,1
23,Fábio Vieira,,MID,1,Arsenal,,6,,,,,0,0,0,0,0,0,0,0,0,0,0,0,0,0,0.0,0.0,0.0,0.0,0.0,0.0,0.0,0.0,0,0,3,False,0,0,0
24,Nørgaard,,MID,1,Arsenal,,6,,,,,0,0,0,0,0,0,0,0,0,0,0,0,0,0,0.0,0.0,0.0,0.0,0.0,0.0,0.0,0.0,0,0,3,False,0,0,0
25,Nwaneri,,MID,1,Arsenal,,6,,,,,0,0,0,0,0,0,0,0,0,0,0,0,0,0,0.0,0.0,0.0,0.0,0.0,0.0,0.0,0.0,0,0,3,False,0,0,0
26,Zubimendi,,MID,1,Arsenal,,6,,,,,81,2,0,0,0,1,0,0,0,0,0,0,0,24,17.8,31.9,0.0,5.0,0.0,0.52,0.52,0.53,4,9,3,False,2,1,3
27,Nelson,,MID,5,Brentford,,6,,,,,0,0,0,0,0,0,0,0,0,0,0,0,0,0,0.0,0.0,0.0,0.0,0.0,0.0,0.0,0.0,0,0,3,False,0,0,0
28,Kabia,,MID,1,Arsenal,,6,,,,,0,0,0,0,0,0,0,0,0,0,0,0,0,0,0.0,0.0,0.0,0.0,0.0,0.0,0.0,0.0,0,0,3,False,0,0,0
29,Sambi,,MID,1,Arsenal,,6,,,,,0,0,0,0,0,0,0,0,0,0,0,0,0,0,0.0,0.0,0.0,0.0,0.0,0.0,0.0,0.0,0,0,3,False,0,0,0
30,Havertz,,FWD,1,Arsenal,,6,,,,,0,0,0,0,0,0,0,0,0,0,0,0,0,0,0.0,0.0,0.0,0.0,0.0,0.0,0.0,0.0,0,0,4,False,0,0,0
31,G.Jesus,,FWD,1,Arsenal,,6,,,,,0,0,0,0,0,0,0,0,0,0,0,0,0,0,0.0,0.0,0.0,0.0,0.0,0.0,0.0,0.0,0,0,4,False,0,0,0
32,Martinez,,GK,2,Aston Villa,,6,,,,,90,3,0,0,0,1,0,0,0,0,0,3,0,13,23.0,3.0,0.0,2.6,0.0,0.02,0.02,0.92,1,0,1,False,10,1,0
33,M.Bizot,,GK,2,Aston Villa,,6,,,,,0,0,0,0,0,0,0,0,0,0,0,0,0,0,0.0,0.0,0.0,0.0,0.0,0.0,0.0,0.0,0,0,1,False,0,0,0
34,Gauci,,GK,2,Aston Villa,,6,,,,,0,0,0,0,0,0,0,0,0,0,0,0,0,0,0.0,0.0,0.0,0.0,0.0,0.0,0.0,0.0,0,0,1,False,0,0,0
35,Marschall,,GK,2,Aston Villa,,6,,,,,0,0,0,0,0,0,0,0,0,0,0,0,0,0,0.0,0.0,0.0,0.0,0.0,0.0,0.0,0.0,0,0,1,False,0,0,0
36,Cash,,DEF,2,Aston Villa,,6,,,,,90,2,0,0,0,1,0,0,0,0,0,0,0,8,18.0,1.5,1.0,2.1,0.01,0.01,0.02,0.92,7,9,2,False,7,1,2
37,Digne,,DEF,2,Aston Villa,,6,,,,,90,5,0,1,0,1,0,0,0,0,0,0,0,21,28.2,15.2,11.0,5.4,0.05,0.33,0.38,0.92,3,3,2,False,3,1,0
38,Konsa,,DEF,2,Aston Villa,,6,,,,,90,2,0,0,0,1,0,0,0,0,0,0,0,21,22.4,0.7,0.0,2.3,0.0,0.0,0.0,0.92,5,5,2,False,3,1,0
39,Maatsen,,DEF,2,Aston Villa,,6,,,,,0,0,0,0,0,0,0,0,0,0,0,0,0,0,0.0,0.0,0.0,0.0,0.0,0.0,0.0,0.0,0,0,2,False,0,0,0
40,Mings,,DEF,2,Aston Villa,,6,,,,,31,1,0,0,0,1,0,0,0,0,0,0,0,-1,2.8,0.4,0.0,0.3,0.0,0.0,0.0,0.28,1,1,2,False,1,1,0
41,Pau,,DEF,2,Aston Villa,,6,,,,,58,1,0,0,0,0,0,0,0,0,0,0,0,13,12.6,0.5,0.0,1.3,0.0,0.01,0.01,0.64,7,7,2,False,5,0,0
42,A.García,,DEF,2,Aston Villa,,6,,,,,0,0,0,0,0,0,0,0,0,0,0,0,0,0,0.0,0.0,0.0,0.0,0.0,0.0,0.0,0.0,0,0,2,False,0,0,0
43,Alex Moreno,,DEF,2,Aston Villa,,6,,,,,0,0,0,0,0,0,0,0,0,0,0,0,0,0,0.0,0.0,0.0,0.0,0.0,0.0,0.0,0.0,0,0,2,False,0,0,0
44,Bogarde,,DEF,2,Aston Villa,,6,,,,,81,2,0,0,0,1,0,0,0,0,0,0,0,2,3.2,12.8,0.0,1.6,0.0,0.02,0.02,0.8,0,1,2,False,2,1,1
45,Sousa,,DEF,2,Aston Villa,,6,,,,,0,0,0,0,0,0,0,0,0,0,0,0,0,0,0.0,0.0,0.0,0.0,0.0,0.0,0.0,0.0,0,0,2,False,0,0,0
46,Yasin,,DEF,2,Aston Villa,,6,,,,,0,0,0,0,0,0,0,0,0,0,0,0,0,0,0.0,0.0,0.0,0.0,0.0,0.0,0.0,0.0,0,0,2,False,0,0,0
47,Rogers,,MID,2,Aston Villa,,6,,,,,90,5,0,1,0,1,0,0,0,0,0,0,0,20,26.8,30.9,6.0,6.4,0.0,0.06,0.06,0.92,3,6,3,False,2,1,1
48,Tielemans,,MID,2,Aston Villa,,6,,,,,0,0,0,0,0,0,0,0,0,0,0,0,0,0,0.0,0.0,0.0,0.0,0.0,0.0,0.0,0.0,0,0,3,False,0,0,0
49,Bailey,,MID,2,Aston Villa,,6,,,,,0,0,0,0,0,0,0,0,0,0,0,0,0,0,0.0,0.0,0.0,0.0,0.0,0.0,0.0,0.0,0,0,3,False,0,0,0
50,Buendía,,MID,2,Aston Villa,,6,,,,,45,12,1,1,0,0,0,0,0,0,0,0,3,33,51.0,14.3,34.0,9.9,0.29,0.07,0.36,0.41,0,4,3,True,3,0,1
51,Iling Jr,,MID,2,Aston Villa,,6,,,,,0,0,0,0,0,0,0,0,0,0,0,0,0,0,0.0,0.0,0.0,0.0,0.0,0.0,0.0,0.0,0,0,3,False,0,0,0
52,J.Ramsey,,MID,15,Newcastle,,6,,,,,0,0,0,0,0,0,0,0,0,0,0,0,0,0,0.0,0.0,0.0,0.0,0.0,0.0,0.0,0.0,0,0,3,False,0,0,0
53,Malen,,MID,2,Aston Villa,,6,,,,,7,1,0,0,0,0,0,0,0,0,0,0,0,2,2.0,0.0,0.0,0.2,0.0,0.0,0.0,0.13,1,1,3,False,0,0,0
54,McGinn,,MID,2,Aston Villa,,6,,,,,71,6,1,0,0,1,0,0,0,1,0,0,0,25,36.0,18.5,13.0,6.8,0.45,0.29,0.74,0.73,3,9,3,False,5,1,1
55,Barkley,,MID,2,Aston Villa,,6,,,,,0,0,0,0,0,0,0,0,0,0,0,0,0,0,0.0,0.0,0.0,0.0,0.0,0.0,0.0,0.0,0,0,3,False,0,0,0
56,Barrenechea,,MID,2,Aston Villa,,6,,,,,0,0,0,0,0,0,0,0,0,0,0,0,0,0,0.0,0.0,0.0,0.0,0.0,0.0,0.0,0.0,0,0,3,False,0,0,0
57,Dobbin,,MID,2,Aston Villa,,6,,,,,0,0,0,0,0,0,0,0,0,0,0,0,0,0,0.0,0.0,0.0,0.0,0.0,0.0,0.0,0.0,0,0,3,False,0,0,0
58,Kamara,,MID,2,Aston Villa,,6,,,,,18,1,0,0,0,0,0,0,0,0,0,0,0,5,7.6,0.7,0.0,0.8,0.0,0.01,0.01,0.2,4,6,3,False,1,0,1
59,Onana,,MID,2,Aston Villa,,6,,,,,0,0,0,0,0,0,0,0,0,0,0,0,0,0,0.0,0.0,0.0,0.0,0.0,0.0,0.0,0.0,0,0,3,False,0,0,0
60,Broggio,,MID,2,Aston Villa,,6,,,,,0,0,0,0,0,0,0,0,0,0,0,0,0,0,0.0,0.0,0.0,0.0,0.0,0.0,0.0,0.0,0,0,3,False,0,0,0
61,Dendoncker,,MID,2,Aston Villa,,6,,,,,0,0,0,0,0,0,0,0,0,0,0,0,0,0,0.0,0.0,0.0,0.0,0.0,0.0,0.0,0.0,0,0,3,False,0,0,0
62,Jimoh-Aloba,,MID,2,Aston Villa,,6,,,,,0,0,0,0,0,0,0,0,0,0,0,0,0,0,0.0,0.0,0.0,0.0,0.0,0.0,0.0,0.0,0,0,3,False,0,0,0
63,Young,,MID,2,Aston Villa,,6,,,,,0,0,0,0,0,0,0,0,0,0,0,0,0,0,0.0,0.0,0.0,0.0,0.0,0.0,0.0,0.0,0,0,3,False,0,0,0
64,Watkins,,FWD,2,Aston Villa,,6,,,,,90,8,1,0,0,1,0,0,0,0,0,0,2,30,37.4,4.3,27.0,6.9,0.29,0.02,0.31,0.92,1,3,4,False,1,1,1
65,Redmond,,FWD,2,Aston Villa,,6,,,,,0,0,0,0,0,0,0,0,0,0,0,0,0,0,0.0,0.0,0.0,0.0,0.0,0.0,0.0,0.0,0,0,4,False,0,0,0
66,Neto,,GK,4,Bournemouth,,6,,,,,0,0,0,0,0,0,0,0,0,0,0,0,0,0,0.0,0.0,0.0,0.0,0.0,0.0,0.0,0.0,0,0,1,False,0,0,0
67,Petrović,,GK,4,Bournemouth,,6,,,,,90,3,0,0,0,2,0,0,0,0,0,6,0,18,47.0,0.0,0.0,4.7,0.0,0.0,0.0,1.84,0,0,1,False,10,1,0
68,Dennis,,GK,4,Bournemouth,,6,,,,,0,0,0,0,0,0,0,0,0,0,0,0,0,0,0.0,0.0,0.0,0.0,0.0,0.0,0.0,0.0,0,0,1,False,0,0,0
69,McKenna,,GK,4,Bournemouth,,6,,,,,0,0,0,0,0,0,0,0,0,0,0,0,0,0,0.0,0.0,0.0,0.0,0.0,0.0,0.0,0.0,0,0,1,False,0,0,0
70,Paulsen,,GK,4,Bournemouth,,6,,,,,0,0,0,0,0,0,0,0,0,0,0,0,0,0,0.0,0.0,0.0,0.0,0.0,0.0,0.0,0.0,0,0,1,False,0,0,0
71,Zabarnyi,,DEF,4,Bournemouth,,6,,,,,0,0,0,0,0,0,0,0,0,0,0,0,0,0,0.0,0.0,0.0,0.0,0.0,0.0,0.0,0.0,0,0,2,False,0,0,0
72,Senesi,,DEF,4,Bournemouth,,6,,,,,90,7,0,1,0,2,0,0,0,0,0,0,1,27,57.8,16.9,4.0,7.9,0.0,0.22,0.22,1.84,12,15,2,False,3,1,3
73,Smith,,DEF,4,Bournemouth,,6,,,,,0,0,0,0,0,0,0,0,0,0,0,0,0,0,0.0,0.0,0.0,0.0,0.0,0.0,0.0,0.0,0,0,2,False,0,0,0
74,Truffert,,DEF,4,Bournemouth,,6,,,,,90,3,0,0,0,2,0,0,0,0,0,0,0,15,29.0,5.0,2.0,3.6,0.0,0.02,0.02,1.84,8,13,2,False,7,1,5
75,Akinmboni,,DEF,4,Bournemouth,,6,,,,,0,0,0,0,0,0,0,0,0,0,0,0,0,0,0.0,0.0,0.0,0.0,0.0,0.0,0.0,0.0,0,0,2,False,0,0,0
76,Bevan,,DEF,4,Bournemouth,,6,,,,,0,0,0,0,0,0,0,0,0,0,0,0,0,0,0.0,0.0,0.0,0.0,0.0,0.0,0.0,0.0,0,0,2,False,0,0,0
77,Hill,,DEF,4,Bournemouth,,6,,,,,0,0,0,0,0,0,0,0,0,0,0,0,0,0,0.0,0.0,0.0,0.0,0.0,0.0,0.0,0.0,0,0,2,False,0,0,0
78,J.Araujo,,DEF,4,Bournemouth,,6,,,,,0,0,0,0,0,0,0,0,0,0,0,0,0,0,0.0,0.0,0.0,0.0,0.0,0.0,0.0,0.0,0,0,2,False,0,0,0
79,Mepham,,DEF,4,Bournemouth,,6,,,,,0,0,0,0,0,0,0,0,0,0,0,0,0,0,0.0,0.0,0.0,0.0,0.0,0.0,0.0,0.0,0,0,2,False,0,0,0
80,Soler,,DEF,4,Bournemouth,,6,,,,,0,0,0,0,0,0,0,0,0,0,0,0,0,0,0.0,0.0,0.0,0.0,0.0,0.0,0.0,0.0,0,0,2,False,0,0,0
81,Kluivert,,MID,4,Bournemouth,,6,,,,,59,1,0,0,0,2,0,0,0,0,0,0,0,6,4.6,16.5,2.0,2.3,0.0,0.05,0.05,1.36,0,1,3,False,1,1,0
82,Semenyo,,MID,4,Bournemouth,,6,,,,,90,7,1,0,0,2,0,0,0,0,0,0,0,22,42.4,16.6,9.0,6.8,0.21,0.05,0.26,1.84,1,7,3,False,4,1,2
83,O.Dango,,MID,5,Brentford,,6,,,,,74,2,0,0,0,1,0,0,0,0,0,0,0,6,3.6,11.1,27.0,4.2,0.42,0.26,0.68,1.02,2,3,3,False,1,1,0
84,Tavernier,,MID,4,Bournemouth,,6,,,,,30,1,0,0,0,0,0,0,0,0,0,0,0,3,4.0,12.2,4.0,2.0,0.0,0.02,0.02,0.48,0,4,3,False,3,0,1
85,Adams,,MID,4,Bournemouth,,6,,,,,80,2,0,0,0,2,0,0,0,0,0,0,0,19,13.2,3.3,2.0,1.9,0.04,0.02,0.06,1.77,1,10,3,False,5,1,4
86,Brooks,,MID,4,Bournemouth,,6,,,,,30,1,0,0,0,0,0,0,0,0,0,0,0,5,4.8,6.8,18.0,3.0,0.09,0.06,0.15,0.48,1,3,3,False,2,0,0
87,Christie,,MID,4,Bournemouth,,6,,,,,59,4,0,1,0,2,0,0,0,0,0,0,0,7,0.0,4.4,5.0,0.9,0.08,0.02,0.1,1.36,2,5,3,False,2,1,1
88,Cook,,MID,4,Bournemouth,,6,,,,,0,0,0,0,0,0,0,0,0,0,0,0,0,0,0.0,0.0,0.0,0.0,0.0,0.0,0.0,0.0,0,0,3,False,0,0,0
89,Philip,,MID,4,Bournemouth,,6,,,,,0,0,0,0,0,0,0,0,0,0,0,0,0,0,0.0,0.0,0.0,0.0,0.0,0.0,0.0,0.0,0,0,3,False,0,0,0
90,Scott,,MID,4,Bournemouth,,6,,,,,30,1,0,0,0,0,0,0,0,0,0,0,0,3,3.8,6.3,0.0,1.0,0.0,0.03,0.03,0.48,1,1,3,False,0,0,0
91,Sinisterra,,MID,4,Bournemouth,,6,,,,,0,0,0,0,0,0,0,0,0,0,0,0,0,0,0.0,0.0,0.0,0.0,0.0,0.0,0.0,0.0,0,0,3,False,0,0,0
92,Faivre,,MID,4,Bournemouth,,6,,,,,0,0,0,0,0,0,0,0,0,0,0,0,0,0,0.0,0.0,0.0,0.0,0.0,0.0,0.0,0.0,0,0,3,False,0,0,0
93,H.Traorè,,MID,4,Bournemouth,,6,,,,,0,0,0,0,0,0,0,0,0,0,0,0,0,0,0.0,0.0,0.0,0.0,0.0,0.0,0.0,0.0,0,0,3,False,0,0,0
94,Sadi,,MID,4,Bournemouth,,6,,,,,0,0,0,0,0,0,0,0,0,0,0,0,0,0,0.0,0.0,0.0,0.0,0.0,0.0,0.0,0.0,0,0,3,False,0,0,0
95,Silcott-Duberry,,MID,4,Bournemouth,,6,,,,,0,0,0,0,0,0,0,0,0,0,0,0,0,0,0.0,0.0,0.0,0.0,0.0,0.0,0.0,0.0,0,0,3,False,0,0,0
96,Winterburn,,MID,4,Bournemouth,,6,,,,,0,0,0,0,0,0,0,0,0,0,0,0,0,0,0.0,0.0,0.0,0.0,0.0,0.0,0.0,0.0,0,0,3,False,0,0,0
97,Evanilson,,FWD,4,Bournemouth,,6,,,,,90,2,0,0,0,2,0,0,0,0,0,0,0,5,0.8,12.8,8.0,2.2,0.02,0.12,0.14,1.84,0,3,4,False,3,1,0
98,Enes Ünal,,FWD,4,Bournemouth,,6,,,,,0,0,0,0,0,0,0,0,0,0,0,0,0,0,0.0,0.0,0.0,0.0,0.0,0.0,0.0,0.0,0,0,4,False,0,0,0
99,Adu-Adjei,,FWD,4,Bournemouth,,6,,,,,0,0,0,0,0,0,0,0,0,0,0,0,0,0,0.0,0.0,0.0,0.0,0.0,0.0,0.0,0.0,0,0,4,False,0,0,0
100,Kroupi.Jr,,FWD,4,Bournemouth,,6,,,,,9,6,1,0,0,0,0,0,0,1,0,0,2,28,35.0,0.6,38.0,7.4,0.23,0.0,0.23,0.07,0,1,4,False,1,0,0
101,Kelleher,,GK,5,Brentford,,6,,,,,90,8,0,0,0,1,0,1,0,0,0,5,0,25,56.4,10.0,0.0,6.6,0.0,0.0,0.0,2.08,1,0,1,False,5,1,0
102,Balcombe,,GK,5,Brentford,,6,,,,,0,0,0,0,0,0,0,0,0,0,0,0,0,0,0.0,0.0,0.0,0.0,0.0,0.0,0.0,0.0,0,0,1,False,0,0,0
103,Cox,,GK,5,Brentford,,6,,,,,0,0,0,0,0,0,0,0,0,0,0,0,0,0,0.0,0.0,0.0,0.0,0.0,0.0,0.0,0.0,0,0,1,False,0,0,0
104,Eyestone,,GK,5,Brentford,,6,,,,,0,0,0,0,0,0,0,0,0,0,0,0,0,0,0.0,0.0,0.0,0.0,0.0,0.0,0.0,0.0,0,0,1,False,0,0,0
105,Valdimarsson,,GK,5,Brentford,,6,,,,,0,0,0,0,0,0,0,0,0,0,0,0,0,0,0.0,0.0,0.0,0.0,0.0,0.0,0.0,0.0,0,0,1,False,0,0,0
106,Collins,,DEF,5,Brentford,,6,,,,,90,1,0,0,0,1,0,0,0,1,0,0,0,2,20.6,10.9,21.0,5.3,0.06,0.32,0.38,2.08,9,9,2,False,4,1,0
107,Lewis-Potter,,DEF,5,Brentford,,6,,,,,15,1,0,0,0,0,0,0,0,0,0,0,0,7,5.2,0.3,0.0,0.6,0.0,0.0,0.0,1.06,2,3,2,False,0,0,1
108,Ajer,,DEF,5,Brentford,,6,,,,,0,0,0,0,0,0,0,0,0,0,0,0,0,0,0.0,0.0,0.0,0.0,0.0,0.0,0.0,0.0,0,0,2,False,0,0,0
109,Henry,,DEF,5,Brentford,,6,,,,,15,1,0,0,0,0,0,0,0,0,0,0,0,6,5.4,0.3,0.0,0.6,0.0,0.0,0.0,1.06,1,2,2,False,1,0,1
110,Kayode,,DEF,5,Brentford,,6,,,,,90,2,0,0,0,1,0,0,0,0,0,0,0,6,16.2,1.3,0.0,1.8,0.0,0.0,0.0,2.08,3,6,2,False,2,1,3
111,Pinnock,,DEF,5,Brentford,,6,,,,,0,0,0,0,0,0,0,0,0,0,0,0,0,0,0.0,0.0,0.0,0.0,0.0,0.0,0.0,0.0,0,0,2,False,0,0,0
112,Roerslev,,DEF,5,Brentford,,6,,,,,0,0,0,0,0,0,0,0,0,0,0,0,0,0,0.0,0.0,0.0,0.0,0.0,0.0,0.0,0.0,0,0,2,False,0,0,0
113,Van den Berg,,DEF,5,Brentford,,6,,,,,90,2,0,0,0,1,0,0,0,0,0,0,0,9,14.6,0.4,68.0,8.3,0.66,0.0,0.66,2.08,4,4,2,False,3,1,0
114,Arthur,,DEF,5,Brentford,,6,,,,,0,0,0,0,0,0,0,0,0,0,0,0,0,0,0.0,0.0,0.0,0.0,0.0,0.0,0.0,0.0,0,0,2,False,0,0,0
115,Fredrick,,DEF,5,Brentford,,6,,,,,0,0,0,0,0,0,0,0,0,0,0,0,0,0,0.0,0.0,0.0,0.0,0.0,0.0,0.0,0.0,0,0,2,False,0,0,0
116,Hickey,,DEF,5,Brentford,,6,,,,,74,2,0,0,0,1,0,0,0,0,0,0,0,9,3.0,1.8,0.0,0.5,0.0,0.03,0.03,1.02,1,1,2,False,5,1,0
117,Ji-soo,,DEF,5,Brentford,,6,,,,,0,0,0,0,0,0,0,0,0,0,0,0,0,0,0.0,0.0,0.0,0.0,0.0,0.0,0.0,0.0,0,0,2,False,0,0,0
118,Meghoma,,DEF,5,Brentford,,6,,,,,0,0,0,0,0,0,0,0,0,0,0,0,0,0,0.0,0.0,0.0,0.0,0.0,0.0,0.0,0.0,0,0,2,False,0,0,0
119,Mbeumo,,MID,14,Man Utd,,6,,,,,90,2,0,0,0,3,0,0,0,0,0,0,0,10,10.8,40.3,10.0,6.1,0.0,0.07,0.07,2.02,0,2,3,False,0,1,2
120,Schade,,MID,5,Brentford,,6,,,,,90,4,0,1,0,1,0,0,0,1,0,0,0,19,8.6,16.2,25.0,5.0,0.01,0.09,0.1,2.08,2,6,3,False,3,1,1
121,Damsgaard,,MID,5,Brentford,,6,,,,,80,2,0,0,0,1,0,0,0,0,0,0,0,6,4.2,20.3,0.0,2.5,0.0,0.24,0.24,1.81,1,7,3,False,4,1,2
122,Milambo,,MID,5,Brentford,,6,,,,,0,0,0,0,0,0,0,0,0,0,0,0,0,0,0.0,0.0,0.0,0.0,0.0,0.0,0.0,0.0,0,0,3,False,0,0,0
123,Carvalho,,MID,5,Brentford,,6,,,,,0,0,0,0,0,0,0,0,0,0,0,0,0,0,0.0,0.0,0.0,0.0,0.0,0.0,0.0,0.0,0,0,3,False,0,0,0
124,Henderson,,MID,5,Brentford,,6,,,,,80,6,0,1,0,1,0,0,0,0,0,0,1,31,28.2,30.8,0.0,5.9,0.0,0.27,0.27,1.81,3,8,3,False,4,1,1
125,Janelt,,MID,5,Brentford,,6,,,,,9,1,0,0,0,0,0,0,0,0,0,0,0,5,4.8,14.8,0.0,2.0,0.0,0.02,0.02,0.27,0,2,3,False,1,0,1
126,Jensen,,MID,5,Brentford,,6,,,,,1,6,1,0,0,0,0,0,0,0,0,0,0,22,33.6,0.4,9.0,4.3,0.09,0.0,0.09,0.12,0,0,3,False,0,0,0
127,Nunes,,MID,5,Brentford,,6,,,,,0,0,0,0,0,0,0,0,0,0,0,0,0,0,0.0,0.0,0.0,0.0,0.0,0.0,0.0,0.0,0,0,3,False,0,0,0
128,Onyeka,,MID,5,Brentford,,6,,,,,9,1,0,0,0,0,0,0,0,0,0,0,0,4,1.4,0.4,0.0,0.2,0.0,0.0,0.0,0.27,0,1,3,False,1,0,0
129,Yarmoliuk,,MID,5,Brentford,,6,,,,,90,7,0,1,0,1,0,0,0,0,0,0,0,26,30.4,13.4,2.0,4.6,0.09,0.02,0.11,2.08,4,12,3,False,7,1,1
130,Donovan,,MID,5,Brentford,,6,,,,,0,0,0,0,0,0,0,0,0,0,0,0,0,0,0.0,0.0,0.0,0.0,0.0,0.0,0.0,0.0,0,0,3,False,0,0,0
131,Konak,,MID,5,Brentford,,6,,,,,0,0,0,0,0,0,0,0,0,0,0,0,0,0,0.0,0.0,0.0,0.0,0.0,0.0,0.0,0.0,0,0,3,False,0,0,0
132,Maghoma,,MID,5,Brentford,,6,,,,,0,0,0,0,0,0,0,0,0,0,0,0,0,0,0.0,0.0,0.0,0.0,0.0,0.0,0.0,0.0,0,0,3,False,0,0,0
133,Peart-Harris,,MID,5,Brentford,,6,,,,,0,0,0,0,0,0,0,0,0,0,0,0,0,0,0.0,0.0,0.0,0.0,0.0,0.0,0.0,0.0,0,0,3,False,0,0,0
134,Trevitt,,MID,5,Brentford,,6,,,,,0,0,0,0,0,0,0,0,0,0,0,0,0,0,0.0,0.0,0.0,0.0,0.0,0.0,0.0,0.0,0,0,3,False,0,0,0
135,Wissa,,FWD,15,Newcastle,,6,,,,,0,0,0,0,0,0,0,0,0,0,0,0,0,0,0.0,0.0,0.0,0.0,0.0,0.0,0.0,0.0,0,0,4,False,0,0,0
136,Thiago,,FWD,5,Brentford,,6,,,,,89,13,2,0,0,1,0,0,0,0,0,0,3,62,72.6,3.9,41.0,11.8,0.7,0.0,0.7,1.96,2,5,4,True,0,1,3
137,Morgan,,FWD,5,Brentford,,6,,,,,0,0,0,0,0,0,0,0,0,0,0,0,0,0,0.0,0.0,0.0,0.0,0.0,0.0,0.0,0.0,0,0,4,False,0,0,0
138,Steele,,GK,6,Brighton,,6,,,,,0,0,0,0,0,0,0,0,0,0,0,0,0,0,0.0,0.0,0.0,0.0,0.0,0.0,0.0,0.0,0,0,1,False,0,0,0
139,Verbruggen,,GK,6,Brighton,,6,,,,,90,2,0,0,0,1,0,0,0,0,0,2,0,8,11.8,0.0,0.0,1.2,0.0,0.0,0.0,1.81,1,0,1,False,8,1,0
140,McGill,,GK,6,Brighton,,6,,,,,0,0,0,0,0,0,0,0,0,0,0,0,0,0,0.0,0.0,0.0,0.0,0.0,0.0,0.0,0.0,0,0,1,False,0,0,0
141,Rushworth,,GK,6,Brighton,,6,,,,,0,0,0,0,0,0,0,0,0,0,0,0,0,0,0.0,0.0,0.0,0.0,0.0,0.0,0.0,0.0,0,0,1,False,0,0,0
142,Scherpen,,GK,6,Brighton,,6,,,,,0,0,0,0,0,0,0,0,0,0,0,0,0,0,0.0,0.0,0.0,0.0,0.0,0.0,0.0,0.0,0,0,1,False,0,0,0
143,Boscagli,,DEF,6,Brighton,,6,,,,,0,0,0,0,0,0,0,0,0,0,0,0,0,0,0.0,0.0,0.0,0.0,0.0,0.0,0.0,0.0,0,0,2,False,0,0,0
144,Coppola,,DEF,6,Brighton,,6,,,,,0,0,0,0,0,0,0,0,0,0,0,0,0,0,0.0,0.0,0.0,0.0,0.0,0.0,0.0,0.0,0,0,2,False,0,0,0
145,De Cuyper,,DEF,6,Brighton,,6,,,,,5,8,1,0,0,0,0,0,0,0,0,0,1,20,33.2,0.5,33.0,6.7,0.64,0.0,0.64,0.41,0,0,2,False,0,0,0
146,Dunk,,DEF,6,Brighton,,6,,,,,90,1,0,0,0,1,0,0,0,1,0,0,0,8,10.6,1.6,4.0,1.6,0.06,0.01,0.07,1.81,7,8,2,False,2,1,1
147,Estupiñan,,DEF,6,Brighton,,6,,,,,0,0,0,0,0,0,0,0,0,0,0,0,0,0,0.0,0.0,0.0,0.0,0.0,0.0,0.0,0.0,0,0,2,False,0,0,0
148,F.Kadıoğlu,,DEF,6,Brighton,,6,,,,,90,2,0,0,0,1,0,0,0,0,0,0,0,9,27.4,20.3,2.0,5.0,0.0,0.13,0.13,1.81,5,7,2,False,4,1,2
149,Igor,,DEF,19,West Ham,,6,,,,,1,1,0,0,0,0,0,0,0,0,0,0,0,3,0.0,0.0,0.0,0.0,0.0,0.0,0.0,0.0,0,0,2,False,0,0,0
150,Lamptey,,DEF,6,Brighton,,6,,,,,0,0,0,0,0,0,0,0,0,0,0,0,0,0,0.0,0.0,0.0,0.0,0.0,0.0,0.0,0.0,0,0,2,False,0,0,0
151,Van Hecke,,DEF,6,Brighton,,6,,,,,90,3,0,0,0,1,0,0,0,1,0,0,0,12,34.6,1.8,4.0,4.0,0.03,0.03,0.06,1.81,11,15,2,False,4,1,4
152,Veltman,,DEF,6,Brighton,,6,,,,,54,0,0,0,0,1,0,0,0,1,0,0,0,-1,10.6,0.1,0.0,1.1,0.0,0.0,0.0,1.33,5,6,2,False,1,1,1
153,Webster,,DEF,6,Brighton,,6,,,,,0,0,0,0,0,0,0,0,0,0,0,0,0,0,0.0,0.0,0.0,0.0,0.0,0.0,0.0,0.0,0,0,2,False,0,0,0
154,Cashin,,DEF,6,Brighton,,6,,,,,0,0,0,0,0,0,0,0,0,0,0,0,0,0,0.0,0.0,0.0,0.0,0.0,0.0,0.0,0.0,0,0,2,False,0,0,0
155,Slater,,DEF,6,Brighton,,6,,,,,0,0,0,0,0,0,0,0,0,0,0,0,0,0,0.0,0.0,0.0,0.0,0.0,0.0,0.0,0.0,0,0,2,False,0,0,0
156,Tasker,,DEF,6,Brighton,,6,,,,,0,0,0,0,0,0,0,0,0,0,0,0,0,0,0.0,0.0,0.0,0.0,0.0,0.0,0.0,0.0,0,0,2,False,0,0,0
157,Mitoma,,MID,6,Brighton,,6,,,,,66,2,0,0,0,1,0,0,0,0,0,0,0,4,2.2,1.5,4.0,0.8,0.0,0.02,0.02,1.38,1,3,3,False,2,1,0
158,Georginio,,MID,6,Brighton,,6,,,,,84,2,0,0,0,1,0,0,0,0,0,0,0,5,10.4,15.3,2.0,2.8,0.0,0.35,0.35,1.4,2,7,3,False,4,1,1
159,March,,MID,6,Brighton,,6,,,,,0,0,0,0,0,0,0,0,0,0,0,0,0,0,0.0,0.0,0.0,0.0,0.0,0.0,0.0,0.0,0,0,3,False,0,0,0
160,Minteh,,MID,6,Brighton,,6,,,,,90,5,0,1,0,1,0,0,0,0,0,0,0,18,23.4,19.3,28.0,7.1,0.36,0.24,0.6,1.81,3,6,3,False,1,1,2
161,Enciso,,MID,6,Brighton,,6,,,,,0,0,0,0,0,0,0,0,0,0,0,0,0,0,0.0,0.0,0.0,0.0,0.0,0.0,0.0,0.0,0,0,3,False,0,0,0
162,Gruda,,MID,6,Brighton,,6,,,,,23,4,0,1,0,0,0,0,0,0,0,0,0,16,20.0,14.8,2.0,3.7,0.0,0.33,0.33,0.43,0,2,3,False,1,0,1
163,Hinshelwood,,MID,6,Brighton,,6,,,,,0,0,0,0,0,0,0,0,0,0,0,0,0,0,0.0,0.0,0.0,0.0,0.0,0.0,0.0,0.0,0,0,3,False,0,0,0
164,O'Riley,,MID,6,Brighton,,6,,,,,0,0,0,0,0,0,0,0,0,0,0,0,0,0,0.0,0.0,0.0,0.0,0.0,0.0,0.0,0.0,0,0,3,False,0,0,0
165,Sima,,MID,6,Brighton,,6,,,,,0,0,0,0,0,0,0,0,0,0,0,0,0,0,0.0,0.0,0.0,0.0,0.0,0.0,0.0,0.0,0,0,3,False,0,0,0
166,Ayari,,MID,6,Brighton,,6,,,,,90,2,0,0,0,1,0,0,0,0,0,0,0,14,13.0,21.3,3.0,3.7,0.05,0.16,0.21,1.81,3,10,3,False,5,1,2
167,Baleba,,MID,6,Brighton,,6,,,,,66,2,0,0,0,1,0,0,0,0,0,0,0,5,2.0,2.2,2.0,0.6,0.01,0.01,0.02,1.38,4,9,3,False,5,1,0
168,Buonanotte,,MID,7,Chelsea,,6,,,,,0,0,0,0,0,0,0,0,0,0,0,0,0,0,0.0,0.0,0.0,0.0,0.0,0.0,0.0,0.0,0,0,3,False,0,0,0
169,Gomez,,MID,6,Brighton,,6,,,,,84,2,0,0,0,1,0,0,0,0,0,0,0,10,2.8,1.8,3.0,0.8,0.1,0.01,0.11,1.4,0,6,3,False,3,1,3
170,Milner,,MID,6,Brighton,,6,,,,,0,0,0,0,0,0,0,0,0,0,0,0,0,0,0.0,0.0,0.0,0.0,0.0,0.0,0.0,0.0,0,0,3,False,0,0,0
171,Sarmiento,,MID,6,Brighton,,6,,,,,0,0,0,0,0,0,0,0,0,0,0,0,0,0,0.0,0.0,0.0,0.0,0.0,0.0,0.0,0.0,0,0,3,False,0,0,0
172,Watson,,MID,6,Brighton,,6,,,,,0,0,0,0,0,0,0,0,0,0,0,0,0,0,0.0,0.0,0.0,0.0,0.0,0.0,0.0,0.0,0,0,3,False,0,0,0
173,Wieffer,,MID,6,Brighton,,6,,,,,35,3,0,1,0,0,0,0,0,1,0,0,0,14,20.2,11.6,2.0,3.4,0.0,0.36,0.36,0.48,0,4,3,False,2,0,2
174,Yalcouye,,MID,6,Brighton,,6,,,,,0,0,0,0,0,0,0,0,0,0,0,0,0,0,0.0,0.0,0.0,0.0,0.0,0.0,0.0,0.0,0,0,3,False,0,0,0
175,Knight,,MID,6,Brighton,,6,,,,,0,0,0,0,0,0,0,0,0,0,0,0,0,0,0.0,0.0,0.0,0.0,0.0,0.0,0.0,0.0,0,0,3,False,0,0,0
176,Mazilu,,MID,6,Brighton,,6,,,,,0,0,0,0,0,0,0,0,0,0,0,0,0,0,0.0,0.0,0.0,0.0,0.0,0.0,0.0,0.0,0,0,3,False,0,0,0
177,Moran,,MID,6,Brighton,,6,,,,,0,0,0,0,0,0,0,0,0,0,0,0,0,0,0.0,0.0,0.0,0.0,0.0,0.0,0.0,0.0,0,0,3,False,0,0,0
178,Welbeck,,FWD,6,Brighton,,6,,,,,23,11,2,0,0,0,0,0,0,1,0,0,3,49,65.2,0.1,54.0,11.9,0.75,0.0,0.75,0.43,2,2,4,True,0,0,0
179,Ferguson,,FWD,6,Brighton,,6,,,,,0,0,0,0,0,0,0,0,0,0,0,0,0,0,0.0,0.0,0.0,0.0,0.0,0.0,0.0,0.0,0,0,4,False,0,0,0
180,Tzimas,,FWD,6,Brighton,,6,,,,,5,1,0,0,0,0,0,0,0,0,0,0,0,6,4.0,10.0,4.0,1.8,0.28,0.0,0.28,0.41,0,2,4,False,0,0,2
181,Kostoulas,,FWD,6,Brighton,,6,,,,,0,0,0,0,0,0,0,0,0,0,0,0,0,0,0.0,0.0,0.0,0.0,0.0,0.0,0.0,0.0,0,0,4,False,0,0,0
182,Trafford,,GK,13,Man City,,6,,,,,0,0,0,0,0,0,0,0,0,0,0,0,0,0,0.0,0.0,0.0,0.0,0.0,0.0,0.0,0.0,0,0,1,False,0,0,0
183,Weiss,,GK,3,Burnley,,6,,,,,0,0,0,0,0,0,0,0,0,0,0,0,0,0,0.0,0.0,0.0,0.0,0.0,0.0,0.0,0.0,0,0,1,False,0,0,0
184,Green,,GK,3,Burnley,,6,,,,,0,0,0,0,0,0,0,0,0,0,0,0,0,0,0.0,0.0,0.0,0.0,0.0,0.0,0.0,0.0,0,0,1,False,0,0,0
185,Hladký,,GK,3,Burnley,,6,,,,,0,0,0,0,0,0,0,0,0,0,0,0,0,0,0.0,0.0,0.0,0.0,0.0,0.0,0.0,0.0,0,0,1,False,0,0,0
186,Roberts,,DEF,3,Burnley,,6,,,,,0,0,0,0,0,0,0,0,0,0,0,0,0,0,0.0,0.0,0.0,0.0,0.0,0.0,0.0,0.0,0,0,2,False,0,0,0
187,Walker,,DEF,3,Burnley,,6,,,,,90,-1,0,0,0,5,0,0,0,1,0,0,0,-16,11.4,2.2,4.0,1.8,0.03,0.02,0.05,2.03,5,6,2,False,7,1,1
188,Delcroix,,DEF,3,Burnley,,6,,,,,0,0,0,0,0,0,0,0,0,0,0,0,0,0,0.0,0.0,0.0,0.0,0.0,0.0,0.0,0.0,0,0,2,False,0,0,0
189,Dodgson,,DEF,3,Burnley,,6,,,,,0,0,0,0,0,0,0,0,0,0,0,0,0,0,0.0,0.0,0.0,0.0,0.0,0.0,0.0,0.0,0,0,2,False,0,0,0
190,Ekdal,,DEF,3,Burnley,,6,,,,,90,0,0,0,0,5,0,0,0,0,0,0,0,-9,18.6,10.6,4.0,3.3,0.0,0.15,0.15,2.03,6,9,2,False,1,1,3
191,Estève,,DEF,3,Burnley,,6,,,,,90,-2,0,0,0,5,2,0,0,0,0,0,0,-23,9.2,0.7,1.0,1.1,0.02,0.0,0.02,2.03,8,12,2,False,3,1,4
192,Hartman,,DEF,3,Burnley,,6,,,,,87,3,0,1,0,3,0,0,0,1,0,0,0,6,28.6,11.4,7.0,4.7,0.02,0.12,0.14,1.41,4,6,2,False,1,1,2
193,Humphreys,,DEF,3,Burnley,,6,,,,,2,0,0,0,0,2,0,0,0,0,0,0,0,-5,0.2,0.0,0.0,0.0,0.0,0.0,0.0,0.62,0,0,2,False,0,0,0
194,Jordan,,DEF,3,Burnley,,6,,,,,0,0,0,0,0,0,0,0,0,0,0,0,0,0,0.0,0.0,0.0,0.0,0.0,0.0,0.0,0.0,0,0,2,False,0,0,0
195,Lucas Pires,,DEF,3,Burnley,,6,,,,,0,0,0,0,0,0,0,0,0,0,0,0,0,0,0.0,0.0,0.0,0.0,0.0,0.0,0.0,0.0,0,0,2,False,0,0,0
196,Sambo,,DEF,3,Burnley,,6,,,,,0,0,0,0,0,0,0,0,0,0,0,0,0,0,0.0,0.0,0.0,0.0,0.0,0.0,0.0,0.0,0,0,2,False,0,0,0
197,Sonne,,DEF,3,Burnley,,6,,,,,0,0,0,0,0,0,0,0,0,0,0,0,0,0,0.0,0.0,0.0,0.0,0.0,0.0,0.0,0.0,0,0,2,False,0,0,0
198,Tuanzebe,,DEF,3,Burnley,,6,,,,,0,0,0,0,0,0,0,0,0,0,0,0,0,0,0.0,0.0,0.0,0.0,0.0,0.0,0.0,0.0,0,0,2,False,0,0,0
199,Worrall,,DEF,3,Burnley,,6,,,,,0,0,0,0,0,0,0,0,0,0,0,0,0,0,0.0,0.0,0.0,0.0,0.0,0.0,0.0,0.0,0,0,2,False,0,0,0
200,Anthony,,MID,3,Burnley,,6,,,,,87,6,1,0,0,3,0,0,0,1,0,0,0,30,45.4,36.5,19.0,10.1,0.1,0.08,0.18,1.41,4,10,3,False,4,1,2
201,Benson,,MID,3,Burnley,,6,,,,,0,0,0,0,0,0,0,0,0,0,0,0,0,0,0.0,0.0,0.0,0.0,0.0,0.0,0.0,0.0,0,0,3,False,0,0,0
202,Bruun Larsen,,MID,3,Burnley,,6,,,,,28,1,0,0,0,3,0,0,0,0,0,0,0,1,0.0,1.6,0.0,0.2,0.0,0.0,0.0,0.95,0,1,3,False,1,0,0
203,Boateng,,MID,3,Burnley,,6,,,,,0,0,0,0,0,0,0,0,0,0,0,0,0,0,0.0,0.0,0.0,0.0,0.0,0.0,0.0,0.0,0,0,3,False,0,0,0
204,Churlinov,,MID,3,Burnley,,6,,,,,0,0,0,0,0,0,0,0,0,0,0,0,0,0,0.0,0.0,0.0,0.0,0.0,0.0,0.0,0.0,0,0,3,False,0,0,0
205,Cullen,,MID,3,Burnley,,6,,,,,78,4,0,0,0,3,0,0,0,0,0,0,0,17,27.0,13.5,0.0,4.1,0.0,0.01,0.01,1.25,10,12,3,False,2,1,0
206,Edwards,,MID,3,Burnley,,6,,,,,0,0,0,0,0,0,0,0,0,0,0,0,0,0,0.0,0.0,0.0,0.0,0.0,0.0,0.0,0.0,0,0,3,False,0,0,0
207,Hannibal,,MID,3,Burnley,,6,,,,,2,1,0,0,0,2,0,0,0,0,0,0,0,4,1.0,0.0,0.0,0.1,0.0,0.0,0.0,0.62,0,0,3,False,0,0,0
208,Koleosho,,MID,3,Burnley,,6,,,,,0,0,0,0,0,0,0,0,0,0,0,0,0,0,0.0,0.0,0.0,0.0,0.0,0.0,0.0,0.0,0,0,3,False,0,0,0
209,Laurent,,MID,3,Burnley,,6,,,,,90,2,0,0,0,5,0,0,0,0,0,0,0,9,4.0,0.7,5.0,1.0,0.04,0.0,0.04,2.03,2,6,3,False,4,1,0
210,Tchaouna,,MID,3,Burnley,,6,,,,,61,2,0,0,0,2,0,0,0,0,0,0,0,6,5.4,1.2,5.0,1.2,0.03,0.0,0.03,1.08,1,4,3,False,1,1,2
211,A.Ramsey,,MID,3,Burnley,,6,,,,,0,0,0,0,0,0,0,0,0,0,0,0,0,0,0.0,0.0,0.0,0.0,0.0,0.0,0.0,0.0,0,0,3,False,0,0,0
212,Adewumi,,MID,3,Burnley,,6,,,,,0,0,0,0,0,0,0,0,0,0,0,0,0,0,0.0,0.0,0.0,0.0,0.0,0.0,0.0,0.0,0,0,3,False,0,0,0
213,Banel,,MID,3,Burnley,,6,,,,,0,0,0,0,0,0,0,0,0,0,0,0,0,0,0.0,0.0,0.0,0.0,0.0,0.0,0.0,0.0,0,0,3,False,0,0,0
214,Trésor,,MID,3,Burnley,,6,,,,,0,0,0,0,0,0,0,0,0,0,0,0,0,0,0.0,0.0,0.0,0.0,0.0,0.0,0.0,0.0,0,0,3,False,0,0,0
215,Flemming,,FWD,3,Burnley,,6,,,,,0,0,0,0,0,0,0,0,0,0,0,0,0,0,0.0,0.0,0.0,0.0,0.0,0.0,0.0,0.0,0,0,4,False,0,0,0
216,Amdouni,,FWD,3,Burnley,,6,,,,,0,0,0,0,0,0,0,0,0,0,0,0,0,0,0.0,0.0,0.0,0.0,0.0,0.0,0.0,0.0,0,0,4,False,0,0,0
217,Foster,,FWD,3,Burnley,,6,,,,,79,2,0,0,0,3,0,0,0,0,0,0,0,6,1.6,11.6,13.0,2.6,0.18,0.03,0.21,1.25,2,3,4,False,1,1,0
218,Barnes,,FWD,3,Burnley,,6,,,,,0,0,0,0,0,0,0,0,0,0,0,0,0,0,0.0,0.0,0.0,0.0,0.0,0.0,0.0,0.0,0,0,4,False,0,0,0
219,Obafemi,,FWD,3,Burnley,,6,,,,,0,0,0,0,0,0,0,0,0,0,0,0,0,0,0.0,0.0,0.0,0.0,0.0,0.0,0.0,0.0,0,0,4,False,0,0,0
220,Sánchez,,GK,7,Chelsea,,6,,,,,90,1,0,0,0,3,0,0,0,0,0,0,0,2,10.0,20.0,0.0,3.0,0.0,0.0,0.0,2.28,0,0,1,False,12,1,0
221,Jörgensen,,GK,7,Chelsea,,6,,,,,0,0,0,0,0,0,0,0,0,0,0,0,0,0,0.0,0.0,0.0,0.0,0.0,0.0,0.0,0.0,0,0,1,False,0,0,0
222,Penders,,GK,7,Chelsea,,6,,,,,0,0,0,0,0,0,0,0,0,0,0,0,0,0,0.0,0.0,0.0,0.0,0.0,0.0,0.0,0.0,0,0,1,False,0,0,0
223,Slonina,,GK,7,Chelsea,,6,,,,,0,0,0,0,0,0,0,0,0,0,0,0,0,0,0.0,0.0,0.0,0.0,0.0,0.0,0.0,0.0,0,0,1,False,0,0,0
224,Cucurella,,DEF,7,Chelsea,,6,,,,,90,0,0,0,0,3,0,0,0,1,0,0,0,1,9.0,16.9,3.0,2.9,0.02,0.01,0.03,2.28,1,4,2,False,2,1,3
225,James,,DEF,7,Chelsea,,6,,,,,90,3,0,1,0,3,0,0,0,1,0,0,0,11,13.8,18.0,13.0,4.5,0.05,0.3,0.35,2.28,4,5,2,False,1,1,1
226,Chalobah,,DEF,7,Chelsea,,6,,,,,52,-3,0,0,0,3,0,0,0,0,1,0,0,-13,0.0,1.3,0.0,0.0,0.0,0.0,0.0,0.13,1,1,2,False,2,1,0
227,Colwill,,DEF,7,Chelsea,,6,,,,,0,0,0,0,0,0,0,0,0,0,0,0,0,0,0.0,0.0,0.0,0.0,0.0,0.0,0.0,0.0,0,0,2,False,0,0,0
228,Gusto,,DEF,7,Chelsea,,6,,,,,27,0,0,0,0,3,0,0,0,0,0,0,0,-5,4.2,1.8,2.0,0.8,0.0,0.01,0.01,2.06,0,2,2,False,1,0,2
229,B.Badiashile,,DEF,7,Chelsea,,6,,,,,11,-1,0,0,0,2,0,0,0,1,0,0,0,-8,1.4,0.3,0.0,0.2,0.0,0.0,0.0,1.24,1,1,2,False,2,0,0
230,Fofana,,DEF,7,Chelsea,,6,,,,,0,0,0,0,0,0,0,0,0,0,0,0,0,0,0.0,0.0,0.0,0.0,0.0,0.0,0.0,0.0,0,0,2,False,0,0,0
231,M.Sarr,,DEF,7,Chelsea,,6,,,,,0,0,0,0,0,0,0,0,0,0,0,0,0,0,0.0,0.0,0.0,0.0,0.0,0.0,0.0,0.0,0,0,2,False,0,0,0
232,Tosin,,DEF,7,Chelsea,,6,,,,,0,0,0,0,0,0,0,0,0,0,0,0,0,0,0.0,0.0,0.0,0.0,0.0,0.0,0.0,0.0,0,0,2,False,0,0,0
233,Acheampong,,DEF,7,Chelsea,,6,,,,,36,0,0,0,0,3,0,0,0,0,0,0,0,-12,0.0,0.1,0.0,0.0,0.0,0.0,0.0,2.16,3,3,2,False,1,0,0
234,Anselmino,,DEF,7,Chelsea,,6,,,,,0,0,0,0,0,0,0,0,0,0,0,0,0,0,0.0,0.0,0.0,0.0,0.0,0.0,0.0,0.0,0,0,2,False,0,0,0
235,Palmer,,MID,7,Chelsea,,6,,,,,0,0,0,0,0,0,0,0,0,0,0,0,0,0,0.0,0.0,0.0,0.0,0.0,0.0,0.0,0.0,0,0,3,False,0,0,0
236,Neto,,MID,7,Chelsea,,6,,,,,78,2,0,0,0,1,0,0,0,0,0,0,0,5,4.6,17.3,11.0,3.3,0.05,0.03,0.08,1.05,1,2,3,False,0,1,1
237,Enzo,,MID,7,Chelsea,,6,,,,,90,9,1,0,0,3,0,0,0,0,0,0,2,32,43.4,20.2,52.0,11.6,1.48,0.02,1.5,2.28,0,6,3,False,3,1,3
238,Estêvão,,MID,7,Chelsea,,6,,,,,63,3,0,0,1,0,0,0,0,0,0,0,0,9,9.2,3.3,19.0,3.2,0.19,0.01,0.2,0.22,1,5,3,False,1,1,3
239,Gittens,,MID,7,Chelsea,,6,,,,,0,0,0,0,0,0,0,0,0,0,0,0,0,0,0.0,0.0,0.0,0.0,0.0,0.0,0.0,0.0,0,0,3,False,0,0,0
240,Nkunku,,MID,7,Chelsea,,6,,,,,0,0,0,0,0,0,0,0,0,0,0,0,0,0,0.0,0.0,0.0,0.0,0.0,0.0,0.0,0.0,0,0,3,False,0,0,0
241,Caicedo,,MID,7,Chelsea,,6,,,,,90,2,0,0,0,3,0,0,0,0,0,0,0,18,17.4,4.4,2.0,2.4,0.03,0.02,0.05,2.28,4,11,3,False,4,1,3
242,Dewsbury-Hall,,MID,9,Everton,,6,,,,,90,1,0,0,0,1,0,0,0,1,0,0,0,11,4.4,17.0,17.0,3.8,0.13,0.05,0.18,1.17,4,10,3,False,6,1,0
243,George,,MID,7,Chelsea,,6,,,,,0,0,0,0,0,0,0,0,0,0,0,0,0,0,0.0,0.0,0.0,0.0,0.0,0.0,0.0,0.0,0,0,3,False,0,0,0
244,Lavia,,MID,7,Chelsea,,6,,,,,11,1,0,0,0,2,0,0,0,0,0,0,0,4,2.8,0.3,0.0,0.3,0.0,0.01,0.01,1.24,2,3,3,False,1,0,0
245,Mudryk,,MID,7,Chelsea,,6,,,,,0,0,0,0,0,0,0,0,0,0,0,0,0,0,0.0,0.0,0.0,0.0,0.0,0.0,0.0,0.0,0,0,3,False,0,0,0
246,Andrey Santos,,MID,7,Chelsea,,6,,,,,53,1,0,0,0,0,0,0,0,0,0,0,0,6,6.6,11.0,0.0,1.8,0.0,0.01,0.01,0.13,0,2,3,False,0,1,2
247,D.Essugo,,MID,7,Chelsea,,6,,,,,0,0,0,0,0,0,0,0,0,0,0,0,0,0,0.0,0.0,0.0,0.0,0.0,0.0,0.0,0.0,0,0,3,False,0,0,0
248,Paez,,MID,7,Chelsea,,6,,,,,0,0,0,0,0,0,0,0,0,0,0,0,0,0,0.0,0.0,0.0,0.0,0.0,0.0,0.0,0.0,0,0,3,False,0,0,0
249,João Pedro,,FWD,7,Chelsea,,6,,,,,90,2,0,0,0,3,0,0,0,0,0,0,0,6,8.6,30.5,0.0,3.9,0.0,0.03,0.03,2.28,1,6,4,False,3,1,2
250,Delap,,FWD,7,Chelsea,,6,,,,,0,0,0,0,0,0,0,0,0,0,0,0,0,0,0.0,0.0,0.0,0.0,0.0,0.0,0.0,0.0,0,0,4,False,0,0,0
251,N.Jackson,,FWD,7,Chelsea,,6,,,,,0,0,0,0,0,0,0,0,0,0,0,0,0,0,0.0,0.0,0.0,0.0,0.0,0.0,0.0,0.0,0,0,4,False,0,0,0
252,Marc Guiu,,FWD,7,Chelsea,,6,,,,,0,0,0,0,0,0,0,0,0,0,0,0,0,0,0.0,0.0,0.0,0.0,0.0,0.0,0.0,0.0,0,0,4,False,0,0,0
253,Henderson,,GK,8,Crystal Palace,,6,,,,,90,3,0,0,0,1,0,0,0,0,0,3,0,14,21.4,0.0,0.0,2.1,0.0,0.0,0.0,2.14,0,0,1,False,9,1,0
254,Benitez,,GK,8,Crystal Palace,,6,,,,,0,0,0,0,0,0,0,0,0,0,0,0,0,0,0.0,0.0,0.0,0.0,0.0,0.0,0.0,0.0,0,0,1,False,0,0,0
255,Matthews,,GK,8,Crystal Palace,,6,,,,,0,0,0,0,0,0,0,0,0,0,0,0,0,0,0.0,0.0,0.0,0.0,0.0,0.0,0.0,0.0,0,0,1,False,0,0,0
256,Muñoz,,DEF,8,Crystal Palace,,6,,,,,90,2,0,0,0,1,0,0,0,0,0,0,0,12,19.4,11.1,46.0,7.7,0.37,0.01,0.38,2.14,7,9,2,False,2,1,2
257,Lacroix,,DEF,8,Crystal Palace,,6,,,,,90,4,0,0,0,1,0,0,0,0,0,0,0,15,27.6,0.1,0.0,2.8,0.0,0.01,0.01,2.14,8,13,2,False,2,1,5
258,Mitchell,,DEF,8,Crystal Palace,,6,,,,,90,4,0,0,0,1,0,0,0,0,0,0,0,11,24.8,15.3,8.0,4.8,0.0,0.12,0.12,2.14,8,13,2,False,3,1,5
259,Sosa,,DEF,8,Crystal Palace,,6,,,,,0,0,0,0,0,0,0,0,0,0,0,0,0,0,0.0,0.0,0.0,0.0,0.0,0.0,0.0,0.0,0,0,2,False,0,0,0
260,Guéhi,,DEF,8,Crystal Palace,,6,,,,,90,7,0,1,0,1,0,0,0,0,0,0,0,21,35.4,11.1,4.0,5.1,0.0,0.05,0.05,2.14,8,11,2,False,2,1,3
261,Richards,,DEF,8,Crystal Palace,,6,,,,,90,4,0,0,0,1,0,0,0,0,0,0,0,7,19.8,0.2,0.0,2.0,0.0,0.0,0.0,2.14,10,13,2,False,0,1,3
262,Chadi Riad,,DEF,8,Crystal Palace,,6,,,,,0,0,0,0,0,0,0,0,0,0,0,0,0,0,0.0,0.0,0.0,0.0,0.0,0.0,0.0,0.0,0,0,2,False,0,0,0
263,Clyne,,DEF,8,Crystal Palace,,6,,,,,0,0,0,0,0,0,0,0,0,0,0,0,0,0,0.0,0.0,0.0,0.0,0.0,0.0,0.0,0.0,0,0,2,False,0,0,0
264,Holding,,DEF,8,Crystal Palace,,6,,,,,0,0,0,0,0,0,0,0,0,0,0,0,0,0,0.0,0.0,0.0,0.0,0.0,0.0,0.0,0.0,0,0,2,False,0,0,0
265,Kporha,,DEF,8,Crystal Palace,,6,,,,,0,0,0,0,0,0,0,0,0,0,0,0,0,0,0.0,0.0,0.0,0.0,0.0,0.0,0.0,0.0,0,0,2,False,0,0,0
266,Eze,,MID,1,Arsenal,,6,,,,,90,2,0,0,0,1,0,0,0,0,0,0,0,11,10.6,17.1,47.0,7.5,0.42,0.09,0.51,0.61,1,6,3,False,5,1,0
267,Sarr,,MID,8,Crystal Palace,,6,,,,,74,11,1,0,1,0,0,0,0,0,0,0,3,29,33.0,12.8,53.0,9.9,0.75,0.15,0.9,1.5,0,3,3,True,3,1,0
268,Doucouré,,MID,8,Crystal Palace,,6,,,,,0,0,0,0,0,0,0,0,0,0,0,0,0,0,0.0,0.0,0.0,0.0,0.0,0.0,0.0,0.0,0,0,3,False,0,0,0
269,Esse,,MID,8,Crystal Palace,,6,,,,,0,0,0,0,0,0,0,0,0,0,0,0,0,0,0.0,0.0,0.0,0.0,0.0,0.0,0.0,0.0,0,0,3,False,0,0,0
270,Hughes,,MID,8,Crystal Palace,,6,,,,,28,1,0,0,0,1,0,0,0,0,0,0,0,2,1.6,0.8,4.0,0.6,0.0,0.06,0.06,1.1,0,0,3,False,0,0,0
271,Kamada,,MID,8,Crystal Palace,,6,,,,,90,5,0,1,0,1,0,0,0,0,0,0,0,17,2.0,12.2,2.0,1.6,0.0,0.04,0.04,2.14,0,8,3,False,5,1,3
272,Lerma,,MID,8,Crystal Palace,,6,,,,,16,1,0,0,0,1,0,0,0,0,0,0,0,5,2.2,0.6,3.0,0.6,0.05,0.01,0.06,0.64,1,4,3,False,2,0,1
273,Wharton,,MID,8,Crystal Palace,,6,,,,,61,3,0,0,1,0,0,0,0,0,0,0,0,21,13.0,48.3,5.0,6.6,0.04,0.44,0.48,1.03,1,6,3,False,4,1,1
274,Agbinone,,MID,8,Crystal Palace,,6,,,,,0,0,0,0,0,0,0,0,0,0,0,0,0,0,0.0,0.0,0.0,0.0,0.0,0.0,0.0,0.0,0,0,3,False,0,0,0
275,Ahamada,,MID,8,Crystal Palace,,6,,,,,0,0,0,0,0,0,0,0,0,0,0,0,0,0,0.0,0.0,0.0,0.0,0.0,0.0,0.0,0.0,0,0,3,False,0,0,0
276,Devenny,,MID,8,Crystal Palace,,6,,,,,1,1,0,0,0,0,0,0,0,0,0,0,0,4,1.2,0.1,0.0,0.1,0.0,0.0,0.0,0.0,0,2,3,False,1,0,1
277,Ebiowei,,MID,8,Crystal Palace,,6,,,,,0,0,0,0,0,0,0,0,0,0,0,0,0,0,0.0,0.0,0.0,0.0,0.0,0.0,0.0,0.0,0,0,3,False,0,0,0
278,J.Rak-Sakyi,,MID,8,Crystal Palace,,6,,,,,0,0,0,0,0,0,0,0,0,0,0,0,0,0,0.0,0.0,0.0,0.0,0.0,0.0,0.0,0.0,0,0,3,False,0,0,0
279,M.França,,MID,8,Crystal Palace,,6,,,,,0,0,0,0,0,0,0,0,0,0,0,0,0,0,0.0,0.0,0.0,0.0,0.0,0.0,0.0,0.0,0,0,3,False,0,0,0
280,Ozoh,,MID,8,Crystal Palace,,6,,,,,0,0,0,0,0,0,0,0,0,0,0,0,0,0,0.0,0.0,0.0,0.0,0.0,0.0,0.0,0.0,0,0,3,False,0,0,0
281,Rodney,,MID,8,Crystal Palace,,6,,,,,0,0,0,0,0,0,0,0,0,0,0,0,0,0,0.0,0.0,0.0,0.0,0.0,0.0,0.0,0.0,0,0,3,False,0,0,0
282,Umeh,,MID,8,Crystal Palace,,6,,,,,0,0,0,0,0,0,0,0,0,0,0,0,0,0,0.0,0.0,0.0,0.0,0.0,0.0,0.0,0.0,0,0,3,False,0,0,0
283,Mateta,,FWD,8,Crystal Palace,,6,,,,,90,2,0,0,0,1,0,0,0,0,0,0,0,2,7.6,15.8,39.0,6.2,0.92,0.1,1.02,2.14,1,3,4,False,2,1,0
284,Nketiah,,FWD,8,Crystal Palace,,6,,,,,15,4,1,0,0,1,0,0,0,1,0,0,0,25,31.0,10.1,23.0,6.4,0.57,0.0,0.57,0.64,0,0,4,False,0,0,0
285,Édouard,,FWD,8,Crystal Palace,,6,,,,,0,0,0,0,0,0,0,0,0,0,0,0,0,0,0.0,0.0,0.0,0.0,0.0,0.0,0.0,0.0,0,0,4,False,0,0,0
286,Marsh,,FWD,8,Crystal Palace,,6,,,,,0,0,0,0,0,0,0,0,0,0,0,0,0,0,0.0,0.0,0.0,0.0,0.0,0.0,0.0,0.0,0,0,4,False,0,0,0
287,Pickford,,GK,9,Everton,,6,,,,,90,2,0,0,0,1,0,0,0,0,0,2,0,12,23.2,0.0,0.0,2.3,0.0,0.0,0.0,1.17,1,0,1,False,8,1,1
288,Travers,,GK,9,Everton,,6,,,,,0,0,0,0,0,0,0,0,0,0,0,0,0,0,0.0,0.0,0.0,0.0,0.0,0.0,0.0,0.0,0,0,1,False,0,0,0
289,Tyrer,,GK,9,Everton,,6,,,,,0,0,0,0,0,0,0,0,0,0,0,0,0,0,0.0,0.0,0.0,0.0,0.0,0.0,0.0,0.0,0,0,1,False,0,0,0
290,Branthwaite,,DEF,9,Everton,,6,,,,,0,0,0,0,0,0,0,0,0,0,0,0,0,0,0.0,0.0,0.0,0.0,0.0,0.0,0.0,0.0,0,0,2,False,0,0,0
291,Tarkowski,,DEF,9,Everton,,6,,,,,90,1,0,0,0,1,0,0,0,1,0,0,0,10,21.6,15.7,0.0,3.7,0.0,0.11,0.11,1.17,7,7,2,False,3,1,0
292,Mykolenko,,DEF,9,Everton,,6,,,,,90,1,0,0,0,1,0,0,0,1,0,0,0,9,20.6,3.5,2.0,2.6,0.0,0.03,0.03,1.17,8,8,2,False,3,1,0
293,O'Brien,,DEF,9,Everton,,6,,,,,90,2,0,0,0,1,0,0,0,0,0,0,0,11,12.6,5.3,5.0,2.3,0.04,0.02,0.06,1.17,7,9,2,False,4,1,2
294,Coleman,,DEF,9,Everton,,6,,,,,0,0,0,0,0,0,0,0,0,0,0,0,0,0,0.0,0.0,0.0,0.0,0.0,0.0,0.0,0.0,0,0,2,False,0,0,0
295,Keane,,DEF,9,Everton,,6,,,,,90,11,1,0,0,1,0,0,0,0,0,0,1,25,63.4,0.9,19.0,8.3,0.05,0.01,0.06,1.17,12,13,2,False,1,1,1
296,Patterson,,DEF,9,Everton,,6,,,,,0,0,0,0,0,0,0,0,0,0,0,0,0,0,0.0,0.0,0.0,0.0,0.0,0.0,0.0,0.0,0,0,2,False,0,0,0
297,Dixon,,DEF,9,Everton,,6,,,,,0,0,0,0,0,0,0,0,0,0,0,0,0,0,0.0,0.0,0.0,0.0,0.0,0.0,0.0,0.0,0,0,2,False,0,0,0
298,Welch,,DEF,9,Everton,,6,,,,,0,0,0,0,0,0,0,0,0,0,0,0,0,0,0.0,0.0,0.0,0.0,0.0,0.0,0.0,0.0,0,0,2,False,0,0,0
299,Ndiaye,,MID,9,Everton,,6,,,,,80,2,0,0,0,1,0,0,0,0,0,0,0,16,12.2,27.9,21.0,6.1,0.06,0.13,0.19,1.02,0,6,3,False,5,1,1
300,McNeil,,MID,9,Everton,,6,,,,,0,0,0,0,0,0,0,0,0,0,0,0,0,0,0.0,0.0,0.0,0.0,0.0,0.0,0.0,0.0,0,0,3,False,0,0,0
301,Alcaraz,,MID,9,Everton,,6,,,,,0,0,0,0,0,0,0,0,0,0,0,0,0,0,0.0,0.0,0.0,0.0,0.0,0.0,0.0,0.0,0,0,3,False,0,0,0
302,Gana,,MID,9,Everton,,6,,,,,90,2,0,0,0,1,0,0,0,0,0,0,0,12,12.2,9.6,1.0,2.3,0.04,0.06,0.1,1.17,2,7,3,False,4,1,1
303,Garner,,MID,9,Everton,,6,,,,,90,7,0,1,0,1,0,0,0,0,0,0,2,30,34.4,22.1,49.0,10.6,0.24,0.1,0.34,1.17,3,9,3,False,4,1,2
304,Iroegbunam,,MID,9,Everton,,6,,,,,0,0,0,0,0,0,0,0,0,0,0,0,0,0,0.0,0.0,0.0,0.0,0.0,0.0,0.0,0.0,0,0,3,False,0,0,0
305,Armstrong,,MID,9,Everton,,6,,,,,0,0,0,0,0,0,0,0,0,0,0,0,0,0,0.0,0.0,0.0,0.0,0.0,0.0,0.0,0.0,0,0,3,False,0,0,0
306,Bates,,MID,9,Everton,,6,,,,,0,0,0,0,0,0,0,0,0,0,0,0,0,0,0.0,0.0,0.0,0.0,0.0,0.0,0.0,0.0,0,0,3,False,0,0,0
307,Ebere,,MID,9,Everton,,6,,,,,0,0,0,0,0,0,0,0,0,0,0,0,0,0,0.0,0.0,0.0,0.0,0.0,0.0,0.0,0.0,0,0,3,False,0,0,0
308,Heath,,MID,9,Everton,,6,,,,,0,0,0,0,0,0,0,0,0,0,0,0,0,0,0.0,0.0,0.0,0.0,0.0,0.0,0.0,0.0,0,0,3,False,0,0,0
309,Metcalfe,,MID,9,Everton,,6,,,,,0,0,0,0,0,0,0,0,0,0,0,0,0,0,0.0,0.0,0.0,0.0,0.0,0.0,0.0,0.0,0,0,3,False,0,0,0
310,Barry,,FWD,9,Everton,,6,,,,,21,1,0,0,0,0,0,0,0,0,0,0,0,3,2.0,1.3,0.0,0.3,0.0,0.0,0.0,0.29,1,1,4,False,0,0,0
311,Beto,,FWD,9,Everton,,6,,,,,68,2,0,0,0,1,0,0,0,0,0,0,0,4,5.0,1.6,21.0,2.8,0.18,0.0,0.18,0.88,1,3,4,False,1,1,1
312,Y.Chermiti,,FWD,9,Everton,,6,,,,,0,0,0,0,0,0,0,0,0,0,0,0,0,0,0.0,0.0,0.0,0.0,0.0,0.0,0.0,0.0,0,0,4,False,0,0,0
313,Sherif,,FWD,9,Everton,,6,,,,,0,0,0,0,0,0,0,0,0,0,0,0,0,0,0.0,0.0,0.0,0.0,0.0,0.0,0.0,0.0,0,0,4,False,0,0,0
314,Leno,,GK,10,Fulham,,6,,,,,90,1,0,0,0,3,0,0,0,0,0,1,0,0,9.2,0.0,0.0,0.9,0.0,0.0,0.0,1.11,1,0,1,False,12,1,0
315,Benda,,GK,10,Fulham,,6,,,,,0,0,0,0,0,0,0,0,0,0,0,0,0,0,0.0,0.0,0.0,0.0,0.0,0.0,0.0,0.0,0,0,1,False,0,0,0
316,Robinson,,DEF,10,Fulham,,6,,,,,10,1,0,0,0,0,0,0,0,0,0,0,0,3,1.8,1.3,0.0,0.3,0.0,0.02,0.02,0.0,0,0,2,False,0,0,0
317,Andersen,,DEF,10,Fulham,,6,,,,,90,3,0,0,0,3,0,0,0,0,0,0,0,8,18.8,0.8,2.0,2.2,0.0,0.01,0.01,1.11,8,10,2,False,3,1,2
318,Bassey,,DEF,10,Fulham,,6,,,,,90,0,0,0,0,3,0,0,0,1,0,0,0,0,16.6,11.8,0.0,2.8,0.0,0.01,0.01,1.11,4,6,2,False,7,1,2
319,Castagne,,DEF,10,Fulham,,6,,,,,90,3,0,0,0,3,0,0,0,0,0,0,0,11,23.2,20.2,4.0,4.7,0.0,0.03,0.03,1.11,8,10,2,False,6,1,2
320,Diop,,DEF,10,Fulham,,6,,,,,0,0,0,0,0,0,0,0,0,0,0,0,0,0,0.0,0.0,0.0,0.0,0.0,0.0,0.0,0.0,0,0,2,False,0,0,0
321,J.Cuenca,,DEF,10,Fulham,,6,,,,,0,0,0,0,0,0,0,0,0,0,0,0,0,0,0.0,0.0,0.0,0.0,0.0,0.0,0.0,0.0,0,0,2,False,0,0,0
322,Tete,,DEF,10,Fulham,,6,,,,,0,0,0,0,0,0,0,0,0,0,0,0,0,0,0.0,0.0,0.0,0.0,0.0,0.0,0.0,0.0,0,0,2,False,0,0,0
323,Amissah,,DEF,10,Fulham,,6,,,,,0,0,0,0,0,0,0,0,0,0,0,0,0,0,0.0,0.0,0.0,0.0,0.0,0.0,0.0,0.0,0,0,2,False,0,0,0
324,Iwobi,,MID,10,Fulham,,6,,,,,64,2,0,0,0,3,0,0,0,0,0,0,0,7,2.6,7.8,0.0,1.0,0.0,0.18,0.18,1.11,0,3,3,False,3,1,0
325,Smith Rowe,,MID,10,Fulham,,6,,,,,25,1,0,0,0,0,0,0,0,0,0,0,0,3,1.4,3.0,0.0,0.4,0.0,0.01,0.01,0.0,0,1,3,False,1,0,0
326,Adama,,MID,10,Fulham,,6,,,,,79,2,0,0,0,3,0,0,0,0,0,0,0,8,7.6,33.3,4.0,4.5,0.0,0.41,0.41,1.11,0,3,3,False,3,0,0
327,Andreas,,MID,10,Fulham,,6,,,,,0,0,0,0,0,0,0,0,0,0,0,0,0,0,0.0,0.0,0.0,0.0,0.0,0.0,0.0,0.0,0,0,3,False,0,0,0
328,Sessegnon,,MID,10,Fulham,,6,,,,,79,2,0,0,0,3,0,0,0,0,0,0,0,12,20.4,1.0,6.0,2.7,0.0,0.0,0.0,1.11,6,11,3,False,1,1,4
329,Wilson,,MID,10,Fulham,,6,,,,,79,1,0,0,0,3,0,0,0,1,0,0,0,6,1.6,3.2,8.0,1.3,0.21,0.01,0.22,1.11,1,6,3,False,4,1,1
330,Berge,,MID,10,Fulham,,6,,,,,90,2,0,0,0,3,0,0,0,0,0,0,0,13,7.4,2.5,0.0,1.0,0.0,0.01,0.01,1.11,2,6,3,False,3,1,1
331,Cairney,,MID,10,Fulham,,6,,,,,0,0,0,0,0,0,0,0,0,0,0,0,0,0,0.0,0.0,0.0,0.0,0.0,0.0,0.0,0.0,0,0,3,False,0,0,0
332,Lukić,,MID,10,Fulham,,6,,,,,90,4,0,1,0,3,0,0,0,1,0,0,0,20,22.4,31.5,14.0,6.8,0.23,0.12,0.35,1.11,2,8,3,False,5,1,1
333,Godo,,MID,10,Fulham,,6,,,,,0,0,0,0,0,0,0,0,0,0,0,0,0,0,0.0,0.0,0.0,0.0,0.0,0.0,0.0,0.0,0,0,3,False,0,0,0
334,Harris,,MID,10,Fulham,,6,,,,,0,0,0,0,0,0,0,0,0,0,0,0,0,0,0.0,0.0,0.0,0.0,0.0,0.0,0.0,0.0,0,0,3,False,0,0,0
335,King,,MID,10,Fulham,,6,,,,,64,1,0,0,0,3,0,0,0,1,0,0,0,11,16.8,11.1,47.0,7.5,0.25,0.01,0.26,1.11,2,5,3,False,2,1,1
336,Reed,,MID,10,Fulham,,6,,,,,0,0,0,0,0,0,0,0,0,0,0,0,0,0,0.0,0.0,0.0,0.0,0.0,0.0,0.0,0.0,0,0,3,False,0,0,0
337,Raúl,,FWD,10,Fulham,,6,,,,,10,6,1,0,0,0,0,0,0,0,0,0,1,29,32.0,0.0,33.0,6.5,0.06,0.0,0.06,0.0,0,0,4,False,0,1,0
338,Muniz,,FWD,10,Fulham,,6,,,,,0,0,0,0,0,0,0,0,0,0,0,0,0,0,0.0,0.0,0.0,0.0,0.0,0.0,0.0,0.0,0,0,4,False,0,0,0
339,Meslier,,GK,11,Leeds,,6,,,,,0,0,0,0,0,0,0,0,0,0,0,0,0,0,0.0,0.0,0.0,0.0,0.0,0.0,0.0,0.0,0,0,1,False,0,0,0
340,Cairns,,GK,11,Leeds,,6,,,,,0,0,0,0,0,0,0,0,0,0,0,0,0,0,0.0,0.0,0.0,0.0,0.0,0.0,0.0,0.0,0,0,1,False,0,0,0
341,Darlow,,GK,11,Leeds,,6,,,,,90,2,0,0,0,2,0,0,0,0,0,3,0,12,29.4,0.0,0.0,2.9,0.0,0.0,0.0,0.82,1,0,1,False,12,1,0
342,Bogle,,DEF,11,Leeds,,6,,,,,90,3,0,0,0,2,0,0,0,0,0,0,0,10,22.8,14.9,8.0,4.6,0.0,0.03,0.03,0.82,5,10,2,False,3,1,5
343,Struijk,,DEF,11,Leeds,,6,,,,,90,3,0,0,0,2,0,0,0,0,0,0,0,9,23.4,10.6,6.0,4.0,0.11,0.02,0.13,0.82,12,12,2,False,4,1,0
344,Bijol,,DEF,11,Leeds,,6,,,,,0,0,0,0,0,0,0,0,0,0,0,0,0,0,0.0,0.0,0.0,0.0,0.0,0.0,0.0,0.0,0,0,2,False,0,0,0
345,Bornauw,,DEF,11,Leeds,,6,,,,,0,0,0,0,0,0,0,0,0,0,0,0,0,0,0.0,0.0,0.0,0.0,0.0,0.0,0.0,0.0,0,0,2,False,0,0,0
346,Byram,,DEF,11,Leeds,,6,,,,,0,0,0,0,0,0,0,0,0,0,0,0,0,0,0.0,0.0,0.0,0.0,0.0,0.0,0.0,0.0,0,0,2,False,0,0,0
347,Gudmundsson,,DEF,11,Leeds,,6,,,,,90,1,0,0,0,2,0,0,0,0,0,0,0,-6,13.2,0.9,8.0,2.2,0.0,0.01,0.01,0.82,2,6,2,False,2,1,4
348,Rodon,,DEF,11,Leeds,,6,,,,,90,7,1,0,0,2,0,0,0,0,0,0,0,21,55.0,0.3,47.0,10.2,0.33,0.0,0.33,0.82,7,9,2,False,3,1,2
349,Schmidt,,DEF,11,Leeds,,6,,,,,0,0,0,0,0,0,0,0,0,0,0,0,0,0,0.0,0.0,0.0,0.0,0.0,0.0,0.0,0.0,0,0,2,False,0,0,0
350,Aaronson,,MID,11,Leeds,,6,,,,,86,4,0,1,0,1,0,0,0,1,0,0,0,19,7.8,12.3,35.0,5.5,0.47,0.02,0.49,0.58,2,6,3,False,2,1,2
351,Gnonto,,MID,11,Leeds,,6,,,,,0,0,0,0,0,0,0,0,0,0,0,0,0,0,0.0,0.0,0.0,0.0,0.0,0.0,0.0,0.0,0,0,3,False,0,0,0
352,Harrison,,MID,11,Leeds,,6,,,,,23,1,0,0,0,1,0,0,0,0,0,0,0,5,4.0,0.4,11.0,1.5,0.07,0.0,0.07,0.41,0,2,3,False,1,0,1
353,James,,MID,11,Leeds,,6,,,,,0,0,0,0,0,0,0,0,0,0,0,0,0,0,0.0,0.0,0.0,0.0,0.0,0.0,0.0,0.0,0,0,3,False,0,0,0
354,Ampadu,,MID,11,Leeds,,6,,,,,90,1,0,0,0,2,0,0,0,1,0,0,0,8,6.8,7.7,2.0,1.7,0.0,0.02,0.02,0.82,3,9,3,False,5,1,1
355,Greenwood,,MID,11,Leeds,,6,,,,,0,0,0,0,0,0,0,0,0,0,0,0,0,0,0.0,0.0,0.0,0.0,0.0,0.0,0.0,0.0,0,0,3,False,0,0,0
356,Gruev,,MID,11,Leeds,,6,,,,,0,0,0,0,0,0,0,0,0,0,0,0,0,0,0.0,0.0,0.0,0.0,0.0,0.0,0.0,0.0,0,0,3,False,0,0,0
357,Ramazani,,MID,11,Leeds,,6,,,,,0,0,0,0,0,0,0,0,0,0,0,0,0,0,0.0,0.0,0.0,0.0,0.0,0.0,0.0,0.0,0,0,3,False,0,0,0
358,Tanaka,,MID,11,Leeds,,6,,,,,3,1,0,0,0,1,0,0,0,0,0,0,0,3,1.0,0.0,0.0,0.1,0.0,0.0,0.0,0.24,0,2,3,False,1,0,1
359,Crew,,MID,11,Leeds,,6,,,,,0,0,0,0,0,0,0,0,0,0,0,0,0,0,0.0,0.0,0.0,0.0,0.0,0.0,0.0,0.0,0,0,3,False,0,0,0
360,Gelhardt,,MID,11,Leeds,,6,,,,,0,0,0,0,0,0,0,0,0,0,0,0,0,0,0.0,0.0,0.0,0.0,0.0,0.0,0.0,0.0,0,0,3,False,0,0,0
361,Gyabi,,MID,11,Leeds,,6,,,,,0,0,0,0,0,0,0,0,0,0,0,0,0,0,0.0,0.0,0.0,0.0,0.0,0.0,0.0,0.0,0,0,3,False,0,0,0
362,Piroe,,FWD,11,Leeds,,6,,,,,0,0,0,0,0,0,0,0,0,0,0,0,0,0,0.0,0.0,0.0,0.0,0.0,0.0,0.0,0.0,0,0,4,False,0,0,0
363,Bamford,,FWD,11,Leeds,,6,,,,,0,0,0,0,0,0,0,0,0,0,0,0,0,0,0.0,0.0,0.0,0.0,0.0,0.0,0.0,0.0,0,0,4,False,0,0,0
364,Mateo Joseph,,FWD,11,Leeds,,6,,,,,0,0,0,0,0,0,0,0,0,0,0,0,0,0,0.0,0.0,0.0,0.0,0.0,0.0,0.0,0.0,0,0,4,False,0,0,0
365,Nmecha,,FWD,11,Leeds,,6,,,,,1,1,0,0,0,1,0,0,0,0,0,0,0,3,0.0,1.0,0.0,0.1,0.0,0.0,0.0,0.24,0,0,4,False,0,0,0
366,A.Becker,,GK,12,Liverpool,,6,,,,,90,2,0,0,0,2,0,0,0,0,0,5,0,21,46.2,0.0,0.0,4.6,0.0,0.0,0.0,2.92,0,0,1,False,10,1,0
367,Mamardashvili,,GK,12,Liverpool,,6,,,,,0,0,0,0,0,0,0,0,0,0,0,0,0,0,0.0,0.0,0.0,0.0,0.0,0.0,0.0,0.0,0,0,1,False,0,0,0
368,Pécsi,,GK,12,Liverpool,,6,,,,,0,0,0,0,0,0,0,0,0,0,0,0,0,0,0.0,0.0,0.0,0.0,0.0,0.0,0.0,0.0,0,0,1,False,0,0,0
369,Woodman,,GK,12,Liverpool,,6,,,,,0,0,0,0,0,0,0,0,0,0,0,0,0,0,0.0,0.0,0.0,0.0,0.0,0.0,0.0,0.0,0,0,1,False,0,0,0
370,Frimpong,,DEF,12,Liverpool,,6,,,,,16,1,0,0,0,1,0,0,0,0,0,0,0,-1,6.0,1.3,4.0,1.1,0.0,0.01,0.01,0.72,2,3,2,False,3,0,1
371,Kerkez,,DEF,12,Liverpool,,6,,,,,90,1,0,0,0,2,0,0,0,0,0,0,0,4,9.6,16.4,8.0,3.4,0.03,0.03,0.06,2.92,3,4,2,False,7,1,1
372,Robertson,,DEF,12,Liverpool,,6,,,,,0,0,0,0,0,0,0,0,0,0,0,0,0,0,0.0,0.0,0.0,0.0,0.0,0.0,0.0,0.0,0,0,2,False,0,0,0
373,Virgil,,DEF,12,Liverpool,,6,,,,,90,2,0,0,0,2,0,0,0,1,0,0,0,9,34.2,3.1,0.0,3.7,0.0,0.02,0.02,2.92,11,12,2,False,2,1,1
374,Konaté,,DEF,12,Liverpool,,6,,,,,73,3,0,0,0,1,0,0,0,1,0,0,0,14,27.8,13.8,4.0,4.6,0.07,0.06,0.13,2.2,13,14,2,False,3,1,1
375,Bradley,,DEF,12,Liverpool,,6,,,,,45,1,0,0,0,1,0,0,0,0,0,0,0,7,11.0,8.2,0.0,1.9,0.0,0.01,0.01,2.07,3,4,2,False,1,1,1
376,Gomez,,DEF,12,Liverpool,,6,,,,,0,0,0,0,0,0,0,0,0,0,0,0,0,0,0.0,0.0,0.0,0.0,0.0,0.0,0.0,0.0,0,0,2,False,0,0,0
377,Tsimikas,,DEF,12,Liverpool,,6,,,,,0,0,0,0,0,0,0,0,0,0,0,0,0,0,0.0,0.0,0.0,0.0,0.0,0.0,0.0,0.0,0,0,2,False,0,0,0
378,Nallo,,DEF,12,Liverpool,,6,,,,,0,0,0,0,0,0,0,0,0,0,0,0,0,0,0.0,0.0,0.0,0.0,0.0,0.0,0.0,0.0,0,0,2,False,0,0,0
379,R.Williams,,DEF,12,Liverpool,,6,,,,,0,0,0,0,0,0,0,0,0,0,0,0,0,0,0.0,0.0,0.0,0.0,0.0,0.0,0.0,0.0,0,0,2,False,0,0,0
380,Ramsay,,DEF,12,Liverpool,,6,,,,,0,0,0,0,0,0,0,0,0,0,0,0,0,0,0.0,0.0,0.0,0.0,0.0,0.0,0.0,0.0,0,0,2,False,0,0,0
381,M.Salah,,MID,12,Liverpool,,6,,,,,90,2,0,0,0,2,0,0,0,0,0,0,0,-2,4.6,28.4,31.0,6.4,0.49,0.04,0.53,2.92,0,3,3,False,3,1,0
382,Wirtz,,MID,12,Liverpool,,6,,,,,73,2,0,0,0,1,0,0,0,0,0,0,0,9,7.8,15.5,26.0,4.9,0.48,0.04,0.52,2.2,0,5,3,False,5,1,0
383,Luis Díaz,,MID,12,Liverpool,,6,,,,,0,0,0,0,0,0,0,0,0,0,0,0,0,0,0.0,0.0,0.0,0.0,0.0,0.0,0.0,0.0,0,0,3,False,0,0,0
384,Gakpo,,MID,12,Liverpool,,6,,,,,45,1,0,0,0,1,0,0,0,0,0,0,0,2,0.0,12.9,16.0,2.9,0.15,0.02,0.17,0.85,0,0,3,False,0,0,0
385,Chiesa,,MID,12,Liverpool,,6,,,,,16,5,1,0,0,1,0,0,0,1,0,0,0,16,30.2,3.3,18.0,5.2,0.29,0.0,0.29,0.72,1,1,3,False,0,0,0
386,Mac Allister,,MID,12,Liverpool,,6,,,,,64,2,0,0,0,1,0,0,0,0,0,0,0,14,6.8,13.5,2.0,2.2,0.04,0.04,0.08,2.07,2,4,3,False,2,1,0
387,Szoboszlai,,MID,12,Liverpool,,6,,,,,90,5,0,0,0,2,0,0,0,0,0,0,1,28,25.8,73.5,9.0,10.8,0.03,0.42,0.45,2.92,5,16,3,False,11,1,0
388,C.Jones,,MID,12,Liverpool,,6,,,,,25,1,0,0,0,1,0,0,0,0,0,0,0,12,4.8,17.1,1.0,2.3,0.04,0.26,0.3,0.85,0,1,3,False,1,0,0
389,Elliott,,MID,2,Aston Villa,,6,,,,,45,1,0,0,0,1,0,0,0,0,0,0,0,4,4.8,6.2,7.0,1.8,0.02,0.01,0.03,0.51,1,2,3,False,1,1,0
390,Gravenberch,,MID,12,Liverpool,,6,,,,,90,8,0,1,0,2,0,0,0,0,0,0,3,29,21.2,5.8,8.0,3.5,0.08,0.04,0.12,2.92,7,11,3,False,3,1,1
391,Gannon-Doak,,MID,4,Bournemouth,,6,,,,,17,1,0,0,0,0,0,0,0,0,0,0,0,0,1.0,1.2,5.0,0.7,0.09,0.01,0.1,0.21,1,1,3,False,0,0,0
392,Endo,,MID,12,Liverpool,,6,,,,,0,0,0,0,0,0,0,0,0,0,0,0,0,0,0.0,0.0,0.0,0.0,0.0,0.0,0.0,0.0,0,0,3,False,0,0,0
393,Bajcetic,,MID,12,Liverpool,,6,,,,,0,0,0,0,0,0,0,0,0,0,0,0,0,0,0.0,0.0,0.0,0.0,0.0,0.0,0.0,0.0,0,0,3,False,0,0,0
394,McConnell,,MID,12,Liverpool,,6,,,,,0,0,0,0,0,0,0,0,0,0,0,0,0,0,0.0,0.0,0.0,0.0,0.0,0.0,0.0,0.0,0,0,3,False,0,0,0
395,Morton,,MID,12,Liverpool,,6,,,,,0,0,0,0,0,0,0,0,0,0,0,0,0,0,0.0,0.0,0.0,0.0,0.0,0.0,0.0,0.0,0,0,3,False,0,0,0
396,Nyoni,,MID,12,Liverpool,,6,,,,,0,0,0,0,0,0,0,0,0,0,0,0,0,0,0.0,0.0,0.0,0.0,0.0,0.0,0.0,0.0,0,0,3,False,0,0,0
397,Darwin,,FWD,12,Liverpool,,6,,,,,0,0,0,0,0,0,0,0,0,0,0,0,0,0,0.0,0.0,0.0,0.0,0.0,0.0,0.0,0.0,0,0,4,False,0,0,0
398,Danns,,FWD,12,Liverpool,,6,,,,,0,0,0,0,0,0,0,0,0,0,0,0,0,0,0.0,0.0,0.0,0.0,0.0,0.0,0.0,0.0,0,0,4,False,0,0,0
399,Ederson M.,,GK,13,Man City,,6,,,,,0,0,0,0,0,0,0,0,0,0,0,0,0,0,0.0,0.0,0.0,0.0,0.0,0.0,0.0,0.0,0,0,1,False,0,0,0
400,Ortega Moreno,,GK,13,Man City,,6,,,,,0,0,0,0,0,0,0,0,0,0,0,0,0,0,0.0,0.0,0.0,0.0,0.0,0.0,0.0,0.0,0,0,1,False,0,0,0
401,Bettinelli,,GK,13,Man City,,6,,,,,0,0,0,0,0,0,0,0,0,0,0,0,0,0,0.0,0.0,0.0,0.0,0.0,0.0,0.0,0.0,0,0,1,False,0,0,0
402,Aït-Nouri,,DEF,13,Man City,,6,,,,,0,0,0,0,0,0,0,0,0,0,0,0,0,0,0.0,0.0,0.0,0.0,0.0,0.0,0.0,0.0,0,0,2,False,0,0,0
403,Gvardiol,,DEF,13,Man City,,6,,,,,69,2,0,0,0,1,0,0,0,0,0,0,0,14,25.8,24.2,4.0,5.4,0.04,0.19,0.23,0.41,6,6,2,False,3,1,0
404,Akanji,,DEF,13,Man City,,6,,,,,0,0,0,0,0,0,0,0,0,0,0,0,0,0,0.0,0.0,0.0,0.0,0.0,0.0,0.0,0.0,0,0,2,False,0,0,0
405,Aké,,DEF,13,Man City,,6,,,,,20,1,0,0,0,0,0,0,0,0,0,0,0,3,1.4,10.8,4.0,1.6,0.05,0.0,0.05,0.0,0,0,2,False,0,0,0
406,Khusanov,,DEF,13,Man City,,6,,,,,0,0,0,0,0,0,0,0,0,0,0,0,0,0,0.0,0.0,0.0,0.0,0.0,0.0,0.0,0.0,0,0,2,False,0,0,0
407,Matheus N.,,DEF,13,Man City,,6,,,,,90,12,1,1,0,1,0,0,0,0,0,0,1,33,50.6,12.8,22.0,8.5,0.18,0.04,0.22,0.41,4,4,2,True,3,1,0
408,Rúben,,DEF,13,Man City,,6,,,,,90,2,0,0,0,1,0,0,0,0,0,0,0,13,16.4,4.5,0.0,2.1,0.0,0.03,0.03,0.41,5,6,2,False,4,1,1
409,Stones,,DEF,13,Man City,,6,,,,,0,0,0,0,0,0,0,0,0,0,0,0,0,0,0.0,0.0,0.0,0.0,0.0,0.0,0.0,0.0,0,0,2,False,0,0,0
410,Lewis,,DEF,13,Man City,,6,,,,,7,1,0,0,0,0,0,0,0,0,0,0,0,3,0.4,0.3,2.0,0.3,0.0,0.0,0.0,0.0,0,0,2,False,0,0,0
411,O’Reilly,,DEF,13,Man City,,6,,,,,82,2,0,0,0,1,0,0,0,0,0,0,0,11,27.2,30.8,12.0,7.0,0.03,0.17,0.2,0.41,4,8,2,False,4,1,4
412,Vitor Reis,,DEF,13,Man City,,6,,,,,0,0,0,0,0,0,0,0,0,0,0,0,0,0,0.0,0.0,0.0,0.0,0.0,0.0,0.0,0.0,0,0,2,False,0,0,0
413,Marmoush,,MID,13,Man City,,6,,,,,0,0,0,0,0,0,0,0,0,0,0,0,0,0,0.0,0.0,0.0,0.0,0.0,0.0,0.0,0.0,0,0,3,False,0,0,0
414,Foden,,MID,13,Man City,,6,,,,,90,1,0,0,0,1,0,0,0,1,0,0,0,11,12.4,57.8,10.0,8.0,0.0,0.17,0.17,0.41,1,6,3,False,5,1,0
415,Savinho,,MID,13,Man City,,6,,,,,61,2,0,0,0,1,0,0,0,0,0,0,0,5,0.0,5.3,18.0,2.2,0.03,0.06,0.09,0.41,0,1,3,False,1,1,0
416,Bernardo,,MID,13,Man City,,6,,,,,7,1,0,0,0,0,0,0,0,0,0,0,0,3,0.2,1.0,0.0,0.1,0.0,0.0,0.0,0.0,0,0,3,False,0,0,0
417,Cherki,,MID,13,Man City,,6,,,,,0,0,0,0,0,0,0,0,0,0,0,0,0,0,0.0,0.0,0.0,0.0,0.0,0.0,0.0,0.0,0,0,3,False,0,0,0
418,Doku,,MID,13,Man City,,6,,,,,90,10,0,2,0,1,0,0,0,0,0,0,2,43,45.2,50.1,89.0,18.4,0.34,0.28,0.62,0.41,0,3,3,False,2,1,1
419,Grealish,,MID,9,Everton,,6,,,,,90,2,0,0,0,1,0,0,0,0,0,0,0,17,13.8,46.3,20.0,8.0,0.0,0.15,0.15,1.17,2,6,3,False,4,1,0
420,Gündoğan,,MID,13,Man City,,6,,,,,0,0,0,0,0,0,0,0,0,0,0,0,0,0,0.0,0.0,0.0,0.0,0.0,0.0,0.0,0.0,0,0,3,False,0,0,0
421,Rodrigo,,MID,13,Man City,,6,,,,,0,0,0,0,0,0,0,0,0,0,0,0,0,0,0.0,0.0,0.0,0.0,0.0,0.0,0.0,0.0,0,0,3,False,0,0,0
422,Kovačić,,MID,13,Man City,,6,,,,,0,0,0,0,0,0,0,0,0,0,0,0,0,0,0.0,0.0,0.0,0.0,0.0,0.0,0.0,0.0,0,0,3,False,0,0,0
423,N.Gonzalez,,MID,13,Man City,,6,,,,,90,2,0,0,0,1,0,0,0,0,0,0,0,23,17.8,30.2,6.0,5.4,0.05,0.23,0.28,0.41,3,10,3,False,6,1,1
424,Bobb,,MID,13,Man City,,6,,,,,28,1,0,0,0,0,0,0,0,0,0,0,0,2,2.2,9.3,2.0,1.4,0.0,0.06,0.06,0.0,0,1,3,False,1,0,0
425,Echeverri,,MID,13,Man City,,6,,,,,0,0,0,0,0,0,0,0,0,0,0,0,0,0,0.0,0.0,0.0,0.0,0.0,0.0,0.0,0.0,0,0,3,False,0,0,0
426,McAtee,,MID,16,Nott'm Forest,,6,,,,,59,1,0,0,0,1,0,0,0,0,0,0,0,7,4.4,4.1,2.0,1.1,0.02,0.04,0.06,0.74,1,5,3,False,3,1,1
427,Reijnders,,MID,13,Man City,,6,,,,,82,2,0,0,0,1,0,0,0,0,0,0,0,16,10.6,11.0,18.0,4.0,0.14,0.06,0.2,0.41,3,6,3,False,2,1,1
428,Nypan,,MID,13,Man City,,6,,,,,0,0,0,0,0,0,0,0,0,0,0,0,0,0,0.0,0.0,0.0,0.0,0.0,0.0,0.0,0.0,0,0,3,False,0,0,0
429,Phillips,,MID,13,Man City,,6,,,,,0,0,0,0,0,0,0,0,0,0,0,0,0,0,0.0,0.0,0.0,0.0,0.0,0.0,0.0,0.0,0,0,3,False,0,0,0
430,Haaland,,FWD,13,Man City,,6,,,,,90,16,2,1,0,1,0,0,0,0,0,0,3,68,85.4,20.8,78.0,18.4,1.17,0.24,1.41,0.41,2,4,4,True,2,1,0
431,Bayindir,,GK,14,Man Utd,,6,,,,,90,2,0,0,0,3,0,0,0,0,0,5,0,11,44.4,0.0,0.0,4.4,0.0,0.01,0.01,2.02,2,0,1,False,5,1,0
432,Onana,,GK,14,Man Utd,,6,,,,,0,0,0,0,0,0,0,0,0,0,0,0,0,0,0.0,0.0,0.0,0.0,0.0,0.0,0.0,0.0,0,0,1,False,0,0,0
433,Harrison,,GK,14,Man Utd,,6,,,,,0,0,0,0,0,0,0,0,0,0,0,0,0,0,0.0,0.0,0.0,0.0,0.0,0.0,0.0,0.0,0,0,1,False,0,0,0
434,Heaton,,GK,14,Man Utd,,6,,,,,0,0,0,0,0,0,0,0,0,0,0,0,0,0,0.0,0.0,0.0,0.0,0.0,0.0,0.0,0.0,0,0,1,False,0,0,0
435,Mee,,GK,14,Man Utd,,6,,,,,0,0,0,0,0,0,0,0,0,0,0,0,0,0,0.0,0.0,0.0,0.0,0.0,0.0,0.0,0.0,0,0,1,False,0,0,0
436,De Ligt,,DEF,14,Man Utd,,6,,,,,90,3,0,0,0,3,0,0,0,0,0,0,0,9,20.0,0.9,4.0,2.5,0.15,0.0,0.15,2.02,7,10,2,False,4,1,3
437,Martinez,,DEF,14,Man Utd,,6,,,,,0,0,0,0,0,0,0,0,0,0,0,0,0,0,0.0,0.0,0.0,0.0,0.0,0.0,0.0,0.0,0,0,2,False,0,0,0
438,Mazraoui,,DEF,14,Man Utd,,6,,,,,0,0,0,0,0,0,0,0,0,0,0,0,0,0,0.0,0.0,0.0,0.0,0.0,0.0,0.0,0.0,0,0,2,False,0,0,0
439,D.Leon,,DEF,14,Man Utd,,6,,,,,0,0,0,0,0,0,0,0,0,0,0,0,0,0,0.0,0.0,0.0,0.0,0.0,0.0,0.0,0.0,0,0,2,False,0,0,0
440,Dalot,,DEF,14,Man Utd,,6,,,,,90,1,0,0,0,3,0,0,0,0,0,0,0,1,11.6,36.8,0.0,4.8,0.0,0.12,0.12,2.02,1,1,2,False,1,1,0
441,Dorgu,,DEF,14,Man Utd,,6,,,,,84,0,0,0,0,2,0,0,0,1,0,0,0,1,8.6,1.1,2.0,1.2,0.0,0.01,0.01,1.92,5,7,2,False,5,1,2
442,Maguire,,DEF,14,Man Utd,,6,,,,,65,1,0,0,0,2,0,0,0,0,0,0,0,4,8.4,0.2,7.0,1.6,0.02,0.0,0.02,1.81,5,5,2,False,4,1,0
443,Shaw,,DEF,14,Man Utd,,6,,,,,80,1,0,0,0,2,0,0,0,0,0,0,0,2,10.4,0.8,0.0,1.1,0.0,0.01,0.01,1.92,3,4,2,False,5,1,1
444,Yoro,,DEF,14,Man Utd,,6,,,,,24,1,0,0,0,1,0,0,0,0,0,0,0,0,9.4,1.0,0.0,1.0,0.0,0.0,0.0,0.21,3,3,2,False,1,0,0
445,Amass,,DEF,14,Man Utd,,6,,,,,0,0,0,0,0,0,0,0,0,0,0,0,0,0,0.0,0.0,0.0,0.0,0.0,0.0,0.0,0.0,0,0,2,False,0,0,0
446,Fredricson,,DEF,14,Man Utd,,6,,,,,0,0,0,0,0,0,0,0,0,0,0,0,0,0,0.0,0.0,0.0,0.0,0.0,0.0,0.0,0.0,0,0,2,False,0,0,0
447,Heaven,,DEF,14,Man Utd,,6,,,,,0,0,0,0,0,0,0,0,0,0,0,0,0,0,0.0,0.0,0.0,0.0,0.0,0.0,0.0,0.0,0,0,2,False,0,0,0
448,Malacia,,DEF,14,Man Utd,,6,,,,,0,0,0,0,0,0,0,0,0,0,0,0,0,0,0.0,0.0,0.0,0.0,0.0,0.0,0.0,0.0,0,0,2,False,0,0,0
449,B.Fernandes,,MID,14,Man Utd,,6,,,,,90,-1,0,0,0,3,0,0,1,1,0,0,0,3,17.6,12.7,17.0,4.7,0.79,0.01,0.8,2.02,4,11,3,False,6,1,1
450,Cunha,,MID,14,Man Utd,,6,,,,,90,2,0,0,0,3,0,0,0,0,0,0,0,10,11.8,18.8,12.0,4.3,0.11,0.27,0.38,2.02,1,8,3,False,5,1,2
451,Rashford,,MID,14,Man Utd,,6,,,,,0,0,0,0,0,0,0,0,0,0,0,0,0,0,0.0,0.0,0.0,0.0,0.0,0.0,0.0,0.0,0,0,3,False,0,0,0
452,Amad,,MID,14,Man Utd,,6,,,,,0,0,0,0,0,0,0,0,0,0,0,0,0,0,0.0,0.0,0.0,0.0,0.0,0.0,0.0,0.0,0,0,3,False,0,0,0
453,Garnacho,,MID,7,Chelsea,,6,,,,,0,0,0,0,0,0,0,0,0,0,0,0,0,0,0.0,0.0,0.0,0.0,0.0,0.0,0.0,0.0,0,0,3,False,0,0,0
454,Antony,,MID,14,Man Utd,,6,,,,,0,0,0,0,0,0,0,0,0,0,0,0,0,0,0.0,0.0,0.0,0.0,0.0,0.0,0.0,0.0,0,0,3,False,0,0,0
455,Mount,,MID,14,Man Utd,,6,,,,,9,1,0,0,0,1,0,0,0,0,0,0,0,4,2.4,1.7,2.0,0.6,0.0,0.02,0.02,0.1,0,1,3,False,0,0,1
456,Sancho,,MID,2,Aston Villa,,6,,,,,0,0,0,0,0,0,0,0,0,0,0,0,0,0,0.0,0.0,0.0,0.0,0.0,0.0,0.0,0.0,0,0,3,False,0,0,0
457,Casemiro,,MID,14,Man Utd,,6,,,,,0,0,0,0,0,0,0,0,0,0,0,0,0,0,0.0,0.0,0.0,0.0,0.0,0.0,0.0,0.0,0,0,3,False,0,0,0
458,Mainoo,,MID,14,Man Utd,,6,,,,,24,1,0,0,0,1,0,0,0,0,0,0,0,2,2.4,4.8,0.0,0.7,0.0,0.0,0.0,0.21,0,2,3,False,1,0,1
459,Ugarte,,MID,14,Man Utd,,6,,,,,65,2,0,0,0,2,0,0,0,0,0,0,0,14,6.8,2.6,0.0,0.9,0.0,0.01,0.01,1.81,1,9,3,False,5,1,3
460,Collyer,,MID,14,Man Utd,,6,,,,,0,0,0,0,0,0,0,0,0,0,0,0,0,0,0.0,0.0,0.0,0.0,0.0,0.0,0.0,0.0,0,0,3,False,0,0,0
461,Fitzgerald,,MID,14,Man Utd,,6,,,,,0,0,0,0,0,0,0,0,0,0,0,0,0,0,0.0,0.0,0.0,0.0,0.0,0.0,0.0,0.0,0,0,3,False,0,0,0
462,J.Fletcher,,MID,14,Man Utd,,6,,,,,0,0,0,0,0,0,0,0,0,0,0,0,0,0,0.0,0.0,0.0,0.0,0.0,0.0,0.0,0.0,0,0,3,False,0,0,0
463,Kone,,MID,14,Man Utd,,6,,,,,0,0,0,0,0,0,0,0,0,0,0,0,0,0,0.0,0.0,0.0,0.0,0.0,0.0,0.0,0.0,0,0,3,False,0,0,0
464,Moorhouse,,MID,14,Man Utd,,6,,,,,0,0,0,0,0,0,0,0,0,0,0,0,0,0,0.0,0.0,0.0,0.0,0.0,0.0,0.0,0.0,0,0,3,False,0,0,0
465,Højlund,,FWD,14,Man Utd,,6,,,,,0,0,0,0,0,0,0,0,0,0,0,0,0,0,0.0,0.0,0.0,0.0,0.0,0.0,0.0,0.0,0,0,4,False,0,0,0
466,Zirkzee,,FWD,14,Man Utd,,6,,,,,5,1,0,0,0,1,0,0,0,0,0,0,0,2,0.0,0.3,4.0,0.2,0.12,0.0,0.12,0.1,0,0,4,False,0,0,0
467,Obi,,FWD,14,Man Utd,,6,,,,,0,0,0,0,0,0,0,0,0,0,0,0,0,0,0.0,0.0,0.0,0.0,0.0,0.0,0.0,0.0,0,0,4,False,0,0,0
468,Wheatley,,FWD,14,Man Utd,,6,,,,,0,0,0,0,0,0,0,0,0,0,0,0,0,0,0.0,0.0,0.0,0.0,0.0,0.0,0.0,0.0,0,0,4,False,0,0,0
469,Pope,,GK,15,Newcastle,,6,,,,,90,2,0,0,0,2,0,0,0,0,0,5,0,20,46.8,0.0,0.0,4.7,0.0,0.0,0.0,2.04,3,0,1,False,14,1,1
470,Dúbravka,,GK,3,Burnley,,6,,,,,90,1,0,0,0,5,0,0,0,0,0,5,0,4,40.8,0.0,0.0,4.1,0.0,0.0,0.0,2.03,2,0,1,False,5,1,0
471,Gillespie,,GK,15,Newcastle,,6,,,,,0,0,0,0,0,0,0,0,0,0,0,0,0,0,0.0,0.0,0.0,0.0,0.0,0.0,0.0,0.0,0,0,1,False,0,0,0
472,Odysseas,,GK,15,Newcastle,,6,,,,,0,0,0,0,0,0,0,0,0,0,0,0,0,0,0.0,0.0,0.0,0.0,0.0,0.0,0.0,0.0,0,0,1,False,0,0,0
473,Hall,,DEF,15,Newcastle,,6,,,,,0,0,0,0,0,0,0,0,0,0,0,0,0,0,0.0,0.0,0.0,0.0,0.0,0.0,0.0,0.0,0,0,2,False,0,0,0
474,Schär,,DEF,15,Newcastle,,6,,,,,0,0,0,0,0,0,0,0,0,0,0,0,0,0,0.0,0.0,0.0,0.0,0.0,0.0,0.0,0.0,0,0,2,False,0,0,0
475,Botman,,DEF,15,Newcastle,,6,,,,,90,3,0,0,0,2,0,0,0,0,0,0,0,10,40.6,10.3,4.0,5.5,0.0,0.0,0.0,2.04,15,15,2,False,2,1,0
476,Burn,,DEF,15,Newcastle,,6,,,,,90,0,0,0,0,2,0,0,0,1,0,0,0,-1,12.4,0.1,6.0,1.9,0.0,0.0,0.0,2.04,7,9,2,False,1,1,2
477,Livramento,,DEF,15,Newcastle,,6,,,,,76,6,0,0,1,0,0,0,0,0,0,0,0,23,3.2,1.1,0.0,0.4,0.0,0.01,0.01,1.63,3,3,2,False,6,1,0
478,Trippier,,DEF,15,Newcastle,,6,,,,,23,0,0,0,0,2,0,0,0,0,0,0,0,-4,6.4,0.8,0.0,0.7,0.0,0.01,0.01,0.49,3,3,2,False,1,0,0
479,Krafth,,DEF,15,Newcastle,,6,,,,,0,0,0,0,0,0,0,0,0,0,0,0,0,0,0.0,0.0,0.0,0.0,0.0,0.0,0.0,0.0,0,0,2,False,0,0,0
480,Lascelles,,DEF,15,Newcastle,,6,,,,,13,0,0,0,0,2,0,0,0,0,0,0,0,-4,7.2,0.0,7.0,1.4,0.04,0.0,0.04,0.42,3,3,2,False,0,0,0
481,A.Murphy,,DEF,15,Newcastle,,6,,,,,0,0,0,0,0,0,0,0,0,0,0,0,0,0,0.0,0.0,0.0,0.0,0.0,0.0,0.0,0.0,0,0,2,False,0,0,0
482,Ashby,,DEF,15,Newcastle,,6,,,,,0,0,0,0,0,0,0,0,0,0,0,0,0,0,0.0,0.0,0.0,0.0,0.0,0.0,0.0,0.0,0,0,2,False,0,0,0
483,Pivas,,DEF,15,Newcastle,,6,,,,,0,0,0,0,0,0,0,0,0,0,0,0,0,0,0.0,0.0,0.0,0.0,0.0,0.0,0.0,0.0,0,0,2,False,0,0,0
484,Targett,,DEF,15,Newcastle,,6,,,,,0,0,0,0,0,0,0,0,0,0,0,0,0,0,0.0,0.0,0.0,0.0,0.0,0.0,0.0,0.0,0,0,2,False,0,0,0
485,Gordon,,MID,15,Newcastle,,6,,,,,66,3,0,0,1,0,0,0,0,0,0,0,0,15,13.0,11.4,9.0,3.3,0.05,0.02,0.07,1.56,0,5,3,False,2,1,3
486,Elanga,,MID,15,Newcastle,,6,,,,,24,1,0,0,0,2,0,0,0,0,0,0,0,3,0.6,1.0,5.0,0.7,0.04,0.03,0.07,0.49,0,0,3,False,0,0,0
487,Barnes,,MID,15,Newcastle,,6,,,,,1,1,0,0,0,1,0,0,0,0,0,0,0,2,0.0,0.0,0.0,0.0,0.0,0.0,0.0,0.26,0,0,3,False,0,0,0
488,Bruno G.,,MID,15,Newcastle,,6,,,,,90,2,0,0,0,2,0,0,0,0,0,0,0,10,9.4,26.3,2.0,3.8,0.0,0.22,0.22,2.04,1,4,3,False,1,1,2
489,J.Murphy,,MID,15,Newcastle,,6,,,,,65,3,0,0,1,0,0,0,0,0,0,0,0,6,1.6,0.3,7.0,0.9,0.09,0.01,0.1,1.56,1,3,3,False,2,1,0
490,Joelinton,,MID,15,Newcastle,,6,,,,,90,3,0,0,0,1,0,0,0,1,0,0,0,1,6.6,11.2,4.0,2.2,0.03,0.0,0.03,1.78,3,12,3,False,8,1,1
491,Tonali,,MID,15,Newcastle,,6,,,,,90,6,0,1,0,2,0,0,0,0,0,0,1,28,40.2,43.3,0.0,8.4,0.0,0.27,0.27,2.04,6,8,3,False,0,1,2
492,Antoñito C.,,MID,15,Newcastle,,6,,,,,0,0,0,0,0,0,0,0,0,0,0,0,0,0,0.0,0.0,0.0,0.0,0.0,0.0,0.0,0.0,0,0,3,False,0,0,0
493,Longstaff,,MID,11,Leeds,,6,,,,,90,15,1,1,0,2,0,0,0,0,0,0,3,64,86.2,99.3,21.0,20.7,0.1,0.25,0.35,0.82,5,13,3,True,2,1,6
494,Willock,,MID,15,Newcastle,,6,,,,,0,0,0,0,0,0,0,0,0,0,0,0,0,0,0.0,0.0,0.0,0.0,0.0,0.0,0.0,0.0,0,0,3,False,0,0,0
495,Hayden,,MID,15,Newcastle,,6,,,,,0,0,0,0,0,0,0,0,0,0,0,0,0,0,0.0,0.0,0.0,0.0,0.0,0.0,0.0,0.0,0,0,3,False,0,0,0
496,Kuol,,MID,15,Newcastle,,6,,,,,0,0,0,0,0,0,0,0,0,0,0,0,0,0,0.0,0.0,0.0,0.0,0.0,0.0,0.0,0.0,0,0,3,False,0,0,0
497,L.Miley,,MID,15,Newcastle,,6,,,,,0,0,0,0,0,0,0,0,0,0,0,0,0,0,0.0,0.0,0.0,0.0,0.0,0.0,0.0,0.0,0,0,3,False,0,0,0
498,White,,MID,15,Newcastle,,6,,,,,0,0,0,0,0,0,0,0,0,0,0,0,0,0,0.0,0.0,0.0,0.0,0.0,0.0,0.0,0.0,0,0,3,False,0,0,0
499,Isak,,FWD,12,Liverpool,,6,,,,,83,2,0,0,0,1,0,0,0,0,0,0,0,-5,0.0,1.2,15.0,0.9,0.43,0.0,0.43,2.36,0,4,4,False,4,1,0
500,Osula,,FWD,15,Newcastle,,6,,,,,23,1,0,0,0,2,0,0,0,0,0,0,0,0,0.0,0.1,0.0,0.0,0.0,0.0,0.0,0.49,0,0,4,False,0,0,0
501,Neave,,FWD,15,Newcastle,,6,,,,,0,0,0,0,0,0,0,0,0,0,0,0,0,0,0.0,0.0,0.0,0.0,0.0,0.0,0.0,0.0,0,0,4,False,0,0,0
502,Sels,,GK,16,Nott'm Forest,,6,,,,,90,2,0,0,0,1,0,0,0,0,0,2,0,10,19.4,0.0,0.0,1.9,0.0,0.0,0.0,1.19,1,0,1,False,6,1,0
503,C.Miguel,,GK,16,Nott'm Forest,,6,,,,,0,0,0,0,0,0,0,0,0,0,0,0,0,0,0.0,0.0,0.0,0.0,0.0,0.0,0.0,0.0,0,0,1,False,0,0,0
504,Turner,,GK,16,Nott'm Forest,,6,,,,,0,0,0,0,0,0,0,0,0,0,0,0,0,0,0.0,0.0,0.0,0.0,0.0,0.0,0.0,0.0,0,0,1,False,0,0,0
505,Milenković,,DEF,16,Nott'm Forest,,6,,,,,90,1,0,0,0,1,0,0,0,1,0,0,0,8,22.2,3.3,4.0,3.0,0.02,0.02,0.04,1.19,6,6,2,False,4,1,0
506,Murillo,,DEF,16,Nott'm Forest,,6,,,,,0,0,0,0,0,0,0,0,0,0,0,0,0,0,0.0,0.0,0.0,0.0,0.0,0.0,0.0,0.0,0,0,2,False,0,0,0
507,Aina,,DEF,16,Nott'm Forest,,6,,,,,0,0,0,0,0,0,0,0,0,0,0,0,0,0,0.0,0.0,0.0,0.0,0.0,0.0,0.0,0.0,0,0,2,False,0,0,0
508,N.Williams,,DEF,16,Nott'm Forest,,6,,,,,90,1,0,0,0,1,0,0,0,1,0,0,0,18,26.0,56.8,6.0,8.9,0.0,0.23,0.23,1.19,1,4,2,False,2,1,3
509,David Carmo,,DEF,16,Nott'm Forest,,6,,,,,0,0,0,0,0,0,0,0,0,0,0,0,0,0,0.0,0.0,0.0,0.0,0.0,0.0,0.0,0.0,0,0,2,False,0,0,0
510,Jair Cunha,,DEF,16,Nott'm Forest,,6,,,,,0,0,0,0,0,0,0,0,0,0,0,0,0,0,0.0,0.0,0.0,0.0,0.0,0.0,0.0,0.0,0,0,2,False,0,0,0
511,Morato,,DEF,16,Nott'm Forest,,6,,,,,90,2,0,0,0,1,0,0,0,0,0,0,0,14,19.8,1.9,3.0,2.5,0.03,0.01,0.04,1.19,5,6,2,False,8,1,1
512,O.Richards,,DEF,16,Nott'm Forest,,6,,,,,0,0,0,0,0,0,0,0,0,0,0,0,0,0,0.0,0.0,0.0,0.0,0.0,0.0,0.0,0.0,0,0,2,False,0,0,0
513,Abbott,,DEF,16,Nott'm Forest,,6,,,,,0,0,0,0,0,0,0,0,0,0,0,0,0,0,0.0,0.0,0.0,0.0,0.0,0.0,0.0,0.0,0,0,2,False,0,0,0
514,Boly,,DEF,16,Nott'm Forest,,6,,,,,0,0,0,0,0,0,0,0,0,0,0,0,0,0,0.0,0.0,0.0,0.0,0.0,0.0,0.0,0.0,0,0,2,False,0,0,0
515,Gibbs-White,,MID,16,Nott'm Forest,,6,,,,,45,1,0,0,0,0,0,0,0,0,0,0,0,8,5.0,17.1,15.0,3.7,0.11,0.05,0.16,0.75,1,2,3,False,1,0,0
516,Hudson-Odoi,,MID,16,Nott'm Forest,,6,,,,,30,1,0,0,0,0,0,0,0,0,0,0,0,5,5.8,23.3,8.0,3.7,0.0,0.05,0.05,0.46,0,0,3,False,0,0,0
517,Anderson,,MID,16,Nott'm Forest,,6,,,,,90,3,0,0,0,1,0,0,0,1,0,0,0,14,15.8,22.8,22.0,6.1,0.18,0.03,0.21,1.19,3,16,3,False,9,1,4
518,Jota,,MID,16,Nott'm Forest,,6,,,,,0,0,0,0,0,0,0,0,0,0,0,0,0,0,0.0,0.0,0.0,0.0,0.0,0.0,0.0,0.0,0,0,3,False,0,0,0
519,Dominguez,,MID,16,Nott'm Forest,,6,,,,,45,0,0,0,0,1,0,0,0,1,0,0,0,3,2.4,3.3,0.0,0.6,0.0,0.01,0.01,0.44,1,3,3,False,0,1,2
520,O'Brien,,MID,16,Nott'm Forest,,6,,,,,0,0,0,0,0,0,0,0,0,0,0,0,0,0,0.0,0.0,0.0,0.0,0.0,0.0,0.0,0.0,0,0,3,False,0,0,0
521,Sangaré,,MID,16,Nott'm Forest,,6,,,,,0,0,0,0,0,0,0,0,0,0,0,0,0,0,0.0,0.0,0.0,0.0,0.0,0.0,0.0,0.0,0,0,3,False,0,0,0
522,Yates,,MID,16,Nott'm Forest,,6,,,,,0,0,0,0,0,0,0,0,0,0,0,0,0,0,0.0,0.0,0.0,0.0,0.0,0.0,0.0,0.0,0,0,3,False,0,0,0
523,Da Silva Moreira,,MID,16,Nott'm Forest,,6,,,,,0,0,0,0,0,0,0,0,0,0,0,0,0,0,0.0,0.0,0.0,0.0,0.0,0.0,0.0,0.0,0,0,3,False,0,0,0
524,Stamenic,,MID,16,Nott'm Forest,,6,,,,,0,0,0,0,0,0,0,0,0,0,0,0,0,0,0.0,0.0,0.0,0.0,0.0,0.0,0.0,0.0,0,0,3,False,0,0,0
525,Wood,,FWD,16,Nott'm Forest,,6,,,,,89,2,0,0,0,1,0,0,0,0,0,0,0,0,0.0,2.0,44.0,4.2,0.78,0.0,0.78,0.92,2,3,4,False,1,1,0
526,Igor Jesus,,FWD,16,Nott'm Forest,,6,,,,,30,1,0,0,0,0,0,0,0,0,0,0,0,6,5.0,2.8,22.0,3.0,0.2,0.01,0.21,0.46,1,4,4,False,3,0,0
527,Awoniyi,,FWD,16,Nott'm Forest,,6,,,,,0,0,0,0,0,0,0,0,0,0,0,0,0,0,0.0,0.0,0.0,0.0,0.0,0.0,0.0,0.0,0,0,4,False,0,0,0
528,Patterson,,GK,17,Sunderland,,6,,,,,0,0,0,0,0,0,0,0,0,0,0,0,0,0,0.0,0.0,0.0,0.0,0.0,0.0,0.0,0.0,0,0,1,False,0,0,0
529,Moore,,GK,17,Sunderland,,6,,,,,0,0,0,0,0,0,0,0,0,0,0,0,0,0,0.0,0.0,0.0,0.0,0.0,0.0,0.0,0.0,0,0,1,False,0,0,0
530,Nna Noukeu,,GK,17,Sunderland,,6,,,,,0,0,0,0,0,0,0,0,0,0,0,0,0,0,0.0,0.0,0.0,0.0,0.0,0.0,0.0,0.0,0,0,1,False,0,0,0
531,Ballard,,DEF,17,Sunderland,,6,,,,,15,1,0,0,0,0,0,0,0,0,0,0,0,0,4.2,0.0,7.0,1.1,0.13,0.0,0.13,0.59,3,3,2,False,0,0,0
532,Hume,,DEF,17,Sunderland,,6,,,,,90,6,0,0,1,0,0,0,0,0,0,0,0,25,10.6,0.9,3.0,1.5,0.01,0.01,0.02,1.68,8,8,2,False,7,1,0
533,Alese,,DEF,17,Sunderland,,6,,,,,0,0,0,0,0,0,0,0,0,0,0,0,0,0,0.0,0.0,0.0,0.0,0.0,0.0,0.0,0.0,0,0,2,False,0,0,0
534,Anderson,,DEF,17,Sunderland,,6,,,,,0,0,0,0,0,0,0,0,0,0,0,0,0,0,0.0,0.0,0.0,0.0,0.0,0.0,0.0,0.0,0,0,2,False,0,0,0
535,Cirkin,,DEF,17,Sunderland,,6,,,,,0,0,0,0,0,0,0,0,0,0,0,0,0,0,0.0,0.0,0.0,0.0,0.0,0.0,0.0,0.0,0,0,2,False,0,0,0
536,Hjelde,,DEF,17,Sunderland,,6,,,,,0,0,0,0,0,0,0,0,0,0,0,0,0,0,0.0,0.0,0.0,0.0,0.0,0.0,0.0,0.0,0,0,2,False,0,0,0
537,Huggins,,DEF,17,Sunderland,,6,,,,,0,0,0,0,0,0,0,0,0,0,0,0,0,0,0.0,0.0,0.0,0.0,0.0,0.0,0.0,0.0,0,0,2,False,0,0,0
538,Johnson,,DEF,17,Sunderland,,6,,,,,0,0,0,0,0,0,0,0,0,0,0,0,0,0,0.0,0.0,0.0,0.0,0.0,0.0,0.0,0.0,0,0,2,False,0,0,0
539,O'Nien,,DEF,17,Sunderland,,6,,,,,0,0,0,0,0,0,0,0,0,0,0,0,0,0,0.0,0.0,0.0,0.0,0.0,0.0,0.0,0.0,0,0,2,False,0,0,0
540,Pembele,,DEF,17,Sunderland,,6,,,,,0,0,0,0,0,0,0,0,0,0,0,0,0,0,0.0,0.0,0.0,0.0,0.0,0.0,0.0,0.0,0,0,2,False,0,0,0
541,Reinildo,,DEF,17,Sunderland,,6,,,,,0,0,0,0,0,0,0,0,0,0,0,0,0,0,0.0,0.0,0.0,0.0,0.0,0.0,0.0,0.0,0,0,2,False,0,0,0
542,Seelt,,DEF,17,Sunderland,,6,,,,,0,0,0,0,0,0,0,0,0,0,0,0,0,0,0.0,0.0,0.0,0.0,0.0,0.0,0.0,0.0,0,0,2,False,0,0,0
543,Adingra,,MID,17,Sunderland,,6,,,,,5,1,0,0,0,0,0,0,0,0,0,0,0,2,0.0,0.0,2.0,0.2,0.0,0.0,0.0,0.07,0,0,3,False,0,0,0
544,Diarra,,MID,17,Sunderland,,6,,,,,0,0,0,0,0,0,0,0,0,0,0,0,0,0,0.0,0.0,0.0,0.0,0.0,0.0,0.0,0.0,0,0,3,False,0,0,0
545,Roberts,,MID,17,Sunderland,,6,,,,,0,0,0,0,0,0,0,0,0,0,0,0,0,0,0.0,0.0,0.0,0.0,0.0,0.0,0.0,0.0,0,0,3,False,0,0,0
546,Aleksić,,MID,17,Sunderland,,6,,,,,0,0,0,0,0,0,0,0,0,0,0,0,0,0,0.0,0.0,0.0,0.0,0.0,0.0,0.0,0.0,0,0,3,False,0,0,0
547,E.Le Fée,,MID,17,Sunderland,,6,,,,,74,3,0,0,1,0,0,0,0,0,0,0,0,9,7.4,11.8,4.0,2.3,0.0,0.15,0.15,1.09,1,4,3,False,2,1,1
548,Mundle,,MID,17,Sunderland,,6,,,,,0,0,0,0,0,0,0,0,0,0,0,0,0,0,0.0,0.0,0.0,0.0,0.0,0.0,0.0,0.0,0,0,3,False,0,0,0
549,Neil,,MID,17,Sunderland,,6,,,,,0,0,0,0,0,0,0,0,0,0,0,0,0,0,0.0,0.0,0.0,0.0,0.0,0.0,0.0,0.0,0,0,3,False,0,0,0
550,Poveda,,MID,17,Sunderland,,6,,,,,0,0,0,0,0,0,0,0,0,0,0,0,0,0,0.0,0.0,0.0,0.0,0.0,0.0,0.0,0.0,0,0,3,False,0,0,0
551,Rigg,,MID,17,Sunderland,,6,,,,,58,1,0,0,0,0,0,0,0,0,0,0,0,1,3.6,2.1,1.0,0.7,0.06,0.01,0.07,0.45,1,5,3,False,3,1,1
552,Sadiki,,MID,17,Sunderland,,6,,,,,90,2,0,0,1,0,0,0,0,1,0,0,0,16,5.0,6.1,2.0,1.3,0.03,0.02,0.05,1.68,2,6,3,False,4,1,0
553,Talbi,,MID,17,Sunderland,,6,,,,,84,3,0,0,1,0,0,0,0,0,0,0,0,8,3.4,1.9,6.0,1.1,0.05,0.03,0.07,1.61,1,7,3,False,4,1,2
554,Ba,,MID,17,Sunderland,,6,,,,,0,0,0,0,0,0,0,0,0,0,0,0,0,0,0.0,0.0,0.0,0.0,0.0,0.0,0.0,0.0,0,0,3,False,0,0,0
555,Browne,,MID,17,Sunderland,,6,,,,,0,0,0,0,0,0,0,0,0,0,0,0,0,0,0.0,0.0,0.0,0.0,0.0,0.0,0.0,0.0,0,0,3,False,0,0,0
556,Ekwah,,MID,17,Sunderland,,6,,,,,0,0,0,0,0,0,0,0,0,0,0,0,0,0,0.0,0.0,0.0,0.0,0.0,0.0,0.0,0.0,0,0,3,False,0,0,0
557,H.Jones,,MID,17,Sunderland,,6,,,,,0,0,0,0,0,0,0,0,0,0,0,0,0,0,0.0,0.0,0.0,0.0,0.0,0.0,0.0,0.0,0,0,3,False,0,0,0
558,Matete,,MID,17,Sunderland,,6,,,,,0,0,0,0,0,0,0,0,0,0,0,0,0,0,0.0,0.0,0.0,0.0,0.0,0.0,0.0,0.0,0,0,3,False,0,0,0
559,Triantis,,MID,17,Sunderland,,6,,,,,0,0,0,0,0,0,0,0,0,0,0,0,0,0,0.0,0.0,0.0,0.0,0.0,0.0,0.0,0.0,0,0,3,False,0,0,0
560,Isidor,,FWD,17,Sunderland,,6,,,,,84,2,0,0,1,0,0,0,0,0,0,0,0,4,1.0,2.8,19.0,2.3,0.22,0.03,0.25,1.61,2,3,4,False,1,1,0
561,Mayenda,,FWD,17,Sunderland,,6,,,,,0,0,0,0,0,0,0,0,0,0,0,0,0,0,0.0,0.0,0.0,0.0,0.0,0.0,0.0,0.0,0,0,4,False,0,0,0
562,Abdullahi,,FWD,17,Sunderland,,6,,,,,0,0,0,0,0,0,0,0,0,0,0,0,0,0,0.0,0.0,0.0,0.0,0.0,0.0,0.0,0.0,0,0,4,False,0,0,0
563,Luís Hemir,,FWD,17,Sunderland,,6,,,,,0,0,0,0,0,0,0,0,0,0,0,0,0,0,0.0,0.0,0.0,0.0,0.0,0.0,0.0,0.0,0,0,4,False,0,0,0
564,Rusyn,,FWD,17,Sunderland,,6,,,,,0,0,0,0,0,0,0,0,0,0,0,0,0,0,0.0,0.0,0.0,0.0,0.0,0.0,0.0,0.0,0,0,4,False,0,0,0
565,Vicario,,GK,18,Spurs,,6,,,,,90,2,0,0,0,1,0,0,0,0,0,2,0,10,19.0,0.0,0.0,1.9,0.0,0.0,0.0,1.15,0,0,1,False,6,1,0
566,Austin,,GK,18,Spurs,,6,,,,,0,0,0,0,0,0,0,0,0,0,0,0,0,0,0.0,0.0,0.0,0.0,0.0,0.0,0.0,0.0,0,0,1,False,0,0,0
567,Kinsky,,GK,18,Spurs,,6,,,,,0,0,0,0,0,0,0,0,0,0,0,0,0,0,0.0,0.0,0.0,0.0,0.0,0.0,0.0,0.0,0,0,1,False,0,0,0
568,Pedro Porro,,DEF,18,Spurs,,6,,,,,27,1,0,0,0,0,0,0,0,0,0,0,0,6,8.8,15.7,0.0,2.5,0.0,0.03,0.03,0.15,2,2,2,False,1,0,0
569,Romero,,DEF,18,Spurs,,6,,,,,90,2,0,0,0,1,0,0,0,0,0,0,0,5,9.2,1.9,5.0,1.6,0.03,0.05,0.08,1.15,2,4,2,False,0,1,2
570,Danso,,DEF,18,Spurs,,6,,,,,0,0,0,0,0,0,0,0,0,0,0,0,0,0,0.0,0.0,0.0,0.0,0.0,0.0,0.0,0.0,0,0,2,False,0,0,0
571,Davies,,DEF,18,Spurs,,6,,,,,0,0,0,0,0,0,0,0,0,0,0,0,0,0,0.0,0.0,0.0,0.0,0.0,0.0,0.0,0.0,0,0,2,False,0,0,0
572,Dragusin,,DEF,18,Spurs,,6,,,,,0,0,0,0,0,0,0,0,0,0,0,0,0,0,0.0,0.0,0.0,0.0,0.0,0.0,0.0,0.0,0,0,2,False,0,0,0
573,Spence,,DEF,18,Spurs,,6,,,,,62,2,0,0,0,1,0,0,0,0,0,0,0,7,8.4,16.7,0.0,2.5,0.0,0.05,0.05,1.0,2,2,2,False,1,1,0
574,Udogie,,DEF,18,Spurs,,6,,,,,83,2,0,0,0,1,0,0,0,0,0,0,0,9,12.6,4.3,4.0,2.1,0.0,0.02,0.02,1.15,3,4,2,False,4,1,1
575,Van de Ven,,DEF,18,Spurs,,6,,,,,90,2,0,0,0,1,0,0,0,0,0,0,0,14,16.6,12.2,11.0,4.0,0.01,0.13,0.14,1.15,5,6,2,False,5,1,1
576,Phillips,,DEF,18,Spurs,,6,,,,,0,0,0,0,0,0,0,0,0,0,0,0,0,0,0.0,0.0,0.0,0.0,0.0,0.0,0.0,0.0,0,0,2,False,0,0,0
577,Takai,,DEF,18,Spurs,,6,,,,,0,0,0,0,0,0,0,0,0,0,0,0,0,0,0.0,0.0,0.0,0.0,0.0,0.0,0.0,0.0,0,0,2,False,0,0,0
578,Vuskovic,,DEF,18,Spurs,,6,,,,,0,0,0,0,0,0,0,0,0,0,0,0,0,0,0.0,0.0,0.0,0.0,0.0,0.0,0.0,0.0,0,0,2,False,0,0,0
579,Son,,MID,18,Spurs,,6,,,,,0,0,0,0,0,0,0,0,0,0,0,0,0,0,0.0,0.0,0.0,0.0,0.0,0.0,0.0,0.0,0,0,3,False,0,0,0
580,Johnson,,MID,18,Spurs,,6,,,,,28,1,0,0,0,0,0,0,0,0,0,0,0,3,2.0,0.1,0.0,0.2,0.0,0.0,0.0,0.15,1,1,3,False,0,0,0
581,Maddison,,MID,18,Spurs,,6,,,,,0,0,0,0,0,0,0,0,0,0,0,0,0,0,0.0,0.0,0.0,0.0,0.0,0.0,0.0,0.0,0,0,3,False,0,0,0
582,Kudus,,MID,18,Spurs,,6,,,,,90,2,0,0,0,1,0,0,0,0,0,0,0,7,22.2,23.4,52.0,9.8,0.38,0.08,0.46,1.15,0,9,3,False,6,1,3
583,Kulusevski,,MID,18,Spurs,,6,,,,,0,0,0,0,0,0,0,0,0,0,0,0,0,0,0.0,0.0,0.0,0.0,0.0,0.0,0.0,0.0,0,0,3,False,0,0,0
584,Tel,,MID,18,Spurs,,6,,,,,6,1,0,0,0,0,0,0,0,0,0,0,0,6,5.2,4.3,0.0,1.0,0.0,0.03,0.03,0.0,0,1,3,False,0,0,1
585,Bentancur,,MID,18,Spurs,,6,,,,,61,2,0,0,0,1,0,0,0,0,0,0,0,10,12.8,3.5,9.0,2.5,0.06,0.03,0.09,1.0,3,11,3,False,5,1,3
586,Bergvall,,MID,18,Spurs,,6,,,,,77,1,0,0,0,1,0,0,0,1,0,0,0,3,0.2,5.8,12.0,1.8,0.29,0.09,0.38,1.15,3,7,3,False,3,1,1
587,Bissouma,,MID,18,Spurs,,6,,,,,0,0,0,0,0,0,0,0,0,0,0,0,0,0,0.0,0.0,0.0,0.0,0.0,0.0,0.0,0.0,0,0,3,False,0,0,0
588,Odobert,,MID,18,Spurs,,6,,,,,12,1,0,0,0,0,0,0,0,0,0,0,0,3,4.6,1.1,0.0,0.6,0.0,0.01,0.01,0.0,0,1,3,False,0,0,1
589,Solomon,,MID,18,Spurs,,6,,,,,0,0,0,0,0,0,0,0,0,0,0,0,0,0,0.0,0.0,0.0,0.0,0.0,0.0,0.0,0.0,0,0,3,False,0,0,0
590,Bryan,,MID,18,Spurs,,6,,,,,0,0,0,0,0,0,0,0,0,0,0,0,0,0,0.0,0.0,0.0,0.0,0.0,0.0,0.0,0.0,0,0,3,False,0,0,0
591,Gray,,MID,18,Spurs,,6,,,,,0,0,0,0,0,0,0,0,0,0,0,0,0,0,0.0,0.0,0.0,0.0,0.0,0.0,0.0,0.0,0,0,3,False,0,0,0
592,Moore,,MID,18,Spurs,,6,,,,,0,0,0,0,0,0,0,0,0,0,0,0,0,0,0.0,0.0,0.0,0.0,0.0,0.0,0.0,0.0,0,0,3,False,0,0,0
593,P.M.Sarr,,MID,18,Spurs,,6,,,,,12,4,0,1,0,0,0,0,0,0,0,0,0,12,17.6,12.2,2.0,3.2,0.0,0.03,0.03,0.0,1,3,3,False,2,0,0
594,Min-hyeok,,MID,18,Spurs,,6,,,,,0,0,0,0,0,0,0,0,0,0,0,0,0,0,0.0,0.0,0.0,0.0,0.0,0.0,0.0,0.0,0,0,3,False,0,0,0
595,Olusesi,,MID,18,Spurs,,6,,,,,0,0,0,0,0,0,0,0,0,0,0,0,0,0,0.0,0.0,0.0,0.0,0.0,0.0,0.0,0.0,0,0,3,False,0,0,0
596,Solanke,,FWD,18,Spurs,,6,,,,,0,0,0,0,0,0,0,0,0,0,0,0,0,0,0.0,0.0,0.0,0.0,0.0,0.0,0.0,0.0,0,0,4,False,0,0,0
597,Richarlison,,FWD,18,Spurs,,6,,,,,90,2,0,0,0,1,0,0,0,0,0,0,0,5,2.4,0.8,6.0,0.9,0.02,0.01,0.03,1.15,2,4,4,False,2,1,0
598,Lankshear,,FWD,18,Spurs,,6,,,,,0,0,0,0,0,0,0,0,0,0,0,0,0,0,0.0,0.0,0.0,0.0,0.0,0.0,0.0,0.0,0,0,4,False,0,0,0
599,Scarlett,,FWD,18,Spurs,,6,,,,,0,0,0,0,0,0,0,0,0,0,0,0,0,0,0.0,0.0,0.0,0.0,0.0,0.0,0.0,0.0,0,0,4,False,0,0,0
600,Areola,,GK,19,West Ham,,6,,,,,90,3,0,0,0,1,0,0,0,0,0,5,0,20,40.0,0.0,0.0,4.0,0.0,0.0,0.0,0.73,2,0,1,False,9,1,0
601,Foderingham,,GK,19,West Ham,,6,,,,,0,0,0,0,0,0,0,0,0,0,0,0,0,0,0.0,0.0,0.0,0.0,0.0,0.0,0.0,0.0,0,0,1,False,0,0,0
602,Hegyi,,GK,19,West Ham,,6,,,,,0,0,0,0,0,0,0,0,0,0,0,0,0,0,0.0,0.0,0.0,0.0,0.0,0.0,0.0,0.0,0,0,1,False,0,0,0
603,Diouf,,DEF,19,West Ham,,6,,,,,90,5,0,1,0,1,0,0,0,0,0,0,0,10,5.6,5.9,3.0,1.5,0.01,0.07,0.08,0.73,4,5,2,False,4,1,1
604,Emerson,,DEF,19,West Ham,,6,,,,,0,0,0,0,0,0,0,0,0,0,0,0,0,0,0.0,0.0,0.0,0.0,0.0,0.0,0.0,0.0,0,0,2,False,0,0,0
605,Kilman,,DEF,19,West Ham,,6,,,,,90,3,0,0,0,1,0,0,0,1,0,0,0,8,29.2,10.8,2.0,4.2,0.0,0.15,0.15,0.73,10,13,2,False,2,1,3
606,Mavropanos,,DEF,19,West Ham,,6,,,,,90,1,0,0,0,1,0,0,0,1,0,0,0,6,11.4,0.8,16.0,2.8,0.14,0.01,0.15,0.73,6,7,2,False,3,1,1
607,N.Aguerd,,DEF,19,West Ham,,6,,,,,0,0,0,0,0,0,0,0,0,0,0,0,0,0,0.0,0.0,0.0,0.0,0.0,0.0,0.0,0.0,0,0,2,False,0,0,0
608,Scarles,,DEF,19,West Ham,,6,,,,,0,0,0,0,0,0,0,0,0,0,0,0,0,0,0.0,0.0,0.0,0.0,0.0,0.0,0.0,0.0,0,0,2,False,0,0,0
609,Todibo,,DEF,19,West Ham,,6,,,,,0,0,0,0,0,0,0,0,0,0,0,0,0,0,0.0,0.0,0.0,0.0,0.0,0.0,0.0,0.0,0,0,2,False,0,0,0
610,Wan-Bissaka,,DEF,19,West Ham,,6,,,,,0,0,0,0,0,0,0,0,0,0,0,0,0,0,0.0,0.0,0.0,0.0,0.0,0.0,0.0,0.0,0,0,2,False,0,0,0
611,Casey,,DEF,19,West Ham,,6,,,,,0,0,0,0,0,0,0,0,0,0,0,0,0,0,0.0,0.0,0.0,0.0,0.0,0.0,0.0,0.0,0,0,2,False,0,0,0
612,L.Paquetá,,MID,19,West Ham,,6,,,,,90,4,0,0,0,1,0,0,0,0,0,0,0,17,19.6,48.4,6.0,7.4,0.09,0.21,0.3,0.73,3,13,3,False,7,1,3
613,Souček,,MID,19,West Ham,,6,,,,,0,0,0,0,0,0,0,0,0,0,0,0,0,0,0.0,0.0,0.0,0.0,0.0,0.0,0.0,0.0,0,0,3,False,0,0,0
614,Ward-Prowse,,MID,19,West Ham,,6,,,,,0,0,0,0,0,0,0,0,0,0,0,0,0,0,0.0,0.0,0.0,0.0,0.0,0.0,0.0,0.0,0,0,3,False,0,0,0
615,Summerville,,MID,19,West Ham,,6,,,,,76,2,0,0,0,1,0,0,0,0,0,0,0,13,17.4,21.6,34.0,7.3,0.42,0.12,0.54,0.64,4,9,3,False,5,1,0
616,Álvarez,,MID,19,West Ham,,6,,,,,0,0,0,0,0,0,0,0,0,0,0,0,0,0,0.0,0.0,0.0,0.0,0.0,0.0,0.0,0.0,0,0,3,False,0,0,0
617,Cornet,,MID,19,West Ham,,6,,,,,0,0,0,0,0,0,0,0,0,0,0,0,0,0,0.0,0.0,0.0,0.0,0.0,0.0,0.0,0.0,0,0,3,False,0,0,0
618,G.Rodriguez,,MID,19,West Ham,,6,,,,,0,0,0,0,0,0,0,0,0,0,0,0,0,0,0.0,0.0,0.0,0.0,0.0,0.0,0.0,0.0,0,0,3,False,0,0,0
619,L.Guilherme,,MID,19,West Ham,,6,,,,,13,1,0,0,0,0,0,0,0,0,0,0,0,2,0.2,0.6,0.0,0.1,0.0,0.0,0.0,0.09,0,2,3,False,2,0,0
620,Earthy,,MID,19,West Ham,,6,,,,,0,0,0,0,0,0,0,0,0,0,0,0,0,0,0.0,0.0,0.0,0.0,0.0,0.0,0.0,0.0,0,0,3,False,0,0,0
621,Irving,,MID,19,West Ham,,6,,,,,1,1,0,0,0,0,0,0,0,0,0,0,0,3,0.0,0.0,0.0,0.0,0.0,0.0,0.0,0.0,0,0,3,False,0,0,0
622,Orford,,MID,19,West Ham,,6,,,,,0,0,0,0,0,0,0,0,0,0,0,0,0,0,0.0,0.0,0.0,0.0,0.0,0.0,0.0,0.0,0,0,3,False,0,0,0
623,Potts,,MID,19,West Ham,,6,,,,,31,1,0,0,0,0,0,0,0,0,0,0,0,7,7.6,1.3,0.0,0.9,0.0,0.01,0.01,0.09,2,5,3,False,1,0,2
624,Bowen,,FWD,19,West Ham,,6,,,,,90,9,1,0,0,1,0,0,0,0,0,0,3,33,35.2,3.3,35.0,7.4,0.16,0.05,0.21,0.73,2,5,4,False,3,1,0
625,Füllkrug,,FWD,19,West Ham,,6,,,,,90,2,0,0,0,1,0,0,0,0,0,0,0,13,16.8,35.0,47.0,9.9,0.24,0.05,0.29,0.73,5,10,4,False,4,1,1
626,Marshall,,FWD,19,West Ham,,6,,,,,0,0,0,0,0,0,0,0,0,0,0,0,0,0,0.0,0.0,0.0,0.0,0.0,0.0,0.0,0.0,0,0,4,False,0,0,0
627,Johnstone,,GK,20,Wolves,,6,,,,,90,2,0,0,0,1,0,0,0,0,0,2,0,11,19.6,0.0,0.0,2.0,0.0,0.0,0.0,0.87,2,0,1,False,6,1,0
628,José Sá,,GK,20,Wolves,,6,,,,,0,0,0,0,0,0,0,0,0,0,0,0,0,0,0.0,0.0,0.0,0.0,0.0,0.0,0.0,0.0,0,0,1,False,0,0,0
629,Bentley,,GK,20,Wolves,,6,,,,,0,0,0,0,0,0,0,0,0,0,0,0,0,0,0.0,0.0,0.0,0.0,0.0,0.0,0.0,0.0,0,0,1,False,0,0,0
630,King,,GK,9,Everton,,6,,,,,0,0,0,0,0,0,0,0,0,0,0,0,0,0,0.0,0.0,0.0,0.0,0.0,0.0,0.0,0.0,0,0,1,False,0,0,0
631,Agbadou,,DEF,20,Wolves,,6,,,,,45,1,0,0,0,1,0,0,0,0,0,0,0,0,5.2,0.0,0.0,0.5,0.0,0.0,0.0,0.19,3,3,2,False,1,0,0
632,Doherty,,DEF,20,Wolves,,6,,,,,45,0,0,0,0,0,0,0,0,1,0,0,0,-2,1.2,1.4,4.0,0.7,0.07,0.01,0.08,0.68,2,3,2,False,1,1,1
633,H.Bueno,,DEF,20,Wolves,,6,,,,,90,2,0,0,0,1,0,0,0,0,0,0,0,16,25.8,6.1,17.0,4.9,0.08,0.01,0.09,0.87,5,9,2,False,6,1,4
634,Mosquera,,DEF,20,Wolves,,6,,,,,0,0,0,0,0,0,0,0,0,0,0,0,0,0,0.0,0.0,0.0,0.0,0.0,0.0,0.0,0.0,0,0,2,False,0,0,0
635,R.Gomes,,DEF,20,Wolves,,6,,,,,0,0,0,0,0,0,0,0,0,0,0,0,0,0,0.0,0.0,0.0,0.0,0.0,0.0,0.0,0.0,0,0,2,False,0,0,0
636,S.Bueno,,DEF,20,Wolves,,6,,,,,90,12,1,0,0,1,0,0,0,0,0,0,2,32,61.8,11.2,37.0,11.0,0.75,0.01,0.76,0.87,7,15,2,True,3,1,8
637,Toti,,DEF,20,Wolves,,6,,,,,1,1,0,0,0,1,0,0,0,0,0,0,0,-1,0.0,0.0,0.0,0.0,0.0,0.0,0.0,0.06,0,0,2,False,0,0,0
638,Hoever,,DEF,20,Wolves,,6,,,,,0,0,0,0,0,0,0,0,0,0,0,0,0,0,0.0,0.0,0.0,0.0,0.0,0.0,0.0,0.0,0,0,2,False,0,0,0
639,Meupiyou,,DEF,20,Wolves,,6,,,,,0,0,0,0,0,0,0,0,0,0,0,0,0,0,0.0,0.0,0.0,0.0,0.0,0.0,0.0,0.0,0,0,2,False,0,0,0
640,Pedro Lima,,DEF,20,Wolves,,6,,,,,0,0,0,0,0,0,0,0,0,0,0,0,0,0,0.0,0.0,0.0,0.0,0.0,0.0,0.0,0.0,0,0,2,False,0,0,0
641,Pond,,DEF,20,Wolves,,6,,,,,0,0,0,0,0,0,0,0,0,0,0,0,0,0,0.0,0.0,0.0,0.0,0.0,0.0,0.0,0.0,0,0,2,False,0,0,0
642,Hee Chan,,MID,20,Wolves,,6,,,,,45,1,0,0,0,0,0,0,0,0,0,0,0,5,4.2,1.4,1.0,0.7,0.02,0.01,0.03,0.68,1,2,3,False,0,1,1
643,André,,MID,20,Wolves,,6,,,,,90,5,0,0,0,1,0,0,0,0,0,0,1,18,15.8,1.3,2.0,1.9,0.0,0.03,0.03,0.87,5,15,3,False,7,1,3
644,Bellegarde,,MID,20,Wolves,,6,,,,,26,1,0,0,0,1,0,0,0,0,0,0,0,8,4.6,2.3,6.0,1.3,0.07,0.04,0.11,0.13,1,4,3,False,1,0,2
645,Fer López,,MID,20,Wolves,,6,,,,,0,0,0,0,0,0,0,0,0,0,0,0,0,0,0.0,0.0,0.0,0.0,0.0,0.0,0.0,0.0,0,0,3,False,0,0,0
646,Gomes,,MID,20,Wolves,,6,,,,,63,2,0,0,1,0,0,0,0,1,0,0,0,2,1.4,2.6,0.0,0.4,0.0,0.01,0.01,0.74,1,8,3,False,5,1,2
647,Guedes,,MID,20,Wolves,,6,,,,,0,0,0,0,0,0,0,0,0,0,0,0,0,0,0.0,0.0,0.0,0.0,0.0,0.0,0.0,0.0,0,0,3,False,0,0,0
648,Munetsi,,MID,20,Wolves,,6,,,,,90,4,0,0,0,1,0,0,0,0,0,0,0,12,27.6,3.3,4.0,3.5,0.0,0.06,0.06,0.87,11,14,3,False,0,1,3
649,B.Traore,,MID,20,Wolves,,6,,,,,0,0,0,0,0,0,0,0,0,0,0,0,0,0,0.0,0.0,0.0,0.0,0.0,0.0,0.0,0.0,0,0,3,False,0,0,0
650,Chirewa,,MID,20,Wolves,,6,,,,,0,0,0,0,0,0,0,0,0,0,0,0,0,0,0.0,0.0,0.0,0.0,0.0,0.0,0.0,0.0,0,0,3,False,0,0,0
651,Edozie,,MID,20,Wolves,,6,,,,,0,0,0,0,0,0,0,0,0,0,0,0,0,0,0.0,0.0,0.0,0.0,0.0,0.0,0.0,0.0,0,0,3,False,0,0,0
652,Gonzalez,,MID,20,Wolves,,6,,,,,0,0,0,0,0,0,0,0,0,0,0,0,0,0,0.0,0.0,0.0,0.0,0.0,0.0,0.0,0.0,0,0,3,False,0,0,0
653,Hodge,,MID,20,Wolves,,6,,,,,0,0,0,0,0,0,0,0,0,0,0,0,0,0,0.0,0.0,0.0,0.0,0.0,0.0,0.0,0.0,0,0,3,False,0,0,0
654,Strand Larsen,,FWD,20,Wolves,,6,,,,,83,2,0,0,1,0,0,0,0,0,0,0,0,6,1.6,1.6,11.0,1.4,0.08,0.01,0.09,0.81,3,3,4,False,0,1,0
655,Fábio Silva,,FWD,20,Wolves,,6,,,,,0,0,0,0,0,0,0,0,0,0,0,0,0,0,0.0,0.0,0.0,0.0,0.0,0.0,0.0,0.0,0,0,4,False,0,0,0
656,Kalajdžić,,FWD,20,Wolves,,6,,,,,0,0,0,0,0,0,0,0,0,0,0,0,0,0,0.0,0.0,0.0,0.0,0.0,0.0,0.0,0.0,0,0,4,False,0,0,0
657,Chiwome,,FWD,20,Wolves,,6,,,,,0,0,0,0,0,0,0,0,0,0,0,0,0,0,0.0,0.0,0.0,0.0,0.0,0.0,0.0,0.0,0,0,4,False,0,0,0
658,Fraser,,FWD,20,Wolves,,6,,,,,0,0,0,0,0,0,0,0,0,0,0,0,0,0,0.0,0.0,0.0,0.0,0.0,0.0,0.0,0.0,0,0,4,False,0,0,0
659,Walker-Peters,,DEF,19,West Ham,,6,,,,,90,1,0,0,0,1,0,0,0,1,0,0,0,5,11.8,23.9,0.0,3.6,0.0,0.02,0.02,0.73,3,5,2,False,3,1,2
660,Stach,,MID,11,Leeds,,6,,,,,90,2,0,0,0,2,0,0,0,0,0,0,0,10,7.0,15.6,0.0,2.3,0.0,0.01,0.01,0.82,0,7,3,False,5,1,2
661,Ekitiké,,FWD,12,Liverpool,,6,,,,,0,0,0,0,0,0,0,0,0,0,0,0,0,0,0.0,0.0,0.0,0.0,0.0,0.0,0.0,0.0,0,0,4,False,0,0,0
662,Mosquera,,DEF,1,Arsenal,,6,,,,,45,1,0,0,0,1,0,0,0,0,0,0,0,1,3.8,0.2,0.0,0.4,0.0,0.0,0.0,0.41,4,4,2,False,0,1,0
663,J.Arias,,MID,20,Wolves,,6,,,,,90,5,0,0,1,0,0,0,0,0,0,0,0,17,21.0,48.3,9.0,7.8,0.06,0.13,0.19,0.81,3,14,3,False,6,1,5
664,Lecomte,,GK,10,Fulham,,6,,,,,0,0,0,0,0,0,0,0,0,0,0,0,0,0,0.0,0.0,0.0,0.0,0.0,0.0,0.0,0.0,0,0,1,False,0,0,0
665,Perri,,GK,11,Leeds,,6,,,,,0,0,0,0,0,0,0,0,0,0,0,0,0,0,0.0,0.0,0.0,0.0,0.0,0.0,0.0,0.0,0,0,1,False,0,0,0
666,Gyökeres,,FWD,1,Arsenal,,6,,,,,90,2,0,0,0,1,0,0,0,0,0,0,0,9,7.6,21.7,52.0,8.1,0.26,0.12,0.38,0.61,1,6,4,False,4,1,1
667,Aznou,,DEF,9,Everton,,6,,,,,0,0,0,0,0,0,0,0,0,0,0,0,0,0,0.0,0.0,0.0,0.0,0.0,0.0,0.0,0.0,0,0,2,False,0,0,0
668,Xhaka,,MID,17,Sunderland,,6,,,,,90,9,0,1,1,0,0,0,0,0,0,0,1,33,47.8,16.3,0.0,6.4,0.0,0.23,0.23,1.68,11,20,3,False,7,1,2
669,Ndoye,,MID,16,Nott'm Forest,,6,,,,,59,1,0,0,0,1,0,0,0,0,0,0,0,5,2.4,3.1,13.0,1.9,0.05,0.01,0.06,0.74,0,2,3,False,1,1,1
670,Roefs,,GK,17,Sunderland,,6,,,,,90,10,0,0,1,0,0,0,0,0,0,6,2,39,48.6,20.0,0.0,6.9,0.0,0.01,0.01,1.68,1,0,1,True,11,1,0
671,Wilson,,FWD,19,West Ham,,6,,,,,0,0,0,0,0,0,0,0,0,0,0,0,0,0,0.0,0.0,0.0,0.0,0.0,0.0,0.0,0.0,0,0,4,False,0,0,0
672,Hato,,DEF,7,Chelsea,,6,,,,,78,2,0,0,0,1,0,0,0,0,0,0,0,7,12.0,0.4,2.0,1.4,0.0,0.0,0.0,1.05,1,2,2,False,2,1,1
673,J.Palhinha,,MID,18,Spurs,,6,,,,,90,9,1,0,0,1,0,0,0,1,0,0,3,33,45.6,11.0,12.0,6.9,0.08,0.01,0.09,1.15,3,11,3,False,4,1,4
674,Ramsdale,,GK,15,Newcastle,,6,,,,,0,0,0,0,0,0,0,0,0,0,0,0,0,0,0.0,0.0,0.0,0.0,0.0,0.0,0.0,0.0,0,0,1,False,0,0,0
675,Gunn,,GK,16,Nott'm Forest,,6,,,,,0,0,0,0,0,0,0,0,0,0,0,0,0,0,0.0,0.0,0.0,0.0,0.0,0.0,0.0,0.0,0,0,1,False,0,0,0
676,Ugochukwu,,MID,3,Burnley,,6,,,,,11,1,0,0,0,2,0,0,0,0,0,0,0,4,0.4,0.0,0.0,0.0,0.0,0.0,0.0,0.78,0,0,3,False,0,0,0
677,Guessand,,MID,2,Aston Villa,,6,,,,,82,2,0,0,0,1,0,0,0,0,0,0,0,9,7.6,1.3,6.0,1.5,0.0,0.01,0.01,0.8,0,6,3,False,4,1,2
678,Masuaku,,DEF,17,Sunderland,,6,,,,,58,0,0,0,0,0,0,0,0,1,0,0,0,3,8.8,4.8,7.0,2.1,0.07,0.01,0.08,0.45,2,4,2,False,1,1,2
679,Hermansen,,GK,19,West Ham,,6,,,,,0,0,0,0,0,0,0,0,0,0,0,0,0,0,0.0,0.0,0.0,0.0,0.0,0.0,0.0,0.0,0,0,1,False,0,0,0
680,Broja,,FWD,3,Burnley,,6,,,,,10,1,0,0,0,2,0,0,0,0,0,0,0,3,0.0,0.5,2.0,0.3,0.0,0.0,0.0,0.78,0,0,4,False,0,0,0
681,Šeško,,FWD,14,Man Utd,,6,,,,,90,8,1,0,0,3,0,0,0,0,0,0,2,33,48.0,12.7,120.0,18.1,0.89,0.01,0.9,2.02,2,3,4,False,1,1,0
682,Møller Wolfe,,DEF,20,Wolves,,6,,,,,0,0,0,0,0,0,0,0,0,0,0,0,0,0,0.0,0.0,0.0,0.0,0.0,0.0,0.0,0.0,0,0,2,False,0,0,0
683,Alderete,,DEF,17,Sunderland,,6,,,,,90,17,1,0,1,0,0,0,0,0,0,0,3,45,62.0,3.3,35.0,10.0,0.31,0.16,0.47,1.68,11,11,2,True,0,1,0
684,Thiaw,,DEF,15,Newcastle,,6,,,,,90,3,0,0,0,2,0,0,0,0,0,0,0,7,17.8,0.1,22.0,4.0,0.07,0.0,0.07,2.04,9,10,2,False,4,1,1
685,Diakité,,DEF,4,Bournemouth,,6,,,,,90,3,0,0,0,2,0,0,0,0,0,0,0,11,31.4,2.1,0.0,3.4,0.0,0.02,0.02,1.84,13,14,2,False,3,1,1
686,Ngumoha,,MID,12,Liverpool,,6,,,,,6,1,0,0,0,1,0,0,0,0,0,0,0,4,2.0,0.5,0.0,0.3,0.0,0.0,0.0,0.56,0,1,3,False,0,0,1
687,Rees-Dottin,,MID,4,Bournemouth,,6,,,,,0,0,0,0,0,0,0,0,0,0,0,0,0,0,0.0,0.0,0.0,0.0,0.0,0.0,0.0,0.0,0,0,3,False,0,0,0
688,Wright,,GK,2,Aston Villa,,6,,,,,0,0,0,0,0,0,0,0,0,0,0,0,0,0,0.0,0.0,0.0,0.0,0.0,0.0,0.0,0.0,0,0,1,False,0,0,0
689,Seung soo,,MID,15,Newcastle,,6,,,,,0,0,0,0,0,0,0,0,0,0,0,0,0,0,0.0,0.0,0.0,0.0,0.0,0.0,0.0,0.0,0,0,3,False,0,0,0
690,Cardines,,MID,8,Crystal Palace,,6,,,,,0,0,0,0,0,0,0,0,0,0,0,0,0,0,0.0,0.0,0.0,0.0,0.0,0.0,0.0,0.0,0,0,3,False,0,0,0
691,Calvert-Lewin,,FWD,11,Leeds,,6,,,,,90,2,0,0,0,1,0,0,0,0,0,0,0,1,12.0,13.4,55.0,8.0,0.7,0.04,0.74,0.58,0,3,4,False,2,1,1
692,Leoni,,DEF,12,Liverpool,,6,,,,,0,0,0,0,0,0,0,0,0,0,0,0,0,0,0.0,0.0,0.0,0.0,0.0,0.0,0.0,0.0,0,0,2,False,0,0,0
693,Hutchinson,,MID,16,Nott'm Forest,,6,,,,,18,1,0,0,0,0,0,0,0,0,0,0,0,18,22.6,53.2,26.0,10.2,0.22,0.34,0.56,0.41,0,2,3,False,1,0,1
694,Mukiele,,DEF,17,Sunderland,,6,,,,,90,6,0,0,1,0,0,0,0,0,0,0,0,26,19.6,1.1,0.0,2.1,0.0,0.0,0.0,1.68,8,9,2,False,2,1,1
695,Tchatchoua,,DEF,20,Wolves,,6,,,,,45,1,0,0,0,1,0,0,0,0,0,0,0,0,9.8,0.8,0.0,1.1,0.0,0.0,0.0,0.19,3,5,2,False,3,0,2
696,Kalimuendo,,FWD,16,Nott'm Forest,,6,,,,,1,1,0,0,0,0,0,0,0,0,0,0,0,3,0.0,0.3,0.0,0.0,0.0,0.0,0.0,0.27,0,0,4,False,0,0,0
697,Adli,,MID,4,Bournemouth,,6,,,,,59,1,0,0,0,2,0,0,0,0,0,0,0,9,16.8,23.1,23.0,6.3,0.06,0.06,0.12,1.36,2,7,3,False,3,1,2
698,Okafor,,MID,11,Leeds,,6,,,,,66,2,0,0,0,1,0,0,0,0,0,0,0,11,10.0,15.3,15.0,4.0,0.06,0.27,0.33,0.41,0,4,3,False,2,1,2
699,Douglas Luiz,,MID,16,Nott'm Forest,,6,,,,,0,0,0,0,0,0,0,0,0,0,0,0,0,0,0.0,0.0,0.0,0.0,0.0,0.0,0.0,0.0,0,0,3,False,0,0,0
700,Dowman,,MID,1,Arsenal,,6,,,,,0,0,0,0,0,0,0,0,0,0,0,0,0,0,0.0,0.0,0.0,0.0,0.0,0.0,0.0,0.0,0,0,3,False,0,0,0
701,Rowe,,DEF,2,Aston Villa,,6,,,,,0,0,0,0,0,0,0,0,0,0,0,0,0,0,0.0,0.0,0.0,0.0,0.0,0.0,0.0,0.0,0,0,2,False,0,0,0
702,Burrowes,,MID,2,Aston Villa,,6,,,,,0,0,0,0,0,0,0,0,0,0,0,0,0,0,0.0,0.0,0.0,0.0,0.0,0.0,0.0,0.0,0,0,3,False,0,0,0
703,Proctor,,GK,2,Aston Villa,,6,,,,,0,0,0,0,0,0,0,0,0,0,0,0,0,0,0.0,0.0,0.0,0.0,0.0,0.0,0.0,0.0,0,0,1,False,0,0,0
704,Onyango,,MID,9,Everton,,6,,,,,0,0,0,0,0,0,0,0,0,0,0,0,0,0,0.0,0.0,0.0,0.0,0.0,0.0,0.0,0.0,0,0,3,False,0,0,0
705,Campbell,,DEF,9,Everton,,6,,,,,0,0,0,0,0,0,0,0,0,0,0,0,0,0,0.0,0.0,0.0,0.0,0.0,0.0,0.0,0.0,0,0,2,False,0,0,0
706,Justin,,DEF,11,Leeds,,6,,,,,0,0,0,0,0,0,0,0,0,0,0,0,0,0,0.0,0.0,0.0,0.0,0.0,0.0,0.0,0.0,0,0,2,False,0,0,0
707,Dibling,,MID,9,Everton,,6,,,,,9,1,0,0,0,0,0,0,0,0,0,0,0,5,3.0,0.3,0.0,0.3,0.0,0.0,0.0,0.15,0,3,3,False,2,0,1
708,M.Fernandes,,MID,19,West Ham,,6,,,,,90,2,0,0,0,1,0,0,0,0,0,0,0,8,3.8,4.4,3.0,1.1,0.11,0.01,0.12,0.73,1,4,3,False,1,1,2
709,Krejčí,,DEF,20,Wolves,,6,,,,,90,2,0,0,0,1,0,0,0,0,0,0,0,13,19.4,11.1,17.0,4.8,0.06,0.01,0.07,0.87,4,4,2,False,1,1,0
710,Patterson,,DEF,2,Aston Villa,,6,,,,,0,0,0,0,0,0,0,0,0,0,0,0,0,0,0.0,0.0,0.0,0.0,0.0,0.0,0.0,0.0,0,0,2,False,0,0,0
711,Harriman-Annous,,MID,1,Arsenal,,6,,,,,0,0,0,0,0,0,0,0,0,0,0,0,0,0,0.0,0.0,0.0,0.0,0.0,0.0,0.0,0.0,0,0,3,False,0,0,0
712,Yeremy,,MID,8,Crystal Palace,,6,,,,,73,3,0,0,1,0,0,0,0,0,0,0,0,10,10.0,12.2,19.0,4.1,0.24,0.13,0.37,1.5,1,6,3,False,5,1,0
713,A.Jimenez,,DEF,4,Bournemouth,,6,,,,,72,0,0,0,0,2,0,0,0,1,0,0,0,3,15.6,12.8,2.0,3.0,0.0,0.02,0.02,1.62,1,5,2,False,5,1,4
714,Woltemade,,FWD,15,Newcastle,,6,,,,,66,7,1,0,1,0,0,0,0,0,0,0,1,28,33.2,2.3,19.0,5.5,0.29,0.02,0.31,1.56,1,2,4,False,1,1,0
715,John,,GK,16,Nott'm Forest,,6,,,,,0,0,0,0,0,0,0,0,0,0,0,0,0,0,0.0,0.0,0.0,0.0,0.0,0.0,0.0,0.0,0,0,1,False,0,0,0
716,Savona,,DEF,16,Nott'm Forest,,6,,,,,0,0,0,0,0,0,0,0,0,0,0,0,0,0,0.0,0.0,0.0,0.0,0.0,0.0,0.0,0.0,0,0,2,False,0,0,0
717,Xavi,,MID,18,Spurs,,6,,,,,77,1,0,0,0,1,0,0,0,1,0,0,0,9,12.4,25.8,2.0,4.0,0.0,0.24,0.24,1.15,3,10,3,False,7,1,0
718,S.Magassa,,MID,19,West Ham,,6,,,,,58,0,0,0,0,1,0,0,0,1,0,0,0,4,9.2,3.5,0.0,1.3,0.0,0.01,0.01,0.64,1,8,3,False,5,1,2
719,Lindelöf,,DEF,2,Aston Villa,,6,,,,,8,1,0,0,0,0,0,0,0,0,0,0,0,3,0.2,0.0,0.0,0.0,0.0,0.0,0.0,0.13,0,0,2,False,0,0,0
720,Tolu,,FWD,20,Wolves,,6,,,,,6,1,0,0,0,1,0,0,0,0,0,0,0,0,3.0,0.1,0.0,0.3,0.0,0.0,0.0,0.06,2,2,4,False,0,0,0
721,Milosavljević,,DEF,4,Bournemouth,,6,,,,,0,0,0,0,0,0,0,0,0,0,0,0,0,0,0.0,0.0,0.0,0.0,0.0,0.0,0.0,0.0,0,0,2,False,0,0,0
722,Florentino,,MID,3,Burnley,,6,,,,,90,4,0,0,0,5,0,0,0,0,0,0,0,12,17.0,1.7,0.0,1.9,0.0,0.01,0.01,2.03,3,12,3,False,3,1,6
723,Canvot,,DEF,8,Crystal Palace,,6,,,,,0,0,0,0,0,0,0,0,0,0,0,0,0,0,0.0,0.0,0.0,0.0,0.0,0.0,0.0,0.0,0,0,2,False,0,0,0
724,Geertruida,,DEF,17,Sunderland,,6,,,,,31,1,0,0,0,0,0,0,0,0,0,0,0,3,4.0,0.6,19.0,2.4,0.27,0.05,0.32,1.23,0,0,2,False,3,0,0
725,Hincapie,,DEF,1,Arsenal,,6,,,,,0,0,0,0,0,0,0,0,0,0,0,0,0,0,0.0,0.0,0.0,0.0,0.0,0.0,0.0,0.0,0,0,2,False,0,0,0
726,Kolo Muani,,FWD,18,Spurs,,6,,,,,0,0,0,0,0,0,0,0,0,0,0,0,0,0,0.0,0.0,0.0,0.0,0.0,0.0,0.0,0.0,0,0,4,False,0,0,0
727,Chukwueze,,MID,10,Fulham,,6,,,,,10,1,0,0,0,0,0,0,0,0,0,0,0,3,0.4,0.5,12.0,1.3,0.18,0.0,0.18,0.0,0,1,3,False,0,0,1
728,Röhl,,MID,9,Everton,,6,,,,,0,0,0,0,0,0,0,0,0,0,0,0,0,0,0.0,0.0,0.0,0.0,0.0,0.0,0.0,0.0,0,0,3,False,0,0,0
729,Cuiabano,,DEF,16,Nott'm Forest,,6,,,,,0,0,0,0,0,0,0,0,0,0,0,0,0,0,0.0,0.0,0.0,0.0,0.0,0.0,0.0,0.0,0,0,2,False,0,0,0
730,Brobbey,,FWD,17,Sunderland,,6,,,,,5,1,0,0,0,0,0,0,0,0,0,0,0,2,2.4,0.2,0.0,0.3,0.0,0.0,0.0,0.07,1,3,4,False,2,0,0
731,Kevin,,MID,10,Fulham,,6,,,,,25,1,0,0,0,0,0,0,0,0,0,0,0,2,3.8,2.8,2.0,0.9,0.0,0.01,0.01,0.0,0,3,3,False,2,0,1
732,Uche,,FWD,8,Crystal Palace,,6,,,,,0,0,0,0,0,0,0,0,0,0,0,0,0,0,0.0,0.0,0.0,0.0,0.0,0.0,0.0,0.0,0,0,4,False,0,0,0
733,Lammens,,GK,14,Man Utd,,6,,,,,0,0,0,0,0,0,0,0,0,0,0,0,0,0,0.0,0.0,0.0,0.0,0.0,0.0,0.0,0.0,0,0,1,False,0,0,0
734,Bakwa,,MID,16,Nott'm Forest,,6,,,,,71,2,0,0,0,1,0,0,0,0,0,0,0,12,14.0,45.3,17.0,7.6,0.07,0.23,0.3,0.79,1,5,3,False,4,1,0
735,Traoré,,MID,17,Sunderland,,6,,,,,31,1,0,0,0,0,0,0,0,0,0,0,0,10,10.2,10.7,17.0,3.8,0.05,0.01,0.06,1.23,2,5,3,False,2,0,1
736,Donnarumma,,GK,13,Man City,,6,,,,,90,2,0,0,0,1,0,0,0,0,0,1,0,5,6.8,0.0,0.0,0.7,0.0,0.0,0.0,0.41,0,0,1,False,3,1,0
737,Kusi-Asare,,FWD,10,Fulham,,6,,,,,0,0,0,0,0,0,0,0,0,0,0,0,0,0,0.0,0.0,0.0,0.0,0.0,0.0,0.0,0.0,0,0,4,False,0,0,0
738,Fabianski,,GK,19,West Ham,,6,,,,,0,0,0,0,0,0,0,0,0,0,0,0,0,0,0.0,0.0,0.0,0.0,0.0,0.0,0.0,0.0,0,0,1,False,0,0,0
739,Mukasa,,MID,13,Man City,,6,,,,,0,0,0,0,0,0,0,0,0,0,0,0,0,0,0.0,0.0,0.0,0.0,0.0,0.0,0.0,0.0,0,0,3,False,0,0,0
740,Mfuni,,DEF,13,Man City,,6,,,,,0,0,0,0,0,0,0,0,0,0,0,0,0,0,0.0,0.0,0.0,0.0,0.0,0.0,0.0,0.0,0,0,2,False,0,0,0
741,Gray,,FWD,11,Leeds,,6,,,,,0,0,0,0,0,0,0,0,0,0,0,0,0,0,0.0,0.0,0.0,0.0,0.0,0.0,0.0,0.0,0,0,4,False,0,0,0
742,McAidoo,,MID,13,Man City,,6,,,,,0,0,0,0,0,0,0,0,0,0,0,0,0,0,0.0,0.0,0.0,0.0,0.0,0.0,0.0,0.0,0,0,3,False,0,0,0
1,Raya,,GK,1,Arsenal,,7,,,,,90,6,0,0,1,0,0,0,0,0,0,0,0,20,3.2,0.0,0.0,0.3,0.0,0.0,0.0,0.49,0,0,1,False,8,1,0
2,Arrizabalaga,,GK,1,Arsenal,,7,,,,,0,0,0,0,0,0,0,0,0,0,0,0,0,0,0.0,0.0,0.0,0.0,0.0,0.0,0.0,0.0,0,0,1,False,0,0,0
3,Hein,,GK,1,Arsenal,,7,,,,,0,0,0,0,0,0,0,0,0,0,0,0,0,0,0.0,0.0,0.0,0.0,0.0,0.0,0.0,0.0,0,0,1,False,0,0,0
4,Setford,,GK,1,Arsenal,,7,,,,,0,0,0,0,0,0,0,0,0,0,0,0,0,0,0.0,0.0,0.0,0.0,0.0,0.0,0.0,0.0,0,0,1,False,0,0,0
5,Gabriel,,DEF,1,Arsenal,,7,,,,,90,9,0,0,1,0,0,0,0,0,0,0,1,33,24.6,2.0,2.0,2.9,0.0,0.03,0.03,0.49,10,12,2,False,0,1,2
6,Saliba,,DEF,1,Arsenal,,7,,,,,90,6,0,0,1,0,0,0,0,0,0,0,0,30,28.2,2.2,0.0,3.0,0.0,0.02,0.02,0.49,8,8,2,False,4,1,0
7,Calafiori,,DEF,1,Arsenal,,7,,,,,74,6,0,0,1,0,0,0,0,0,0,0,0,26,8.8,5.4,19.0,3.3,0.17,0.02,0.19,0.36,3,6,2,False,5,1,3
8,J.Timber,,DEF,1,Arsenal,,7,,,,,90,11,0,1,1,0,0,0,0,0,0,0,2,43,20.2,16.8,29.0,6.6,0.16,0.03,0.19,0.49,3,9,2,True,3,1,6
9,Kiwior,,DEF,1,Arsenal,,7,,,,,0,0,0,0,0,0,0,0,0,0,0,0,0,0,0.0,0.0,0.0,0.0,0.0,0.0,0.0,0.0,0,0,2,False,0,0,0
10,Lewis-Skelly,,DEF,1,Arsenal,,7,,,,,15,1,0,0,0,0,0,0,0,0,0,0,0,2,3.2,0.3,2.0,0.6,0.0,0.0,0.0,0.13,2,2,2,False,1,0,0
11,White,,DEF,1,Arsenal,,7,,,,,0,0,0,0,0,0,0,0,0,0,0,0,0,0,0.0,0.0,0.0,0.0,0.0,0.0,0.0,0.0,0,0,2,False,0,0,0
12,Zinchenko,,DEF,16,Nott'm Forest,,7,,,,,0,0,0,0,0,0,0,0,0,0,0,0,0,0,0.0,0.0,0.0,0.0,0.0,0.0,0.0,0.0,0,0,2,False,0,0,0
13,Clarke,,DEF,1,Arsenal,,7,,,,,0,0,0,0,0,0,0,0,0,0,0,0,0,0,0.0,0.0,0.0,0.0,0.0,0.0,0.0,0.0,0,0,2,False,0,0,0
14,Kacurri,,DEF,1,Arsenal,,7,,,,,0,0,0,0,0,0,0,0,0,0,0,0,0,0,0.0,0.0,0.0,0.0,0.0,0.0,0.0,0.0,0,0,2,False,0,0,0
15,Nichols,,DEF,1,Arsenal,,7,,,,,0,0,0,0,0,0,0,0,0,0,0,0,0,0,0.0,0.0,0.0,0.0,0.0,0.0,0.0,0.0,0,0,2,False,0,0,0
16,Saka,,MID,1,Arsenal,,7,,,,,90,8,1,0,1,0,0,0,0,0,0,0,0,22,38.8,23.6,31.0,9.3,0.84,1.11,1.95,0.49,1,7,3,False,4,1,2
17,Ødegaard,,MID,1,Arsenal,,7,,,,,29,1,0,0,0,0,0,0,0,0,0,0,0,4,3.2,16.5,0.0,2.0,0.0,0.21,0.21,0.34,0,1,3,False,0,1,1
18,Madueke,,MID,1,Arsenal,,7,,,,,0,0,0,0,0,0,0,0,0,0,0,0,0,0,0.0,0.0,0.0,0.0,0.0,0.0,0.0,0.0,0,0,3,False,0,0,0
19,Martinelli,,MID,1,Arsenal,,7,,,,,11,1,0,0,0,0,0,0,0,0,0,0,0,3,2.0,14.0,2.0,1.8,0.0,0.06,0.06,0.13,1,2,3,False,1,0,0
20,Trossard,,MID,1,Arsenal,,7,,,,,74,3,0,0,1,0,0,0,0,0,0,0,0,16,10.8,28.5,20.0,5.9,0.12,0.09,0.21,0.36,1,4,3,False,1,1,2
21,Rice,,MID,1,Arsenal,,7,,,,,78,11,1,0,1,0,0,0,0,0,0,0,3,45,45.6,40.4,23.0,10.9,0.32,0.12,0.44,0.36,2,5,3,True,3,1,0
22,Merino,,MID,1,Arsenal,,7,,,,,11,1,0,0,0,0,0,0,0,0,0,0,0,0,0.0,3.7,12.0,1.2,0.16,0.0,0.16,0.13,0,0,3,False,0,0,0
23,Fábio Vieira,,MID,1,Arsenal,,7,,,,,0,0,0,0,0,0,0,0,0,0,0,0,0,0,0.0,0.0,0.0,0.0,0.0,0.0,0.0,0.0,0,0,3,False,0,0,0
24,Nørgaard,,MID,1,Arsenal,,7,,,,,0,0,0,0,0,0,0,0,0,0,0,0,0,0,0.0,0.0,0.0,0.0,0.0,0.0,0.0,0.0,0,0,3,False,0,0,0
25,Nwaneri,,MID,1,Arsenal,,7,,,,,15,1,0,0,0,0,0,0,0,0,0,0,0,1,0.0,1.1,1.0,0.1,0.02,0.04,0.06,0.13,0,0,3,False,0,0,0
26,Zubimendi,,MID,1,Arsenal,,7,,,,,60,3,0,0,1,0,0,0,0,0,0,0,0,20,22.6,18.4,0.0,4.1,0.0,0.16,0.16,0.15,3,11,3,False,3,0,5
27,Nelson,,MID,5,Brentford,,7,,,,,0,0,0,0,0,0,0,0,0,0,0,0,0,0,0.0,0.0,0.0,0.0,0.0,0.0,0.0,0.0,0,0,3,False,0,0,0
28,Kabia,,MID,1,Arsenal,,7,,,,,0,0,0,0,0,0,0,0,0,0,0,0,0,0,0.0,0.0,0.0,0.0,0.0,0.0,0.0,0.0,0,0,3,False,0,0,0
29,Sambi,,MID,1,Arsenal,,7,,,,,0,0,0,0,0,0,0,0,0,0,0,0,0,0,0.0,0.0,0.0,0.0,0.0,0.0,0.0,0.0,0,0,3,False,0,0,0
30,Havertz,,FWD,1,Arsenal,,7,,,,,0,0,0,0,0,0,0,0,0,0,0,0,0,0,0.0,0.0,0.0,0.0,0.0,0.0,0.0,0.0,0,0,4,False,0,0,0
31,G.Jesus,,FWD,1,Arsenal,,7,,,,,0,0,0,0,0,0,0,0,0,0,0,0,0,0,0.0,0.0,0.0,0.0,0.0,0.0,0.0,0.0,0,0,4,False,0,0,0
32,Martinez,,GK,2,Aston Villa,,7,,,,,90,1,0,0,0,1,0,0,0,1,0,1,0,9,11.4,0.0,0.0,1.1,0.0,0.0,0.0,0.42,1,0,1,False,8,1,0
33,M.Bizot,,GK,2,Aston Villa,,7,,,,,0,0,0,0,0,0,0,0,0,0,0,0,0,0,0.0,0.0,0.0,0.0,0.0,0.0,0.0,0.0,0,0,1,False,0,0,0
34,Gauci,,GK,2,Aston Villa,,7,,,,,0,0,0,0,0,0,0,0,0,0,0,0,0,0,0.0,0.0,0.0,0.0,0.0,0.0,0.0,0.0,0,0,1,False,0,0,0
35,Marschall,,GK,2,Aston Villa,,7,,,,,0,0,0,0,0,0,0,0,0,0,0,0,0,0,0.0,0.0,0.0,0.0,0.0,0.0,0.0,0.0,0,0,1,False,0,0,0
36,Cash,,DEF,2,Aston Villa,,7,,,,,83,2,0,0,0,1,0,0,0,0,0,0,0,9,10.6,16.4,9.0,3.6,0.01,0.03,0.04,0.39,2,3,2,False,2,1,1
37,Digne,,DEF,2,Aston Villa,,7,,,,,90,1,0,0,0,1,0,0,0,1,0,0,0,20,27.6,81.8,17.0,12.6,0.08,0.58,0.66,0.42,4,6,2,False,4,1,2
38,Konsa,,DEF,2,Aston Villa,,7,,,,,90,2,0,0,0,1,0,0,0,0,0,0,0,15,15.8,1.1,19.0,3.6,0.04,0.01,0.05,0.42,3,3,2,False,4,1,0
39,Maatsen,,DEF,2,Aston Villa,,7,,,,,1,1,0,0,0,0,0,0,0,0,0,0,0,6,2.0,0.0,0.0,0.2,0.0,0.0,0.0,0.0,0,1,2,False,0,0,1
40,Mings,,DEF,2,Aston Villa,,7,,,,,0,0,0,0,0,0,0,0,0,0,0,0,0,0,0.0,0.0,0.0,0.0,0.0,0.0,0.0,0.0,0,0,2,False,0,0,0
41,Pau,,DEF,2,Aston Villa,,7,,,,,90,4,0,0,0,1,0,0,0,0,0,0,0,20,29.4,1.6,4.0,3.5,0.03,0.01,0.04,0.42,10,13,2,False,7,1,3
42,A.García,,DEF,2,Aston Villa,,7,,,,,0,0,0,0,0,0,0,0,0,0,0,0,0,0,0.0,0.0,0.0,0.0,0.0,0.0,0.0,0.0,0,0,2,False,0,0,0
43,Alex Moreno,,DEF,2,Aston Villa,,7,,,,,0,0,0,0,0,0,0,0,0,0,0,0,0,0,0.0,0.0,0.0,0.0,0.0,0.0,0.0,0.0,0,0,2,False,0,0,0
44,Bogarde,,DEF,2,Aston Villa,,7,,,,,89,2,0,0,0,1,0,0,0,0,0,0,0,8,3.8,12.0,0.0,1.6,0.0,0.01,0.01,0.39,0,0,2,False,2,1,0
45,Sousa,,DEF,2,Aston Villa,,7,,,,,0,0,0,0,0,0,0,0,0,0,0,0,0,0,0.0,0.0,0.0,0.0,0.0,0.0,0.0,0.0,0,0,2,False,0,0,0
46,Yasin,,DEF,2,Aston Villa,,7,,,,,0,0,0,0,0,0,0,0,0,0,0,0,0,0,0.0,0.0,0.0,0.0,0.0,0.0,0.0,0.0,0,0,2,False,0,0,0
47,Rogers,,MID,2,Aston Villa,,7,,,,,90,5,0,1,0,1,0,0,0,0,0,0,0,21,30.6,13.3,33.0,7.7,0.24,0.08,0.32,0.42,2,9,3,False,5,1,2
48,Tielemans,,MID,2,Aston Villa,,7,,,,,0,0,0,0,0,0,0,0,0,0,0,0,0,0,0.0,0.0,0.0,0.0,0.0,0.0,0.0,0.0,0,0,3,False,0,0,0
49,Bailey,,MID,2,Aston Villa,,7,,,,,0,0,0,0,0,0,0,0,0,0,0,0,0,0,0.0,0.0,0.0,0.0,0.0,0.0,0.0,0.0,0,0,3,False,0,0,0
50,Buendía,,MID,2,Aston Villa,,7,,,,,33,0,0,0,0,1,0,0,0,1,0,0,0,-1,1.4,0.3,2.0,0.4,0.0,0.07,0.07,0.33,2,4,3,False,1,0,1
51,Iling Jr,,MID,2,Aston Villa,,7,,,,,0,0,0,0,0,0,0,0,0,0,0,0,0,0,0.0,0.0,0.0,0.0,0.0,0.0,0.0,0.0,0,0,3,False,0,0,0
52,J.Ramsey,,MID,15,Newcastle,,7,,,,,0,0,0,0,0,0,0,0,0,0,0,0,0,0,0.0,0.0,0.0,0.0,0.0,0.0,0.0,0.0,0,0,3,False,0,0,0
53,Malen,,MID,2,Aston Villa,,7,,,,,83,15,2,0,0,1,0,0,0,0,0,0,3,46,71.8,22.3,45.0,13.9,0.49,0.04,0.53,0.39,0,3,3,True,2,1,1
54,McGinn,,MID,2,Aston Villa,,7,,,,,66,3,0,0,1,0,0,0,0,0,0,0,0,8,1.8,16.0,1.0,1.9,0.05,0.18,0.23,0.1,0,3,3,False,2,1,1
55,Barkley,,MID,2,Aston Villa,,7,,,,,6,1,0,0,0,0,0,0,0,0,0,0,0,1,0.0,0.3,7.0,0.7,0.16,0.0,0.16,0.03,1,3,3,False,2,0,0
56,Barrenechea,,MID,2,Aston Villa,,7,,,,,0,0,0,0,0,0,0,0,0,0,0,0,0,0,0.0,0.0,0.0,0.0,0.0,0.0,0.0,0.0,0,0,3,False,0,0,0
57,Dobbin,,MID,2,Aston Villa,,7,,,,,0,0,0,0,0,0,0,0,0,0,0,0,0,0,0.0,0.0,0.0,0.0,0.0,0.0,0.0,0.0,0,0,3,False,0,0,0
58,Kamara,,MID,2,Aston Villa,,7,,,,,90,5,0,1,0,1,0,0,0,0,0,0,0,22,31.2,30.4,5.0,6.7,0.02,0.19,0.2,0.42,2,10,3,False,7,1,1
59,Onana,,MID,2,Aston Villa,,7,,,,,1,1,0,0,0,0,0,0,0,0,0,0,0,3,0.2,0.1,0.0,0.0,0.0,0.0,0.0,0.03,0,0,3,False,0,0,0
60,Broggio,,MID,2,Aston Villa,,7,,,,,0,0,0,0,0,0,0,0,0,0,0,0,0,0,0.0,0.0,0.0,0.0,0.0,0.0,0.0,0.0,0,0,3,False,0,0,0
61,Dendoncker,,MID,2,Aston Villa,,7,,,,,0,0,0,0,0,0,0,0,0,0,0,0,0,0,0.0,0.0,0.0,0.0,0.0,0.0,0.0,0.0,0,0,3,False,0,0,0
62,Jimoh-Aloba,,MID,2,Aston Villa,,7,,,,,0,0,0,0,0,0,0,0,0,0,0,0,0,0,0.0,0.0,0.0,0.0,0.0,0.0,0.0,0.0,0,0,3,False,0,0,0
63,Young,,MID,2,Aston Villa,,7,,,,,0,0,0,0,0,0,0,0,0,0,0,0,0,0,0.0,0.0,0.0,0.0,0.0,0.0,0.0,0.0,0,0,3,False,0,0,0
64,Watkins,,FWD,2,Aston Villa,,7,,,,,66,2,0,0,1,0,0,0,0,0,0,0,0,0,0.0,3.8,13.0,1.5,0.26,0.03,0.29,0.1,1,1,4,False,0,1,0
65,Redmond,,FWD,2,Aston Villa,,7,,,,,0,0,0,0,0,0,0,0,0,0,0,0,0,0,0.0,0.0,0.0,0.0,0.0,0.0,0.0,0.0,0,0,4,False,0,0,0
66,Neto,,GK,4,Bournemouth,,7,,,,,0,0,0,0,0,0,0,0,0,0,0,0,0,0,0.0,0.0,0.0,0.0,0.0,0.0,0.0,0.0,0,0,1,False,0,0,0
67,Petrović,,GK,4,Bournemouth,,7,,,,,90,3,0,0,0,1,0,0,0,0,0,3,0,13,19.4,0.0,0.0,1.9,0.0,0.0,0.0,0.88,2,0,1,False,9,1,0
68,Dennis,,GK,4,Bournemouth,,7,,,,,0,0,0,0,0,0,0,0,0,0,0,0,0,0,0.0,0.0,0.0,0.0,0.0,0.0,0.0,0.0,0,0,1,False,0,0,0
69,McKenna,,GK,4,Bournemouth,,7,,,,,0,0,0,0,0,0,0,0,0,0,0,0,0,0,0.0,0.0,0.0,0.0,0.0,0.0,0.0,0.0,0,0,1,False,0,0,0
70,Paulsen,,GK,4,Bournemouth,,7,,,,,0,0,0,0,0,0,0,0,0,0,0,0,0,0,0.0,0.0,0.0,0.0,0.0,0.0,0.0,0.0,0,0,1,False,0,0,0
71,Zabarnyi,,DEF,4,Bournemouth,,7,,,,,0,0,0,0,0,0,0,0,0,0,0,0,0,0,0.0,0.0,0.0,0.0,0.0,0.0,0.0,0.0,0,0,2,False,0,0,0
72,Senesi,,DEF,4,Bournemouth,,7,,,,,77,2,0,0,0,1,0,0,0,0,0,0,0,9,23.2,8.1,2.0,3.3,0.0,0.72,0.72,0.6,7,7,2,False,2,1,0
73,Smith,,DEF,4,Bournemouth,,7,,,,,0,0,0,0,0,0,0,0,0,0,0,0,0,0,0.0,0.0,0.0,0.0,0.0,0.0,0.0,0.0,0,0,2,False,0,0,0
74,Truffert,,DEF,4,Bournemouth,,7,,,,,90,5,0,1,0,1,0,0,0,0,0,0,0,24,32.8,20.2,4.0,5.7,0.03,0.04,0.07,0.88,4,5,2,False,6,1,1
75,Akinmboni,,DEF,4,Bournemouth,,7,,,,,0,0,0,0,0,0,0,0,0,0,0,0,0,0,0.0,0.0,0.0,0.0,0.0,0.0,0.0,0.0,0,0,2,False,0,0,0
76,Bevan,,DEF,4,Bournemouth,,7,,,,,0,0,0,0,0,0,0,0,0,0,0,0,0,0,0.0,0.0,0.0,0.0,0.0,0.0,0.0,0.0,0,0,2,False,0,0,0
77,Hill,,DEF,4,Bournemouth,,7,,,,,60,6,0,0,1,0,0,0,0,0,0,0,0,27,9.6,2.3,0.0,1.2,0.0,0.16,0.16,0.2,1,3,2,False,3,1,2
78,J.Araujo,,DEF,4,Bournemouth,,7,,,,,0,0,0,0,0,0,0,0,0,0,0,0,0,0,0.0,0.0,0.0,0.0,0.0,0.0,0.0,0.0,0,0,2,False,0,0,0
79,Mepham,,DEF,4,Bournemouth,,7,,,,,0,0,0,0,0,0,0,0,0,0,0,0,0,0,0.0,0.0,0.0,0.0,0.0,0.0,0.0,0.0,0,0,2,False,0,0,0
80,Soler,,DEF,4,Bournemouth,,7,,,,,0,0,0,0,0,0,0,0,0,0,0,0,0,0,0.0,0.0,0.0,0.0,0.0,0.0,0.0,0.0,0,0,2,False,0,0,0
81,Kluivert,,MID,4,Bournemouth,,7,,,,,29,7,1,0,0,1,0,0,0,0,0,0,1,31,39.6,13.3,11.0,6.4,0.02,0.01,0.03,0.69,0,4,3,False,2,0,2
82,Semenyo,,MID,4,Bournemouth,,7,,,,,90,18,2,1,0,1,0,0,0,0,0,0,3,63,92.4,16.5,63.0,17.2,0.66,0.06,0.72,0.88,1,9,3,True,7,1,1
83,O.Dango,,MID,5,Brentford,,7,,,,,22,0,0,0,0,0,0,0,0,1,0,0,0,-1,0.0,0.0,2.0,0.0,0.0,0.0,0.0,0.0,0,0,3,False,0,0,0
84,Tavernier,,MID,4,Bournemouth,,7,,,,,60,3,0,0,1,0,0,0,0,0,0,0,0,1,5.0,31.1,8.0,4.4,0.0,0.05,0.05,0.2,1,5,3,False,4,1,0
85,Adams,,MID,4,Bournemouth,,7,,,,,77,2,0,0,0,1,0,0,0,0,0,0,0,15,12.4,4.7,7.0,2.4,0.02,0.02,0.04,0.6,4,10,3,False,6,1,0
86,Brooks,,MID,4,Bournemouth,,7,,,,,84,2,0,0,0,1,0,0,0,0,0,0,0,11,4.2,7.0,4.0,1.5,0.0,0.02,0.02,0.64,1,3,3,False,2,1,0
87,Christie,,MID,4,Bournemouth,,7,,,,,12,1,0,0,0,0,0,0,0,0,0,0,0,3,4.2,4.6,0.0,0.9,0.0,0.0,0.0,0.28,0,2,3,False,1,0,1
88,Cook,,MID,4,Bournemouth,,7,,,,,0,0,0,0,0,0,0,0,0,0,0,0,0,0,0.0,0.0,0.0,0.0,0.0,0.0,0.0,0.0,0,0,3,False,0,0,0
89,Philip,,MID,4,Bournemouth,,7,,,,,0,0,0,0,0,0,0,0,0,0,0,0,0,0,0.0,0.0,0.0,0.0,0.0,0.0,0.0,0.0,0,0,3,False,0,0,0
90,Scott,,MID,4,Bournemouth,,7,,,,,90,4,0,0,0,1,0,0,0,0,0,0,0,19,13.6,8.3,6.0,2.8,0.12,0.02,0.14,0.88,5,17,3,False,10,1,2
91,Sinisterra,,MID,4,Bournemouth,,7,,,,,0,0,0,0,0,0,0,0,0,0,0,0,0,0,0.0,0.0,0.0,0.0,0.0,0.0,0.0,0.0,0,0,3,False,0,0,0
92,Faivre,,MID,4,Bournemouth,,7,,,,,0,0,0,0,0,0,0,0,0,0,0,0,0,0,0.0,0.0,0.0,0.0,0.0,0.0,0.0,0.0,0,0,3,False,0,0,0
93,H.Traorè,,MID,4,Bournemouth,,7,,,,,0,0,0,0,0,0,0,0,0,0,0,0,0,0,0.0,0.0,0.0,0.0,0.0,0.0,0.0,0.0,0,0,3,False,0,0,0
94,Sadi,,MID,4,Bournemouth,,7,,,,,0,0,0,0,0,0,0,0,0,0,0,0,0,0,0.0,0.0,0.0,0.0,0.0,0.0,0.0,0.0,0,0,3,False,0,0,0
95,Silcott-Duberry,,MID,4,Bournemouth,,7,,,,,0,0,0,0,0,0,0,0,0,0,0,0,0,0,0.0,0.0,0.0,0.0,0.0,0.0,0.0,0.0,0,0,3,False,0,0,0
96,Winterburn,,MID,4,Bournemouth,,7,,,,,0,0,0,0,0,0,0,0,0,0,0,0,0,0,0.0,0.0,0.0,0.0,0.0,0.0,0.0,0.0,0,0,3,False,0,0,0
97,Evanilson,,FWD,4,Bournemouth,,7,,,,,90,2,0,0,0,1,0,0,0,0,0,0,0,10,3.2,12.8,32.0,4.8,0.27,0.04,0.31,0.88,0,4,4,False,4,1,0
98,Enes Ünal,,FWD,4,Bournemouth,,7,,,,,0,0,0,0,0,0,0,0,0,0,0,0,0,0,0.0,0.0,0.0,0.0,0.0,0.0,0.0,0.0,0,0,4,False,0,0,0
99,Adu-Adjei,,FWD,4,Bournemouth,,7,,,,,0,0,0,0,0,0,0,0,0,0,0,0,0,0,0.0,0.0,0.0,0.0,0.0,0.0,0.0,0.0,0,0,4,False,0,0,0
100,Kroupi.Jr,,FWD,4,Bournemouth,,7,,,,,0,0,0,0,0,0,0,0,0,0,0,0,0,0,0.0,0.0,0.0,0.0,0.0,0.0,0.0,0.0,0,0,4,False,0,0,0
101,Kelleher,,GK,5,Brentford,,7,,,,,90,3,0,0,0,1,0,0,0,0,0,3,0,14,22.6,0.0,0.0,2.3,0.0,0.0,0.0,0.83,0,0,1,False,10,1,0
102,Balcombe,,GK,5,Brentford,,7,,,,,0,0,0,0,0,0,0,0,0,0,0,0,0,0,0.0,0.0,0.0,0.0,0.0,0.0,0.0,0.0,0,0,1,False,0,0,0
103,Cox,,GK,5,Brentford,,7,,,,,0,0,0,0,0,0,0,0,0,0,0,0,0,0,0.0,0.0,0.0,0.0,0.0,0.0,0.0,0.0,0,0,1,False,0,0,0
104,Eyestone,,GK,5,Brentford,,7,,,,,0,0,0,0,0,0,0,0,0,0,0,0,0,0,0.0,0.0,0.0,0.0,0.0,0.0,0.0,0.0,0,0,1,False,0,0,0
105,Valdimarsson,,GK,5,Brentford,,7,,,,,0,0,0,0,0,0,0,0,0,0,0,0,0,0,0.0,0.0,0.0,0.0,0.0,0.0,0.0,0.0,0,0,1,False,0,0,0
106,Collins,,DEF,5,Brentford,,7,,,,,90,2,0,0,0,1,0,0,0,0,0,0,0,11,15.0,0.4,0.0,1.5,0.0,0.01,0.01,0.83,5,5,2,False,4,1,0
107,Lewis-Potter,,DEF,5,Brentford,,7,,,,,0,0,0,0,0,0,0,0,0,0,0,0,0,0,0.0,0.0,0.0,0.0,0.0,0.0,0.0,0.0,0,0,2,False,0,0,0
108,Ajer,,DEF,5,Brentford,,7,,,,,90,2,0,0,0,1,0,0,0,0,0,0,0,7,14.2,0.7,0.0,1.5,0.0,0.0,0.0,0.83,4,7,2,False,1,1,3
109,Henry,,DEF,5,Brentford,,7,,,,,0,0,0,0,0,0,0,0,0,0,0,0,0,0,0.0,0.0,0.0,0.0,0.0,0.0,0.0,0.0,0,0,2,False,0,0,0
110,Kayode,,DEF,5,Brentford,,7,,,,,90,2,0,0,0,1,0,0,0,0,0,0,0,4,12.2,5.3,4.0,2.2,0.02,0.01,0.03,0.83,5,7,2,False,6,1,2
111,Pinnock,,DEF,5,Brentford,,7,,,,,0,0,0,0,0,0,0,0,0,0,0,0,0,0,0.0,0.0,0.0,0.0,0.0,0.0,0.0,0.0,0,0,2,False,0,0,0
112,Roerslev,,DEF,5,Brentford,,7,,,,,0,0,0,0,0,0,0,0,0,0,0,0,0,0,0.0,0.0,0.0,0.0,0.0,0.0,0.0,0.0,0,0,2,False,0,0,0
113,Van den Berg,,DEF,5,Brentford,,7,,,,,90,2,0,0,0,1,0,0,0,0,0,0,0,10,7.6,10.8,2.0,2.0,0.0,0.06,0.06,0.83,2,2,2,False,4,1,0
114,Arthur,,DEF,5,Brentford,,7,,,,,0,0,0,0,0,0,0,0,0,0,0,0,0,0,0.0,0.0,0.0,0.0,0.0,0.0,0.0,0.0,0,0,2,False,0,0,0
115,Fredrick,,DEF,5,Brentford,,7,,,,,0,0,0,0,0,0,0,0,0,0,0,0,0,0,0.0,0.0,0.0,0.0,0.0,0.0,0.0,0.0,0,0,2,False,0,0,0
116,Hickey,,DEF,5,Brentford,,7,,,,,90,2,0,0,0,1,0,0,0,0,0,0,0,2,3.0,1.4,1.0,0.5,0.02,0.04,0.06,0.83,2,3,2,False,2,1,1
117,Ji-soo,,DEF,5,Brentford,,7,,,,,0,0,0,0,0,0,0,0,0,0,0,0,0,0,0.0,0.0,0.0,0.0,0.0,0.0,0.0,0.0,0,0,2,False,0,0,0
118,Meghoma,,DEF,5,Brentford,,7,,,,,0,0,0,0,0,0,0,0,0,0,0,0,0,0,0.0,0.0,0.0,0.0,0.0,0.0,0.0,0.0,0,0,2,False,0,0,0
119,Mbeumo,,MID,14,Man Utd,,7,,,,,76,6,0,1,1,0,0,0,0,0,0,0,0,18,21.4,26.8,19.0,6.7,0.1,0.14,0.24,0.42,0,3,3,False,3,1,0
120,Schade,,MID,5,Brentford,,7,,,,,90,1,0,0,0,1,0,0,0,1,0,0,0,7,10.0,24.8,4.0,3.9,0.0,0.03,0.03,0.83,1,5,3,False,1,1,3
121,Damsgaard,,MID,5,Brentford,,7,,,,,67,2,0,0,0,1,0,0,0,0,0,0,0,13,15.6,1.8,0.0,1.7,0.0,0.01,0.01,0.83,4,9,3,False,2,1,3
122,Milambo,,MID,5,Brentford,,7,,,,,0,0,0,0,0,0,0,0,0,0,0,0,0,0,0.0,0.0,0.0,0.0,0.0,0.0,0.0,0.0,0,0,3,False,0,0,0
123,Carvalho,,MID,5,Brentford,,7,,,,,1,1,0,0,0,0,0,0,0,0,0,0,0,3,0.0,0.0,0.0,0.0,0.0,0.0,0.0,0.0,0,0,3,False,0,0,0
124,Henderson,,MID,5,Brentford,,7,,,,,73,1,0,0,0,1,0,0,0,1,0,0,0,8,4.0,12.4,0.0,1.6,0.0,0.02,0.02,0.83,1,4,3,False,3,1,0
125,Janelt,,MID,5,Brentford,,7,,,,,16,1,0,0,0,0,0,0,0,0,0,0,0,2,0.0,0.9,4.0,0.3,0.1,0.0,0.1,0.0,0,2,3,False,2,0,0
126,Jensen,,MID,5,Brentford,,7,,,,,22,1,0,0,0,0,0,0,0,0,0,0,0,3,0.4,0.3,0.0,0.1,0.0,0.0,0.0,0.0,0,1,3,False,1,0,0
127,Nunes,,MID,5,Brentford,,7,,,,,0,0,0,0,0,0,0,0,0,0,0,0,0,0,0.0,0.0,0.0,0.0,0.0,0.0,0.0,0.0,0,0,3,False,0,0,0
128,Onyeka,,MID,5,Brentford,,7,,,,,17,1,0,0,0,0,0,0,0,0,0,0,0,3,2.6,0.9,0.0,0.4,0.0,0.0,0.0,0.0,0,2,3,False,1,0,1
129,Yarmoliuk,,MID,5,Brentford,,7,,,,,72,2,0,0,0,1,0,0,0,0,0,0,0,7,3.6,0.8,5.0,0.9,0.02,0.01,0.03,0.83,1,9,3,False,6,1,2
130,Donovan,,MID,5,Brentford,,7,,,,,0,0,0,0,0,0,0,0,0,0,0,0,0,0,0.0,0.0,0.0,0.0,0.0,0.0,0.0,0.0,0,0,3,False,0,0,0
131,Konak,,MID,5,Brentford,,7,,,,,0,0,0,0,0,0,0,0,0,0,0,0,0,0,0.0,0.0,0.0,0.0,0.0,0.0,0.0,0.0,0,0,3,False,0,0,0
132,Maghoma,,MID,5,Brentford,,7,,,,,0,0,0,0,0,0,0,0,0,0,0,0,0,0,0.0,0.0,0.0,0.0,0.0,0.0,0.0,0.0,0,0,3,False,0,0,0
133,Peart-Harris,,MID,5,Brentford,,7,,,,,0,0,0,0,0,0,0,0,0,0,0,0,0,0,0.0,0.0,0.0,0.0,0.0,0.0,0.0,0.0,0,0,3,False,0,0,0
134,Trevitt,,MID,5,Brentford,,7,,,,,0,0,0,0,0,0,0,0,0,0,0,0,0,0,0.0,0.0,0.0,0.0,0.0,0.0,0.0,0.0,0,0,3,False,0,0,0
135,Wissa,,FWD,15,Newcastle,,7,,,,,0,0,0,0,0,0,0,0,0,0,0,0,0,0,0.0,0.0,0.0,0.0,0.0,0.0,0.0,0.0,0,0,4,False,0,0,0
136,Thiago,,FWD,5,Brentford,,7,,,,,67,2,0,0,0,1,0,0,0,0,0,0,0,7,7.0,2.3,19.0,2.8,0.67,0.0,0.67,0.83,1,3,4,False,0,1,2
137,Morgan,,FWD,5,Brentford,,7,,,,,0,0,0,0,0,0,0,0,0,0,0,0,0,0,0.0,0.0,0.0,0.0,0.0,0.0,0.0,0.0,0,0,4,False,0,0,0
138,Steele,,GK,6,Brighton,,7,,,,,0,0,0,0,0,0,0,0,0,0,0,0,0,0,0.0,0.0,0.0,0.0,0.0,0.0,0.0,0.0,0,0,1,False,0,0,0
139,Verbruggen,,GK,6,Brighton,,7,,,,,90,1,0,0,0,1,1,0,0,0,0,3,0,12,20.0,0.0,0.0,2.0,0.0,0.0,0.0,0.56,0,0,1,False,14,1,0
140,McGill,,GK,6,Brighton,,7,,,,,0,0,0,0,0,0,0,0,0,0,0,0,0,0,0.0,0.0,0.0,0.0,0.0,0.0,0.0,0.0,0,0,1,False,0,0,0
141,Rushworth,,GK,6,Brighton,,7,,,,,0,0,0,0,0,0,0,0,0,0,0,0,0,0,0.0,0.0,0.0,0.0,0.0,0.0,0.0,0.0,0,0,1,False,0,0,0
142,Scherpen,,GK,6,Brighton,,7,,,,,0,0,0,0,0,0,0,0,0,0,0,0,0,0,0.0,0.0,0.0,0.0,0.0,0.0,0.0,0.0,0,0,1,False,0,0,0
143,Boscagli,,DEF,6,Brighton,,7,,,,,0,0,0,0,0,0,0,0,0,0,0,0,0,0,0.0,0.0,0.0,0.0,0.0,0.0,0.0,0.0,0,0,2,False,0,0,0
144,Coppola,,DEF,6,Brighton,,7,,,,,0,0,0,0,0,0,0,0,0,0,0,0,0,0,0.0,0.0,0.0,0.0,0.0,0.0,0.0,0.0,0,0,2,False,0,0,0
145,De Cuyper,,DEF,6,Brighton,,7,,,,,20,1,0,0,0,0,0,0,0,0,0,0,0,10,7.6,15.1,7.0,3.0,0.04,0.07,0.11,0.05,0,0,2,False,0,0,0
146,Dunk,,DEF,6,Brighton,,7,,,,,90,1,0,0,0,1,0,0,0,1,0,0,0,8,10.2,2.5,1.0,1.4,0.06,0.01,0.07,0.56,2,4,2,False,3,1,2
147,Estupiñan,,DEF,6,Brighton,,7,,,,,0,0,0,0,0,0,0,0,0,0,0,0,0,0,0.0,0.0,0.0,0.0,0.0,0.0,0.0,0.0,0,0,2,False,0,0,0
148,F.Kadıoğlu,,DEF,6,Brighton,,7,,,,,90,2,0,0,0,1,0,0,0,0,0,0,0,13,14.0,8.9,17.0,4.0,0.11,0.06,0.17,0.56,2,3,2,False,4,1,1
149,Igor,,DEF,19,West Ham,,7,,,,,0,0,0,0,0,0,0,0,0,0,0,0,0,0,0.0,0.0,0.0,0.0,0.0,0.0,0.0,0.0,0,0,2,False,0,0,0
150,Lamptey,,DEF,6,Brighton,,7,,,,,0,0,0,0,0,0,0,0,0,0,0,0,0,0,0.0,0.0,0.0,0.0,0.0,0.0,0.0,0.0,0,0,2,False,0,0,0
151,Van Hecke,,DEF,6,Brighton,,7,,,,,90,11,1,0,0,1,0,0,0,0,0,0,3,25,48.2,3.0,21.0,7.2,0.13,0.02,0.14,0.56,3,4,2,True,2,1,1
152,Veltman,,DEF,6,Brighton,,7,,,,,0,0,0,0,0,0,0,0,0,0,0,0,0,0,0.0,0.0,0.0,0.0,0.0,0.0,0.0,0.0,0,0,2,False,0,0,0
153,Webster,,DEF,6,Brighton,,7,,,,,0,0,0,0,0,0,0,0,0,0,0,0,0,0,0.0,0.0,0.0,0.0,0.0,0.0,0.0,0.0,0,0,2,False,0,0,0
154,Cashin,,DEF,6,Brighton,,7,,,,,0,0,0,0,0,0,0,0,0,0,0,0,0,0,0.0,0.0,0.0,0.0,0.0,0.0,0.0,0.0,0,0,2,False,0,0,0
155,Slater,,DEF,6,Brighton,,7,,,,,0,0,0,0,0,0,0,0,0,0,0,0,0,0,0.0,0.0,0.0,0.0,0.0,0.0,0.0,0.0,0,0,2,False,0,0,0
156,Tasker,,DEF,6,Brighton,,7,,,,,0,0,0,0,0,0,0,0,0,0,0,0,0,0,0.0,0.0,0.0,0.0,0.0,0.0,0.0,0.0,0,0,2,False,0,0,0
157,Mitoma,,MID,6,Brighton,,7,,,,,0,0,0,0,0,0,0,0,0,0,0,0,0,0,0.0,0.0,0.0,0.0,0.0,0.0,0.0,0.0,0,0,3,False,0,0,0
158,Georginio,,MID,6,Brighton,,7,,,,,45,1,0,0,0,0,0,0,0,0,0,0,0,1,2.0,0.8,26.0,2.9,0.2,0.01,0.21,0.35,1,2,3,False,1,0,0
159,March,,MID,6,Brighton,,7,,,,,0,0,0,0,0,0,0,0,0,0,0,0,0,0,0.0,0.0,0.0,0.0,0.0,0.0,0.0,0.0,0,0,3,False,0,0,0
160,Minteh,,MID,6,Brighton,,7,,,,,90,2,0,0,0,1,0,0,0,0,0,0,0,17,26.8,62.3,5.0,9.4,0.01,0.24,0.25,0.56,2,10,3,False,6,1,2
161,Enciso,,MID,6,Brighton,,7,,,,,0,0,0,0,0,0,0,0,0,0,0,0,0,0,0.0,0.0,0.0,0.0,0.0,0.0,0.0,0.0,0,0,3,False,0,0,0
162,Gruda,,MID,6,Brighton,,7,,,,,69,2,0,0,0,1,0,0,0,0,0,0,0,6,11.6,18.3,44.0,7.4,0.33,0.05,0.38,0.51,0,7,3,False,5,1,2
163,Hinshelwood,,MID,6,Brighton,,7,,,,,0,0,0,0,0,0,0,0,0,0,0,0,0,0,0.0,0.0,0.0,0.0,0.0,0.0,0.0,0.0,0,0,3,False,0,0,0
164,O'Riley,,MID,6,Brighton,,7,,,,,0,0,0,0,0,0,0,0,0,0,0,0,0,0,0.0,0.0,0.0,0.0,0.0,0.0,0.0,0.0,0,0,3,False,0,0,0
165,Sima,,MID,6,Brighton,,7,,,,,0,0,0,0,0,0,0,0,0,0,0,0,0,0,0.0,0.0,0.0,0.0,0.0,0.0,0.0,0.0,0,0,3,False,0,0,0
166,Ayari,,MID,6,Brighton,,7,,,,,90,2,0,0,0,1,0,0,0,0,0,0,0,18,13.6,23.8,2.0,3.9,0.02,0.04,0.06,0.56,2,9,3,False,4,1,3
167,Baleba,,MID,6,Brighton,,7,,,,,45,0,0,0,0,1,0,0,0,1,0,0,0,7,5.6,0.9,0.0,0.7,0.0,0.0,0.0,0.2,2,7,3,False,2,1,3
168,Buonanotte,,MID,7,Chelsea,,7,,,,,0,0,0,0,0,0,0,0,0,0,0,0,0,0,0.0,0.0,0.0,0.0,0.0,0.0,0.0,0.0,0,0,3,False,0,0,0
169,Gomez,,MID,6,Brighton,,7,,,,,76,2,0,0,0,1,0,0,0,0,0,0,0,8,12.4,1.3,17.0,3.1,0.13,0.01,0.14,0.56,2,8,3,False,1,1,5
170,Milner,,MID,6,Brighton,,7,,,,,13,1,0,0,0,0,0,0,0,0,0,0,0,6,5.2,20.1,0.0,2.5,0.0,0.06,0.06,0.0,0,1,3,False,1,0,0
171,Sarmiento,,MID,6,Brighton,,7,,,,,0,0,0,0,0,0,0,0,0,0,0,0,0,0,0.0,0.0,0.0,0.0,0.0,0.0,0.0,0.0,0,0,3,False,0,0,0
172,Watson,,MID,6,Brighton,,7,,,,,0,0,0,0,0,0,0,0,0,0,0,0,0,0,0.0,0.0,0.0,0.0,0.0,0.0,0.0,0.0,0,0,3,False,0,0,0
173,Wieffer,,MID,6,Brighton,,7,,,,,69,1,0,0,0,1,0,0,0,1,0,0,0,8,7.4,26.6,10.0,4.4,0.1,0.11,0.21,0.51,4,7,3,False,3,1,0
174,Yalcouye,,MID,6,Brighton,,7,,,,,0,0,0,0,0,0,0,0,0,0,0,0,0,0,0.0,0.0,0.0,0.0,0.0,0.0,0.0,0.0,0,0,3,False,0,0,0
175,Knight,,MID,6,Brighton,,7,,,,,0,0,0,0,0,0,0,0,0,0,0,0,0,0,0.0,0.0,0.0,0.0,0.0,0.0,0.0,0.0,0,0,3,False,0,0,0
176,Mazilu,,MID,6,Brighton,,7,,,,,0,0,0,0,0,0,0,0,0,0,0,0,0,0,0.0,0.0,0.0,0.0,0.0,0.0,0.0,0.0,0,0,3,False,0,0,0
177,Moran,,MID,6,Brighton,,7,,,,,0,0,0,0,0,0,0,0,0,0,0,0,0,0,0.0,0.0,0.0,0.0,0.0,0.0,0.0,0.0,0,0,3,False,0,0,0
178,Welbeck,,FWD,6,Brighton,,7,,,,,90,1,0,0,0,1,0,0,0,1,0,0,0,-3,0.0,13.4,4.0,1.7,0.0,0.02,0.02,0.56,2,3,4,False,1,1,0
179,Ferguson,,FWD,6,Brighton,,7,,,,,0,0,0,0,0,0,0,0,0,0,0,0,0,0,0.0,0.0,0.0,0.0,0.0,0.0,0.0,0.0,0,0,4,False,0,0,0
180,Tzimas,,FWD,6,Brighton,,7,,,,,20,4,0,1,0,0,0,0,0,0,0,0,0,11,19.0,20.5,11.0,5.1,0.05,0.0,0.05,0.05,0,0,4,False,0,0,0
181,Kostoulas,,FWD,6,Brighton,,7,,,,,0,0,0,0,0,0,0,0,0,0,0,0,0,0,0.0,0.0,0.0,0.0,0.0,0.0,0.0,0.0,0,0,4,False,0,0,0
182,Trafford,,GK,13,Man City,,7,,,,,0,0,0,0,0,0,0,0,0,0,0,0,0,0,0.0,0.0,0.0,0.0,0.0,0.0,0.0,0.0,0,0,1,False,0,0,0
183,Weiss,,GK,3,Burnley,,7,,,,,0,0,0,0,0,0,0,0,0,0,0,0,0,0,0.0,0.0,0.0,0.0,0.0,0.0,0.0,0.0,0,0,1,False,0,0,0
184,Green,,GK,3,Burnley,,7,,,,,0,0,0,0,0,0,0,0,0,0,0,0,0,0,0.0,0.0,0.0,0.0,0.0,0.0,0.0,0.0,0,0,1,False,0,0,0
185,Hladký,,GK,3,Burnley,,7,,,,,0,0,0,0,0,0,0,0,0,0,0,0,0,0,0.0,0.0,0.0,0.0,0.0,0.0,0.0,0.0,0,0,1,False,0,0,0
186,Roberts,,DEF,3,Burnley,,7,,,,,0,0,0,0,0,0,0,0,0,0,0,0,0,0,0.0,0.0,0.0,0.0,0.0,0.0,0.0,0.0,0,0,2,False,0,0,0
187,Walker,,DEF,3,Burnley,,7,,,,,90,1,0,0,0,2,0,0,0,0,0,0,0,-3,10.6,2.7,7.0,2.0,0.08,0.01,0.09,1.37,1,4,2,False,5,1,3
188,Delcroix,,DEF,3,Burnley,,7,,,,,0,0,0,0,0,0,0,0,0,0,0,0,0,0,0.0,0.0,0.0,0.0,0.0,0.0,0.0,0.0,0,0,2,False,0,0,0
189,Dodgson,,DEF,3,Burnley,,7,,,,,0,0,0,0,0,0,0,0,0,0,0,0,0,0,0.0,0.0,0.0,0.0,0.0,0.0,0.0,0.0,0,0,2,False,0,0,0
190,Ekdal,,DEF,3,Burnley,,7,,,,,0,0,0,0,0,0,0,0,0,0,0,0,0,0,0.0,0.0,0.0,0.0,0.0,0.0,0.0,0.0,0,0,2,False,0,0,0
191,Estève,,DEF,3,Burnley,,7,,,,,90,1,0,0,0,2,0,0,0,0,0,0,0,7,13.2,1.4,2.0,1.7,0.0,0.01,0.01,1.37,6,6,2,False,3,1,0
192,Hartman,,DEF,3,Burnley,,7,,,,,90,4,0,1,0,2,0,0,0,0,0,0,0,12,21.6,32.8,2.0,5.6,0.0,0.17,0.17,1.37,0,0,2,False,4,1,0
193,Humphreys,,DEF,3,Burnley,,7,,,,,0,0,0,0,0,0,0,0,0,0,0,0,0,0,0.0,0.0,0.0,0.0,0.0,0.0,0.0,0.0,0,0,2,False,0,0,0
194,Jordan,,DEF,3,Burnley,,7,,,,,0,0,0,0,0,0,0,0,0,0,0,0,0,0,0.0,0.0,0.0,0.0,0.0,0.0,0.0,0.0,0,0,2,False,0,0,0
195,Lucas Pires,,DEF,3,Burnley,,7,,,,,0,0,0,0,0,0,0,0,0,0,0,0,0,0,0.0,0.0,0.0,0.0,0.0,0.0,0.0,0.0,0,0,2,False,0,0,0
196,Sambo,,DEF,3,Burnley,,7,,,,,0,0,0,0,0,0,0,0,0,0,0,0,0,0,0.0,0.0,0.0,0.0,0.0,0.0,0.0,0.0,0,0,2,False,0,0,0
197,Sonne,,DEF,3,Burnley,,7,,,,,0,0,0,0,0,0,0,0,0,0,0,0,0,0,0.0,0.0,0.0,0.0,0.0,0.0,0.0,0.0,0,0,2,False,0,0,0
198,Tuanzebe,,DEF,3,Burnley,,7,,,,,90,1,0,0,0,2,0,0,0,0,0,0,0,6,17.6,0.9,0.0,1.9,0.0,0.01,0.01,1.37,4,7,2,False,4,1,3
199,Worrall,,DEF,3,Burnley,,7,,,,,1,1,0,0,0,0,0,0,0,0,0,0,0,3,0.2,0.3,0.0,0.1,0.0,0.0,0.0,0.0,0,0,2,False,0,0,0
200,Anthony,,MID,3,Burnley,,7,,,,,58,1,0,0,0,1,0,0,0,0,0,0,0,2,5.6,2.1,4.0,1.2,0.0,0.01,0.01,0.99,0,7,3,False,3,1,4
201,Benson,,MID,3,Burnley,,7,,,,,0,0,0,0,0,0,0,0,0,0,0,0,0,0,0.0,0.0,0.0,0.0,0.0,0.0,0.0,0.0,0,0,3,False,0,0,0
202,Bruun Larsen,,MID,3,Burnley,,7,,,,,31,1,0,0,0,1,0,0,0,0,0,0,0,0,0.4,0.5,0.0,0.1,0.0,0.0,0.0,0.39,0,1,3,False,1,0,0
203,Boateng,,MID,3,Burnley,,7,,,,,0,0,0,0,0,0,0,0,0,0,0,0,0,0,0.0,0.0,0.0,0.0,0.0,0.0,0.0,0.0,0,0,3,False,0,0,0
204,Churlinov,,MID,3,Burnley,,7,,,,,0,0,0,0,0,0,0,0,0,0,0,0,0,0,0.0,0.0,0.0,0.0,0.0,0.0,0.0,0.0,0,0,3,False,0,0,0
205,Cullen,,MID,3,Burnley,,7,,,,,90,6,0,0,0,2,0,0,0,0,0,0,2,29,21.6,6.7,7.0,3.5,0.1,0.02,0.12,1.37,1,20,3,False,11,1,8
206,Edwards,,MID,3,Burnley,,7,,,,,0,0,0,0,0,0,0,0,0,0,0,0,0,0,0.0,0.0,0.0,0.0,0.0,0.0,0.0,0.0,0,0,3,False,0,0,0
207,Hannibal,,MID,3,Burnley,,7,,,,,0,0,0,0,0,0,0,0,0,0,0,0,0,0,0.0,0.0,0.0,0.0,0.0,0.0,0.0,0.0,0,0,3,False,0,0,0
208,Koleosho,,MID,3,Burnley,,7,,,,,0,0,0,0,0,0,0,0,0,0,0,0,0,0,0.0,0.0,0.0,0.0,0.0,0.0,0.0,0.0,0,0,3,False,0,0,0
209,Laurent,,MID,3,Burnley,,7,,,,,81,2,0,0,0,2,0,0,0,0,0,0,0,13,5.2,2.3,2.0,1.0,0.0,0.0,0.0,1.14,6,9,3,False,3,1,0
210,Tchaouna,,MID,3,Burnley,,7,,,,,58,1,0,0,0,1,0,0,0,0,0,0,0,3,0.0,2.4,0.0,0.2,0.0,0.01,0.01,0.99,0,3,3,False,3,1,0
211,A.Ramsey,,MID,3,Burnley,,7,,,,,0,0,0,0,0,0,0,0,0,0,0,0,0,0,0.0,0.0,0.0,0.0,0.0,0.0,0.0,0.0,0,0,3,False,0,0,0
212,Adewumi,,MID,3,Burnley,,7,,,,,0,0,0,0,0,0,0,0,0,0,0,0,0,0,0.0,0.0,0.0,0.0,0.0,0.0,0.0,0.0,0,0,3,False,0,0,0
213,Banel,,MID,3,Burnley,,7,,,,,0,0,0,0,0,0,0,0,0,0,0,0,0,0,0.0,0.0,0.0,0.0,0.0,0.0,0.0,0.0,0,0,3,False,0,0,0
214,Trésor,,MID,3,Burnley,,7,,,,,0,0,0,0,0,0,0,0,0,0,0,0,0,0,0.0,0.0,0.0,0.0,0.0,0.0,0.0,0.0,0,0,3,False,0,0,0
215,Flemming,,FWD,3,Burnley,,7,,,,,8,1,0,0,0,0,0,0,0,0,0,0,0,2,0.0,0.0,2.0,0.1,0.01,0.0,0.01,0.24,0,0,4,False,0,0,0
216,Amdouni,,FWD,3,Burnley,,7,,,,,0,0,0,0,0,0,0,0,0,0,0,0,0,0,0.0,0.0,0.0,0.0,0.0,0.0,0.0,0.0,0,0,4,False,0,0,0
217,Foster,,FWD,3,Burnley,,7,,,,,68,1,0,0,0,2,0,0,0,1,0,0,0,-2,0.0,1.3,4.0,0.1,0.0,0.02,0.02,1.12,0,0,4,False,0,1,0
218,Barnes,,FWD,3,Burnley,,7,,,,,0,0,0,0,0,0,0,0,0,0,0,0,0,0,0.0,0.0,0.0,0.0,0.0,0.0,0.0,0.0,0,0,4,False,0,0,0
219,Obafemi,,FWD,3,Burnley,,7,,,,,0,0,0,0,0,0,0,0,0,0,0,0,0,0,0.0,0.0,0.0,0.0,0.0,0.0,0.0,0.0,0,0,4,False,0,0,0
220,Sánchez,,GK,7,Chelsea,,7,,,,,90,2,0,0,0,1,0,0,0,0,0,1,0,8,9.4,0.0,0.0,0.9,0.0,0.0,0.0,1.95,0,0,1,False,11,1,0
221,Jörgensen,,GK,7,Chelsea,,7,,,,,0,0,0,0,0,0,0,0,0,0,0,0,0,0,0.0,0.0,0.0,0.0,0.0,0.0,0.0,0.0,0,0,1,False,0,0,0
222,Penders,,GK,7,Chelsea,,7,,,,,0,0,0,0,0,0,0,0,0,0,0,0,0,0,0.0,0.0,0.0,0.0,0.0,0.0,0.0,0.0,0,0,1,False,0,0,0
223,Slonina,,GK,7,Chelsea,,7,,,,,0,0,0,0,0,0,0,0,0,0,0,0,0,0,0.0,0.0,0.0,0.0,0.0,0.0,0.0,0.0,0,0,1,False,0,0,0
224,Cucurella,,DEF,7,Chelsea,,7,,,,,90,7,0,1,0,1,0,0,0,0,0,0,2,33,38.0,38.4,6.0,8.2,0.0,0.62,0.62,1.95,7,9,2,False,4,1,2
225,James,,DEF,7,Chelsea,,7,,,,,90,4,0,0,0,1,0,0,0,0,0,0,0,16,25.8,23.2,0.0,4.9,0.0,0.06,0.06,1.95,5,10,2,False,2,1,5
226,Chalobah,,DEF,7,Chelsea,,7,,,,,0,0,0,0,0,0,0,0,0,0,0,0,0,0,0.0,0.0,0.0,0.0,0.0,0.0,0.0,0.0,0,0,2,False,0,0,0
227,Colwill,,DEF,7,Chelsea,,7,,,,,0,0,0,0,0,0,0,0,0,0,0,0,0,0,0.0,0.0,0.0,0.0,0.0,0.0,0.0,0.0,0,0,2,False,0,0,0
228,Gusto,,DEF,7,Chelsea,,7,,,,,90,5,0,1,0,1,0,0,0,0,0,0,0,18,25.0,14.8,3.0,4.3,0.02,0.04,0.06,1.95,2,3,2,False,9,1,1
229,B.Badiashile,,DEF,7,Chelsea,,7,,,,,54,1,0,0,0,0,0,0,0,0,0,0,0,11,14.6,1.4,0.0,1.6,0.0,0.02,0.02,0.93,4,5,2,False,1,1,1
230,Fofana,,DEF,7,Chelsea,,7,,,,,0,0,0,0,0,0,0,0,0,0,0,0,0,0,0.0,0.0,0.0,0.0,0.0,0.0,0.0,0.0,0,0,2,False,0,0,0
231,M.Sarr,,DEF,7,Chelsea,,7,,,,,0,0,0,0,0,0,0,0,0,0,0,0,0,0,0.0,0.0,0.0,0.0,0.0,0.0,0.0,0.0,0,0,2,False,0,0,0
232,Tosin,,DEF,7,Chelsea,,7,,,,,0,0,0,0,0,0,0,0,0,0,0,0,0,0,0.0,0.0,0.0,0.0,0.0,0.0,0.0,0.0,0,0,2,False,0,0,0
233,Acheampong,,DEF,7,Chelsea,,7,,,,,67,2,0,0,0,1,0,0,0,0,0,0,0,5,1.6,0.6,0.0,0.2,0.0,0.0,0.0,1.48,1,1,2,False,4,1,0
234,Anselmino,,DEF,7,Chelsea,,7,,,,,0,0,0,0,0,0,0,0,0,0,0,0,0,0,0.0,0.0,0.0,0.0,0.0,0.0,0.0,0.0,0,0,2,False,0,0,0
235,Palmer,,MID,7,Chelsea,,7,,,,,0,0,0,0,0,0,0,0,0,0,0,0,0,0,0.0,0.0,0.0,0.0,0.0,0.0,0.0,0.0,0,0,3,False,0,0,0
236,Neto,,MID,7,Chelsea,,7,,,,,74,2,0,0,0,1,0,0,0,0,0,0,0,7,1.4,2.4,5.0,0.9,0.03,0.02,0.05,1.54,1,4,3,False,3,1,0
237,Enzo,,MID,7,Chelsea,,7,,,,,90,2,0,0,0,1,0,0,0,0,0,0,0,7,13.2,14.8,23.0,5.1,0.35,0.03,0.38,1.95,1,11,3,False,6,1,4
238,Estêvão,,MID,7,Chelsea,,7,,,,,15,8,1,0,0,0,0,0,0,0,0,0,2,33,46.4,33.5,52.0,13.2,0.41,0.18,0.59,0.41,1,5,3,False,3,0,1
239,Gittens,,MID,7,Chelsea,,7,,,,,15,1,0,0,0,0,0,0,0,0,0,0,0,5,9.6,0.9,13.0,2.4,0.02,0.04,0.06,0.41,1,2,3,False,1,0,0
240,Nkunku,,MID,7,Chelsea,,7,,,,,0,0,0,0,0,0,0,0,0,0,0,0,0,0,0.0,0.0,0.0,0.0,0.0,0.0,0.0,0.0,0,0,3,False,0,0,0
241,Caicedo,,MID,7,Chelsea,,7,,,,,90,10,1,0,0,1,0,0,0,0,0,0,3,35,49.0,6.3,16.0,7.1,0.06,0.02,0.08,1.95,2,11,3,False,5,1,4
242,Dewsbury-Hall,,MID,9,Everton,,7,,,,,0,0,0,0,0,0,0,0,0,0,0,0,0,0,0.0,0.0,0.0,0.0,0.0,0.0,0.0,0.0,0,0,3,False,0,0,0
243,George,,MID,7,Chelsea,,7,,,,,0,0,0,0,0,0,0,0,0,0,0,0,0,0,0.0,0.0,0.0,0.0,0.0,0.0,0.0,0.0,0,0,3,False,0,0,0
244,Lavia,,MID,7,Chelsea,,7,,,,,35,1,0,0,0,1,0,0,0,0,0,0,0,6,6.8,3.0,0.0,1.0,0.0,0.02,0.02,1.02,2,5,3,False,2,0,1
245,Mudryk,,MID,7,Chelsea,,7,,,,,0,0,0,0,0,0,0,0,0,0,0,0,0,0,0.0,0.0,0.0,0.0,0.0,0.0,0.0,0.0,0,0,3,False,0,0,0
246,Andrey Santos,,MID,7,Chelsea,,7,,,,,0,0,0,0,0,0,0,0,0,0,0,0,0,0,0.0,0.0,0.0,0.0,0.0,0.0,0.0,0.0,0,0,3,False,0,0,0
247,D.Essugo,,MID,7,Chelsea,,7,,,,,0,0,0,0,0,0,0,0,0,0,0,0,0,0,0.0,0.0,0.0,0.0,0.0,0.0,0.0,0.0,0,0,3,False,0,0,0
248,Paez,,MID,7,Chelsea,,7,,,,,0,0,0,0,0,0,0,0,0,0,0,0,0,0,0.0,0.0,0.0,0.0,0.0,0.0,0.0,0.0,0,0,3,False,0,0,0
249,João Pedro,,FWD,7,Chelsea,,7,,,,,73,2,0,0,0,1,0,0,0,0,0,0,0,4,0.0,1.9,4.0,0.4,0.03,0.0,0.03,1.54,0,1,4,False,1,1,0
250,Delap,,FWD,7,Chelsea,,7,,,,,0,0,0,0,0,0,0,0,0,0,0,0,0,0,0.0,0.0,0.0,0.0,0.0,0.0,0.0,0.0,0,0,4,False,0,0,0
251,N.Jackson,,FWD,7,Chelsea,,7,,,,,0,0,0,0,0,0,0,0,0,0,0,0,0,0,0.0,0.0,0.0,0.0,0.0,0.0,0.0,0.0,0,0,4,False,0,0,0
252,Marc Guiu,,FWD,7,Chelsea,,7,,,,,16,1,0,0,0,0,0,0,0,0,0,0,0,1,0.0,0.0,4.0,0.1,0.03,0.0,0.03,0.41,0,0,4,False,0,0,0
253,Henderson,,GK,8,Crystal Palace,,7,,,,,90,2,0,0,0,2,0,0,0,0,0,5,0,18,42.4,0.0,0.0,4.2,0.0,0.0,0.0,2.03,0,0,1,False,15,1,0
254,Benitez,,GK,8,Crystal Palace,,7,,,,,0,0,0,0,0,0,0,0,0,0,0,0,0,0,0.0,0.0,0.0,0.0,0.0,0.0,0.0,0.0,0,0,1,False,0,0,0
255,Matthews,,GK,8,Crystal Palace,,7,,,,,0,0,0,0,0,0,0,0,0,0,0,0,0,0,0.0,0.0,0.0,0.0,0.0,0.0,0.0,0.0,0,0,1,False,0,0,0
256,Muñoz,,DEF,8,Crystal Palace,,7,,,,,90,8,1,0,0,2,0,0,0,1,0,0,0,20,56.0,1.3,21.0,7.8,0.11,0.02,0.13,2.03,9,16,2,False,7,1,7
257,Lacroix,,DEF,8,Crystal Palace,,7,,,,,90,3,0,0,0,2,0,0,0,0,0,0,0,3,17.6,14.5,2.0,3.4,0.0,0.01,0.01,2.03,9,10,2,False,2,1,1
258,Mitchell,,DEF,8,Crystal Palace,,7,,,,,90,1,0,0,0,2,0,0,0,0,0,0,0,6,13.8,2.8,21.0,3.8,0.05,0.01,0.06,2.03,6,9,2,False,2,1,3
259,Sosa,,DEF,8,Crystal Palace,,7,,,,,0,0,0,0,0,0,0,0,0,0,0,0,0,0,0.0,0.0,0.0,0.0,0.0,0.0,0.0,0.0,0,0,2,False,0,0,0
260,Guéhi,,DEF,8,Crystal Palace,,7,,,,,90,3,0,0,0,2,0,0,0,0,0,0,0,7,26.8,3.6,37.0,6.7,0.2,0.48,0.68,2.03,8,10,2,False,5,1,2
261,Richards,,DEF,8,Crystal Palace,,7,,,,,90,3,0,0,0,2,0,0,0,0,0,0,0,11,26.0,10.7,7.0,4.4,0.09,0.56,0.65,2.03,9,10,2,False,1,1,1
262,Chadi Riad,,DEF,8,Crystal Palace,,7,,,,,0,0,0,0,0,0,0,0,0,0,0,0,0,0,0.0,0.0,0.0,0.0,0.0,0.0,0.0,0.0,0,0,2,False,0,0,0
263,Clyne,,DEF,8,Crystal Palace,,7,,,,,0,0,0,0,0,0,0,0,0,0,0,0,0,0,0.0,0.0,0.0,0.0,0.0,0.0,0.0,0.0,0,0,2,False,0,0,0
264,Holding,,DEF,8,Crystal Palace,,7,,,,,0,0,0,0,0,0,0,0,0,0,0,0,0,0,0.0,0.0,0.0,0.0,0.0,0.0,0.0,0.0,0,0,2,False,0,0,0
265,Kporha,,DEF,8,Crystal Palace,,7,,,,,0,0,0,0,0,0,0,0,0,0,0,0,0,0,0.0,0.0,0.0,0.0,0.0,0.0,0.0,0.0,0,0,2,False,0,0,0
266,Eze,,MID,1,Arsenal,,7,,,,,78,6,0,1,1,0,0,0,0,0,0,0,0,22,5.6,6.8,35.0,4.7,0.49,0.05,0.54,0.36,1,5,3,False,2,1,2
267,Sarr,,MID,8,Crystal Palace,,7,,,,,88,7,0,1,0,1,0,0,0,0,0,0,2,26,35.6,32.1,8.0,7.6,0.18,0.08,0.26,1.29,2,6,3,False,1,1,3
268,Doucouré,,MID,8,Crystal Palace,,7,,,,,0,0,0,0,0,0,0,0,0,0,0,0,0,0,0.0,0.0,0.0,0.0,0.0,0.0,0.0,0.0,0,0,3,False,0,0,0
269,Esse,,MID,8,Crystal Palace,,7,,,,,0,0,0,0,0,0,0,0,0,0,0,0,0,0,0.0,0.0,0.0,0.0,0.0,0.0,0.0,0.0,0,0,3,False,0,0,0
270,Hughes,,MID,8,Crystal Palace,,7,,,,,0,0,0,0,0,0,0,0,0,0,0,0,0,0,0.0,0.0,0.0,0.0,0.0,0.0,0.0,0.0,0,0,3,False,0,0,0
271,Kamada,,MID,8,Crystal Palace,,7,,,,,81,4,0,0,0,1,0,0,0,0,0,0,0,14,14.4,2.9,3.0,2.0,0.1,0.02,0.12,1.29,1,16,3,False,7,1,8
272,Lerma,,MID,8,Crystal Palace,,7,,,,,8,1,0,0,0,1,0,0,0,0,0,0,0,4,3.4,0.0,0.0,0.3,0.0,0.01,0.01,0.73,2,2,3,False,0,0,0
273,Wharton,,MID,8,Crystal Palace,,7,,,,,90,3,0,0,0,2,0,0,0,1,0,0,0,14,11.6,28.8,2.0,4.2,0.03,0.24,0.27,2.03,4,12,3,False,5,1,3
274,Agbinone,,MID,8,Crystal Palace,,7,,,,,0,0,0,0,0,0,0,0,0,0,0,0,0,0,0.0,0.0,0.0,0.0,0.0,0.0,0.0,0.0,0,0,3,False,0,0,0
275,Ahamada,,MID,8,Crystal Palace,,7,,,,,0,0,0,0,0,0,0,0,0,0,0,0,0,0,0.0,0.0,0.0,0.0,0.0,0.0,0.0,0.0,0,0,3,False,0,0,0
276,Devenny,,MID,8,Crystal Palace,,7,,,,,2,1,0,0,0,1,0,0,0,0,0,0,0,-1,0.0,0.0,37.0,3.7,0.3,0.0,0.3,0.73,0,0,3,False,0,0,0
277,Ebiowei,,MID,8,Crystal Palace,,7,,,,,0,0,0,0,0,0,0,0,0,0,0,0,0,0,0.0,0.0,0.0,0.0,0.0,0.0,0.0,0.0,0,0,3,False,0,0,0
278,J.Rak-Sakyi,,MID,8,Crystal Palace,,7,,,,,0,0,0,0,0,0,0,0,0,0,0,0,0,0,0.0,0.0,0.0,0.0,0.0,0.0,0.0,0.0,0,0,3,False,0,0,0
279,M.França,,MID,8,Crystal Palace,,7,,,,,0,0,0,0,0,0,0,0,0,0,0,0,0,0,0.0,0.0,0.0,0.0,0.0,0.0,0.0,0.0,0,0,3,False,0,0,0
280,Ozoh,,MID,8,Crystal Palace,,7,,,,,0,0,0,0,0,0,0,0,0,0,0,0,0,0,0.0,0.0,0.0,0.0,0.0,0.0,0.0,0.0,0,0,3,False,0,0,0
281,Rodney,,MID,8,Crystal Palace,,7,,,,,0,0,0,0,0,0,0,0,0,0,0,0,0,0,0.0,0.0,0.0,0.0,0.0,0.0,0.0,0.0,0,0,3,False,0,0,0
282,Umeh,,MID,8,Crystal Palace,,7,,,,,0,0,0,0,0,0,0,0,0,0,0,0,0,0,0.0,0.0,0.0,0.0,0.0,0.0,0.0,0.0,0,0,3,False,0,0,0
283,Mateta,,FWD,8,Crystal Palace,,7,,,,,69,2,0,0,1,0,0,0,0,0,0,0,0,3,6.4,1.6,29.0,3.7,0.59,0.0,0.59,0.43,2,2,4,False,0,1,0
284,Nketiah,,FWD,8,Crystal Palace,,7,,,,,20,1,0,0,0,2,0,0,0,0,0,0,0,2,0.0,0.1,0.0,0.0,0.0,0.0,0.0,1.6,0,1,4,False,1,0,0
285,Édouard,,FWD,8,Crystal Palace,,7,,,,,0,0,0,0,0,0,0,0,0,0,0,0,0,0,0.0,0.0,0.0,0.0,0.0,0.0,0.0,0.0,0,0,4,False,0,0,0
286,Marsh,,FWD,8,Crystal Palace,,7,,,,,0,0,0,0,0,0,0,0,0,0,0,0,0,0,0.0,0.0,0.0,0.0,0.0,0.0,0.0,0.0,0,0,4,False,0,0,0
287,Pickford,,GK,9,Everton,,7,,,,,90,3,0,0,0,1,0,0,0,0,0,5,0,19,42.6,0.0,0.0,4.3,0.0,0.0,0.0,1.65,2,0,1,False,6,1,0
288,Travers,,GK,9,Everton,,7,,,,,0,0,0,0,0,0,0,0,0,0,0,0,0,0,0.0,0.0,0.0,0.0,0.0,0.0,0.0,0.0,0,0,1,False,0,0,0
289,Tyrer,,GK,9,Everton,,7,,,,,0,0,0,0,0,0,0,0,0,0,0,0,0,0,0.0,0.0,0.0,0.0,0.0,0.0,0.0,0.0,0,0,1,False,0,0,0
290,Branthwaite,,DEF,9,Everton,,7,,,,,0,0,0,0,0,0,0,0,0,0,0,0,0,0,0.0,0.0,0.0,0.0,0.0,0.0,0.0,0.0,0,0,2,False,0,0,0
291,Tarkowski,,DEF,9,Everton,,7,,,,,90,5,0,0,0,1,0,0,0,0,0,0,1,22,34.6,16.9,8.0,6.0,0.0,0.26,0.26,1.65,9,11,2,False,6,1,2
292,Mykolenko,,DEF,9,Everton,,7,,,,,90,4,0,0,0,1,0,0,0,0,0,0,0,11,20.0,13.2,9.0,4.2,0.02,0.03,0.05,1.65,11,12,2,False,2,1,1
293,O'Brien,,DEF,9,Everton,,7,,,,,90,5,0,0,0,1,0,0,0,0,0,0,1,22,29.4,19.1,21.0,7.0,0.08,0.07,0.15,1.65,7,10,2,False,1,1,3
294,Coleman,,DEF,9,Everton,,7,,,,,1,1,0,0,0,0,0,0,0,0,0,0,0,4,0.0,0.0,0.0,0.0,0.0,0.0,0.0,0.24,0,0,2,False,0,0,0
295,Keane,,DEF,9,Everton,,7,,,,,64,4,0,0,0,1,0,0,0,0,0,0,0,9,20.6,0.4,11.0,3.2,0.23,0.0,0.23,1.32,10,11,2,False,4,1,1
296,Patterson,,DEF,9,Everton,,7,,,,,0,0,0,0,0,0,0,0,0,0,0,0,0,0,0.0,0.0,0.0,0.0,0.0,0.0,0.0,0.0,0,0,2,False,0,0,0
297,Dixon,,DEF,9,Everton,,7,,,,,0,0,0,0,0,0,0,0,0,0,0,0,0,0,0.0,0.0,0.0,0.0,0.0,0.0,0.0,0.0,0,0,2,False,0,0,0
298,Welch,,DEF,9,Everton,,7,,,,,0,0,0,0,0,0,0,0,0,0,0,0,0,0,0.0,0.0,0.0,0.0,0.0,0.0,0.0,0.0,0,0,2,False,0,0,0
299,Ndiaye,,MID,9,Everton,,7,,,,,90,7,1,0,0,1,0,0,0,1,0,0,1,22,44.0,21.4,23.0,8.8,0.79,0.49,1.28,1.41,2,8,3,False,3,1,3
300,McNeil,,MID,9,Everton,,7,,,,,0,0,0,0,0,0,0,0,0,0,0,0,0,0,0.0,0.0,0.0,0.0,0.0,0.0,0.0,0.0,0,0,3,False,0,0,0
301,Alcaraz,,MID,9,Everton,,7,,,,,45,1,0,0,0,0,0,0,0,0,0,0,0,6,8.6,15.9,20.0,4.5,0.12,0.02,0.14,1.02,0,7,3,False,5,0,2
302,Gana,,MID,9,Everton,,7,,,,,90,2,0,0,0,1,0,0,0,0,0,0,0,12,3.8,7.3,0.0,1.1,0.0,0.13,0.13,1.65,0,9,3,False,8,1,1
303,Garner,,MID,9,Everton,,7,,,,,90,1,0,0,0,1,0,0,0,1,0,0,0,20,22.6,34.8,4.0,6.1,0.12,0.52,0.64,1.65,6,9,3,False,2,1,1
304,Iroegbunam,,MID,9,Everton,,7,,,,,25,4,0,1,0,0,0,0,0,0,0,0,0,14,2.6,0.5,2.0,0.5,0.0,0.0,0.0,0.33,1,2,3,False,0,0,1
305,Armstrong,,MID,9,Everton,,7,,,,,0,0,0,0,0,0,0,0,0,0,0,0,0,0,0.0,0.0,0.0,0.0,0.0,0.0,0.0,0.0,0,0,3,False,0,0,0
306,Bates,,MID,9,Everton,,7,,,,,0,0,0,0,0,0,0,0,0,0,0,0,0,0,0.0,0.0,0.0,0.0,0.0,0.0,0.0,0.0,0,0,3,False,0,0,0
307,Ebere,,MID,9,Everton,,7,,,,,0,0,0,0,0,0,0,0,0,0,0,0,0,0,0.0,0.0,0.0,0.0,0.0,0.0,0.0,0.0,0,0,3,False,0,0,0
308,Heath,,MID,9,Everton,,7,,,,,0,0,0,0,0,0,0,0,0,0,0,0,0,0,0.0,0.0,0.0,0.0,0.0,0.0,0.0,0.0,0,0,3,False,0,0,0
309,Metcalfe,,MID,9,Everton,,7,,,,,0,0,0,0,0,0,0,0,0,0,0,0,0,0,0.0,0.0,0.0,0.0,0.0,0.0,0.0,0.0,0,0,3,False,0,0,0
310,Barry,,FWD,9,Everton,,7,,,,,45,1,0,0,0,1,0,0,0,0,0,0,0,-2,4.0,10.8,0.0,1.5,0.0,0.0,0.0,0.63,2,3,4,False,1,1,0
311,Beto,,FWD,9,Everton,,7,,,,,45,1,0,0,0,0,0,0,0,0,0,0,0,-2,10.4,13.0,39.0,6.2,0.34,0.01,0.35,1.02,1,5,4,False,2,0,2
312,Y.Chermiti,,FWD,9,Everton,,7,,,,,0,0,0,0,0,0,0,0,0,0,0,0,0,0,0.0,0.0,0.0,0.0,0.0,0.0,0.0,0.0,0,0,4,False,0,0,0
313,Sherif,,FWD,9,Everton,,7,,,,,0,0,0,0,0,0,0,0,0,0,0,0,0,0,0.0,0.0,0.0,0.0,0.0,0.0,0.0,0.0,0,0,4,False,0,0,0
314,Leno,,GK,10,Fulham,,7,,,,,90,2,0,0,0,3,0,0,0,0,0,3,0,4,22.8,0.0,0.0,2.3,0.0,0.0,0.0,1.12,2,0,1,False,5,1,0
315,Benda,,GK,10,Fulham,,7,,,,,0,0,0,0,0,0,0,0,0,0,0,0,0,0,0.0,0.0,0.0,0.0,0.0,0.0,0.0,0.0,0,0,1,False,0,0,0
316,Robinson,,DEF,10,Fulham,,7,,,,,0,0,0,0,0,0,0,0,0,0,0,0,0,0,0.0,0.0,0.0,0.0,0.0,0.0,0.0,0.0,0,0,2,False,0,0,0
317,Andersen,,DEF,10,Fulham,,7,,,,,90,3,0,0,0,3,0,0,0,0,0,0,0,6,34.4,0.9,0.0,3.5,0.0,0.0,0.0,1.12,14,15,2,False,5,1,1
318,Bassey,,DEF,10,Fulham,,7,,,,,90,1,0,0,0,3,0,0,0,0,0,0,0,1,16.6,1.2,0.0,1.8,0.0,0.0,0.0,1.12,5,6,2,False,1,1,1
319,Castagne,,DEF,10,Fulham,,7,,,,,90,1,0,0,0,3,0,0,0,0,0,0,0,5,12.6,12.5,5.0,3.0,0.04,0.02,0.06,1.12,6,8,2,False,6,1,2
320,Diop,,DEF,10,Fulham,,7,,,,,85,2,0,0,0,2,0,0,0,1,0,0,0,5,18.2,0.8,0.0,1.9,0.0,0.01,0.01,0.6,10,12,2,False,4,1,2
321,J.Cuenca,,DEF,10,Fulham,,7,,,,,0,0,0,0,0,0,0,0,0,0,0,0,0,0,0.0,0.0,0.0,0.0,0.0,0.0,0.0,0.0,0,0,2,False,0,0,0
322,Tete,,DEF,10,Fulham,,7,,,,,0,0,0,0,0,0,0,0,0,0,0,0,0,0,0.0,0.0,0.0,0.0,0.0,0.0,0.0,0.0,0,0,2,False,0,0,0
323,Amissah,,DEF,10,Fulham,,7,,,,,0,0,0,0,0,0,0,0,0,0,0,0,0,0,0.0,0.0,0.0,0.0,0.0,0.0,0.0,0.0,0,0,2,False,0,0,0
324,Iwobi,,MID,10,Fulham,,7,,,,,85,2,0,0,0,2,0,0,0,0,0,0,0,15,13.8,38.4,11.0,6.3,0.11,0.12,0.23,0.6,0,7,3,False,7,1,0
325,Smith Rowe,,MID,10,Fulham,,7,,,,,4,1,0,0,0,1,0,0,0,0,0,0,0,3,0.6,2.3,0.0,0.3,0.0,0.01,0.01,0.52,0,0,3,False,0,0,0
326,Adama,,MID,10,Fulham,,7,,,,,4,1,0,0,0,1,0,0,0,0,0,0,0,4,2.2,0.9,2.0,0.5,0.0,0.01,0.01,0.52,0,1,3,False,1,0,0
327,Andreas,,MID,10,Fulham,,7,,,,,0,0,0,0,0,0,0,0,0,0,0,0,0,0,0.0,0.0,0.0,0.0,0.0,0.0,0.0,0.0,0,0,3,False,0,0,0
328,Sessegnon,,MID,10,Fulham,,7,,,,,90,9,1,0,0,3,0,0,0,0,0,0,2,34,45.8,16.9,27.0,9.0,0.4,0.25,0.65,1.12,4,10,3,False,5,1,1
329,Wilson,,MID,10,Fulham,,7,,,,,66,3,0,0,1,0,0,0,0,0,0,0,0,12,10.4,16.7,19.0,4.6,0.02,0.06,0.08,0.45,1,9,3,False,7,1,1
330,Berge,,MID,10,Fulham,,7,,,,,90,2,0,0,0,3,0,0,0,0,0,0,0,12,8.8,4.1,0.0,1.3,0.0,0.04,0.04,1.12,0,10,3,False,8,1,2
331,Cairney,,MID,10,Fulham,,7,,,,,76,2,0,0,0,3,0,0,0,0,0,0,0,11,1.2,20.4,13.0,3.5,0.25,0.07,0.32,1.07,0,2,3,False,2,0,0
332,Lukić,,MID,10,Fulham,,7,,,,,13,1,0,0,0,0,0,0,0,0,0,0,0,4,6.0,0.0,0.0,0.6,0.0,0.0,0.0,0.05,3,4,3,False,0,1,1
333,Godo,,MID,10,Fulham,,7,,,,,0,0,0,0,0,0,0,0,0,0,0,0,0,0,0.0,0.0,0.0,0.0,0.0,0.0,0.0,0.0,0,0,3,False,0,0,0
334,Harris,,MID,10,Fulham,,7,,,,,0,0,0,0,0,0,0,0,0,0,0,0,0,0,0.0,0.0,0.0,0.0,0.0,0.0,0.0,0.0,0,0,3,False,0,0,0
335,King,,MID,10,Fulham,,7,,,,,66,3,0,0,1,0,0,0,0,0,0,0,0,8,1.4,1.7,7.0,1.0,0.01,0.02,0.03,0.45,2,2,3,False,0,1,0
336,Reed,,MID,10,Fulham,,7,,,,,0,0,0,0,0,0,0,0,0,0,0,0,0,0,0.0,0.0,0.0,0.0,0.0,0.0,0.0,0.0,0,0,3,False,0,0,0
337,Raúl,,FWD,10,Fulham,,7,,,,,0,0,0,0,0,0,0,0,0,0,0,0,0,0,0.0,0.0,0.0,0.0,0.0,0.0,0.0,0.0,0,0,4,False,0,0,0
338,Muniz,,FWD,10,Fulham,,7,,,,,0,0,0,0,0,0,0,0,0,0,0,0,0,0,0.0,0.0,0.0,0.0,0.0,0.0,0.0,0.0,0,0,4,False,0,0,0
339,Meslier,,GK,11,Leeds,,7,,,,,0,0,0,0,0,0,0,0,0,0,0,0,0,0,0.0,0.0,0.0,0.0,0.0,0.0,0.0,0.0,0,0,1,False,0,0,0
340,Cairns,,GK,11,Leeds,,7,,,,,0,0,0,0,0,0,0,0,0,0,0,0,0,0,0.0,0.0,0.0,0.0,0.0,0.0,0.0,0.0,0,0,1,False,0,0,0
341,Darlow,,GK,11,Leeds,,7,,,,,90,1,0,0,0,2,0,0,0,0,0,1,0,4,10.6,0.0,0.0,1.1,0.0,0.01,0.01,0.53,2,0,1,False,9,1,0
342,Bogle,,DEF,11,Leeds,,7,,,,,88,3,0,0,0,2,0,0,0,0,0,0,0,7,19.0,6.2,1.0,2.6,0.02,0.06,0.08,0.53,7,12,2,False,4,1,5
343,Struijk,,DEF,11,Leeds,,7,,,,,90,1,0,0,0,2,0,0,0,0,0,0,0,2,6.8,1.4,15.0,2.3,0.3,0.01,0.31,0.53,5,5,2,False,0,1,0
344,Bijol,,DEF,11,Leeds,,7,,,,,0,0,0,0,0,0,0,0,0,0,0,0,0,0,0.0,0.0,0.0,0.0,0.0,0.0,0.0,0.0,0,0,2,False,0,0,0
345,Bornauw,,DEF,11,Leeds,,7,,,,,0,0,0,0,0,0,0,0,0,0,0,0,0,0,0.0,0.0,0.0,0.0,0.0,0.0,0.0,0.0,0,0,2,False,0,0,0
346,Byram,,DEF,11,Leeds,,7,,,,,0,0,0,0,0,0,0,0,0,0,0,0,0,0,0.0,0.0,0.0,0.0,0.0,0.0,0.0,0.0,0,0,2,False,0,0,0
347,Gudmundsson,,DEF,11,Leeds,,7,,,,,78,1,0,0,0,2,0,0,0,0,0,0,0,5,12.2,5.2,0.0,1.7,0.0,0.01,0.01,0.5,5,8,2,False,7,1,3
348,Rodon,,DEF,11,Leeds,,7,,,,,90,1,0,0,0,2,0,0,0,0,0,0,0,3,14.8,1.5,15.0,3.1,0.09,0.02,0.11,0.53,6,6,2,False,4,1,0
349,Schmidt,,DEF,11,Leeds,,7,,,,,0,0,0,0,0,0,0,0,0,0,0,0,0,0,0.0,0.0,0.0,0.0,0.0,0.0,0.0,0.0,0,0,2,False,0,0,0
350,Aaronson,,MID,11,Leeds,,7,,,,,66,5,0,1,0,2,0,0,0,0,0,0,0,20,6.6,13.8,17.0,3.7,0.09,0.02,0.11,0.5,0,3,3,False,2,1,1
351,Gnonto,,MID,11,Leeds,,7,,,,,0,0,0,0,0,0,0,0,0,0,0,0,0,0,0.0,0.0,0.0,0.0,0.0,0.0,0.0,0.0,0,0,3,False,0,0,0
352,Harrison,,MID,11,Leeds,,7,,,,,23,1,0,0,0,0,0,0,0,0,0,0,0,4,2.2,6.8,2.0,1.1,0.0,0.08,0.08,0.03,0,2,3,False,2,0,0
353,James,,MID,11,Leeds,,7,,,,,0,0,0,0,0,0,0,0,0,0,0,0,0,0,0.0,0.0,0.0,0.0,0.0,0.0,0.0,0.0,0,0,3,False,0,0,0
354,Ampadu,,MID,11,Leeds,,7,,,,,90,3,0,0,0,2,0,0,0,1,0,0,0,16,20.0,23.1,2.0,4.5,0.0,0.06,0.06,0.53,6,13,3,False,5,1,2
355,Greenwood,,MID,11,Leeds,,7,,,,,0,0,0,0,0,0,0,0,0,0,0,0,0,0,0.0,0.0,0.0,0.0,0.0,0.0,0.0,0.0,0,0,3,False,0,0,0
356,Gruev,,MID,11,Leeds,,7,,,,,0,0,0,0,0,0,0,0,0,0,0,0,0,0,0.0,0.0,0.0,0.0,0.0,0.0,0.0,0.0,0,0,3,False,0,0,0
357,Ramazani,,MID,11,Leeds,,7,,,,,0,0,0,0,0,0,0,0,0,0,0,0,0,0,0.0,0.0,0.0,0.0,0.0,0.0,0.0,0.0,0,0,3,False,0,0,0
358,Tanaka,,MID,11,Leeds,,7,,,,,23,1,0,0,0,0,0,0,0,0,0,0,0,10,4.6,13.5,0.0,1.8,0.0,0.02,0.02,0.03,0,2,3,False,2,0,0
359,Crew,,MID,11,Leeds,,7,,,,,0,0,0,0,0,0,0,0,0,0,0,0,0,0,0.0,0.0,0.0,0.0,0.0,0.0,0.0,0.0,0,0,3,False,0,0,0
360,Gelhardt,,MID,11,Leeds,,7,,,,,0,0,0,0,0,0,0,0,0,0,0,0,0,0,0.0,0.0,0.0,0.0,0.0,0.0,0.0,0.0,0,0,3,False,0,0,0
361,Gyabi,,MID,11,Leeds,,7,,,,,0,0,0,0,0,0,0,0,0,0,0,0,0,0,0.0,0.0,0.0,0.0,0.0,0.0,0.0,0.0,0,0,3,False,0,0,0
362,Piroe,,FWD,11,Leeds,,7,,,,,11,1,0,0,0,0,0,0,0,0,0,0,0,4,3.0,3.8,19.0,2.6,0.05,0.01,0.06,0.03,0,1,4,False,1,0,0
363,Bamford,,FWD,11,Leeds,,7,,,,,0,0,0,0,0,0,0,0,0,0,0,0,0,0,0.0,0.0,0.0,0.0,0.0,0.0,0.0,0.0,0,0,4,False,0,0,0
364,Mateo Joseph,,FWD,11,Leeds,,7,,,,,0,0,0,0,0,0,0,0,0,0,0,0,0,0,0.0,0.0,0.0,0.0,0.0,0.0,0.0,0.0,0,0,4,False,0,0,0
365,Nmecha,,FWD,11,Leeds,,7,,,,,11,1,0,0,0,0,0,0,0,0,0,0,0,2,0.0,1.1,2.0,0.3,0.0,0.0,0.0,0.03,0,0,4,False,0,0,0
366,A.Becker,,GK,12,Liverpool,,7,,,,,0,0,0,0,0,0,0,0,0,0,0,0,0,0,0.0,0.0,0.0,0.0,0.0,0.0,0.0,0.0,0,0,1,False,0,0,0
367,Mamardashvili,,GK,12,Liverpool,,7,,,,,90,2,0,0,0,2,0,0,0,0,0,4,0,16,31.2,0.0,0.0,3.1,0.0,0.0,0.0,1.0,3,0,1,False,13,1,0
368,Pécsi,,GK,12,Liverpool,,7,,,,,0,0,0,0,0,0,0,0,0,0,0,0,0,0,0.0,0.0,0.0,0.0,0.0,0.0,0.0,0.0,0,0,1,False,0,0,0
369,Woodman,,GK,12,Liverpool,,7,,,,,0,0,0,0,0,0,0,0,0,0,0,0,0,0,0.0,0.0,0.0,0.0,0.0,0.0,0.0,0.0,0,0,1,False,0,0,0
370,Frimpong,,DEF,12,Liverpool,,7,,,,,0,0,0,0,0,0,0,0,0,0,0,0,0,0,0.0,0.0,0.0,0.0,0.0,0.0,0.0,0.0,0,0,2,False,0,0,0
371,Kerkez,,DEF,12,Liverpool,,7,,,,,54,1,0,0,0,1,0,0,0,0,0,0,0,4,7.6,5.7,2.0,1.5,0.0,0.01,0.01,0.14,4,5,2,False,4,1,1
372,Robertson,,DEF,12,Liverpool,,7,,,,,35,1,0,0,0,1,0,0,0,0,0,0,0,4,13.8,10.6,13.0,3.7,0.03,0.01,0.04,0.86,5,6,2,False,1,0,1
373,Virgil,,DEF,12,Liverpool,,7,,,,,90,1,0,0,0,2,0,0,0,0,0,0,0,8,19.0,0.9,0.0,2.0,0.0,0.0,0.0,1.0,7,7,2,False,3,1,0
374,Konaté,,DEF,12,Liverpool,,7,,,,,55,1,0,0,0,1,0,0,0,0,0,0,0,10,8.0,0.5,0.0,0.9,0.0,0.0,0.0,0.14,2,4,2,False,0,1,2
375,Bradley,,DEF,12,Liverpool,,7,,,,,45,0,0,0,0,1,0,0,0,1,0,0,0,-7,0.0,4.3,0.0,0.4,0.0,0.0,0.0,0.11,2,2,2,False,3,1,0
376,Gomez,,DEF,12,Liverpool,,7,,,,,0,0,0,0,0,0,0,0,0,0,0,0,0,0,0.0,0.0,0.0,0.0,0.0,0.0,0.0,0.0,0,0,2,False,0,0,0
377,Tsimikas,,DEF,12,Liverpool,,7,,,,,0,0,0,0,0,0,0,0,0,0,0,0,0,0,0.0,0.0,0.0,0.0,0.0,0.0,0.0,0.0,0,0,2,False,0,0,0
378,Nallo,,DEF,12,Liverpool,,7,,,,,0,0,0,0,0,0,0,0,0,0,0,0,0,0,0.0,0.0,0.0,0.0,0.0,0.0,0.0,0.0,0,0,2,False,0,0,0
379,R.Williams,,DEF,12,Liverpool,,7,,,,,0,0,0,0,0,0,0,0,0,0,0,0,0,0,0.0,0.0,0.0,0.0,0.0,0.0,0.0,0.0,0,0,2,False,0,0,0
380,Ramsay,,DEF,12,Liverpool,,7,,,,,0,0,0,0,0,0,0,0,0,0,0,0,0,0,0.0,0.0,0.0,0.0,0.0,0.0,0.0,0.0,0,0,2,False,0,0,0
381,M.Salah,,MID,12,Liverpool,,7,,,,,90,2,0,0,0,2,0,0,0,0,0,0,0,4,5.6,51.8,10.0,6.7,0.26,0.27,0.53,1.0,0,4,3,False,4,1,0
382,Wirtz,,MID,12,Liverpool,,7,,,,,45,1,0,0,0,1,0,0,0,0,0,0,0,7,8.2,12.3,4.0,2.5,0.0,0.1,0.1,0.89,1,5,3,False,2,0,2
383,Luis Díaz,,MID,12,Liverpool,,7,,,,,0,0,0,0,0,0,0,0,0,0,0,0,0,0,0.0,0.0,0.0,0.0,0.0,0.0,0.0,0.0,0,0,3,False,0,0,0
384,Gakpo,,MID,12,Liverpool,,7,,,,,90,7,1,0,0,2,0,0,0,0,0,0,0,32,43.2,38.4,47.0,12.9,0.55,0.38,0.93,1.0,2,10,3,False,8,1,0
385,Chiesa,,MID,12,Liverpool,,7,,,,,0,0,0,0,0,0,0,0,0,0,0,0,0,0,0.0,0.0,0.0,0.0,0.0,0.0,0.0,0.0,0,0,3,False,0,0,0
386,Mac Allister,,MID,12,Liverpool,,7,,,,,85,2,0,0,0,1,0,0,0,0,0,0,0,14,9.8,13.9,2.0,2.6,0.03,0.02,0.05,0.27,2,8,3,False,4,1,2
387,Szoboszlai,,MID,12,Liverpool,,7,,,,,90,1,0,0,0,2,0,0,0,1,0,0,0,8,12.0,6.8,10.0,2.9,0.56,0.03,0.59,1.0,3,10,3,False,3,1,4
388,C.Jones,,MID,12,Liverpool,,7,,,,,34,1,0,0,0,1,0,0,0,0,0,0,0,2,1.8,1.2,4.0,0.7,0.17,0.01,0.18,0.86,1,2,3,False,1,0,0
389,Elliott,,MID,2,Aston Villa,,7,,,,,0,0,0,0,0,0,0,0,0,0,0,0,0,0,0.0,0.0,0.0,0.0,0.0,0.0,0.0,0.0,0,0,3,False,0,0,0
390,Gravenberch,,MID,12,Liverpool,,7,,,,,90,2,0,0,0,2,0,0,0,0,0,0,0,16,12.8,1.3,7.0,2.1,0.03,0.01,0.04,1.0,3,8,3,False,4,1,1
391,Gannon-Doak,,MID,4,Bournemouth,,7,,,,,12,4,0,1,0,0,0,0,0,0,0,0,0,16,19.0,11.0,4.0,3.4,0.0,0.06,0.06,0.28,0,1,3,False,0,0,1
392,Endo,,MID,12,Liverpool,,7,,,,,4,1,0,0,0,1,0,0,0,0,0,0,0,4,4.2,0.2,0.0,0.4,0.0,0.0,0.0,0.73,1,2,3,False,0,0,1
393,Bajcetic,,MID,12,Liverpool,,7,,,,,0,0,0,0,0,0,0,0,0,0,0,0,0,0,0.0,0.0,0.0,0.0,0.0,0.0,0.0,0.0,0,0,3,False,0,0,0
394,McConnell,,MID,12,Liverpool,,7,,,,,0,0,0,0,0,0,0,0,0,0,0,0,0,0,0.0,0.0,0.0,0.0,0.0,0.0,0.0,0.0,0,0,3,False,0,0,0
395,Morton,,MID,12,Liverpool,,7,,,,,0,0,0,0,0,0,0,0,0,0,0,0,0,0,0.0,0.0,0.0,0.0,0.0,0.0,0.0,0.0,0,0,3,False,0,0,0
396,Nyoni,,MID,12,Liverpool,,7,,,,,0,0,0,0,0,0,0,0,0,0,0,0,0,0,0.0,0.0,0.0,0.0,0.0,0.0,0.0,0.0,0,0,3,False,0,0,0
397,Darwin,,FWD,12,Liverpool,,7,,,,,0,0,0,0,0,0,0,0,0,0,0,0,0,0,0.0,0.0,0.0,0.0,0.0,0.0,0.0,0.0,0,0,4,False,0,0,0
398,Danns,,FWD,12,Liverpool,,7,,,,,0,0,0,0,0,0,0,0,0,0,0,0,0,0,0.0,0.0,0.0,0.0,0.0,0.0,0.0,0.0,0,0,4,False,0,0,0
399,Ederson M.,,GK,13,Man City,,7,,,,,0,0,0,0,0,0,0,0,0,0,0,0,0,0,0.0,0.0,0.0,0.0,0.0,0.0,0.0,0.0,0,0,1,False,0,0,0
400,Ortega Moreno,,GK,13,Man City,,7,,,,,0,0,0,0,0,0,0,0,0,0,0,0,0,0,0.0,0.0,0.0,0.0,0.0,0.0,0.0,0.0,0,0,1,False,0,0,0
401,Bettinelli,,GK,13,Man City,,7,,,,,0,0,0,0,0,0,0,0,0,0,0,0,0,0,0.0,0.0,0.0,0.0,0.0,0.0,0.0,0.0,0,0,1,False,0,0,0
402,Aït-Nouri,,DEF,13,Man City,,7,,,,,0,0,0,0,0,0,0,0,0,0,0,0,0,0,0.0,0.0,0.0,0.0,0.0,0.0,0.0,0.0,0,0,2,False,0,0,0
403,Gvardiol,,DEF,13,Man City,,7,,,,,90,12,0,1,1,0,0,0,0,0,0,0,3,41,41.4,14.3,17.0,7.3,0.06,0.04,0.1,0.83,6,7,2,True,1,1,1
404,Akanji,,DEF,13,Man City,,7,,,,,0,0,0,0,0,0,0,0,0,0,0,0,0,0,0.0,0.0,0.0,0.0,0.0,0.0,0.0,0.0,0,0,2,False,0,0,0
405,Aké,,DEF,13,Man City,,7,,,,,0,0,0,0,0,0,0,0,0,0,0,0,0,0,0.0,0.0,0.0,0.0,0.0,0.0,0.0,0.0,0,0,2,False,0,0,0
406,Khusanov,,DEF,13,Man City,,7,,,,,0,0,0,0,0,0,0,0,0,0,0,0,0,0,0.0,0.0,0.0,0.0,0.0,0.0,0.0,0.0,0,0,2,False,0,0,0
407,Matheus N.,,DEF,13,Man City,,7,,,,,90,5,0,0,1,0,0,0,0,1,0,0,0,26,15.8,8.3,0.0,2.4,0.0,0.03,0.03,0.83,3,4,2,False,4,1,1
408,Rúben,,DEF,13,Man City,,7,,,,,90,9,0,0,1,0,0,0,0,0,0,0,1,32,27.2,7.2,0.0,3.4,0.0,0.03,0.03,0.83,10,11,2,False,4,1,1
409,Stones,,DEF,13,Man City,,7,,,,,0,0,0,0,0,0,0,0,0,0,0,0,0,0,0.0,0.0,0.0,0.0,0.0,0.0,0.0,0.0,0,0,2,False,0,0,0
410,Lewis,,DEF,13,Man City,,7,,,,,0,0,0,0,0,0,0,0,0,0,0,0,0,0,0.0,0.0,0.0,0.0,0.0,0.0,0.0,0.0,0,0,2,False,0,0,0
411,O’Reilly,,DEF,13,Man City,,7,,,,,90,5,0,0,1,0,0,0,0,1,0,0,0,31,21.6,32.4,4.0,5.8,0.0,0.05,0.05,0.83,1,5,2,False,7,1,4
412,Vitor Reis,,DEF,13,Man City,,7,,,,,0,0,0,0,0,0,0,0,0,0,0,0,0,0,0.0,0.0,0.0,0.0,0.0,0.0,0.0,0.0,0,0,2,False,0,0,0
413,Marmoush,,MID,13,Man City,,7,,,,,0,0,0,0,0,0,0,0,0,0,0,0,0,0,0.0,0.0,0.0,0.0,0.0,0.0,0.0,0.0,0,0,3,False,0,0,0
414,Foden,,MID,13,Man City,,7,,,,,90,3,0,0,1,0,0,0,0,0,0,0,0,18,12.2,38.1,20.0,7.0,0.28,0.21,0.49,0.83,1,7,3,False,4,1,2
415,Savinho,,MID,13,Man City,,7,,,,,90,3,0,0,1,0,0,0,0,0,0,0,0,11,1.2,9.0,2.0,1.2,0.0,0.04,0.04,0.83,0,7,3,False,7,1,0
416,Bernardo,,MID,13,Man City,,7,,,,,14,1,0,0,0,0,0,0,0,0,0,0,0,4,1.8,2.0,0.0,0.4,0.0,0.01,0.01,0.12,2,4,3,False,2,0,0
417,Cherki,,MID,13,Man City,,7,,,,,0,0,0,0,0,0,0,0,0,0,0,0,0,0,0.0,0.0,0.0,0.0,0.0,0.0,0.0,0.0,0,0,3,False,0,0,0
418,Doku,,MID,13,Man City,,7,,,,,14,1,0,0,0,0,0,0,0,0,0,0,0,-1,0.0,0.2,0.0,0.0,0.0,0.0,0.0,0.12,0,1,3,False,1,0,0
419,Grealish,,MID,9,Everton,,7,,,,,90,10,1,0,0,1,0,0,0,0,0,0,3,39,45.2,4.3,67.0,11.7,0.44,0.05,0.49,1.65,1,8,3,False,6,1,1
420,Gündoğan,,MID,13,Man City,,7,,,,,0,0,0,0,0,0,0,0,0,0,0,0,0,0,0.0,0.0,0.0,0.0,0.0,0.0,0.0,0.0,0,0,3,False,0,0,0
421,Rodrigo,,MID,13,Man City,,7,,,,,21,1,0,0,0,0,0,0,0,0,0,0,0,4,2.6,12.6,0.0,1.5,0.0,0.01,0.01,0.0,0,2,3,False,2,1,0
422,Kovačić,,MID,13,Man City,,7,,,,,0,0,0,0,0,0,0,0,0,0,0,0,0,0,0.0,0.0,0.0,0.0,0.0,0.0,0.0,0.0,0,0,3,False,0,0,0
423,N.Gonzalez,,MID,13,Man City,,7,,,,,68,3,0,0,1,0,0,0,0,0,0,0,0,19,13.6,4.7,0.0,1.8,0.0,0.02,0.02,0.83,4,10,3,False,2,0,4
424,Bobb,,MID,13,Man City,,7,,,,,75,3,0,0,1,0,0,0,0,0,0,0,0,20,11.8,40.5,19.0,7.1,0.03,0.2,0.23,0.71,0,4,3,False,3,1,1
425,Echeverri,,MID,13,Man City,,7,,,,,0,0,0,0,0,0,0,0,0,0,0,0,0,0,0.0,0.0,0.0,0.0,0.0,0.0,0.0,0.0,0,0,3,False,0,0,0
426,McAtee,,MID,16,Nott'm Forest,,7,,,,,0,0,0,0,0,0,0,0,0,0,0,0,0,0,0.0,0.0,0.0,0.0,0.0,0.0,0.0,0.0,0,0,3,False,0,0,0
427,Reijnders,,MID,13,Man City,,7,,,,,75,3,0,0,1,0,0,0,0,0,0,0,0,14,10.8,18.3,26.0,5.5,0.18,0.06,0.24,0.71,1,3,3,False,2,1,0
428,Nypan,,MID,13,Man City,,7,,,,,0,0,0,0,0,0,0,0,0,0,0,0,0,0,0.0,0.0,0.0,0.0,0.0,0.0,0.0,0.0,0,0,3,False,0,0,0
429,Phillips,,MID,13,Man City,,7,,,,,0,0,0,0,0,0,0,0,0,0,0,0,0,0,0.0,0.0,0.0,0.0,0.0,0.0,0.0,0.0,0,0,3,False,0,0,0
430,Haaland,,FWD,13,Man City,,7,,,,,90,8,1,0,1,0,0,0,0,0,0,0,2,36,35.4,3.4,23.0,6.2,0.29,0.01,0.3,0.83,2,2,4,False,0,1,0
431,Bayindir,,GK,14,Man Utd,,7,,,,,0,0,0,0,0,0,0,0,0,0,0,0,0,0,0.0,0.0,0.0,0.0,0.0,0.0,0.0,0.0,0,0,1,False,0,0,0
432,Onana,,GK,14,Man Utd,,7,,,,,0,0,0,0,0,0,0,0,0,0,0,0,0,0,0.0,0.0,0.0,0.0,0.0,0.0,0.0,0.0,0,0,1,False,0,0,0
433,Harrison,,GK,14,Man Utd,,7,,,,,0,0,0,0,0,0,0,0,0,0,0,0,0,0,0.0,0.0,0.0,0.0,0.0,0.0,0.0,0.0,0,0,1,False,0,0,0
434,Heaton,,GK,14,Man Utd,,7,,,,,0,0,0,0,0,0,0,0,0,0,0,0,0,0,0.0,0.0,0.0,0.0,0.0,0.0,0.0,0.0,0,0,1,False,0,0,0
435,Mee,,GK,14,Man Utd,,7,,,,,0,0,0,0,0,0,0,0,0,0,0,0,0,0,0.0,0.0,0.0,0.0,0.0,0.0,0.0,0.0,0,0,1,False,0,0,0
436,De Ligt,,DEF,14,Man Utd,,7,,,,,90,8,0,0,1,0,0,0,0,0,0,0,2,29,14.4,0.5,2.0,1.7,0.0,0.0,0.0,0.71,7,9,2,False,1,1,2
437,Martinez,,DEF,14,Man Utd,,7,,,,,0,0,0,0,0,0,0,0,0,0,0,0,0,0,0.0,0.0,0.0,0.0,0.0,0.0,0.0,0.0,0,0,2,False,0,0,0
438,Mazraoui,,DEF,14,Man Utd,,7,,,,,0,0,0,0,0,0,0,0,0,0,0,0,0,0,0.0,0.0,0.0,0.0,0.0,0.0,0.0,0.0,0,0,2,False,0,0,0
439,D.Leon,,DEF,14,Man Utd,,7,,,,,0,0,0,0,0,0,0,0,0,0,0,0,0,0,0.0,0.0,0.0,0.0,0.0,0.0,0.0,0.0,0,0,2,False,0,0,0
440,Dalot,,DEF,14,Man Utd,,7,,,,,63,9,0,1,1,0,0,0,0,0,0,0,0,27,4.2,6.4,8.0,1.9,0.05,0.03,0.08,0.37,3,4,2,False,2,1,1
441,Dorgu,,DEF,14,Man Utd,,7,,,,,26,1,0,0,0,0,0,0,0,0,0,0,0,6,4.4,10.1,2.0,1.7,0.0,0.0,0.0,0.34,1,2,2,False,1,0,1
442,Maguire,,DEF,14,Man Utd,,7,,,,,5,1,0,0,0,0,0,0,0,0,0,0,0,3,0.2,0.0,0.0,0.0,0.0,0.0,0.0,0.21,0,0,2,False,0,0,0
443,Shaw,,DEF,14,Man Utd,,7,,,,,90,6,0,0,1,0,0,0,0,0,0,0,0,23,8.6,1.1,0.0,1.0,0.0,0.01,0.01,0.71,3,5,2,False,4,1,2
444,Yoro,,DEF,14,Man Utd,,7,,,,,84,6,0,0,1,0,0,0,0,0,0,0,0,26,12.4,0.3,9.0,2.2,0.02,0.0,0.02,0.5,5,7,2,False,3,1,2
445,Amass,,DEF,14,Man Utd,,7,,,,,0,0,0,0,0,0,0,0,0,0,0,0,0,0,0.0,0.0,0.0,0.0,0.0,0.0,0.0,0.0,0,0,2,False,0,0,0
446,Fredricson,,DEF,14,Man Utd,,7,,,,,0,0,0,0,0,0,0,0,0,0,0,0,0,0,0.0,0.0,0.0,0.0,0.0,0.0,0.0,0.0,0,0,2,False,0,0,0
447,Heaven,,DEF,14,Man Utd,,7,,,,,0,0,0,0,0,0,0,0,0,0,0,0,0,0,0.0,0.0,0.0,0.0,0.0,0.0,0.0,0.0,0,0,2,False,0,0,0
448,Malacia,,DEF,14,Man Utd,,7,,,,,0,0,0,0,0,0,0,0,0,0,0,0,0,0,0.0,0.0,0.0,0.0,0.0,0.0,0.0,0.0,0,0,2,False,0,0,0
449,B.Fernandes,,MID,14,Man Utd,,7,,,,,90,3,0,0,1,0,0,0,0,0,0,0,0,17,18.2,37.9,13.0,6.9,0.17,0.3,0.47,0.71,5,9,3,False,4,1,0
450,Cunha,,MID,14,Man Utd,,7,,,,,25,1,0,0,0,0,0,0,0,0,0,0,0,2,1.0,1.3,30.0,3.2,0.39,0.0,0.39,0.34,1,4,3,False,3,0,0
451,Rashford,,MID,14,Man Utd,,7,,,,,0,0,0,0,0,0,0,0,0,0,0,0,0,0,0.0,0.0,0.0,0.0,0.0,0.0,0.0,0.0,0,0,3,False,0,0,0
452,Amad,,MID,14,Man Utd,,7,,,,,90,3,0,0,1,0,0,0,0,0,0,0,0,21,18.4,34.5,30.0,8.3,0.64,0.1,0.74,0.71,2,10,3,False,6,1,2
453,Garnacho,,MID,7,Chelsea,,7,,,,,74,2,0,0,0,1,0,0,0,0,0,0,0,8,1.8,5.0,9.0,1.6,0.05,0.04,0.09,1.54,0,2,3,False,1,1,1
454,Antony,,MID,14,Man Utd,,7,,,,,0,0,0,0,0,0,0,0,0,0,0,0,0,0,0.0,0.0,0.0,0.0,0.0,0.0,0.0,0.0,0,0,3,False,0,0,0
455,Mount,,MID,14,Man Utd,,7,,,,,64,10,1,0,1,0,0,0,0,0,0,0,2,29,36.8,13.7,23.0,7.4,0.16,0.06,0.22,0.37,1,4,3,False,3,1,0
456,Sancho,,MID,2,Aston Villa,,7,,,,,0,0,0,0,0,0,0,0,0,0,0,0,0,0,0.0,0.0,0.0,0.0,0.0,0.0,0.0,0.0,0,0,3,False,0,0,0
457,Casemiro,,MID,14,Man Utd,,7,,,,,84,4,0,0,1,0,0,0,0,1,0,0,0,11,15.0,3.7,3.0,2.2,0.07,0.02,0.09,0.5,3,14,3,False,8,1,3
458,Mainoo,,MID,14,Man Utd,,7,,,,,13,1,0,0,0,0,0,0,0,0,0,0,0,3,2.4,0.2,0.0,0.3,0.0,0.0,0.0,0.29,0,1,3,False,0,0,1
459,Ugarte,,MID,14,Man Utd,,7,,,,,5,1,0,0,0,0,0,0,0,0,0,0,0,3,0.2,0.0,0.0,0.0,0.0,0.0,0.0,0.21,0,1,3,False,1,0,0
460,Collyer,,MID,14,Man Utd,,7,,,,,0,0,0,0,0,0,0,0,0,0,0,0,0,0,0.0,0.0,0.0,0.0,0.0,0.0,0.0,0.0,0,0,3,False,0,0,0
461,Fitzgerald,,MID,14,Man Utd,,7,,,,,0,0,0,0,0,0,0,0,0,0,0,0,0,0,0.0,0.0,0.0,0.0,0.0,0.0,0.0,0.0,0,0,3,False,0,0,0
462,J.Fletcher,,MID,14,Man Utd,,7,,,,,0,0,0,0,0,0,0,0,0,0,0,0,0,0,0.0,0.0,0.0,0.0,0.0,0.0,0.0,0.0,0,0,3,False,0,0,0
463,Kone,,MID,14,Man Utd,,7,,,,,0,0,0,0,0,0,0,0,0,0,0,0,0,0,0.0,0.0,0.0,0.0,0.0,0.0,0.0,0.0,0,0,3,False,0,0,0
464,Moorhouse,,MID,14,Man Utd,,7,,,,,0,0,0,0,0,0,0,0,0,0,0,0,0,0,0.0,0.0,0.0,0.0,0.0,0.0,0.0,0.0,0,0,3,False,0,0,0
465,Højlund,,FWD,14,Man Utd,,7,,,,,0,0,0,0,0,0,0,0,0,0,0,0,0,0,0.0,0.0,0.0,0.0,0.0,0.0,0.0,0.0,0,0,4,False,0,0,0
466,Zirkzee,,FWD,14,Man Utd,,7,,,,,0,0,0,0,0,0,0,0,0,0,0,0,0,0,0.0,0.0,0.0,0.0,0.0,0.0,0.0,0.0,0,0,4,False,0,0,0
467,Obi,,FWD,14,Man Utd,,7,,,,,0,0,0,0,0,0,0,0,0,0,0,0,0,0,0.0,0.0,0.0,0.0,0.0,0.0,0.0,0.0,0,0,4,False,0,0,0
468,Wheatley,,FWD,14,Man Utd,,7,,,,,0,0,0,0,0,0,0,0,0,0,0,0,0,0,0.0,0.0,0.0,0.0,0.0,0.0,0.0,0.0,0,0,4,False,0,0,0
469,Pope,,GK,15,Newcastle,,7,,,,,90,7,0,0,1,0,0,0,0,0,0,4,0,31,29.0,0.0,0.0,2.9,0.0,0.0,0.0,0.29,1,0,1,False,8,1,0
470,Dúbravka,,GK,3,Burnley,,7,,,,,90,2,0,0,0,2,0,0,0,0,0,5,0,12,34.6,0.0,0.0,3.5,0.0,0.0,0.0,1.37,0,0,1,False,4,1,0
471,Gillespie,,GK,15,Newcastle,,7,,,,,0,0,0,0,0,0,0,0,0,0,0,0,0,0,0.0,0.0,0.0,0.0,0.0,0.0,0.0,0.0,0,0,1,False,0,0,0
472,Odysseas,,GK,15,Newcastle,,7,,,,,0,0,0,0,0,0,0,0,0,0,0,0,0,0,0.0,0.0,0.0,0.0,0.0,0.0,0.0,0.0,0,0,1,False,0,0,0
473,Hall,,DEF,15,Newcastle,,7,,,,,0,0,0,0,0,0,0,0,0,0,0,0,0,0,0.0,0.0,0.0,0.0,0.0,0.0,0.0,0.0,0,0,2,False,0,0,0
474,Schär,,DEF,15,Newcastle,,7,,,,,0,0,0,0,0,0,0,0,0,0,0,0,0,0,0.0,0.0,0.0,0.0,0.0,0.0,0.0,0.0,0,0,2,False,0,0,0
475,Botman,,DEF,15,Newcastle,,7,,,,,90,6,0,0,1,0,0,0,0,0,0,0,0,31,20.6,10.8,19.0,5.0,0.08,0.23,0.31,0.29,6,6,2,False,7,1,0
476,Burn,,DEF,15,Newcastle,,7,,,,,90,11,0,1,1,0,0,0,0,0,0,0,2,32,24.0,11.3,2.0,3.7,0.0,0.01,0.01,0.29,3,4,2,True,4,1,1
477,Livramento,,DEF,15,Newcastle,,7,,,,,0,0,0,0,0,0,0,0,0,0,0,0,0,0,0.0,0.0,0.0,0.0,0.0,0.0,0.0,0.0,0,0,2,False,0,0,0
478,Trippier,,DEF,15,Newcastle,,7,,,,,90,6,0,0,1,0,0,0,0,0,0,0,0,23,18.6,44.2,0.0,6.3,0.0,0.13,0.13,0.29,3,5,2,False,3,1,2
479,Krafth,,DEF,15,Newcastle,,7,,,,,0,0,0,0,0,0,0,0,0,0,0,0,0,0,0.0,0.0,0.0,0.0,0.0,0.0,0.0,0.0,0,0,2,False,0,0,0
480,Lascelles,,DEF,15,Newcastle,,7,,,,,0,0,0,0,0,0,0,0,0,0,0,0,0,0,0.0,0.0,0.0,0.0,0.0,0.0,0.0,0.0,0,0,2,False,0,0,0
481,A.Murphy,,DEF,15,Newcastle,,7,,,,,0,0,0,0,0,0,0,0,0,0,0,0,0,0,0.0,0.0,0.0,0.0,0.0,0.0,0.0,0.0,0,0,2,False,0,0,0
482,Ashby,,DEF,15,Newcastle,,7,,,,,0,0,0,0,0,0,0,0,0,0,0,0,0,0,0.0,0.0,0.0,0.0,0.0,0.0,0.0,0.0,0,0,2,False,0,0,0
483,Pivas,,DEF,15,Newcastle,,7,,,,,0,0,0,0,0,0,0,0,0,0,0,0,0,0,0.0,0.0,0.0,0.0,0.0,0.0,0.0,0.0,0,0,2,False,0,0,0
484,Targett,,DEF,15,Newcastle,,7,,,,,0,0,0,0,0,0,0,0,0,0,0,0,0,0,0.0,0.0,0.0,0.0,0.0,0.0,0.0,0.0,0,0,2,False,0,0,0
485,Gordon,,MID,15,Newcastle,,7,,,,,69,3,0,0,1,0,0,0,0,0,0,0,0,9,3.8,1.8,7.0,1.3,0.13,0.02,0.15,0.17,0,2,3,False,1,1,1
486,Elanga,,MID,15,Newcastle,,7,,,,,69,3,0,0,1,0,0,0,0,0,0,0,0,5,7.6,28.7,14.0,5.0,0.0,0.03,0.03,0.17,0,2,3,False,2,1,0
487,Barnes,,MID,15,Newcastle,,7,,,,,20,1,0,0,0,0,0,0,0,0,0,0,0,2,3.0,0.6,19.0,2.3,0.31,0.0,0.31,0.13,0,1,3,False,1,0,0
488,Bruno G.,,MID,15,Newcastle,,7,,,,,90,14,1,1,1,0,0,0,0,0,0,0,3,52,44.6,16.3,17.0,7.8,0.07,0.12,0.19,0.29,0,7,3,True,4,1,3
489,J.Murphy,,MID,15,Newcastle,,7,,,,,20,1,0,0,0,0,0,0,0,0,0,0,0,15,10.2,27.9,12.0,5.0,0.19,0.3,0.49,0.13,0,1,3,False,1,0,0
490,Joelinton,,MID,15,Newcastle,,7,,,,,90,3,0,0,1,0,0,0,0,0,0,0,0,13,11.8,14.7,61.0,8.8,0.49,0.02,0.51,0.29,4,8,3,False,3,1,1
491,Tonali,,MID,15,Newcastle,,7,,,,,90,3,0,0,1,0,0,0,0,0,0,0,0,19,19.0,32.3,18.0,6.9,0.05,0.06,0.11,0.29,2,11,3,False,6,1,3
492,Antoñito C.,,MID,15,Newcastle,,7,,,,,0,0,0,0,0,0,0,0,0,0,0,0,0,0,0.0,0.0,0.0,0.0,0.0,0.0,0.0,0.0,0,0,3,False,0,0,0
493,Longstaff,,MID,11,Leeds,,7,,,,,90,2,0,0,0,2,0,0,0,0,0,0,0,21,13.8,71.2,5.0,9.0,0.22,0.2,0.42,0.53,0,9,3,False,5,1,4
494,Willock,,MID,15,Newcastle,,7,,,,,0,0,0,0,0,0,0,0,0,0,0,0,0,0,0.0,0.0,0.0,0.0,0.0,0.0,0.0,0.0,0,0,3,False,0,0,0
495,Hayden,,MID,15,Newcastle,,7,,,,,0,0,0,0,0,0,0,0,0,0,0,0,0,0,0.0,0.0,0.0,0.0,0.0,0.0,0.0,0.0,0,0,3,False,0,0,0
496,Kuol,,MID,15,Newcastle,,7,,,,,0,0,0,0,0,0,0,0,0,0,0,0,0,0,0.0,0.0,0.0,0.0,0.0,0.0,0.0,0.0,0,0,3,False,0,0,0
497,L.Miley,,MID,15,Newcastle,,7,,,,,1,1,0,0,0,0,0,0,0,0,0,0,0,3,1.0,0.0,0.0,0.1,0.0,0.0,0.0,0.0,1,2,3,False,1,0,0
498,White,,MID,15,Newcastle,,7,,,,,0,0,0,0,0,0,0,0,0,0,0,0,0,0,0.0,0.0,0.0,0.0,0.0,0.0,0.0,0.0,0,0,3,False,0,0,0
499,Isak,,FWD,12,Liverpool,,7,,,,,73,5,0,1,0,1,0,0,0,0,0,0,0,15,16.8,17.9,6.0,4.1,0.18,0.01,0.19,0.18,0,2,4,False,1,1,1
500,Osula,,FWD,15,Newcastle,,7,,,,,1,1,0,0,0,0,0,0,0,0,0,0,0,3,0.2,0.1,0.0,0.0,0.0,0.0,0.0,0.0,0,0,4,False,0,0,0
501,Neave,,FWD,15,Newcastle,,7,,,,,0,0,0,0,0,0,0,0,0,0,0,0,0,0,0.0,0.0,0.0,0.0,0.0,0.0,0.0,0.0,0,0,4,False,0,0,0
502,Sels,,GK,16,Nott'm Forest,,7,,,,,90,3,0,0,0,2,0,0,0,0,0,7,0,20,54.2,0.0,0.0,5.4,0.0,0.0,0.0,3.28,0,0,1,False,8,1,0
503,C.Miguel,,GK,16,Nott'm Forest,,7,,,,,0,0,0,0,0,0,0,0,0,0,0,0,0,0,0.0,0.0,0.0,0.0,0.0,0.0,0.0,0.0,0,0,1,False,0,0,0
504,Turner,,GK,16,Nott'm Forest,,7,,,,,0,0,0,0,0,0,0,0,0,0,0,0,0,0,0.0,0.0,0.0,0.0,0.0,0.0,0.0,0.0,0,0,1,False,0,0,0
505,Milenković,,DEF,16,Nott'm Forest,,7,,,,,90,3,0,0,0,2,0,0,0,0,0,0,0,9,15.2,0.4,0.0,1.6,0.0,0.0,0.0,3.28,10,10,2,False,4,1,0
506,Murillo,,DEF,16,Nott'm Forest,,7,,,,,0,0,0,0,0,0,0,0,0,0,0,0,0,0,0.0,0.0,0.0,0.0,0.0,0.0,0.0,0.0,0,0,2,False,0,0,0
507,Aina,,DEF,16,Nott'm Forest,,7,,,,,0,0,0,0,0,0,0,0,0,0,0,0,0,0,0.0,0.0,0.0,0.0,0.0,0.0,0.0,0.0,0,0,2,False,0,0,0
508,N.Williams,,DEF,16,Nott'm Forest,,7,,,,,90,0,0,0,0,2,0,0,0,1,0,0,0,9,25.6,11.8,17.0,5.4,0.03,0.01,0.04,3.28,3,7,2,False,6,1,4
509,David Carmo,,DEF,16,Nott'm Forest,,7,,,,,0,0,0,0,0,0,0,0,0,0,0,0,0,0,0.0,0.0,0.0,0.0,0.0,0.0,0.0,0.0,0,0,2,False,0,0,0
510,Jair Cunha,,DEF,16,Nott'm Forest,,7,,,,,90,3,0,0,0,2,0,0,0,0,0,0,0,9,26.0,0.4,0.0,2.6,0.0,0.0,0.0,3.28,9,11,2,False,1,1,2
511,Morato,,DEF,16,Nott'm Forest,,7,,,,,76,3,0,0,0,1,0,0,0,1,0,0,0,9,24.4,0.4,0.0,2.5,0.0,0.01,0.01,1.43,13,14,2,False,4,1,1
512,O.Richards,,DEF,16,Nott'm Forest,,7,,,,,0,0,0,0,0,0,0,0,0,0,0,0,0,0,0.0,0.0,0.0,0.0,0.0,0.0,0.0,0.0,0,0,2,False,0,0,0
513,Abbott,,DEF,16,Nott'm Forest,,7,,,,,0,0,0,0,0,0,0,0,0,0,0,0,0,0,0.0,0.0,0.0,0.0,0.0,0.0,0.0,0.0,0,0,2,False,0,0,0
514,Boly,,DEF,16,Nott'm Forest,,7,,,,,0,0,0,0,0,0,0,0,0,0,0,0,0,0,0.0,0.0,0.0,0.0,0.0,0.0,0.0,0.0,0,0,2,False,0,0,0
515,Gibbs-White,,MID,16,Nott'm Forest,,7,,,,,90,4,0,0,0,2,0,0,0,0,0,0,0,19,14.2,7.9,21.0,4.3,0.12,0.08,0.2,3.28,5,13,3,False,8,1,0
516,Hudson-Odoi,,MID,16,Nott'm Forest,,7,,,,,26,1,0,0,0,1,0,0,0,0,0,0,0,7,7.2,1.4,17.0,2.6,0.07,0.01,0.08,2.25,1,2,3,False,1,0,0
517,Anderson,,MID,16,Nott'm Forest,,7,,,,,90,1,0,0,0,2,0,0,0,1,0,0,0,14,5.4,10.7,0.0,1.6,0.0,0.03,0.03,3.28,0,10,3,False,8,1,2
518,Jota,,MID,16,Nott'm Forest,,7,,,,,0,0,0,0,0,0,0,0,0,0,0,0,0,0,0.0,0.0,0.0,0.0,0.0,0.0,0.0,0.0,0,0,3,False,0,0,0
519,Dominguez,,MID,16,Nott'm Forest,,7,,,,,0,0,0,0,0,0,0,0,0,0,0,0,0,0,0.0,0.0,0.0,0.0,0.0,0.0,0.0,0.0,0,0,3,False,0,0,0
520,O'Brien,,MID,16,Nott'm Forest,,7,,,,,0,0,0,0,0,0,0,0,0,0,0,0,0,0,0.0,0.0,0.0,0.0,0.0,0.0,0.0,0.0,0,0,3,False,0,0,0
521,Sangaré,,MID,16,Nott'm Forest,,7,,,,,0,0,0,0,0,0,0,0,0,0,0,0,0,0,0.0,0.0,0.0,0.0,0.0,0.0,0.0,0.0,0,0,3,False,0,0,0
522,Yates,,MID,16,Nott'm Forest,,7,,,,,63,1,0,0,0,1,0,0,0,1,0,0,0,3,12.6,1.3,17.0,3.1,0.07,0.0,0.07,1.03,5,7,3,False,2,1,0
523,Da Silva Moreira,,MID,16,Nott'm Forest,,7,,,,,0,0,0,0,0,0,0,0,0,0,0,0,0,0,0.0,0.0,0.0,0.0,0.0,0.0,0.0,0.0,0,0,3,False,0,0,0
524,Stamenic,,MID,16,Nott'm Forest,,7,,,,,0,0,0,0,0,0,0,0,0,0,0,0,0,0,0.0,0.0,0.0,0.0,0.0,0.0,0.0,0.0,0,0,3,False,0,0,0
525,Wood,,FWD,16,Nott'm Forest,,7,,,,,63,2,0,0,0,1,0,0,0,0,0,0,0,4,0.0,1.3,2.0,0.3,0.0,0.0,0.0,1.03,1,2,4,False,1,1,0
526,Igor Jesus,,FWD,16,Nott'm Forest,,7,,,,,26,1,0,0,0,1,0,0,0,0,0,0,0,6,6.0,0.4,2.0,0.8,0.0,0.0,0.0,2.25,2,5,4,False,1,0,2
527,Awoniyi,,FWD,16,Nott'm Forest,,7,,,,,0,0,0,0,0,0,0,0,0,0,0,0,0,0,0.0,0.0,0.0,0.0,0.0,0.0,0.0,0.0,0,0,4,False,0,0,0
528,Patterson,,GK,17,Sunderland,,7,,,,,0,0,0,0,0,0,0,0,0,0,0,0,0,0,0.0,0.0,0.0,0.0,0.0,0.0,0.0,0.0,0,0,1,False,0,0,0
529,Moore,,GK,17,Sunderland,,7,,,,,0,0,0,0,0,0,0,0,0,0,0,0,0,0,0.0,0.0,0.0,0.0,0.0,0.0,0.0,0.0,0,0,1,False,0,0,0
530,Nna Noukeu,,GK,17,Sunderland,,7,,,,,0,0,0,0,0,0,0,0,0,0,0,0,0,0,0.0,0.0,0.0,0.0,0.0,0.0,0.0,0.0,0,0,1,False,0,0,0
531,Ballard,,DEF,17,Sunderland,,7,,,,,53,3,0,0,0,0,0,0,0,0,0,0,0,12,36.8,0.5,7.0,4.4,0.17,0.0,0.17,0.63,16,19,2,False,2,0,3
532,Hume,,DEF,17,Sunderland,,7,,,,,78,1,0,0,0,2,0,0,0,0,0,0,0,1,6.4,1.8,5.0,1.3,0.03,0.01,0.04,1.46,4,5,2,False,2,1,1
533,Alese,,DEF,17,Sunderland,,7,,,,,0,0,0,0,0,0,0,0,0,0,0,0,0,0,0.0,0.0,0.0,0.0,0.0,0.0,0.0,0.0,0,0,2,False,0,0,0
534,Anderson,,DEF,17,Sunderland,,7,,,,,0,0,0,0,0,0,0,0,0,0,0,0,0,0,0.0,0.0,0.0,0.0,0.0,0.0,0.0,0.0,0,0,2,False,0,0,0
535,Cirkin,,DEF,17,Sunderland,,7,,,,,0,0,0,0,0,0,0,0,0,0,0,0,0,0,0.0,0.0,0.0,0.0,0.0,0.0,0.0,0.0,0,0,2,False,0,0,0
536,Hjelde,,DEF,17,Sunderland,,7,,,,,0,0,0,0,0,0,0,0,0,0,0,0,0,0,0.0,0.0,0.0,0.0,0.0,0.0,0.0,0.0,0,0,2,False,0,0,0
537,Huggins,,DEF,17,Sunderland,,7,,,,,0,0,0,0,0,0,0,0,0,0,0,0,0,0,0.0,0.0,0.0,0.0,0.0,0.0,0.0,0.0,0,0,2,False,0,0,0
538,Johnson,,DEF,17,Sunderland,,7,,,,,0,0,0,0,0,0,0,0,0,0,0,0,0,0,0.0,0.0,0.0,0.0,0.0,0.0,0.0,0.0,0,0,2,False,0,0,0
539,O'Nien,,DEF,17,Sunderland,,7,,,,,0,0,0,0,0,0,0,0,0,0,0,0,0,0,0.0,0.0,0.0,0.0,0.0,0.0,0.0,0.0,0,0,2,False,0,0,0
540,Pembele,,DEF,17,Sunderland,,7,,,,,0,0,0,0,0,0,0,0,0,0,0,0,0,0,0.0,0.0,0.0,0.0,0.0,0.0,0.0,0.0,0,0,2,False,0,0,0
541,Reinildo,,DEF,17,Sunderland,,7,,,,,0,0,0,0,0,0,0,0,0,0,0,0,0,0,0.0,0.0,0.0,0.0,0.0,0.0,0.0,0.0,0,0,2,False,0,0,0
542,Seelt,,DEF,17,Sunderland,,7,,,,,0,0,0,0,0,0,0,0,0,0,0,0,0,0,0.0,0.0,0.0,0.0,0.0,0.0,0.0,0.0,0,0,2,False,0,0,0
543,Adingra,,MID,17,Sunderland,,7,,,,,36,1,0,0,0,2,0,0,0,0,0,0,0,4,8.0,18.1,0.0,2.6,0.0,0.05,0.05,1.21,1,2,3,False,0,1,1
544,Diarra,,MID,17,Sunderland,,7,,,,,0,0,0,0,0,0,0,0,0,0,0,0,0,0,0.0,0.0,0.0,0.0,0.0,0.0,0.0,0.0,0,0,3,False,0,0,0
545,Roberts,,MID,17,Sunderland,,7,,,,,0,0,0,0,0,0,0,0,0,0,0,0,0,0,0.0,0.0,0.0,0.0,0.0,0.0,0.0,0.0,0,0,3,False,0,0,0
546,Aleksić,,MID,17,Sunderland,,7,,,,,0,0,0,0,0,0,0,0,0,0,0,0,0,0,0.0,0.0,0.0,0.0,0.0,0.0,0.0,0.0,0,0,3,False,0,0,0
547,E.Le Fée,,MID,17,Sunderland,,7,,,,,90,2,0,0,0,2,0,0,0,0,0,0,0,6,2.4,9.0,4.0,1.5,0.0,0.01,0.01,1.84,0,8,3,False,7,1,1
548,Mundle,,MID,17,Sunderland,,7,,,,,0,0,0,0,0,0,0,0,0,0,0,0,0,0,0.0,0.0,0.0,0.0,0.0,0.0,0.0,0.0,0,0,3,False,0,0,0
549,Neil,,MID,17,Sunderland,,7,,,,,0,0,0,0,0,0,0,0,0,0,0,0,0,0,0.0,0.0,0.0,0.0,0.0,0.0,0.0,0.0,0,0,3,False,0,0,0
550,Poveda,,MID,17,Sunderland,,7,,,,,0,0,0,0,0,0,0,0,0,0,0,0,0,0,0.0,0.0,0.0,0.0,0.0,0.0,0.0,0.0,0,0,3,False,0,0,0
551,Rigg,,MID,17,Sunderland,,7,,,,,0,0,0,0,0,0,0,0,0,0,0,0,0,0,0.0,0.0,0.0,0.0,0.0,0.0,0.0,0.0,0,0,3,False,0,0,0
552,Sadiki,,MID,17,Sunderland,,7,,,,,90,1,0,0,0,2,0,0,0,1,0,0,0,10,10.0,5.9,0.0,1.6,0.0,0.02,0.02,1.84,4,10,3,False,3,1,3
553,Talbi,,MID,17,Sunderland,,7,,,,,32,1,0,0,0,0,0,0,0,0,0,0,0,3,6.4,12.8,22.0,4.1,0.26,0.01,0.27,0.45,1,1,3,False,0,0,0
554,Ba,,MID,17,Sunderland,,7,,,,,0,0,0,0,0,0,0,0,0,0,0,0,0,0,0.0,0.0,0.0,0.0,0.0,0.0,0.0,0.0,0,0,3,False,0,0,0
555,Browne,,MID,17,Sunderland,,7,,,,,0,0,0,0,0,0,0,0,0,0,0,0,0,0,0.0,0.0,0.0,0.0,0.0,0.0,0.0,0.0,0,0,3,False,0,0,0
556,Ekwah,,MID,17,Sunderland,,7,,,,,0,0,0,0,0,0,0,0,0,0,0,0,0,0,0.0,0.0,0.0,0.0,0.0,0.0,0.0,0.0,0,0,3,False,0,0,0
557,H.Jones,,MID,17,Sunderland,,7,,,,,0,0,0,0,0,0,0,0,0,0,0,0,0,0,0.0,0.0,0.0,0.0,0.0,0.0,0.0,0.0,0,0,3,False,0,0,0
558,Matete,,MID,17,Sunderland,,7,,,,,0,0,0,0,0,0,0,0,0,0,0,0,0,0,0.0,0.0,0.0,0.0,0.0,0.0,0.0,0.0,0,0,3,False,0,0,0
559,Triantis,,MID,17,Sunderland,,7,,,,,0,0,0,0,0,0,0,0,0,0,0,0,0,0,0.0,0.0,0.0,0.0,0.0,0.0,0.0,0.0,0,0,3,False,0,0,0
560,Isidor,,FWD,17,Sunderland,,7,,,,,58,1,0,0,0,2,0,0,0,0,0,0,0,1,0.2,0.3,2.0,0.3,0.0,0.0,0.0,1.39,0,0,4,False,0,1,0
561,Mayenda,,FWD,17,Sunderland,,7,,,,,32,1,0,0,0,0,0,0,0,0,0,0,0,5,1.6,11.5,5.0,1.8,0.08,0.06,0.14,0.45,0,0,4,False,0,0,0
562,Abdullahi,,FWD,17,Sunderland,,7,,,,,0,0,0,0,0,0,0,0,0,0,0,0,0,0,0.0,0.0,0.0,0.0,0.0,0.0,0.0,0.0,0,0,4,False,0,0,0
563,Luís Hemir,,FWD,17,Sunderland,,7,,,,,0,0,0,0,0,0,0,0,0,0,0,0,0,0,0.0,0.0,0.0,0.0,0.0,0.0,0.0,0.0,0,0,4,False,0,0,0
564,Rusyn,,FWD,17,Sunderland,,7,,,,,0,0,0,0,0,0,0,0,0,0,0,0,0,0,0.0,0.0,0.0,0.0,0.0,0.0,0.0,0.0,0,0,4,False,0,0,0
565,Vicario,,GK,18,Spurs,,7,,,,,90,3,0,0,0,1,0,0,0,0,0,3,0,13,26.8,0.0,0.0,2.7,0.0,0.0,0.0,1.68,0,0,1,False,5,1,0
566,Austin,,GK,18,Spurs,,7,,,,,0,0,0,0,0,0,0,0,0,0,0,0,0,0,0.0,0.0,0.0,0.0,0.0,0.0,0.0,0.0,0,0,1,False,0,0,0
567,Kinsky,,GK,18,Spurs,,7,,,,,0,0,0,0,0,0,0,0,0,0,0,0,0,0,0.0,0.0,0.0,0.0,0.0,0.0,0.0,0.0,0,0,1,False,0,0,0
568,Pedro Porro,,DEF,18,Spurs,,7,,,,,90,7,0,1,0,1,0,0,0,0,0,0,0,15,15.2,2.9,4.0,2.2,0.0,0.02,0.02,1.68,8,10,2,False,4,1,2
569,Romero,,DEF,18,Spurs,,7,,,,,90,1,0,0,0,1,0,0,0,1,0,0,0,10,15.6,0.8,2.0,1.8,0.0,0.01,0.01,1.68,7,8,2,False,3,1,1
570,Danso,,DEF,18,Spurs,,7,,,,,5,1,0,0,0,0,0,0,0,0,0,0,0,3,2.2,0.0,0.0,0.2,0.0,0.0,0.0,0.24,1,1,2,False,0,0,0
571,Davies,,DEF,18,Spurs,,7,,,,,0,0,0,0,0,0,0,0,0,0,0,0,0,0,0.0,0.0,0.0,0.0,0.0,0.0,0.0,0.0,0,0,2,False,0,0,0
572,Dragusin,,DEF,18,Spurs,,7,,,,,0,0,0,0,0,0,0,0,0,0,0,0,0,0,0.0,0.0,0.0,0.0,0.0,0.0,0.0,0.0,0,0,2,False,0,0,0
573,Spence,,DEF,18,Spurs,,7,,,,,0,0,0,0,0,0,0,0,0,0,0,0,0,0,0.0,0.0,0.0,0.0,0.0,0.0,0.0,0.0,0,0,2,False,0,0,0
574,Udogie,,DEF,18,Spurs,,7,,,,,90,2,0,0,0,1,0,0,0,0,0,0,0,12,16.0,13.0,8.0,3.7,0.0,0.07,0.07,1.68,3,4,2,False,5,1,1
575,Van de Ven,,DEF,18,Spurs,,7,,,,,90,2,0,0,0,1,0,0,0,0,0,0,0,14,14.8,0.3,0.0,1.5,0.0,0.0,0.0,1.68,4,6,2,False,4,1,2
576,Phillips,,DEF,18,Spurs,,7,,,,,0,0,0,0,0,0,0,0,0,0,0,0,0,0,0.0,0.0,0.0,0.0,0.0,0.0,0.0,0.0,0,0,2,False,0,0,0
577,Takai,,DEF,18,Spurs,,7,,,,,0,0,0,0,0,0,0,0,0,0,0,0,0,0,0.0,0.0,0.0,0.0,0.0,0.0,0.0,0.0,0,0,2,False,0,0,0
578,Vuskovic,,DEF,18,Spurs,,7,,,,,0,0,0,0,0,0,0,0,0,0,0,0,0,0,0.0,0.0,0.0,0.0,0.0,0.0,0.0,0.0,0,0,2,False,0,0,0
579,Son,,MID,18,Spurs,,7,,,,,0,0,0,0,0,0,0,0,0,0,0,0,0,0,0.0,0.0,0.0,0.0,0.0,0.0,0.0,0.0,0,0,3,False,0,0,0
580,Johnson,,MID,18,Spurs,,7,,,,,1,1,0,0,0,0,0,0,0,0,0,0,0,3,2.0,0.0,0.0,0.2,0.0,0.0,0.0,0.24,1,1,3,False,0,0,0
581,Maddison,,MID,18,Spurs,,7,,,,,0,0,0,0,0,0,0,0,0,0,0,0,0,0,0.0,0.0,0.0,0.0,0.0,0.0,0.0,0.0,0,0,3,False,0,0,0
582,Kudus,,MID,18,Spurs,,7,,,,,89,12,1,1,0,1,0,0,0,1,0,0,3,36,58.0,12.8,24.0,9.5,0.27,0.04,0.31,1.43,0,6,3,True,4,1,2
583,Kulusevski,,MID,18,Spurs,,7,,,,,0,0,0,0,0,0,0,0,0,0,0,0,0,0,0.0,0.0,0.0,0.0,0.0,0.0,0.0,0.0,0,0,3,False,0,0,0
584,Tel,,MID,18,Spurs,,7,,,,,72,9,1,0,0,1,0,0,0,0,0,0,2,28,33.2,1.3,21.0,5.6,0.12,0.01,0.13,1.41,2,5,3,False,3,1,0
585,Bentancur,,MID,18,Spurs,,7,,,,,90,4,0,0,0,1,0,0,0,0,0,0,0,13,12.2,1.7,1.0,1.5,0.02,0.01,0.03,1.68,7,12,3,False,3,1,2
586,Bergvall,,MID,18,Spurs,,7,,,,,0,0,0,0,0,0,0,0,0,0,0,0,0,0,0.0,0.0,0.0,0.0,0.0,0.0,0.0,0.0,0,0,3,False,0,0,0
587,Bissouma,,MID,18,Spurs,,7,,,,,0,0,0,0,0,0,0,0,0,0,0,0,0,0,0.0,0.0,0.0,0.0,0.0,0.0,0.0,0.0,0,0,3,False,0,0,0
588,Odobert,,MID,18,Spurs,,7,,,,,84,2,0,0,0,1,0,0,0,0,0,0,0,8,8.2,16.5,4.0,2.9,0.0,0.12,0.12,1.43,1,5,3,False,3,1,1
589,Solomon,,MID,18,Spurs,,7,,,,,0,0,0,0,0,0,0,0,0,0,0,0,0,0,0.0,0.0,0.0,0.0,0.0,0.0,0.0,0.0,0,0,3,False,0,0,0
590,Bryan,,MID,18,Spurs,,7,,,,,0,0,0,0,0,0,0,0,0,0,0,0,0,0,0.0,0.0,0.0,0.0,0.0,0.0,0.0,0.0,0,0,3,False,0,0,0
591,Gray,,MID,18,Spurs,,7,,,,,0,0,0,0,0,0,0,0,0,0,0,0,0,0,0.0,0.0,0.0,0.0,0.0,0.0,0.0,0.0,0,0,3,False,0,0,0
592,Moore,,MID,18,Spurs,,7,,,,,0,0,0,0,0,0,0,0,0,0,0,0,0,0,0.0,0.0,0.0,0.0,0.0,0.0,0.0,0.0,0,0,3,False,0,0,0
593,P.M.Sarr,,MID,18,Spurs,,7,,,,,17,1,0,0,0,0,0,0,0,0,0,0,0,5,6.4,0.7,0.0,0.7,0.0,0.0,0.0,0.27,1,4,3,False,1,0,2
594,Min-hyeok,,MID,18,Spurs,,7,,,,,0,0,0,0,0,0,0,0,0,0,0,0,0,0,0.0,0.0,0.0,0.0,0.0,0.0,0.0,0.0,0,0,3,False,0,0,0
595,Olusesi,,MID,18,Spurs,,7,,,,,0,0,0,0,0,0,0,0,0,0,0,0,0,0,0.0,0.0,0.0,0.0,0.0,0.0,0.0,0.0,0,0,3,False,0,0,0
596,Solanke,,FWD,18,Spurs,,7,,,,,0,0,0,0,0,0,0,0,0,0,0,0,0,0,0.0,0.0,0.0,0.0,0.0,0.0,0.0,0.0,0,0,4,False,0,0,0
597,Richarlison,,FWD,18,Spurs,,7,,,,,16,1,0,0,0,0,0,0,0,0,0,0,0,3,0.2,0.1,5.0,0.5,0.03,0.0,0.03,0.27,3,6,4,False,3,0,0
598,Lankshear,,FWD,18,Spurs,,7,,,,,0,0,0,0,0,0,0,0,0,0,0,0,0,0,0.0,0.0,0.0,0.0,0.0,0.0,0.0,0.0,0,0,4,False,0,0,0
599,Scarlett,,FWD,18,Spurs,,7,,,,,0,0,0,0,0,0,0,0,0,0,0,0,0,0,0.0,0.0,0.0,0.0,0.0,0.0,0.0,0.0,0,0,4,False,0,0,0
600,Areola,,GK,19,West Ham,,7,,,,,90,2,0,0,0,2,0,0,0,0,0,3,0,9,25.8,0.0,0.0,2.6,0.0,0.0,0.0,2.77,2,0,1,False,3,1,0
601,Foderingham,,GK,19,West Ham,,7,,,,,0,0,0,0,0,0,0,0,0,0,0,0,0,0,0.0,0.0,0.0,0.0,0.0,0.0,0.0,0.0,0,0,1,False,0,0,0
602,Hegyi,,GK,19,West Ham,,7,,,,,0,0,0,0,0,0,0,0,0,0,0,0,0,0,0.0,0.0,0.0,0.0,0.0,0.0,0.0,0.0,0,0,1,False,0,0,0
603,Diouf,,DEF,19,West Ham,,7,,,,,90,3,0,0,0,2,0,0,0,0,0,0,0,0,21.8,11.5,0.0,3.3,0.0,0.03,0.03,2.77,13,13,2,False,2,1,0
604,Emerson,,DEF,19,West Ham,,7,,,,,0,0,0,0,0,0,0,0,0,0,0,0,0,0,0.0,0.0,0.0,0.0,0.0,0.0,0.0,0.0,0,0,2,False,0,0,0
605,Kilman,,DEF,19,West Ham,,7,,,,,90,1,0,0,0,2,0,0,0,0,0,0,0,2,21.0,0.5,0.0,2.2,0.0,0.0,0.0,2.77,9,9,2,False,3,1,0
606,Mavropanos,,DEF,19,West Ham,,7,,,,,90,3,0,0,0,2,0,0,0,0,0,0,0,9,38.0,0.3,0.0,3.8,0.0,0.01,0.01,2.77,20,20,2,False,4,1,0
607,N.Aguerd,,DEF,19,West Ham,,7,,,,,0,0,0,0,0,0,0,0,0,0,0,0,0,0,0.0,0.0,0.0,0.0,0.0,0.0,0.0,0.0,0,0,2,False,0,0,0
608,Scarles,,DEF,19,West Ham,,7,,,,,0,0,0,0,0,0,0,0,0,0,0,0,0,0,0.0,0.0,0.0,0.0,0.0,0.0,0.0,0.0,0,0,2,False,0,0,0
609,Todibo,,DEF,19,West Ham,,7,,,,,0,0,0,0,0,0,0,0,0,0,0,0,0,0,0.0,0.0,0.0,0.0,0.0,0.0,0.0,0.0,0,0,2,False,0,0,0
610,Wan-Bissaka,,DEF,19,West Ham,,7,,,,,78,1,0,0,0,2,0,0,0,0,0,0,0,-3,7.2,1.4,2.0,1.1,0.0,0.01,0.01,2.6,6,6,2,False,0,1,0
611,Casey,,DEF,19,West Ham,,7,,,,,0,0,0,0,0,0,0,0,0,0,0,0,0,0,0.0,0.0,0.0,0.0,0.0,0.0,0.0,0.0,0,0,2,False,0,0,0
612,L.Paquetá,,MID,19,West Ham,,7,,,,,90,1,0,0,0,2,0,0,0,1,0,0,0,19,21.6,31.8,4.0,5.7,0.01,0.34,0.35,2.77,3,11,3,False,3,1,5
613,Souček,,MID,19,West Ham,,7,,,,,0,0,0,0,0,0,0,0,0,0,0,0,0,0,0.0,0.0,0.0,0.0,0.0,0.0,0.0,0.0,0,0,3,False,0,0,0
614,Ward-Prowse,,MID,19,West Ham,,7,,,,,0,0,0,0,0,0,0,0,0,0,0,0,0,0,0.0,0.0,0.0,0.0,0.0,0.0,0.0,0.0,0,0,3,False,0,0,0
615,Summerville,,MID,19,West Ham,,7,,,,,90,1,0,0,0,2,0,0,0,1,0,0,0,7,8.8,3.9,5.0,1.8,0.02,0.01,0.03,2.77,5,11,3,False,4,1,2
616,Álvarez,,MID,19,West Ham,,7,,,,,0,0,0,0,0,0,0,0,0,0,0,0,0,0,0.0,0.0,0.0,0.0,0.0,0.0,0.0,0.0,0,0,3,False,0,0,0
617,Cornet,,MID,19,West Ham,,7,,,,,0,0,0,0,0,0,0,0,0,0,0,0,0,0,0.0,0.0,0.0,0.0,0.0,0.0,0.0,0.0,0,0,3,False,0,0,0
618,G.Rodriguez,,MID,19,West Ham,,7,,,,,0,0,0,0,0,0,0,0,0,0,0,0,0,0,0.0,0.0,0.0,0.0,0.0,0.0,0.0,0.0,0,0,3,False,0,0,0
619,L.Guilherme,,MID,19,West Ham,,7,,,,,0,0,0,0,0,0,0,0,0,0,0,0,0,0,0.0,0.0,0.0,0.0,0.0,0.0,0.0,0.0,0,0,3,False,0,0,0
620,Earthy,,MID,19,West Ham,,7,,,,,0,0,0,0,0,0,0,0,0,0,0,0,0,0,0.0,0.0,0.0,0.0,0.0,0.0,0.0,0.0,0,0,3,False,0,0,0
621,Irving,,MID,19,West Ham,,7,,,,,0,0,0,0,0,0,0,0,0,0,0,0,0,0,0.0,0.0,0.0,0.0,0.0,0.0,0.0,0.0,0,0,3,False,0,0,0
622,Orford,,MID,19,West Ham,,7,,,,,0,0,0,0,0,0,0,0,0,0,0,0,0,0,0.0,0.0,0.0,0.0,0.0,0.0,0.0,0.0,0,0,3,False,0,0,0
623,Potts,,MID,19,West Ham,,7,,,,,29,1,0,0,0,1,0,0,0,0,0,0,0,3,1.6,0.2,0.0,0.2,0.0,0.0,0.0,0.96,1,1,3,False,0,0,0
624,Bowen,,FWD,19,West Ham,,7,,,,,90,2,0,0,0,2,0,0,0,0,0,0,0,7,5.8,10.8,4.0,2.1,0.0,0.01,0.01,2.77,4,7,4,False,3,1,0
625,Füllkrug,,FWD,19,West Ham,,7,,,,,60,2,0,0,0,1,0,0,0,0,0,0,0,1,0.0,0.4,9.0,0.7,0.33,0.0,0.33,1.81,1,3,4,False,2,1,0
626,Marshall,,FWD,19,West Ham,,7,,,,,29,1,0,0,0,1,0,0,0,0,0,0,0,-2,1.2,0.0,7.0,0.8,0.13,0.0,0.13,0.96,2,3,4,False,1,0,0
627,Johnstone,,GK,20,Wolves,,7,,,,,90,3,0,0,0,1,0,0,0,0,0,5,0,19,36.4,0.0,0.0,3.6,0.0,0.0,0.0,1.15,0,0,1,False,14,1,0
628,José Sá,,GK,20,Wolves,,7,,,,,0,0,0,0,0,0,0,0,0,0,0,0,0,0,0.0,0.0,0.0,0.0,0.0,0.0,0.0,0.0,0,0,1,False,0,0,0
629,Bentley,,GK,20,Wolves,,7,,,,,0,0,0,0,0,0,0,0,0,0,0,0,0,0,0.0,0.0,0.0,0.0,0.0,0.0,0.0,0.0,0,0,1,False,0,0,0
630,King,,GK,9,Everton,,7,,,,,0,0,0,0,0,0,0,0,0,0,0,0,0,0,0.0,0.0,0.0,0.0,0.0,0.0,0.0,0.0,0,0,1,False,0,0,0
631,Agbadou,,DEF,20,Wolves,,7,,,,,30,1,0,0,0,1,0,0,0,0,0,0,0,4,15.4,1.1,0.0,1.7,0.0,0.0,0.0,0.45,6,7,2,False,3,0,1
632,Doherty,,DEF,20,Wolves,,7,,,,,0,0,0,0,0,0,0,0,0,0,0,0,0,0,0.0,0.0,0.0,0.0,0.0,0.0,0.0,0.0,0,0,2,False,0,0,0
633,H.Bueno,,DEF,20,Wolves,,7,,,,,76,8,0,0,1,0,0,0,0,0,0,0,2,23,16.6,25.2,0.0,4.2,0.0,0.2,0.2,0.94,2,4,2,False,1,1,2
634,Mosquera,,DEF,20,Wolves,,7,,,,,1,1,0,0,0,0,0,0,0,0,0,0,0,4,1.0,0.0,0.0,0.1,0.0,0.0,0.0,0.0,1,1,2,False,0,0,0
635,R.Gomes,,DEF,20,Wolves,,7,,,,,0,0,0,0,0,0,0,0,0,0,0,0,0,0,0.0,0.0,0.0,0.0,0.0,0.0,0.0,0.0,0,0,2,False,0,0,0
636,S.Bueno,,DEF,20,Wolves,,7,,,,,90,1,0,0,0,1,0,0,0,1,0,0,0,4,9.2,0.7,0.0,1.0,0.0,0.01,0.01,1.15,4,6,2,False,2,1,2
637,Toti,,DEF,20,Wolves,,7,,,,,0,0,0,0,0,0,0,0,0,0,0,0,0,0,0.0,0.0,0.0,0.0,0.0,0.0,0.0,0.0,0,0,2,False,0,0,0
638,Hoever,,DEF,20,Wolves,,7,,,,,0,0,0,0,0,0,0,0,0,0,0,0,0,0,0.0,0.0,0.0,0.0,0.0,0.0,0.0,0.0,0,0,2,False,0,0,0
639,Meupiyou,,DEF,20,Wolves,,7,,,,,0,0,0,0,0,0,0,0,0,0,0,0,0,0,0.0,0.0,0.0,0.0,0.0,0.0,0.0,0.0,0,0,2,False,0,0,0
640,Pedro Lima,,DEF,20,Wolves,,7,,,,,0,0,0,0,0,0,0,0,0,0,0,0,0,0,0.0,0.0,0.0,0.0,0.0,0.0,0.0,0.0,0,0,2,False,0,0,0
641,Pond,,DEF,20,Wolves,,7,,,,,0,0,0,0,0,0,0,0,0,0,0,0,0,0,0.0,0.0,0.0,0.0,0.0,0.0,0.0,0.0,0,0,2,False,0,0,0
642,Hee Chan,,MID,20,Wolves,,7,,,,,59,1,0,0,0,0,0,0,0,0,0,0,0,5,6.0,5.0,3.0,1.4,0.07,0.07,0.14,0.71,2,5,3,False,1,1,2
643,André,,MID,20,Wolves,,7,,,,,90,3,0,0,0,1,0,0,0,1,0,0,0,9,9.6,3.1,0.0,1.3,0.0,0.02,0.02,1.15,2,14,3,False,9,1,3
644,Bellegarde,,MID,20,Wolves,,7,,,,,14,1,0,0,0,1,0,0,0,0,0,0,0,4,1.0,0.3,0.0,0.1,0.0,0.01,0.01,0.21,0,0,3,False,0,0,0
645,Fer López,,MID,20,Wolves,,7,,,,,0,0,0,0,0,0,0,0,0,0,0,0,0,0,0.0,0.0,0.0,0.0,0.0,0.0,0.0,0.0,0,0,3,False,0,0,0
646,Gomes,,MID,20,Wolves,,7,,,,,90,4,0,0,0,1,0,0,0,0,0,0,0,15,17.6,13.8,4.0,3.5,0.0,0.0,0.0,1.15,5,13,3,False,4,1,4
647,Guedes,,MID,20,Wolves,,7,,,,,0,0,0,0,0,0,0,0,0,0,0,0,0,0,0.0,0.0,0.0,0.0,0.0,0.0,0.0,0.0,0,0,3,False,0,0,0
648,Munetsi,,MID,20,Wolves,,7,,,,,90,5,0,1,0,1,0,0,0,0,0,0,0,19,11.2,0.6,17.0,2.9,0.09,0.01,0.1,1.15,3,7,3,False,2,1,2
649,B.Traore,,MID,20,Wolves,,7,,,,,0,0,0,0,0,0,0,0,0,0,0,0,0,0,0.0,0.0,0.0,0.0,0.0,0.0,0.0,0.0,0,0,3,False,0,0,0
650,Chirewa,,MID,20,Wolves,,7,,,,,0,0,0,0,0,0,0,0,0,0,0,0,0,0,0.0,0.0,0.0,0.0,0.0,0.0,0.0,0.0,0,0,3,False,0,0,0
651,Edozie,,MID,20,Wolves,,7,,,,,0,0,0,0,0,0,0,0,0,0,0,0,0,0,0.0,0.0,0.0,0.0,0.0,0.0,0.0,0.0,0,0,3,False,0,0,0
652,Gonzalez,,MID,20,Wolves,,7,,,,,0,0,0,0,0,0,0,0,0,0,0,0,0,0,0.0,0.0,0.0,0.0,0.0,0.0,0.0,0.0,0,0,3,False,0,0,0
653,Hodge,,MID,20,Wolves,,7,,,,,0,0,0,0,0,0,0,0,0,0,0,0,0,0,0.0,0.0,0.0,0.0,0.0,0.0,0.0,0.0,0,0,3,False,0,0,0
654,Strand Larsen,,FWD,20,Wolves,,7,,,,,76,2,0,0,1,0,0,0,0,0,0,0,0,3,0.2,1.8,4.0,0.6,0.05,0.01,0.06,0.94,2,4,4,False,2,1,0
655,Fábio Silva,,FWD,20,Wolves,,7,,,,,0,0,0,0,0,0,0,0,0,0,0,0,0,0,0.0,0.0,0.0,0.0,0.0,0.0,0.0,0.0,0,0,4,False,0,0,0
656,Kalajdžić,,FWD,20,Wolves,,7,,,,,0,0,0,0,0,0,0,0,0,0,0,0,0,0,0.0,0.0,0.0,0.0,0.0,0.0,0.0,0.0,0,0,4,False,0,0,0
657,Chiwome,,FWD,20,Wolves,,7,,,,,0,0,0,0,0,0,0,0,0,0,0,0,0,0,0.0,0.0,0.0,0.0,0.0,0.0,0.0,0.0,0,0,4,False,0,0,0
658,Fraser,,FWD,20,Wolves,,7,,,,,0,0,0,0,0,0,0,0,0,0,0,0,0,0,0.0,0.0,0.0,0.0,0.0,0.0,0.0,0.0,0,0,4,False,0,0,0
659,Walker-Peters,,DEF,19,West Ham,,7,,,,,11,1,0,0,0,0,0,0,0,0,0,0,0,2,5.2,0.3,0.0,0.6,0.0,0.0,0.0,0.18,0,2,2,False,1,0,2
660,Stach,,MID,11,Leeds,,7,,,,,66,2,0,0,0,2,0,0,0,0,0,0,0,13,11.2,17.3,4.0,3.3,0.04,0.03,0.07,0.5,1,8,3,False,5,1,2
661,Ekitiké,,FWD,12,Liverpool,,7,,,,,16,1,0,0,0,1,0,0,0,0,0,0,0,3,3.6,0.7,5.0,0.9,0.14,0.02,0.16,0.83,1,3,4,False,1,0,1
662,Mosquera,,DEF,1,Arsenal,,7,,,,,0,0,0,0,0,0,0,0,0,0,0,0,0,0,0.0,0.0,0.0,0.0,0.0,0.0,0.0,0.0,0,0,2,False,0,0,0
663,J.Arias,,MID,20,Wolves,,7,,,,,90,3,0,0,0,1,0,0,0,0,0,0,1,22,15.6,18.8,13.0,4.7,0.33,0.02,0.35,1.15,2,10,3,False,4,1,4
664,Lecomte,,GK,10,Fulham,,7,,,,,0,0,0,0,0,0,0,0,0,0,0,0,0,0,0.0,0.0,0.0,0.0,0.0,0.0,0.0,0.0,0,0,1,False,0,0,0
665,Perri,,GK,11,Leeds,,7,,,,,0,0,0,0,0,0,0,0,0,0,0,0,0,0,0.0,0.0,0.0,0.0,0.0,0.0,0.0,0.0,0,0,1,False,0,0,0
666,Gyökeres,,FWD,1,Arsenal,,7,,,,,90,2,0,0,1,0,0,0,0,0,0,0,0,-1,1.4,1.3,52.0,5.5,0.63,0.05,0.68,0.49,0,1,4,False,1,1,0
667,Aznou,,DEF,9,Everton,,7,,,,,0,0,0,0,0,0,0,0,0,0,0,0,0,0,0.0,0.0,0.0,0.0,0.0,0.0,0.0,0.0,0,0,2,False,0,0,0
668,Xhaka,,MID,17,Sunderland,,7,,,,,90,3,0,0,0,2,0,0,0,1,0,0,0,18,19.0,20.3,7.0,4.6,0.02,0.09,0.11,1.84,5,13,3,False,8,1,0
669,Ndoye,,MID,16,Nott'm Forest,,7,,,,,64,2,0,0,0,1,0,0,0,0,0,0,0,11,8.8,25.1,2.0,3.6,0.0,0.06,0.06,1.03,1,7,3,False,5,1,1
670,Roefs,,GK,17,Sunderland,,7,,,,,90,2,0,0,0,2,0,0,0,0,0,4,0,12,28.4,0.0,0.0,2.8,0.0,0.0,0.0,1.84,0,0,1,False,14,1,0
671,Wilson,,FWD,19,West Ham,,7,,,,,0,0,0,0,0,0,0,0,0,0,0,0,0,0,0.0,0.0,0.0,0.0,0.0,0.0,0.0,0.0,0,0,4,False,0,0,0
672,Hato,,DEF,7,Chelsea,,7,,,,,22,1,0,0,0,0,0,0,0,0,0,0,0,6,10.8,0.4,2.0,1.3,0.0,0.0,0.0,0.47,3,4,2,False,0,0,1
673,J.Palhinha,,MID,18,Spurs,,7,,,,,90,1,0,0,0,1,0,0,0,1,0,0,0,6,7.6,2.8,5.0,1.5,0.1,0.01,0.11,1.68,4,7,3,False,1,1,2
674,Ramsdale,,GK,15,Newcastle,,7,,,,,0,0,0,0,0,0,0,0,0,0,0,0,0,0,0.0,0.0,0.0,0.0,0.0,0.0,0.0,0.0,0,0,1,False,0,0,0
675,Gunn,,GK,16,Nott'm Forest,,7,,,,,0,0,0,0,0,0,0,0,0,0,0,0,0,0,0.0,0.0,0.0,0.0,0.0,0.0,0.0,0.0,0,0,1,False,0,0,0
676,Ugochukwu,,MID,3,Burnley,,7,,,,,21,7,1,0,0,0,0,0,0,0,0,0,1,26,38.2,1.9,21.0,6.1,0.23,0.0,0.23,0.26,0,3,3,False,0,0,3
677,Guessand,,MID,2,Aston Villa,,7,,,,,23,1,0,0,0,1,0,0,0,0,0,0,0,3,5.0,0.8,6.0,1.2,0.0,0.17,0.17,0.33,0,4,3,False,2,0,2
678,Masuaku,,DEF,17,Sunderland,,7,,,,,57,0,0,0,0,2,0,0,0,0,0,0,0,-2,11.0,15.2,0.0,2.6,0.0,0.07,0.07,1.39,2,4,2,False,2,1,2
679,Hermansen,,GK,19,West Ham,,7,,,,,0,0,0,0,0,0,0,0,0,0,0,0,0,0,0.0,0.0,0.0,0.0,0.0,0.0,0.0,0.0,0,0,1,False,0,0,0
680,Broja,,FWD,3,Burnley,,7,,,,,31,1,0,0,0,1,0,0,0,0,0,0,0,1,4.2,0.3,0.0,0.5,0.0,0.0,0.0,0.39,0,2,4,False,0,0,2
681,Šeško,,FWD,14,Man Utd,,7,,,,,90,9,1,0,1,0,0,0,0,0,0,0,3,33,46.6,20.9,39.0,10.7,0.29,0.01,0.3,0.71,3,9,4,True,3,1,3
682,Møller Wolfe,,DEF,20,Wolves,,7,,,,,13,1,0,0,0,1,0,0,0,0,0,0,0,-1,2.2,0.3,0.0,0.3,0.0,0.0,0.0,0.21,1,1,2,False,0,0,0
683,Alderete,,DEF,17,Sunderland,,7,,,,,90,0,0,0,0,2,0,0,0,1,0,0,0,2,15.0,2.3,0.0,1.7,0.0,0.01,0.01,1.84,4,5,2,False,2,1,1
684,Thiaw,,DEF,15,Newcastle,,7,,,,,90,8,0,0,1,0,0,0,0,0,0,0,2,32,14.8,10.9,25.0,5.1,0.58,0.01,0.59,0.29,5,6,2,False,7,1,1
685,Diakité,,DEF,4,Bournemouth,,7,,,,,90,2,0,0,0,1,0,0,0,0,0,0,0,11,23.2,1.4,4.0,2.9,0.0,0.02,0.02,0.88,8,8,2,False,4,1,0
686,Ngumoha,,MID,12,Liverpool,,7,,,,,0,0,0,0,0,0,0,0,0,0,0,0,0,0,0.0,0.0,0.0,0.0,0.0,0.0,0.0,0.0,0,0,3,False,0,0,0
687,Rees-Dottin,,MID,4,Bournemouth,,7,,,,,0,0,0,0,0,0,0,0,0,0,0,0,0,0,0.0,0.0,0.0,0.0,0.0,0.0,0.0,0.0,0,0,3,False,0,0,0
688,Wright,,GK,2,Aston Villa,,7,,,,,0,0,0,0,0,0,0,0,0,0,0,0,0,0,0.0,0.0,0.0,0.0,0.0,0.0,0.0,0.0,0,0,1,False,0,0,0
689,Seung soo,,MID,15,Newcastle,,7,,,,,0,0,0,0,0,0,0,0,0,0,0,0,0,0,0.0,0.0,0.0,0.0,0.0,0.0,0.0,0.0,0,0,3,False,0,0,0
690,Cardines,,MID,8,Crystal Palace,,7,,,,,0,0,0,0,0,0,0,0,0,0,0,0,0,0,0.0,0.0,0.0,0.0,0.0,0.0,0.0,0.0,0,0,3,False,0,0,0
691,Calvert-Lewin,,FWD,11,Leeds,,7,,,,,90,2,0,0,0,2,0,0,0,0,0,0,0,1,6.8,38.3,27.0,7.2,0.15,0.32,0.47,0.53,1,3,4,False,2,1,0
692,Leoni,,DEF,12,Liverpool,,7,,,,,0,0,0,0,0,0,0,0,0,0,0,0,0,0,0.0,0.0,0.0,0.0,0.0,0.0,0.0,0.0,0,0,2,False,0,0,0
693,Hutchinson,,MID,16,Nott'm Forest,,7,,,,,25,1,0,0,0,1,0,0,0,0,0,0,0,0,0.4,3.5,4.0,0.8,0.0,0.01,0.01,2.25,0,1,3,False,1,0,0
694,Mukiele,,DEF,17,Sunderland,,7,,,,,90,3,0,0,0,2,0,0,0,0,0,0,0,13,23.2,1.6,2.0,2.7,0.0,0.01,0.01,1.84,6,12,2,False,6,1,6
695,Tchatchoua,,DEF,20,Wolves,,7,,,,,90,4,0,0,0,1,0,0,0,0,0,0,0,8,19.0,1.0,0.0,2.0,0.0,0.0,0.0,1.15,7,10,2,False,8,1,3
696,Kalimuendo,,FWD,16,Nott'm Forest,,7,,,,,0,0,0,0,0,0,0,0,0,0,0,0,0,0,0.0,0.0,0.0,0.0,0.0,0.0,0.0,0.0,0,0,4,False,0,0,0
697,Adli,,MID,4,Bournemouth,,7,,,,,0,0,0,0,0,0,0,0,0,0,0,0,0,0,0.0,0.0,0.0,0.0,0.0,0.0,0.0,0.0,0,0,3,False,0,0,0
698,Okafor,,MID,11,Leeds,,7,,,,,78,8,1,0,0,2,0,0,0,1,0,0,2,28,39.8,21.8,33.0,9.5,0.77,0.04,0.81,0.5,0,4,3,False,2,1,2
699,Douglas Luiz,,MID,16,Nott'm Forest,,7,,,,,0,0,0,0,0,0,0,0,0,0,0,0,0,0,0.0,0.0,0.0,0.0,0.0,0.0,0.0,0.0,0,0,3,False,0,0,0
700,Dowman,,MID,1,Arsenal,,7,,,,,0,0,0,0,0,0,0,0,0,0,0,0,0,0,0.0,0.0,0.0,0.0,0.0,0.0,0.0,0.0,0,0,3,False,0,0,0
701,Rowe,,DEF,2,Aston Villa,,7,,,,,0,0,0,0,0,0,0,0,0,0,0,0,0,0,0.0,0.0,0.0,0.0,0.0,0.0,0.0,0.0,0,0,2,False,0,0,0
702,Burrowes,,MID,2,Aston Villa,,7,,,,,0,0,0,0,0,0,0,0,0,0,0,0,0,0,0.0,0.0,0.0,0.0,0.0,0.0,0.0,0.0,0,0,3,False,0,0,0
703,Proctor,,GK,2,Aston Villa,,7,,,,,0,0,0,0,0,0,0,0,0,0,0,0,0,0,0.0,0.0,0.0,0.0,0.0,0.0,0.0,0.0,0,0,1,False,0,0,0
704,Onyango,,MID,9,Everton,,7,,,,,0,0,0,0,0,0,0,0,0,0,0,0,0,0,0.0,0.0,0.0,0.0,0.0,0.0,0.0,0.0,0,0,3,False,0,0,0
705,Campbell,,DEF,9,Everton,,7,,,,,0,0,0,0,0,0,0,0,0,0,0,0,0,0,0.0,0.0,0.0,0.0,0.0,0.0,0.0,0.0,0,0,2,False,0,0,0
706,Justin,,DEF,11,Leeds,,7,,,,,1,1,0,0,0,0,0,0,0,0,0,0,0,4,0.2,0.0,2.0,0.2,0.0,0.0,0.0,0.0,0,0,2,False,3,0,0
707,Dibling,,MID,9,Everton,,7,,,,,45,1,0,0,0,1,0,0,0,0,0,0,0,1,0.0,0.3,2.0,0.2,0.0,0.0,0.0,0.63,0,3,3,False,2,1,1
708,M.Fernandes,,MID,19,West Ham,,7,,,,,90,4,0,0,0,2,0,0,0,0,0,0,0,14,17.4,2.1,0.0,2.0,0.0,0.01,0.01,2.77,1,12,3,False,4,1,7
709,Krejčí,,DEF,20,Wolves,,7,,,,,90,2,0,0,0,1,0,0,0,0,0,0,0,15,21.0,1.2,19.0,4.1,0.01,0.01,0.02,1.15,5,8,2,False,2,1,3
710,Patterson,,DEF,2,Aston Villa,,7,,,,,0,0,0,0,0,0,0,0,0,0,0,0,0,0,0.0,0.0,0.0,0.0,0.0,0.0,0.0,0.0,0,0,2,False,0,0,0
711,Harriman-Annous,,MID,1,Arsenal,,7,,,,,0,0,0,0,0,0,0,0,0,0,0,0,0,0,0.0,0.0,0.0,0.0,0.0,0.0,0.0,0.0,0,0,3,False,0,0,0
712,Yeremy,,MID,8,Crystal Palace,,7,,,,,87,1,0,0,0,1,0,0,0,1,0,0,0,14,17.4,26.6,11.0,5.5,0.06,0.2,0.26,1.29,1,8,3,False,3,1,4
713,A.Jimenez,,DEF,4,Bournemouth,,7,,,,,29,1,0,0,0,1,0,0,0,0,0,0,0,0,3.6,0.9,2.0,0.7,0.0,0.0,0.0,0.69,1,1,2,False,0,0,0
714,Woltemade,,FWD,15,Newcastle,,7,,,,,90,6,1,0,1,0,0,0,0,0,0,0,0,18,36.2,16.3,31.0,8.4,1.37,0.08,1.45,0.29,0,6,4,False,4,1,2
715,John,,GK,16,Nott'm Forest,,7,,,,,0,0,0,0,0,0,0,0,0,0,0,0,0,0,0.0,0.0,0.0,0.0,0.0,0.0,0.0,0.0,0,0,1,False,0,0,0
716,Savona,,DEF,16,Nott'm Forest,,7,,,,,90,1,0,0,0,2,0,0,0,0,0,0,0,1,9.4,2.3,0.0,1.2,0.0,0.04,0.04,3.28,3,3,2,False,6,1,0
717,Xavi,,MID,18,Spurs,,7,,,,,73,2,0,0,0,1,0,0,0,0,0,0,0,6,5.0,25.3,2.0,3.2,0.0,0.17,0.17,1.41,0,3,3,False,3,1,0
718,S.Magassa,,MID,19,West Ham,,7,,,,,60,2,0,0,0,1,0,0,0,0,0,0,0,7,10.4,1.2,0.0,1.2,0.0,0.0,0.0,1.81,4,5,3,False,0,1,1
719,Lindelöf,,DEF,2,Aston Villa,,7,,,,,6,1,0,0,0,0,0,0,0,0,0,0,0,3,2.4,0.1,0.0,0.3,0.0,0.0,0.0,0.03,1,1,2,False,0,0,0
720,Tolu,,FWD,20,Wolves,,7,,,,,1,1,0,0,0,0,0,0,0,0,0,0,0,4,0.0,0.0,0.0,0.0,0.0,0.0,0.0,0.0,0,0,4,False,0,0,0
721,Milosavljević,,DEF,4,Bournemouth,,7,,,,,5,1,0,0,0,0,0,0,0,0,0,0,0,3,0.4,0.0,0.0,0.0,0.0,0.0,0.0,0.24,0,0,2,False,0,0,0
722,Florentino,,MID,3,Burnley,,7,,,,,90,4,0,0,0,2,0,0,0,0,0,0,0,19,20.2,12.6,0.0,3.3,0.0,0.02,0.02,1.37,3,12,3,False,4,1,5
723,Canvot,,DEF,8,Crystal Palace,,7,,,,,0,0,0,0,0,0,0,0,0,0,0,0,0,0,0.0,0.0,0.0,0.0,0.0,0.0,0.0,0.0,0,0,2,False,0,0,0
724,Geertruida,,DEF,17,Sunderland,,7,,,,,11,1,0,0,0,0,0,0,0,0,0,0,0,7,4.2,0.0,0.0,0.4,0.0,0.0,0.0,0.39,0,2,2,False,0,0,2
725,Hincapie,,DEF,1,Arsenal,,7,,,,,0,0,0,0,0,0,0,0,0,0,0,0,0,0,0.0,0.0,0.0,0.0,0.0,0.0,0.0,0.0,0,0,2,False,0,0,0
726,Kolo Muani,,FWD,18,Spurs,,7,,,,,0,0,0,0,0,0,0,0,0,0,0,0,0,0,0.0,0.0,0.0,0.0,0.0,0.0,0.0,0.0,0,0,4,False,0,0,0
727,Chukwueze,,MID,10,Fulham,,7,,,,,23,4,0,1,0,3,0,0,0,0,0,0,0,17,20.6,24.9,2.0,4.8,0.0,0.39,0.39,0.67,0,2,3,False,2,0,0
728,Röhl,,MID,9,Everton,,7,,,,,0,0,0,0,0,0,0,0,0,0,0,0,0,0,0.0,0.0,0.0,0.0,0.0,0.0,0.0,0.0,0,0,3,False,0,0,0
729,Cuiabano,,DEF,16,Nott'm Forest,,7,,,,,0,0,0,0,0,0,0,0,0,0,0,0,0,0,0.0,0.0,0.0,0.0,0.0,0.0,0.0,0.0,0,0,2,False,0,0,0
730,Brobbey,,FWD,17,Sunderland,,7,,,,,31,1,0,0,0,0,0,0,0,0,0,0,0,4,0.0,0.0,0.0,0.0,0.0,0.0,0.0,0.45,0,1,4,False,1,0,0
731,Kevin,,MID,10,Fulham,,7,,,,,23,1,0,0,0,3,0,0,0,0,0,0,0,6,7.2,5.6,7.0,2.0,0.04,0.01,0.05,0.67,1,2,3,False,1,0,0
732,Uche,,FWD,8,Crystal Palace,,7,,,,,1,1,0,0,0,1,0,0,0,0,0,0,0,3,0.0,0.0,0.0,0.0,0.0,0.0,0.0,0.73,0,0,4,False,0,0,0
733,Lammens,,GK,14,Man Utd,,7,,,,,90,9,0,0,1,0,0,0,0,0,0,3,2,29,24.2,0.0,0.0,2.4,0.0,0.0,0.0,0.71,1,0,1,True,11,1,0
734,Bakwa,,MID,16,Nott'm Forest,,7,,,,,13,1,0,0,0,1,0,0,0,0,0,0,0,4,2.6,13.2,4.0,2.0,0.0,0.03,0.03,1.85,0,0,3,False,0,0,0
735,Traoré,,MID,17,Sunderland,,7,,,,,57,0,0,0,0,2,0,0,0,1,0,0,0,5,4.8,16.8,23.0,4.5,0.16,0.02,0.18,1.39,0,1,3,False,0,1,1
736,Donnarumma,,GK,13,Man City,,7,,,,,90,6,0,0,1,0,0,0,0,0,0,1,0,23,12.0,0.0,0.0,1.2,0.0,0.0,0.0,0.83,1,0,1,False,7,1,0
737,Kusi-Asare,,FWD,10,Fulham,,7,,,,,0,0,0,0,0,0,0,0,0,0,0,0,0,0,0.0,0.0,0.0,0.0,0.0,0.0,0.0,0.0,0,0,4,False,0,0,0
738,Fabianski,,GK,19,West Ham,,7,,,,,0,0,0,0,0,0,0,0,0,0,0,0,0,0,0.0,0.0,0.0,0.0,0.0,0.0,0.0,0.0,0,0,1,False,0,0,0
739,Mukasa,,MID,13,Man City,,7,,,,,0,0,0,0,0,0,0,0,0,0,0,0,0,0,0.0,0.0,0.0,0.0,0.0,0.0,0.0,0.0,0,0,3,False,0,0,0
740,Mfuni,,DEF,13,Man City,,7,,,,,0,0,0,0,0,0,0,0,0,0,0,0,0,0,0.0,0.0,0.0,0.0,0.0,0.0,0.0,0.0,0,0,2,False,0,0,0
741,Gray,,FWD,11,Leeds,,7,,,,,0,0,0,0,0,0,0,0,0,0,0,0,0,0,0.0,0.0,0.0,0.0,0.0,0.0,0.0,0.0,0,0,4,False,0,0,0
742,McAidoo,,MID,13,Man City,,7,,,,,0,0,0,0,0,0,0,0,0,0,0,0,0,0,0.0,0.0,0.0,0.0,0.0,0.0,0.0,0.0,0,0,3,False,0,0,0
743,Emenalo,,MID,7,Chelsea,,7,,,,,0,0,0,0,0,0,0,0,0,0,0,0,0,0,0.0,0.0,0.0,0.0,0.0,0.0,0.0,0.0,0,0,3,False,0,0,0
1,Raya,,GK,1,Arsenal,,9,,,,,90,6,0,0,1,0,0,0,0,0,0,1,0,25,15.0,0.1,0.0,1.5,0.0,0.0,0.0,0.47,2,0,1,False,10,1,0
2,Arrizabalaga,,GK,1,Arsenal,,9,,,,,0,0,0,0,0,0,0,0,0,0,0,0,0,0,0.0,0.0,0.0,0.0,0.0,0.0,0.0,0.0,0,0,1,False,0,0,0
3,Hein,,GK,1,Arsenal,,9,,,,,0,0,0,0,0,0,0,0,0,0,0,0,0,0,0.0,0.0,0.0,0.0,0.0,0.0,0.0,0.0,0,0,1,False,0,0,0
4,Setford,,GK,1,Arsenal,,9,,,,,0,0,0,0,0,0,0,0,0,0,0,0,0,0,0.0,0.0,0.0,0.0,0.0,0.0,0.0,0.0,0,0,1,False,0,0,0
5,Gabriel,,DEF,1,Arsenal,,9,,,,,90,9,0,0,1,0,0,0,0,0,0,0,3,32,27.2,11.2,9.0,4.7,0.1,0.03,0.13,0.47,9,9,2,False,0,1,0
6,Saliba,,DEF,1,Arsenal,,9,,,,,45,1,0,0,0,0,0,0,0,0,0,0,0,10,7.4,1.5,0.0,0.9,0.0,0.02,0.02,0.08,1,1,2,False,1,1,0
7,Calafiori,,DEF,1,Arsenal,,9,,,,,81,6,0,0,1,0,0,0,0,0,0,0,0,26,4.6,3.8,2.0,1.0,0.07,0.02,0.09,0.46,1,1,2,False,6,1,0
8,J.Timber,,DEF,1,Arsenal,,9,,,,,90,6,0,0,1,0,0,0,0,0,0,0,0,25,11.8,16.7,2.0,3.1,0.0,0.04,0.04,0.47,2,4,2,False,4,1,2
9,Kiwior,,DEF,1,Arsenal,,9,,,,,0,0,0,0,0,0,0,0,0,0,0,0,0,0,0.0,0.0,0.0,0.0,0.0,0.0,0.0,0.0,0,0,2,False,0,0,0
10,Lewis-Skelly,,DEF,1,Arsenal,,9,,,,,2,1,0,0,0,0,0,0,0,0,0,0,0,3,0.2,0.3,0.0,0.1,0.0,0.0,0.0,0.01,0,0,2,False,1,0,0
11,White,,DEF,1,Arsenal,,9,,,,,0,0,0,0,0,0,0,0,0,0,0,0,0,0,0.0,0.0,0.0,0.0,0.0,0.0,0.0,0.0,0,0,2,False,0,0,0
12,Zinchenko,,DEF,16,Nott'm Forest,,9,,,,,0,0,0,0,0,0,0,0,0,0,0,0,0,0,0.0,0.0,0.0,0.0,0.0,0.0,0.0,0.0,0,0,2,False,0,0,0
13,Clarke,,DEF,1,Arsenal,,9,,,,,0,0,0,0,0,0,0,0,0,0,0,0,0,0,0.0,0.0,0.0,0.0,0.0,0.0,0.0,0.0,0,0,2,False,0,0,0
14,Kacurri,,DEF,1,Arsenal,,9,,,,,0,0,0,0,0,0,0,0,0,0,0,0,0,0,0.0,0.0,0.0,0.0,0.0,0.0,0.0,0.0,0,0,2,False,0,0,0
15,Nichols,,DEF,1,Arsenal,,9,,,,,0,0,0,0,0,0,0,0,0,0,0,0,0,0,0.0,0.0,0.0,0.0,0.0,0.0,0.0,0.0,0,0,2,False,0,0,0
16,Saka,,MID,1,Arsenal,,9,,,,,65,3,0,0,1,0,0,0,0,0,0,0,0,8,2.2,1.9,3.0,0.7,0.02,0.01,0.03,0.08,0,7,3,False,5,1,2
17,Ødegaard,,MID,1,Arsenal,,9,,,,,0,0,0,0,0,0,0,0,0,0,0,0,0,0,0.0,0.0,0.0,0.0,0.0,0.0,0.0,0.0,0,0,3,False,0,0,0
18,Madueke,,MID,1,Arsenal,,9,,,,,0,0,0,0,0,0,0,0,0,0,0,0,0,0,0.0,0.0,0.0,0.0,0.0,0.0,0.0,0.0,0,0,3,False,0,0,0
19,Martinelli,,MID,1,Arsenal,,9,,,,,24,1,0,0,0,0,0,0,0,0,0,0,0,2,1.0,0.3,2.0,0.3,0.0,0.0,0.0,0.39,1,1,3,False,0,0,0
20,Trossard,,MID,1,Arsenal,,9,,,,,90,3,0,0,1,0,0,0,0,0,0,0,0,4,4.8,7.7,33.0,4.6,0.34,0.05,0.39,0.47,1,7,3,False,6,1,0
21,Rice,,MID,1,Arsenal,,9,,,,,81,7,0,1,1,0,0,0,0,0,0,0,1,27,21.2,40.8,29.0,9.1,0.37,0.61,0.98,0.46,3,9,3,False,3,1,3
22,Merino,,MID,1,Arsenal,,9,,,,,8,1,0,0,0,0,0,0,0,0,0,0,0,4,4.0,0.3,0.0,0.4,0.0,0.0,0.0,0.01,2,2,3,False,0,0,0
23,Fábio Vieira,,MID,1,Arsenal,,9,,,,,0,0,0,0,0,0,0,0,0,0,0,0,0,0,0.0,0.0,0.0,0.0,0.0,0.0,0.0,0.0,0,0,3,False,0,0,0
24,Nørgaard,,MID,1,Arsenal,,9,,,,,0,0,0,0,0,0,0,0,0,0,0,0,0,0,0.0,0.0,0.0,0.0,0.0,0.0,0.0,0.0,0,0,3,False,0,0,0
25,Nwaneri,,MID,1,Arsenal,,9,,,,,0,0,0,0,0,0,0,0,0,0,0,0,0,0,0.0,0.0,0.0,0.0,0.0,0.0,0.0,0.0,0,0,3,False,0,0,0
26,Zubimendi,,MID,1,Arsenal,,9,,,,,90,5,0,0,1,0,0,0,0,0,0,0,0,15,18.2,15.5,0.0,3.4,0.0,0.03,0.03,0.47,9,15,3,False,4,1,2
27,Nelson,,MID,5,Brentford,,9,,,,,0,0,0,0,0,0,0,0,0,0,0,0,0,0,0.0,0.0,0.0,0.0,0.0,0.0,0.0,0.0,0,0,3,False,0,0,0
28,Kabia,,MID,1,Arsenal,,9,,,,,0,0,0,0,0,0,0,0,0,0,0,0,0,0,0.0,0.0,0.0,0.0,0.0,0.0,0.0,0.0,0,0,3,False,0,0,0
29,Sambi,,MID,1,Arsenal,,9,,,,,0,0,0,0,0,0,0,0,0,0,0,0,0,0,0.0,0.0,0.0,0.0,0.0,0.0,0.0,0.0,0,0,3,False,0,0,0
30,Havertz,,FWD,1,Arsenal,,9,,,,,0,0,0,0,0,0,0,0,0,0,0,0,0,0,0.0,0.0,0.0,0.0,0.0,0.0,0.0,0.0,0,0,4,False,0,0,0
31,G.Jesus,,FWD,1,Arsenal,,9,,,,,0,0,0,0,0,0,0,0,0,0,0,0,0,0,0.0,0.0,0.0,0.0,0.0,0.0,0.0,0.0,0,0,4,False,0,0,0
32,Martinez,,GK,2,Aston Villa,,9,,,,,90,8,0,0,1,0,0,0,0,0,0,3,1,32,27.2,0.0,0.0,2.7,0.0,0.0,0.0,1.18,0,0,1,True,16,1,0
33,M.Bizot,,GK,2,Aston Villa,,9,,,,,0,0,0,0,0,0,0,0,0,0,0,0,0,0,0.0,0.0,0.0,0.0,0.0,0.0,0.0,0.0,0,0,1,False,0,0,0
34,Gauci,,GK,2,Aston Villa,,9,,,,,0,0,0,0,0,0,0,0,0,0,0,0,0,0,0.0,0.0,0.0,0.0,0.0,0.0,0.0,0.0,0,0,1,False,0,0,0
35,Marschall,,GK,2,Aston Villa,,9,,,,,0,0,0,0,0,0,0,0,0,0,0,0,0,0,0.0,0.0,0.0,0.0,0.0,0.0,0.0,0.0,0,0,1,False,0,0,0
36,Cash,,DEF,2,Aston Villa,,9,,,,,90,15,1,0,1,0,0,0,0,0,0,0,3,44,48.0,19.8,7.0,7.5,0.06,0.07,0.13,1.18,5,7,2,True,2,1,2
37,Digne,,DEF,2,Aston Villa,,9,,,,,85,6,0,0,1,0,0,0,0,0,0,0,0,28,11.2,16.7,11.0,3.9,0.06,0.06,0.12,0.98,1,4,2,False,0,1,3
38,Konsa,,DEF,2,Aston Villa,,9,,,,,90,8,0,0,1,0,0,0,0,0,0,0,0,31,30.8,0.5,2.0,3.3,0.0,0.0,0.0,1.18,11,12,2,False,4,1,1
39,Maatsen,,DEF,2,Aston Villa,,9,,,,,4,1,0,0,0,0,0,0,0,0,0,0,0,3,0.0,0.0,0.0,0.0,0.0,0.0,0.0,0.2,0,0,2,False,0,0,0
40,Mings,,DEF,2,Aston Villa,,9,,,,,0,0,0,0,0,0,0,0,0,0,0,0,0,0,0.0,0.0,0.0,0.0,0.0,0.0,0.0,0.0,0,0,2,False,0,0,0
41,Pau,,DEF,2,Aston Villa,,9,,,,,90,8,0,0,1,0,0,0,0,0,0,0,2,35,20.4,1.3,0.0,2.2,0.0,0.01,0.01,1.18,6,6,2,False,1,1,0
42,A.García,,DEF,2,Aston Villa,,9,,,,,0,0,0,0,0,0,0,0,0,0,0,0,0,0,0.0,0.0,0.0,0.0,0.0,0.0,0.0,0.0,0,0,2,False,0,0,0
43,Alex Moreno,,DEF,2,Aston Villa,,9,,,,,0,0,0,0,0,0,0,0,0,0,0,0,0,0,0.0,0.0,0.0,0.0,0.0,0.0,0.0,0.0,0,0,2,False,0,0,0
44,Bogarde,,DEF,2,Aston Villa,,9,,,,,0,0,0,0,0,0,0,0,0,0,0,0,0,0,0.0,0.0,0.0,0.0,0.0,0.0,0.0,0.0,0,0,2,False,0,0,0
45,Sousa,,DEF,2,Aston Villa,,9,,,,,0,0,0,0,0,0,0,0,0,0,0,0,0,0,0.0,0.0,0.0,0.0,0.0,0.0,0.0,0.0,0,0,2,False,0,0,0
46,Yasin,,DEF,2,Aston Villa,,9,,,,,0,0,0,0,0,0,0,0,0,0,0,0,0,0,0.0,0.0,0.0,0.0,0.0,0.0,0.0,0.0,0,0,2,False,0,0,0
47,Rogers,,MID,2,Aston Villa,,9,,,,,90,3,0,0,1,0,0,0,0,0,0,0,0,17,11.2,12.3,6.0,3.0,0.0,0.07,0.07,1.18,0,9,3,False,6,1,3
48,Tielemans,,MID,2,Aston Villa,,9,,,,,0,0,0,0,0,0,0,0,0,0,0,0,0,0,0.0,0.0,0.0,0.0,0.0,0.0,0.0,0.0,0,0,3,False,0,0,0
49,Bailey,,MID,2,Aston Villa,,9,,,,,0,0,0,0,0,0,0,0,0,0,0,0,0,0,0.0,0.0,0.0,0.0,0.0,0.0,0.0,0.0,0,0,3,False,0,0,0
50,Buendía,,MID,2,Aston Villa,,9,,,,,28,4,0,1,0,0,0,0,0,0,0,0,0,12,15.8,11.8,4.0,3.2,0.02,0.03,0.05,0.19,0,2,3,False,2,1,0
51,Iling Jr,,MID,2,Aston Villa,,9,,,,,0,0,0,0,0,0,0,0,0,0,0,0,0,0,0.0,0.0,0.0,0.0,0.0,0.0,0.0,0.0,0,0,3,False,0,0,0
52,J.Ramsey,,MID,15,Newcastle,,9,,,,,0,0,0,0,0,0,0,0,0,0,0,0,0,0,0.0,0.0,0.0,0.0,0.0,0.0,0.0,0.0,0,0,3,False,0,0,0
53,Malen,,MID,2,Aston Villa,,9,,,,,4,1,0,0,0,0,0,0,0,0,0,0,0,4,2.0,0.0,0.0,0.2,0.0,0.0,0.0,0.2,0,1,3,False,0,0,1
54,McGinn,,MID,2,Aston Villa,,9,,,,,73,3,0,0,1,0,0,0,0,0,0,0,0,8,2.6,11.4,10.0,2.4,0.27,0.15,0.42,0.64,1,4,3,False,3,1,0
55,Barkley,,MID,2,Aston Villa,,9,,,,,16,1,0,0,0,0,0,0,0,0,0,0,0,3,6.0,3.1,0.0,0.9,0.0,0.0,0.0,0.54,1,2,3,False,1,0,0
56,Barrenechea,,MID,2,Aston Villa,,9,,,,,0,0,0,0,0,0,0,0,0,0,0,0,0,0,0.0,0.0,0.0,0.0,0.0,0.0,0.0,0.0,0,0,3,False,0,0,0
57,Dobbin,,MID,2,Aston Villa,,9,,,,,0,0,0,0,0,0,0,0,0,0,0,0,0,0,0.0,0.0,0.0,0.0,0.0,0.0,0.0,0.0,0,0,3,False,0,0,0
58,Kamara,,MID,2,Aston Villa,,9,,,,,90,2,0,0,1,0,0,0,0,1,0,0,0,8,13.0,14.3,0.0,2.7,0.0,0.04,0.04,1.18,2,9,3,False,5,1,2
59,Onana,,MID,2,Aston Villa,,9,,,,,90,3,0,0,1,0,0,0,0,0,0,0,0,22,33.6,3.5,0.0,3.7,0.0,0.02,0.02,1.18,8,11,3,False,0,1,3
60,Broggio,,MID,2,Aston Villa,,9,,,,,0,0,0,0,0,0,0,0,0,0,0,0,0,0,0.0,0.0,0.0,0.0,0.0,0.0,0.0,0.0,0,0,3,False,0,0,0
61,Dendoncker,,MID,2,Aston Villa,,9,,,,,0,0,0,0,0,0,0,0,0,0,0,0,0,0,0.0,0.0,0.0,0.0,0.0,0.0,0.0,0.0,0,0,3,False,0,0,0
62,Jimoh-Aloba,,MID,2,Aston Villa,,9,,,,,0,0,0,0,0,0,0,0,0,0,0,0,0,0,0.0,0.0,0.0,0.0,0.0,0.0,0.0,0.0,0,0,3,False,0,0,0
63,Young,,MID,2,Aston Villa,,9,,,,,0,0,0,0,0,0,0,0,0,0,0,0,0,0,0.0,0.0,0.0,0.0,0.0,0.0,0.0,0.0,0,0,3,False,0,0,0
64,Watkins,,FWD,2,Aston Villa,,9,,,,,85,2,0,0,1,0,0,0,0,0,0,0,0,6,4.2,13.0,26.0,4.3,0.13,0.07,0.2,0.98,0,2,4,False,1,1,1
65,Redmond,,FWD,2,Aston Villa,,9,,,,,0,0,0,0,0,0,0,0,0,0,0,0,0,0,0.0,0.0,0.0,0.0,0.0,0.0,0.0,0.0,0,0,4,False,0,0,0
66,Neto,,GK,4,Bournemouth,,9,,,,,0,0,0,0,0,0,0,0,0,0,0,0,0,0,0.0,0.0,0.0,0.0,0.0,0.0,0.0,0.0,0,0,1,False,0,0,0
67,Petrović,,GK,4,Bournemouth,,9,,,,,90,8,0,0,1,0,0,0,0,0,0,4,1,31,30.0,0.0,0.0,3.0,0.0,0.0,0.0,0.35,2,0,1,False,6,1,0
68,Dennis,,GK,4,Bournemouth,,9,,,,,0,0,0,0,0,0,0,0,0,0,0,0,0,0,0.0,0.0,0.0,0.0,0.0,0.0,0.0,0.0,0,0,1,False,0,0,0
69,McKenna,,GK,4,Bournemouth,,9,,,,,0,0,0,0,0,0,0,0,0,0,0,0,0,0,0.0,0.0,0.0,0.0,0.0,0.0,0.0,0.0,0,0,1,False,0,0,0
70,Paulsen,,GK,4,Bournemouth,,9,,,,,0,0,0,0,0,0,0,0,0,0,0,0,0,0,0.0,0.0,0.0,0.0,0.0,0.0,0.0,0.0,0,0,1,False,0,0,0
71,Zabarnyi,,DEF,4,Bournemouth,,9,,,,,0,0,0,0,0,0,0,0,0,0,0,0,0,0,0.0,0.0,0.0,0.0,0.0,0.0,0.0,0.0,0,0,2,False,0,0,0
72,Senesi,,DEF,4,Bournemouth,,9,,,,,90,5,0,0,1,0,0,0,0,1,0,0,0,20,17.4,1.0,0.0,1.8,0.0,0.02,0.02,0.35,5,5,2,False,3,1,0
73,Smith,,DEF,4,Bournemouth,,9,,,,,0,0,0,0,0,0,0,0,0,0,0,0,0,0,0.0,0.0,0.0,0.0,0.0,0.0,0.0,0.0,0,0,2,False,0,0,0
74,Truffert,,DEF,4,Bournemouth,,9,,,,,90,10,0,0,1,0,0,0,0,0,0,0,2,33,18.8,10.3,3.0,3.2,0.02,0.05,0.07,0.35,8,11,2,False,8,1,3
75,Akinmboni,,DEF,4,Bournemouth,,9,,,,,0,0,0,0,0,0,0,0,0,0,0,0,0,0,0.0,0.0,0.0,0.0,0.0,0.0,0.0,0.0,0,0,2,False,0,0,0
76,Bevan,,DEF,4,Bournemouth,,9,,,,,0,0,0,0,0,0,0,0,0,0,0,0,0,0,0.0,0.0,0.0,0.0,0.0,0.0,0.0,0.0,0,0,2,False,0,0,0
77,Hill,,DEF,4,Bournemouth,,9,,,,,0,0,0,0,0,0,0,0,0,0,0,0,0,0,0.0,0.0,0.0,0.0,0.0,0.0,0.0,0.0,0,0,2,False,0,0,0
78,J.Araujo,,DEF,4,Bournemouth,,9,,,,,0,0,0,0,0,0,0,0,0,0,0,0,0,0,0.0,0.0,0.0,0.0,0.0,0.0,0.0,0.0,0,0,2,False,0,0,0
79,Mepham,,DEF,4,Bournemouth,,9,,,,,0,0,0,0,0,0,0,0,0,0,0,0,0,0,0.0,0.0,0.0,0.0,0.0,0.0,0.0,0.0,0,0,2,False,0,0,0
80,Soler,,DEF,4,Bournemouth,,9,,,,,0,0,0,0,0,0,0,0,0,0,0,0,0,0,0.0,0.0,0.0,0.0,0.0,0.0,0.0,0.0,0,0,2,False,0,0,0
81,Kluivert,,MID,4,Bournemouth,,9,,,,,68,2,0,0,1,0,0,0,0,1,0,0,0,3,2.4,13.1,7.0,2.3,0.09,0.06,0.15,0.14,1,7,3,False,6,1,0
82,Semenyo,,MID,4,Bournemouth,,9,,,,,90,3,0,0,1,0,0,0,0,0,0,0,0,14,8.4,13.1,17.0,3.9,0.03,0.04,0.07,0.35,0,8,3,False,7,1,1
83,O.Dango,,MID,5,Brentford,,9,,,,,90,11,1,1,0,2,0,0,0,0,0,0,1,25,29.8,3.5,83.0,11.6,0.67,0.02,0.69,1.92,3,8,3,False,5,1,0
84,Tavernier,,MID,4,Bournemouth,,9,,,,,90,11,1,0,1,0,0,0,0,0,0,0,3,35,39.6,35.9,26.0,10.2,0.09,0.08,0.17,0.35,0,1,3,True,1,1,0
85,Adams,,MID,4,Bournemouth,,9,,,,,90,6,0,1,1,0,0,0,0,0,0,0,0,20,28.0,11.8,0.0,4.0,0.0,0.01,0.01,0.35,2,11,3,False,6,1,3
86,Brooks,,MID,4,Bournemouth,,9,,,,,21,0,0,0,0,0,0,0,0,1,0,0,0,-3,0.0,0.8,7.0,0.6,0.08,0.09,0.17,0.21,1,2,3,False,1,0,0
87,Christie,,MID,4,Bournemouth,,9,,,,,10,1,0,0,0,0,0,0,0,0,0,0,0,3,0.2,0.2,2.0,0.2,0.0,0.0,0.0,0.02,0,0,3,False,0,0,0
88,Cook,,MID,4,Bournemouth,,9,,,,,1,1,0,0,0,0,0,0,0,0,0,0,0,3,0.0,0.0,0.0,0.0,0.0,0.0,0.0,0.0,0,1,3,False,1,0,0
89,Philip,,MID,4,Bournemouth,,9,,,,,0,0,0,0,0,0,0,0,0,0,0,0,0,0,0.0,0.0,0.0,0.0,0.0,0.0,0.0,0.0,0,0,3,False,0,0,0
90,Scott,,MID,4,Bournemouth,,9,,,,,79,3,0,0,1,0,0,0,0,0,0,0,0,15,14.4,3.3,12.0,3.0,0.12,0.04,0.16,0.33,5,11,3,False,4,1,2
91,Sinisterra,,MID,4,Bournemouth,,9,,,,,0,0,0,0,0,0,0,0,0,0,0,0,0,0,0.0,0.0,0.0,0.0,0.0,0.0,0.0,0.0,0,0,3,False,0,0,0
92,Faivre,,MID,4,Bournemouth,,9,,,,,0,0,0,0,0,0,0,0,0,0,0,0,0,0,0.0,0.0,0.0,0.0,0.0,0.0,0.0,0.0,0,0,3,False,0,0,0
93,H.Traorè,,MID,4,Bournemouth,,9,,,,,0,0,0,0,0,0,0,0,0,0,0,0,0,0,0.0,0.0,0.0,0.0,0.0,0.0,0.0,0.0,0,0,3,False,0,0,0
94,Sadi,,MID,4,Bournemouth,,9,,,,,0,0,0,0,0,0,0,0,0,0,0,0,0,0,0.0,0.0,0.0,0.0,0.0,0.0,0.0,0.0,0,0,3,False,0,0,0
95,Silcott-Duberry,,MID,4,Bournemouth,,9,,,,,0,0,0,0,0,0,0,0,0,0,0,0,0,0,0.0,0.0,0.0,0.0,0.0,0.0,0.0,0.0,0,0,3,False,0,0,0
96,Winterburn,,MID,4,Bournemouth,,9,,,,,0,0,0,0,0,0,0,0,0,0,0,0,0,0,0.0,0.0,0.0,0.0,0.0,0.0,0.0,0.0,0,0,3,False,0,0,0
97,Evanilson,,FWD,4,Bournemouth,,9,,,,,0,0,0,0,0,0,0,0,0,0,0,0,0,0,0.0,0.0,0.0,0.0,0.0,0.0,0.0,0.0,0,0,4,False,0,0,0
98,Enes Ünal,,FWD,4,Bournemouth,,9,,,,,1,1,0,0,0,0,0,0,0,0,0,0,0,3,0.0,0.0,0.0,0.0,0.0,0.0,0.0,0.0,0,0,4,False,0,0,0
99,Adu-Adjei,,FWD,4,Bournemouth,,9,,,,,0,0,0,0,0,0,0,0,0,0,0,0,0,0,0.0,0.0,0.0,0.0,0.0,0.0,0.0,0.0,0,0,4,False,0,0,0
100,Kroupi.Jr,,FWD,4,Bournemouth,,9,,,,,68,6,1,0,1,0,0,0,0,0,0,0,0,30,32.4,13.9,17.0,6.3,0.15,0.06,0.21,0.14,0,2,4,False,2,1,0
101,Kelleher,,GK,5,Brentford,,9,,,,,90,2,0,0,0,2,0,0,0,0,0,3,0,10,19.6,0.0,0.0,2.0,0.0,0.0,0.0,2.3,0,0,1,False,10,1,0
102,Balcombe,,GK,5,Brentford,,9,,,,,0,0,0,0,0,0,0,0,0,0,0,0,0,0,0.0,0.0,0.0,0.0,0.0,0.0,0.0,0.0,0,0,1,False,0,0,0
103,Cox,,GK,5,Brentford,,9,,,,,0,0,0,0,0,0,0,0,0,0,0,0,0,0,0.0,0.0,0.0,0.0,0.0,0.0,0.0,0.0,0,0,1,False,0,0,0
104,Eyestone,,GK,5,Brentford,,9,,,,,0,0,0,0,0,0,0,0,0,0,0,0,0,0,0.0,0.0,0.0,0.0,0.0,0.0,0.0,0.0,0,0,1,False,0,0,0
105,Valdimarsson,,GK,5,Brentford,,9,,,,,0,0,0,0,0,0,0,0,0,0,0,0,0,0,0.0,0.0,0.0,0.0,0.0,0.0,0.0,0.0,0,0,1,False,0,0,0
106,Collins,,DEF,5,Brentford,,9,,,,,90,3,0,0,0,2,0,0,0,0,0,0,0,8,33.4,0.1,23.0,5.7,0.08,0.0,0.08,2.3,14,15,2,False,2,1,1
107,Lewis-Potter,,DEF,5,Brentford,,9,,,,,11,0,0,0,0,1,0,0,0,1,0,0,0,3,9.2,28.0,6.0,4.3,0.0,0.2,0.2,0.53,2,2,2,False,0,0,0
108,Ajer,,DEF,5,Brentford,,9,,,,,90,4,0,1,0,2,0,0,0,0,0,0,0,12,8.0,0.8,14.0,2.3,0.06,0.05,0.11,1.92,5,7,2,False,1,1,2
109,Henry,,DEF,5,Brentford,,9,,,,,1,1,0,0,0,0,0,0,0,0,0,0,0,3,0.0,0.0,0.0,0.0,0.0,0.0,0.0,0.38,0,0,2,False,0,0,0
110,Kayode,,DEF,5,Brentford,,9,,,,,90,1,0,0,0,2,0,0,0,0,0,0,0,15,20.8,29.6,7.0,5.7,0.07,0.19,0.26,2.3,5,6,2,False,7,1,1
111,Pinnock,,DEF,5,Brentford,,9,,,,,0,0,0,0,0,0,0,0,0,0,0,0,0,0,0.0,0.0,0.0,0.0,0.0,0.0,0.0,0.0,0,0,2,False,0,0,0
112,Roerslev,,DEF,5,Brentford,,9,,,,,0,0,0,0,0,0,0,0,0,0,0,0,0,0,0.0,0.0,0.0,0.0,0.0,0.0,0.0,0.0,0,0,2,False,0,0,0
113,Van den Berg,,DEF,5,Brentford,,9,,,,,90,3,0,0,0,2,0,0,0,0,0,0,0,4,29.0,0.6,0.0,3.0,0.0,0.01,0.01,2.3,11,12,2,False,3,1,1
114,Arthur,,DEF,5,Brentford,,9,,,,,0,0,0,0,0,0,0,0,0,0,0,0,0,0,0.0,0.0,0.0,0.0,0.0,0.0,0.0,0.0,0,0,2,False,0,0,0
115,Fredrick,,DEF,5,Brentford,,9,,,,,0,0,0,0,0,0,0,0,0,0,0,0,0,0,0.0,0.0,0.0,0.0,0.0,0.0,0.0,0.0,0,0,2,False,0,0,0
116,Hickey,,DEF,5,Brentford,,9,,,,,0,0,0,0,0,0,0,0,0,0,0,0,0,0,0.0,0.0,0.0,0.0,0.0,0.0,0.0,0.0,0,0,2,False,0,0,0
117,Ji-soo,,DEF,5,Brentford,,9,,,,,0,0,0,0,0,0,0,0,0,0,0,0,0,0,0.0,0.0,0.0,0.0,0.0,0.0,0.0,0.0,0,0,2,False,0,0,0
118,Meghoma,,DEF,5,Brentford,,9,,,,,0,0,0,0,0,0,0,0,0,0,0,0,0,0,0.0,0.0,0.0,0.0,0.0,0.0,0.0,0.0,0,0,2,False,0,0,0
119,Mbeumo,,MID,14,Man Utd,,9,,,,,90,15,2,0,0,2,0,0,0,0,0,0,3,65,81.0,36.6,53.0,17.1,0.56,0.24,0.8,1.12,0,7,3,True,7,1,0
120,Schade,,MID,5,Brentford,,9,,,,,78,7,1,0,0,1,0,0,0,1,0,0,1,25,42.0,51.3,21.0,11.4,0.67,0.18,0.85,1.77,0,6,3,False,5,1,1
121,Damsgaard,,MID,5,Brentford,,9,,,,,78,7,0,1,0,1,0,0,0,0,0,0,2,29,32.8,15.5,18.0,6.6,0.07,0.2,0.27,1.77,2,11,3,False,6,1,3
122,Milambo,,MID,5,Brentford,,9,,,,,0,0,0,0,0,0,0,0,0,0,0,0,0,0,0.0,0.0,0.0,0.0,0.0,0.0,0.0,0.0,0,0,3,False,0,0,0
123,Carvalho,,MID,5,Brentford,,9,,,,,0,0,0,0,0,0,0,0,0,0,0,0,0,0,0.0,0.0,0.0,0.0,0.0,0.0,0.0,0.0,0,0,3,False,0,0,0
124,Henderson,,MID,5,Brentford,,9,,,,,90,2,0,0,0,2,0,0,0,0,0,0,0,14,13.4,14.8,3.0,3.1,0.02,0.02,0.04,2.3,4,11,3,False,6,1,1
125,Janelt,,MID,5,Brentford,,9,,,,,61,4,0,0,0,2,0,0,0,0,0,0,0,11,13.2,18.8,6.0,3.8,0.0,0.2,0.2,1.55,4,12,3,False,5,0,3
126,Jensen,,MID,5,Brentford,,9,,,,,11,1,0,0,0,1,0,0,0,0,0,0,0,2,2.8,1.1,0.0,0.4,0.0,0.01,0.01,0.53,1,3,3,False,2,0,0
127,Nunes,,MID,5,Brentford,,9,,,,,0,0,0,0,0,0,0,0,0,0,0,0,0,0,0.0,0.0,0.0,0.0,0.0,0.0,0.0,0.0,0,0,3,False,0,0,0
128,Onyeka,,MID,5,Brentford,,9,,,,,1,1,0,0,0,0,0,0,0,0,0,0,0,3,1.0,0.0,0.0,0.1,0.0,0.0,0.0,0.38,1,1,3,False,0,0,0
129,Yarmoliuk,,MID,5,Brentford,,9,,,,,28,1,0,0,0,0,0,0,0,0,0,0,0,3,4.4,0.2,0.0,0.5,0.0,0.0,0.0,0.75,1,4,3,False,2,1,1
130,Donovan,,MID,5,Brentford,,9,,,,,0,0,0,0,0,0,0,0,0,0,0,0,0,0,0.0,0.0,0.0,0.0,0.0,0.0,0.0,0.0,0,0,3,False,0,0,0
131,Konak,,MID,5,Brentford,,9,,,,,0,0,0,0,0,0,0,0,0,0,0,0,0,0,0.0,0.0,0.0,0.0,0.0,0.0,0.0,0.0,0,0,3,False,0,0,0
132,Maghoma,,MID,5,Brentford,,9,,,,,0,0,0,0,0,0,0,0,0,0,0,0,0,0,0.0,0.0,0.0,0.0,0.0,0.0,0.0,0.0,0,0,3,False,0,0,0
133,Peart-Harris,,MID,5,Brentford,,9,,,,,0,0,0,0,0,0,0,0,0,0,0,0,0,0,0.0,0.0,0.0,0.0,0.0,0.0,0.0,0.0,0,0,3,False,0,0,0
134,Trevitt,,MID,5,Brentford,,9,,,,,0,0,0,0,0,0,0,0,0,0,0,0,0,0,0.0,0.0,0.0,0.0,0.0,0.0,0.0,0.0,0,0,3,False,0,0,0
135,Wissa,,FWD,15,Newcastle,,9,,,,,0,0,0,0,0,0,0,0,0,0,0,0,0,0,0.0,0.0,0.0,0.0,0.0,0.0,0.0,0.0,0,0,4,False,0,0,0
136,Thiago,,FWD,5,Brentford,,9,,,,,90,5,1,0,0,2,0,0,0,1,0,0,0,16,41.0,2.4,75.0,11.8,1.1,0.01,1.11,2.3,2,7,4,False,4,1,1
137,Morgan,,FWD,5,Brentford,,9,,,,,0,0,0,0,0,0,0,0,0,0,0,0,0,0,0.0,0.0,0.0,0.0,0.0,0.0,0.0,0.0,0,0,4,False,0,0,0
138,Steele,,GK,6,Brighton,,9,,,,,0,0,0,0,0,0,0,0,0,0,0,0,0,0,0.0,0.0,0.0,0.0,0.0,0.0,0.0,0.0,0,0,1,False,0,0,0
139,Verbruggen,,GK,6,Brighton,,9,,,,,90,1,0,0,0,4,0,0,0,0,0,5,0,10,38.0,0.0,0.0,3.8,0.0,0.0,0.0,1.29,0,0,1,False,9,1,0
140,McGill,,GK,6,Brighton,,9,,,,,0,0,0,0,0,0,0,0,0,0,0,0,0,0,0.0,0.0,0.0,0.0,0.0,0.0,0.0,0.0,0,0,1,False,0,0,0
141,Rushworth,,GK,6,Brighton,,9,,,,,0,0,0,0,0,0,0,0,0,0,0,0,0,0,0.0,0.0,0.0,0.0,0.0,0.0,0.0,0.0,0,0,1,False,0,0,0
142,Scherpen,,GK,6,Brighton,,9,,,,,0,0,0,0,0,0,0,0,0,0,0,0,0,0,0.0,0.0,0.0,0.0,0.0,0.0,0.0,0.0,0,0,1,False,0,0,0
143,Boscagli,,DEF,6,Brighton,,9,,,,,0,0,0,0,0,0,0,0,0,0,0,0,0,0,0.0,0.0,0.0,0.0,0.0,0.0,0.0,0.0,0,0,2,False,0,0,0
144,Coppola,,DEF,6,Brighton,,9,,,,,0,0,0,0,0,0,0,0,0,0,0,0,0,0,0.0,0.0,0.0,0.0,0.0,0.0,0.0,0.0,0,0,2,False,0,0,0
145,De Cuyper,,DEF,6,Brighton,,9,,,,,58,0,0,0,0,2,0,0,0,0,0,0,0,4,6.0,25.3,4.0,3.5,0.04,0.2,0.24,0.62,2,2,2,False,5,1,0
146,Dunk,,DEF,6,Brighton,,9,,,,,90,0,0,0,0,4,0,0,0,0,0,0,0,1,12.6,1.3,7.0,2.1,0.21,0.01,0.22,1.29,6,7,2,False,11,1,1
147,Estupiñan,,DEF,6,Brighton,,9,,,,,0,0,0,0,0,0,0,0,0,0,0,0,0,0,0.0,0.0,0.0,0.0,0.0,0.0,0.0,0.0,0,0,2,False,0,0,0
148,F.Kadıoğlu,,DEF,6,Brighton,,9,,,,,90,-1,0,0,0,4,0,0,0,1,0,0,0,-4,12.6,7.0,12.0,3.2,0.13,0.05,0.18,1.29,2,4,2,False,5,1,2
149,Igor,,DEF,19,West Ham,,9,,,,,0,0,0,0,0,0,0,0,0,0,0,0,0,0,0.0,0.0,0.0,0.0,0.0,0.0,0.0,0.0,0,0,2,False,0,0,0
150,Lamptey,,DEF,6,Brighton,,9,,,,,0,0,0,0,0,0,0,0,0,0,0,0,0,0,0.0,0.0,0.0,0.0,0.0,0.0,0.0,0.0,0,0,2,False,0,0,0
151,Van Hecke,,DEF,6,Brighton,,9,,,,,90,2,0,0,0,4,0,0,0,0,0,0,0,0,31.6,16.1,0.0,4.8,0.0,0.03,0.03,1.29,5,10,2,False,1,1,5
152,Veltman,,DEF,6,Brighton,,9,,,,,0,0,0,0,0,0,0,0,0,0,0,0,0,0,0.0,0.0,0.0,0.0,0.0,0.0,0.0,0.0,0,0,2,False,0,0,0
153,Webster,,DEF,6,Brighton,,9,,,,,0,0,0,0,0,0,0,0,0,0,0,0,0,0,0.0,0.0,0.0,0.0,0.0,0.0,0.0,0.0,0,0,2,False,0,0,0
154,Cashin,,DEF,6,Brighton,,9,,,,,0,0,0,0,0,0,0,0,0,0,0,0,0,0,0.0,0.0,0.0,0.0,0.0,0.0,0.0,0.0,0,0,2,False,0,0,0
155,Slater,,DEF,6,Brighton,,9,,,,,0,0,0,0,0,0,0,0,0,0,0,0,0,0,0.0,0.0,0.0,0.0,0.0,0.0,0.0,0.0,0,0,2,False,0,0,0
156,Tasker,,DEF,6,Brighton,,9,,,,,0,0,0,0,0,0,0,0,0,0,0,0,0,0,0.0,0.0,0.0,0.0,0.0,0.0,0.0,0.0,0,0,2,False,0,0,0
157,Mitoma,,MID,6,Brighton,,9,,,,,0,0,0,0,0,0,0,0,0,0,0,0,0,0,0.0,0.0,0.0,0.0,0.0,0.0,0.0,0.0,0,0,3,False,0,0,0
158,Georginio,,MID,6,Brighton,,9,,,,,78,2,0,0,0,3,0,0,0,0,0,0,0,8,4.6,13.7,4.0,2.2,0.0,0.07,0.07,0.86,0,1,3,False,1,1,0
159,March,,MID,6,Brighton,,9,,,,,0,0,0,0,0,0,0,0,0,0,0,0,0,0,0.0,0.0,0.0,0.0,0.0,0.0,0.0,0.0,0,0,3,False,0,0,0
160,Minteh,,MID,6,Brighton,,9,,,,,90,5,0,1,0,4,0,0,0,0,0,0,0,16,4.4,12.3,10.0,2.7,0.03,0.02,0.05,1.29,0,5,3,False,3,1,2
161,Enciso,,MID,6,Brighton,,9,,,,,0,0,0,0,0,0,0,0,0,0,0,0,0,0,0.0,0.0,0.0,0.0,0.0,0.0,0.0,0.0,0,0,3,False,0,0,0
162,Gruda,,MID,6,Brighton,,9,,,,,0,0,0,0,0,0,0,0,0,0,0,0,0,0,0.0,0.0,0.0,0.0,0.0,0.0,0.0,0.0,0,0,3,False,0,0,0
163,Hinshelwood,,MID,6,Brighton,,9,,,,,0,0,0,0,0,0,0,0,0,0,0,0,0,0,0.0,0.0,0.0,0.0,0.0,0.0,0.0,0.0,0,0,3,False,0,0,0
164,O'Riley,,MID,6,Brighton,,9,,,,,0,0,0,0,0,0,0,0,0,0,0,0,0,0,0.0,0.0,0.0,0.0,0.0,0.0,0.0,0.0,0,0,3,False,0,0,0
165,Sima,,MID,6,Brighton,,9,,,,,0,0,0,0,0,0,0,0,0,0,0,0,0,0,0.0,0.0,0.0,0.0,0.0,0.0,0.0,0.0,0,0,3,False,0,0,0
166,Ayari,,MID,6,Brighton,,9,,,,,59,1,0,0,0,2,0,0,0,0,0,0,0,10,1.0,3.4,8.0,1.2,0.08,0.01,0.09,0.62,5,11,3,False,6,1,0
167,Baleba,,MID,6,Brighton,,9,,,,,58,0,0,0,0,2,0,0,0,1,0,0,0,6,0.0,2.5,2.0,0.4,0.05,0.0,0.05,0.62,2,10,3,False,7,1,1
168,Buonanotte,,MID,7,Chelsea,,9,,,,,0,0,0,0,0,0,0,0,0,0,0,0,0,0,0.0,0.0,0.0,0.0,0.0,0.0,0.0,0.0,0,0,3,False,0,0,0
169,Gomez,,MID,6,Brighton,,9,,,,,30,1,0,0,0,2,0,0,0,0,0,0,0,3,7.8,2.0,6.0,1.6,0.04,0.0,0.04,0.67,2,7,3,False,3,0,2
170,Milner,,MID,6,Brighton,,9,,,,,31,4,0,1,0,2,0,0,0,0,0,0,0,24,24.4,34.2,0.0,5.9,0.0,0.28,0.28,0.67,1,3,3,False,2,0,0
171,Sarmiento,,MID,6,Brighton,,9,,,,,0,0,0,0,0,0,0,0,0,0,0,0,0,0,0.0,0.0,0.0,0.0,0.0,0.0,0.0,0.0,0,0,3,False,0,0,0
172,Watson,,MID,6,Brighton,,9,,,,,31,1,0,0,0,2,0,0,0,0,0,0,0,7,5.6,1.3,7.0,1.4,0.04,0.01,0.05,0.67,0,3,3,False,2,0,1
173,Wieffer,,MID,6,Brighton,,9,,,,,86,4,0,0,0,3,0,0,0,0,0,0,0,24,26.0,23.8,2.0,5.2,0.0,0.02,0.02,0.9,6,16,3,False,6,1,4
174,Yalcouye,,MID,6,Brighton,,9,,,,,0,0,0,0,0,0,0,0,0,0,0,0,0,0,0.0,0.0,0.0,0.0,0.0,0.0,0.0,0.0,0,0,3,False,0,0,0
175,Knight,,MID,6,Brighton,,9,,,,,0,0,0,0,0,0,0,0,0,0,0,0,0,0,0.0,0.0,0.0,0.0,0.0,0.0,0.0,0.0,0,0,3,False,0,0,0
176,Mazilu,,MID,6,Brighton,,9,,,,,0,0,0,0,0,0,0,0,0,0,0,0,0,0,0.0,0.0,0.0,0.0,0.0,0.0,0.0,0.0,0,0,3,False,0,0,0
177,Moran,,MID,6,Brighton,,9,,,,,0,0,0,0,0,0,0,0,0,0,0,0,0,0,0.0,0.0,0.0,0.0,0.0,0.0,0.0,0.0,0,0,3,False,0,0,0
178,Welbeck,,FWD,6,Brighton,,9,,,,,90,6,1,0,0,4,0,0,0,0,0,0,0,32,40.2,27.1,28.0,9.5,0.21,0.03,0.24,1.29,0,2,4,False,2,1,0
179,Ferguson,,FWD,6,Brighton,,9,,,,,0,0,0,0,0,0,0,0,0,0,0,0,0,0,0.0,0.0,0.0,0.0,0.0,0.0,0.0,0.0,0,0,4,False,0,0,0
180,Tzimas,,FWD,6,Brighton,,9,,,,,3,1,0,0,0,1,0,0,0,0,0,0,0,3,2.0,20.3,6.0,2.8,0.02,0.05,0.07,0.4,0,1,4,False,1,0,0
181,Kostoulas,,FWD,6,Brighton,,9,,,,,11,5,1,0,0,1,0,0,0,0,0,0,0,29,34.2,0.5,40.0,7.5,0.27,0.01,0.28,0.43,0,2,4,False,2,0,0
182,Trafford,,GK,13,Man City,,9,,,,,0,0,0,0,0,0,0,0,0,0,0,0,0,0,0.0,0.0,0.0,0.0,0.0,0.0,0.0,0.0,0,0,1,False,0,0,0
183,Weiss,,GK,3,Burnley,,9,,,,,0,0,0,0,0,0,0,0,0,0,0,0,0,0,0.0,0.0,0.0,0.0,0.0,0.0,0.0,0.0,0,0,1,False,0,0,0
184,Green,,GK,3,Burnley,,9,,,,,0,0,0,0,0,0,0,0,0,0,0,0,0,0,0.0,0.0,0.0,0.0,0.0,0.0,0.0,0.0,0,0,1,False,0,0,0
185,Hladký,,GK,3,Burnley,,9,,,,,0,0,0,0,0,0,0,0,0,0,0,0,0,0,0.0,0.0,0.0,0.0,0.0,0.0,0.0,0.0,0,0,1,False,0,0,0
186,Roberts,,DEF,3,Burnley,,9,,,,,0,0,0,0,0,0,0,0,0,0,0,0,0,0,0.0,0.0,0.0,0.0,0.0,0.0,0.0,0.0,0,0,2,False,0,0,0
187,Walker,,DEF,3,Burnley,,9,,,,,90,3,0,0,0,2,0,0,0,0,0,0,0,12,26.8,2.3,0.0,2.9,0.0,0.01,0.01,2.52,13,16,2,False,6,1,3
188,Delcroix,,DEF,3,Burnley,,9,,,,,0,0,0,0,0,0,0,0,0,0,0,0,0,0,0.0,0.0,0.0,0.0,0.0,0.0,0.0,0.0,0,0,2,False,0,0,0
189,Dodgson,,DEF,3,Burnley,,9,,,,,0,0,0,0,0,0,0,0,0,0,0,0,0,0,0.0,0.0,0.0,0.0,0.0,0.0,0.0,0.0,0,0,2,False,0,0,0
190,Ekdal,,DEF,3,Burnley,,9,,,,,1,1,0,0,0,0,0,0,0,0,0,0,0,3,0.0,0.0,0.0,0.0,0.0,0.0,0.0,0.05,0,0,2,False,0,0,0
191,Estève,,DEF,3,Burnley,,9,,,,,90,1,0,0,0,2,0,0,0,0,0,0,0,7,17.8,0.8,2.0,2.1,0.0,0.0,0.0,2.52,7,8,2,False,2,1,1
192,Hartman,,DEF,3,Burnley,,9,,,,,90,7,0,2,0,2,0,0,0,0,0,0,0,25,44.0,23.1,5.0,7.2,0.01,0.58,0.59,2.52,6,6,2,False,2,1,0
193,Humphreys,,DEF,3,Burnley,,9,,,,,0,0,0,0,0,0,0,0,0,0,0,0,0,0,0.0,0.0,0.0,0.0,0.0,0.0,0.0,0.0,0,0,2,False,0,0,0
194,Jordan,,DEF,3,Burnley,,9,,,,,0,0,0,0,0,0,0,0,0,0,0,0,0,0,0.0,0.0,0.0,0.0,0.0,0.0,0.0,0.0,0,0,2,False,0,0,0
195,Lucas Pires,,DEF,3,Burnley,,9,,,,,0,0,0,0,0,0,0,0,0,0,0,0,0,0,0.0,0.0,0.0,0.0,0.0,0.0,0.0,0.0,0,0,2,False,0,0,0
196,Sambo,,DEF,3,Burnley,,9,,,,,0,0,0,0,0,0,0,0,0,0,0,0,0,0,0.0,0.0,0.0,0.0,0.0,0.0,0.0,0.0,0,0,2,False,0,0,0
197,Sonne,,DEF,3,Burnley,,9,,,,,0,0,0,0,0,0,0,0,0,0,0,0,0,0,0.0,0.0,0.0,0.0,0.0,0.0,0.0,0.0,0,0,2,False,0,0,0
198,Tuanzebe,,DEF,3,Burnley,,9,,,,,90,1,0,0,0,2,0,0,0,0,0,0,0,4,16.0,0.6,0.0,1.7,0.0,0.0,0.0,2.52,9,9,2,False,1,1,0
199,Worrall,,DEF,3,Burnley,,9,,,,,0,0,0,0,0,0,0,0,0,0,0,0,0,0,0.0,0.0,0.0,0.0,0.0,0.0,0.0,0.0,0,0,2,False,0,0,0
200,Anthony,,MID,3,Burnley,,9,,,,,76,2,0,0,0,2,0,0,0,0,0,0,0,8,8.8,13.2,19.0,4.1,0.08,0.02,0.1,2.28,1,8,3,False,5,1,2
201,Benson,,MID,3,Burnley,,9,,,,,0,0,0,0,0,0,0,0,0,0,0,0,0,0,0.0,0.0,0.0,0.0,0.0,0.0,0.0,0.0,0,0,3,False,0,0,0
202,Bruun Larsen,,MID,3,Burnley,,9,,,,,68,2,0,0,0,2,0,0,0,0,0,0,0,5,3.2,11.3,13.0,2.8,0.07,0.11,0.18,2.18,0,1,3,False,0,1,1
203,Boateng,,MID,3,Burnley,,9,,,,,0,0,0,0,0,0,0,0,0,0,0,0,0,0,0.0,0.0,0.0,0.0,0.0,0.0,0.0,0.0,0,0,3,False,0,0,0
204,Churlinov,,MID,3,Burnley,,9,,,,,0,0,0,0,0,0,0,0,0,0,0,0,0,0,0.0,0.0,0.0,0.0,0.0,0.0,0.0,0.0,0,0,3,False,0,0,0
205,Cullen,,MID,3,Burnley,,9,,,,,90,2,0,0,0,2,0,0,0,0,0,0,0,15,21.0,3.5,14.0,3.9,0.05,0.06,0.11,2.52,4,9,3,False,2,1,3
206,Edwards,,MID,3,Burnley,,9,,,,,0,0,0,0,0,0,0,0,0,0,0,0,0,0,0.0,0.0,0.0,0.0,0.0,0.0,0.0,0.0,0,0,3,False,0,0,0
207,Hannibal,,MID,3,Burnley,,9,,,,,1,4,0,1,0,0,0,0,0,0,0,0,0,16,17.2,13.3,0.0,3.1,0.0,0.28,0.28,0.05,0,1,3,False,1,0,0
208,Koleosho,,MID,3,Burnley,,9,,,,,0,0,0,0,0,0,0,0,0,0,0,0,0,0,0.0,0.0,0.0,0.0,0.0,0.0,0.0,0.0,0,0,3,False,0,0,0
209,Laurent,,MID,3,Burnley,,9,,,,,21,1,0,0,0,0,0,0,0,0,0,0,0,7,5.6,0.4,0.0,0.6,0.0,0.0,0.0,0.34,1,3,3,False,0,0,2
210,Tchaouna,,MID,3,Burnley,,9,,,,,0,0,0,0,0,0,0,0,0,0,0,0,0,0,0.0,0.0,0.0,0.0,0.0,0.0,0.0,0.0,0,0,3,False,0,0,0
211,A.Ramsey,,MID,3,Burnley,,9,,,,,0,0,0,0,0,0,0,0,0,0,0,0,0,0,0.0,0.0,0.0,0.0,0.0,0.0,0.0,0.0,0,0,3,False,0,0,0
212,Adewumi,,MID,3,Burnley,,9,,,,,0,0,0,0,0,0,0,0,0,0,0,0,0,0,0.0,0.0,0.0,0.0,0.0,0.0,0.0,0.0,0,0,3,False,0,0,0
213,Banel,,MID,3,Burnley,,9,,,,,0,0,0,0,0,0,0,0,0,0,0,0,0,0,0.0,0.0,0.0,0.0,0.0,0.0,0.0,0.0,0,0,3,False,0,0,0
214,Trésor,,MID,3,Burnley,,9,,,,,0,0,0,0,0,0,0,0,0,0,0,0,0,0,0.0,0.0,0.0,0.0,0.0,0.0,0.0,0.0,0,0,3,False,0,0,0
215,Flemming,,FWD,3,Burnley,,9,,,,,90,13,2,0,0,2,0,0,0,0,0,0,3,68,78.8,12.0,65.0,15.6,0.71,0.02,0.73,2.52,2,5,4,True,2,1,1
216,Amdouni,,FWD,3,Burnley,,9,,,,,0,0,0,0,0,0,0,0,0,0,0,0,0,0,0.0,0.0,0.0,0.0,0.0,0.0,0.0,0.0,0,0,4,False,0,0,0
217,Foster,,FWD,3,Burnley,,9,,,,,13,7,1,0,0,0,0,0,0,0,0,0,2,32,35.0,10.0,17.0,6.2,0.37,0.0,0.37,0.24,0,0,4,False,0,0,0
218,Barnes,,FWD,3,Burnley,,9,,,,,0,0,0,0,0,0,0,0,0,0,0,0,0,0,0.0,0.0,0.0,0.0,0.0,0.0,0.0,0.0,0,0,4,False,0,0,0
219,Obafemi,,FWD,3,Burnley,,9,,,,,0,0,0,0,0,0,0,0,0,0,0,0,0,0,0.0,0.0,0.0,0.0,0.0,0.0,0.0,0.0,0,0,4,False,0,0,0
220,Sánchez,,GK,7,Chelsea,,9,,,,,90,1,0,0,0,2,0,0,0,0,0,2,0,6,17.2,0.0,0.0,1.7,0.0,0.0,0.0,1.31,1,0,1,False,11,1,0
221,Jörgensen,,GK,7,Chelsea,,9,,,,,0,0,0,0,0,0,0,0,0,0,0,0,0,0,0.0,0.0,0.0,0.0,0.0,0.0,0.0,0.0,0,0,1,False,0,0,0
222,Penders,,GK,7,Chelsea,,9,,,,,0,0,0,0,0,0,0,0,0,0,0,0,0,0,0.0,0.0,0.0,0.0,0.0,0.0,0.0,0.0,0,0,1,False,0,0,0
223,Slonina,,GK,7,Chelsea,,9,,,,,0,0,0,0,0,0,0,0,0,0,0,0,0,0,0.0,0.0,0.0,0.0,0.0,0.0,0.0,0.0,0,0,1,False,0,0,0
224,Cucurella,,DEF,7,Chelsea,,9,,,,,90,1,0,0,0,2,0,0,0,0,0,0,0,12,17.0,40.7,11.0,6.9,0.12,0.22,0.34,1.31,2,4,2,False,3,1,2
225,James,,DEF,7,Chelsea,,9,,,,,90,1,0,0,0,2,0,0,0,0,0,0,0,15,20.2,31.3,0.0,5.2,0.0,0.12,0.12,1.31,0,3,2,False,8,1,3
226,Chalobah,,DEF,7,Chelsea,,9,,,,,90,1,0,0,0,2,0,0,0,0,0,0,0,8,25.8,3.2,7.0,3.6,0.02,0.02,0.04,1.31,7,7,2,False,8,1,0
227,Colwill,,DEF,7,Chelsea,,9,,,,,0,0,0,0,0,0,0,0,0,0,0,0,0,0,0.0,0.0,0.0,0.0,0.0,0.0,0.0,0.0,0,0,2,False,0,0,0
228,Gusto,,DEF,7,Chelsea,,9,,,,,0,0,0,0,0,0,0,0,0,0,0,0,0,0,0.0,0.0,0.0,0.0,0.0,0.0,0.0,0.0,0,0,2,False,0,0,0
229,B.Badiashile,,DEF,7,Chelsea,,9,,,,,0,0,0,0,0,0,0,0,0,0,0,0,0,0,0.0,0.0,0.0,0.0,0.0,0.0,0.0,0.0,0,0,2,False,0,0,0
230,Fofana,,DEF,7,Chelsea,,9,,,,,0,0,0,0,0,0,0,0,0,0,0,0,0,0,0.0,0.0,0.0,0.0,0.0,0.0,0.0,0.0,0,0,2,False,0,0,0
231,M.Sarr,,DEF,7,Chelsea,,9,,,,,0,0,0,0,0,0,0,0,0,0,0,0,0,0,0.0,0.0,0.0,0.0,0.0,0.0,0.0,0.0,0,0,2,False,0,0,0
232,Tosin,,DEF,7,Chelsea,,9,,,,,14,1,0,0,0,1,0,0,0,0,0,0,0,1,5.2,0.1,0.0,0.5,0.0,0.0,0.0,0.14,1,2,2,False,1,0,1
233,Acheampong,,DEF,7,Chelsea,,9,,,,,75,2,0,0,0,1,0,0,0,0,0,0,0,12,23.6,5.0,0.0,2.9,0.0,0.03,0.03,1.16,5,5,2,False,1,1,0
234,Anselmino,,DEF,7,Chelsea,,9,,,,,0,0,0,0,0,0,0,0,0,0,0,0,0,0,0.0,0.0,0.0,0.0,0.0,0.0,0.0,0.0,0,0,2,False,0,0,0
235,Palmer,,MID,7,Chelsea,,9,,,,,0,0,0,0,0,0,0,0,0,0,0,0,0,0,0.0,0.0,0.0,0.0,0.0,0.0,0.0,0.0,0,0,3,False,0,0,0
236,Neto,,MID,7,Chelsea,,9,,,,,84,8,0,1,0,1,0,0,0,0,0,0,3,28,19.6,17.3,0.0,3.7,0.0,0.03,0.03,1.19,0,3,3,False,3,1,0
237,Enzo,,MID,7,Chelsea,,9,,,,,90,2,0,0,0,2,0,0,0,0,0,0,0,22,21.2,41.6,46.0,10.9,0.13,0.43,0.56,1.31,1,6,3,False,5,1,0
238,Estêvão,,MID,7,Chelsea,,9,,,,,32,1,0,0,0,1,0,0,0,0,0,0,0,3,1.2,12.2,15.0,2.8,0.08,0.09,0.17,0.29,0,0,3,False,0,0,0
239,Gittens,,MID,7,Chelsea,,9,,,,,14,1,0,0,0,1,0,0,0,0,0,0,0,4,5.2,21.1,0.0,2.6,0.0,0.02,0.02,0.14,1,1,3,False,0,0,0
240,Nkunku,,MID,7,Chelsea,,9,,,,,0,0,0,0,0,0,0,0,0,0,0,0,0,0,0.0,0.0,0.0,0.0,0.0,0.0,0.0,0.0,0,0,3,False,0,0,0
241,Caicedo,,MID,7,Chelsea,,9,,,,,90,2,0,0,0,2,0,0,0,0,0,0,0,16,15.4,26.7,4.0,4.6,0.04,0.16,0.2,1.31,4,9,3,False,4,1,1
242,Dewsbury-Hall,,MID,9,Everton,,9,,,,,90,2,0,0,0,3,0,0,0,0,0,0,0,9,0.2,11.6,12.0,2.4,0.21,0.54,0.75,2.08,0,1,3,False,1,1,0
243,George,,MID,7,Chelsea,,9,,,,,5,1,0,0,0,1,0,0,0,0,0,0,0,4,0.0,0.0,4.0,0.4,0.07,0.0,0.07,0.12,0,1,3,False,0,0,1
244,Lavia,,MID,7,Chelsea,,9,,,,,0,0,0,0,0,0,0,0,0,0,0,0,0,0,0.0,0.0,0.0,0.0,0.0,0.0,0.0,0.0,0,0,3,False,0,0,0
245,Mudryk,,MID,7,Chelsea,,9,,,,,0,0,0,0,0,0,0,0,0,0,0,0,0,0,0.0,0.0,0.0,0.0,0.0,0.0,0.0,0.0,0,0,3,False,0,0,0
246,Andrey Santos,,MID,7,Chelsea,,9,,,,,5,0,0,0,0,1,0,0,0,1,0,0,0,-1,0.0,0.1,0.0,0.0,0.0,0.0,0.0,0.12,0,0,3,False,0,0,0
247,D.Essugo,,MID,7,Chelsea,,9,,,,,0,0,0,0,0,0,0,0,0,0,0,0,0,0,0.0,0.0,0.0,0.0,0.0,0.0,0.0,0.0,0,0,3,False,0,0,0
248,Paez,,MID,7,Chelsea,,9,,,,,0,0,0,0,0,0,0,0,0,0,0,0,0,0,0.0,0.0,0.0,0.0,0.0,0.0,0.0,0.0,0,0,3,False,0,0,0
249,João Pedro,,FWD,7,Chelsea,,9,,,,,84,2,0,0,0,1,0,0,0,0,0,0,0,5,10.4,13.6,6.0,3.0,0.0,0.02,0.02,1.19,2,4,4,False,2,1,0
250,Delap,,FWD,7,Chelsea,,9,,,,,0,0,0,0,0,0,0,0,0,0,0,0,0,0,0.0,0.0,0.0,0.0,0.0,0.0,0.0,0.0,0,0,4,False,0,0,0
251,N.Jackson,,FWD,7,Chelsea,,9,,,,,0,0,0,0,0,0,0,0,0,0,0,0,0,0,0.0,0.0,0.0,0.0,0.0,0.0,0.0,0.0,0,0,4,False,0,0,0
252,Marc Guiu,,FWD,7,Chelsea,,9,,,,,75,2,0,0,0,1,0,0,0,0,0,0,0,4,0.0,1.1,24.0,2.3,0.22,0.0,0.22,1.16,0,0,4,False,0,1,0
253,Henderson,,GK,8,Crystal Palace,,9,,,,,90,2,0,0,0,1,0,0,0,0,0,2,0,9,17.4,0.0,0.0,1.7,0.0,0.01,0.01,1.08,0,0,1,False,4,1,0
254,Benitez,,GK,8,Crystal Palace,,9,,,,,0,0,0,0,0,0,0,0,0,0,0,0,0,0,0.0,0.0,0.0,0.0,0.0,0.0,0.0,0.0,0,0,1,False,0,0,0
255,Matthews,,GK,8,Crystal Palace,,9,,,,,0,0,0,0,0,0,0,0,0,0,0,0,0,0,0.0,0.0,0.0,0.0,0.0,0.0,0.0,0.0,0,0,1,False,0,0,0
256,Muñoz,,DEF,8,Crystal Palace,,9,,,,,90,2,0,0,0,1,0,0,0,0,0,0,0,3,11.6,3.8,4.0,1.9,0.0,0.02,0.02,1.08,3,5,2,False,3,1,2
257,Lacroix,,DEF,8,Crystal Palace,,9,,,,,90,4,0,0,0,1,0,0,0,0,0,0,0,21,29.8,0.6,3.0,3.3,0.01,0.0,0.01,1.08,19,21,2,False,1,1,2
258,Mitchell,,DEF,8,Crystal Palace,,9,,,,,90,2,0,0,0,1,0,0,0,0,0,0,0,10,14.4,5.7,2.0,2.2,0.0,0.03,0.03,1.08,5,7,2,False,6,1,2
259,Sosa,,DEF,8,Crystal Palace,,9,,,,,1,1,0,0,0,0,0,0,0,0,0,0,0,3,0.0,0.0,0.0,0.0,0.0,0.0,0.0,0.0,0,0,2,False,1,0,0
260,Guéhi,,DEF,8,Crystal Palace,,9,,,,,90,4,0,0,0,1,0,0,0,0,0,0,0,9,23.2,0.8,9.0,3.3,0.09,0.01,0.1,1.08,9,10,2,False,2,1,1
261,Richards,,DEF,8,Crystal Palace,,9,,,,,90,2,0,0,0,1,0,0,0,0,0,0,0,9,18.2,0.9,0.0,1.9,0.0,0.01,0.01,1.08,8,9,2,False,1,1,1
262,Chadi Riad,,DEF,8,Crystal Palace,,9,,,,,0,0,0,0,0,0,0,0,0,0,0,0,0,0,0.0,0.0,0.0,0.0,0.0,0.0,0.0,0.0,0,0,2,False,0,0,0
263,Clyne,,DEF,8,Crystal Palace,,9,,,,,0,0,0,0,0,0,0,0,0,0,0,0,0,0,0.0,0.0,0.0,0.0,0.0,0.0,0.0,0.0,0,0,2,False,0,0,0
264,Holding,,DEF,8,Crystal Palace,,9,,,,,0,0,0,0,0,0,0,0,0,0,0,0,0,0,0.0,0.0,0.0,0.0,0.0,0.0,0.0,0.0,0,0,2,False,0,0,0
265,Kporha,,DEF,8,Crystal Palace,,9,,,,,0,0,0,0,0,0,0,0,0,0,0,0,0,0,0.0,0.0,0.0,0.0,0.0,0.0,0.0,0.0,0,0,2,False,0,0,0
266,Eze,,MID,1,Arsenal,,9,,,,,87,11,1,0,1,0,0,0,0,0,0,0,3,32,42.6,4.6,19.0,6.6,0.08,0.02,0.1,0.46,1,4,3,True,1,1,2
267,Sarr,,MID,8,Crystal Palace,,9,,,,,90,2,0,0,0,1,0,0,0,0,0,0,0,11,7.2,2.6,7.0,1.7,0.02,0.01,0.03,1.08,2,9,3,False,6,1,1
268,Doucouré,,MID,8,Crystal Palace,,9,,,,,0,0,0,0,0,0,0,0,0,0,0,0,0,0,0.0,0.0,0.0,0.0,0.0,0.0,0.0,0.0,0,0,3,False,0,0,0
269,Esse,,MID,8,Crystal Palace,,9,,,,,0,0,0,0,0,0,0,0,0,0,0,0,0,0,0.0,0.0,0.0,0.0,0.0,0.0,0.0,0.0,0,0,3,False,0,0,0
270,Hughes,,MID,8,Crystal Palace,,9,,,,,16,1,0,0,0,0,0,0,0,0,0,0,0,4,3.0,15.2,4.0,2.2,0.0,0.03,0.03,0.0,0,1,3,False,1,0,0
271,Kamada,,MID,8,Crystal Palace,,9,,,,,73,2,0,0,0,1,0,0,0,0,0,0,0,8,5.6,1.4,2.0,0.9,0.0,0.02,0.02,1.08,3,11,3,False,7,1,1
272,Lerma,,MID,8,Crystal Palace,,9,,,,,1,1,0,0,0,0,0,0,0,0,0,0,0,3,0.2,0.3,0.0,0.1,0.0,0.01,0.01,0.0,0,1,3,False,1,0,0
273,Wharton,,MID,8,Crystal Palace,,9,,,,,90,2,0,0,0,1,0,0,0,0,0,0,0,12,12.6,17.5,1.0,3.1,0.02,0.06,0.08,1.08,4,9,3,False,2,1,3
274,Agbinone,,MID,8,Crystal Palace,,9,,,,,0,0,0,0,0,0,0,0,0,0,0,0,0,0,0.0,0.0,0.0,0.0,0.0,0.0,0.0,0.0,0,0,3,False,0,0,0
275,Ahamada,,MID,8,Crystal Palace,,9,,,,,0,0,0,0,0,0,0,0,0,0,0,0,0,0,0.0,0.0,0.0,0.0,0.0,0.0,0.0,0.0,0,0,3,False,0,0,0
276,Devenny,,MID,8,Crystal Palace,,9,,,,,0,0,0,0,0,0,0,0,0,0,0,0,0,0,0.0,0.0,0.0,0.0,0.0,0.0,0.0,0.0,0,0,3,False,0,0,0
277,Ebiowei,,MID,8,Crystal Palace,,9,,,,,0,0,0,0,0,0,0,0,0,0,0,0,0,0,0.0,0.0,0.0,0.0,0.0,0.0,0.0,0.0,0,0,3,False,0,0,0
278,J.Rak-Sakyi,,MID,8,Crystal Palace,,9,,,,,0,0,0,0,0,0,0,0,0,0,0,0,0,0,0.0,0.0,0.0,0.0,0.0,0.0,0.0,0.0,0,0,3,False,0,0,0
279,M.França,,MID,8,Crystal Palace,,9,,,,,0,0,0,0,0,0,0,0,0,0,0,0,0,0,0.0,0.0,0.0,0.0,0.0,0.0,0.0,0.0,0,0,3,False,0,0,0
280,Ozoh,,MID,8,Crystal Palace,,9,,,,,0,0,0,0,0,0,0,0,0,0,0,0,0,0,0.0,0.0,0.0,0.0,0.0,0.0,0.0,0.0,0,0,3,False,0,0,0
281,Rodney,,MID,8,Crystal Palace,,9,,,,,0,0,0,0,0,0,0,0,0,0,0,0,0,0,0.0,0.0,0.0,0.0,0.0,0.0,0.0,0.0,0,0,3,False,0,0,0
282,Umeh,,MID,8,Crystal Palace,,9,,,,,0,0,0,0,0,0,0,0,0,0,0,0,0,0,0.0,0.0,0.0,0.0,0.0,0.0,0.0,0.0,0,0,3,False,0,0,0
283,Mateta,,FWD,8,Crystal Palace,,9,,,,,90,2,0,0,0,1,0,0,0,0,0,0,0,6,0.6,2.4,5.0,0.8,0.14,0.01,0.15,1.08,0,3,4,False,3,1,0
284,Nketiah,,FWD,8,Crystal Palace,,9,,,,,31,1,0,0,0,0,0,0,0,0,0,0,0,6,6.0,11.8,19.0,3.7,0.19,0.08,0.27,0.24,1,2,4,False,1,0,0
285,Édouard,,FWD,8,Crystal Palace,,9,,,,,0,0,0,0,0,0,0,0,0,0,0,0,0,0,0.0,0.0,0.0,0.0,0.0,0.0,0.0,0.0,0,0,4,False,0,0,0
286,Marsh,,FWD,8,Crystal Palace,,9,,,,,0,0,0,0,0,0,0,0,0,0,0,0,0,0,0.0,0.0,0.0,0.0,0.0,0.0,0.0,0.0,0,0,4,False,0,0,0
287,Pickford,,GK,9,Everton,,9,,,,,90,1,0,0,0,3,0,0,0,0,0,1,0,-2,6.4,0.0,0.0,0.6,0.0,0.0,0.0,2.08,2,0,1,False,11,1,0
288,Travers,,GK,9,Everton,,9,,,,,0,0,0,0,0,0,0,0,0,0,0,0,0,0,0.0,0.0,0.0,0.0,0.0,0.0,0.0,0.0,0,0,1,False,0,0,0
289,Tyrer,,GK,9,Everton,,9,,,,,0,0,0,0,0,0,0,0,0,0,0,0,0,0,0.0,0.0,0.0,0.0,0.0,0.0,0.0,0.0,0,0,1,False,0,0,0
290,Branthwaite,,DEF,9,Everton,,9,,,,,0,0,0,0,0,0,0,0,0,0,0,0,0,0,0.0,0.0,0.0,0.0,0.0,0.0,0.0,0.0,0,0,2,False,0,0,0
291,Tarkowski,,DEF,9,Everton,,9,,,,,90,1,0,0,0,3,0,0,0,0,0,0,0,6,16.0,14.5,2.0,3.3,0.0,0.06,0.06,2.08,6,7,2,False,0,1,1
292,Mykolenko,,DEF,9,Everton,,9,,,,,90,1,0,0,0,3,0,0,0,0,0,0,0,-4,8.6,4.8,4.0,1.7,0.01,0.04,0.05,2.08,3,4,2,False,3,1,1
293,O'Brien,,DEF,9,Everton,,9,,,,,65,1,0,0,0,2,0,0,0,0,0,0,0,6,15.2,1.0,2.0,1.8,0.0,0.0,0.0,1.66,5,9,2,False,5,1,4
294,Coleman,,DEF,9,Everton,,9,,,,,0,0,0,0,0,0,0,0,0,0,0,0,0,0,0.0,0.0,0.0,0.0,0.0,0.0,0.0,0.0,0,0,2,False,0,0,0
295,Keane,,DEF,9,Everton,,9,,,,,90,1,0,0,0,3,0,0,0,0,0,0,0,2,16.0,4.3,0.0,2.0,0.0,0.01,0.01,2.08,6,7,2,False,4,1,1
296,Patterson,,DEF,9,Everton,,9,,,,,0,0,0,0,0,0,0,0,0,0,0,0,0,0,0.0,0.0,0.0,0.0,0.0,0.0,0.0,0.0,0,0,2,False,0,0,0
297,Dixon,,DEF,9,Everton,,9,,,,,0,0,0,0,0,0,0,0,0,0,0,0,0,0,0.0,0.0,0.0,0.0,0.0,0.0,0.0,0.0,0,0,2,False,0,0,0
298,Welch,,DEF,9,Everton,,9,,,,,0,0,0,0,0,0,0,0,0,0,0,0,0,0,0.0,0.0,0.0,0.0,0.0,0.0,0.0,0.0,0,0,2,False,0,0,0
299,Ndiaye,,MID,9,Everton,,9,,,,,90,2,0,0,0,3,0,0,0,0,0,0,0,11,13.8,3.7,21.0,3.9,0.17,0.56,0.73,2.08,1,10,3,False,6,1,3
300,McNeil,,MID,9,Everton,,9,,,,,0,0,0,0,0,0,0,0,0,0,0,0,0,0,0.0,0.0,0.0,0.0,0.0,0.0,0.0,0.0,0,0,3,False,0,0,0
301,Alcaraz,,MID,9,Everton,,9,,,,,4,1,0,0,0,1,0,0,0,0,0,0,0,3,0.0,0.0,0.0,0.0,0.0,0.0,0.0,0.42,0,0,3,False,0,0,0
302,Gana,,MID,9,Everton,,9,,,,,85,2,0,0,0,2,0,0,0,0,0,0,0,17,5.2,1.8,7.0,1.4,0.08,0.02,0.1,1.66,2,11,3,False,7,1,2
303,Garner,,MID,9,Everton,,9,,,,,90,1,0,0,0,3,0,0,0,1,0,0,0,19,15.2,20.0,5.0,4.0,0.11,0.13,0.24,2.08,2,10,3,False,2,1,6
304,Iroegbunam,,MID,9,Everton,,9,,,,,0,0,0,0,0,0,0,0,0,0,0,0,0,0,0.0,0.0,0.0,0.0,0.0,0.0,0.0,0.0,0,0,3,False,0,0,0
305,Armstrong,,MID,9,Everton,,9,,,,,0,0,0,0,0,0,0,0,0,0,0,0,0,0,0.0,0.0,0.0,0.0,0.0,0.0,0.0,0.0,0,0,3,False,0,0,0
306,Bates,,MID,9,Everton,,9,,,,,0,0,0,0,0,0,0,0,0,0,0,0,0,0,0.0,0.0,0.0,0.0,0.0,0.0,0.0,0.0,0,0,3,False,0,0,0
307,Ebere,,MID,9,Everton,,9,,,,,0,0,0,0,0,0,0,0,0,0,0,0,0,0,0.0,0.0,0.0,0.0,0.0,0.0,0.0,0.0,0,0,3,False,0,0,0
308,Heath,,MID,9,Everton,,9,,,,,0,0,0,0,0,0,0,0,0,0,0,0,0,0,0.0,0.0,0.0,0.0,0.0,0.0,0.0,0.0,0,0,3,False,0,0,0
309,Metcalfe,,MID,9,Everton,,9,,,,,0,0,0,0,0,0,0,0,0,0,0,0,0,0,0.0,0.0,0.0,0.0,0.0,0.0,0.0,0.0,0,0,3,False,0,0,0
310,Barry,,FWD,9,Everton,,9,,,,,24,1,0,0,0,1,0,0,0,0,0,0,0,1,0.0,1.3,0.0,0.1,0.03,0.01,0.04,0.42,0,0,4,False,0,0,0
311,Beto,,FWD,9,Everton,,9,,,,,65,2,0,0,0,2,0,0,0,0,0,0,0,9,11.2,10.8,39.0,6.1,0.56,0.0,0.56,1.66,4,5,4,False,1,1,0
312,Y.Chermiti,,FWD,9,Everton,,9,,,,,0,0,0,0,0,0,0,0,0,0,0,0,0,0,0.0,0.0,0.0,0.0,0.0,0.0,0.0,0.0,0,0,4,False,0,0,0
313,Sherif,,FWD,9,Everton,,9,,,,,0,0,0,0,0,0,0,0,0,0,0,0,0,0,0.0,0.0,0.0,0.0,0.0,0.0,0.0,0.0,0,0,4,False,0,0,0
314,Leno,,GK,10,Fulham,,9,,,,,90,2,0,0,0,2,0,0,0,0,0,5,0,13,36.2,0.0,0.0,3.6,0.0,0.0,0.0,2.14,1,0,1,False,6,1,0
315,Benda,,GK,10,Fulham,,9,,,,,0,0,0,0,0,0,0,0,0,0,0,0,0,0,0.0,0.0,0.0,0.0,0.0,0.0,0.0,0.0,0,0,1,False,0,0,0
316,Robinson,,DEF,10,Fulham,,9,,,,,0,0,0,0,0,0,0,0,0,0,0,0,0,0,0.0,0.0,0.0,0.0,0.0,0.0,0.0,0.0,0,0,2,False,0,0,0
317,Andersen,,DEF,10,Fulham,,9,,,,,0,0,0,0,0,0,0,0,0,0,0,0,0,0,0.0,0.0,0.0,0.0,0.0,0.0,0.0,0.0,0,0,2,False,0,0,0
318,Bassey,,DEF,10,Fulham,,9,,,,,90,1,0,0,0,2,0,0,0,0,0,0,0,-1,8.2,1.4,0.0,1.0,0.0,0.0,0.0,2.14,6,8,2,False,4,1,2
319,Castagne,,DEF,10,Fulham,,9,,,,,1,1,0,0,0,0,0,0,0,0,0,0,0,3,1.0,0.0,0.0,0.1,0.0,0.0,0.0,0.02,1,1,2,False,0,0,0
320,Diop,,DEF,10,Fulham,,9,,,,,90,1,0,0,0,2,0,0,0,0,0,0,0,5,12.6,0.5,0.0,1.3,0.0,0.01,0.01,2.14,4,6,2,False,3,1,2
321,J.Cuenca,,DEF,10,Fulham,,9,,,,,0,0,0,0,0,0,0,0,0,0,0,0,0,0,0.0,0.0,0.0,0.0,0.0,0.0,0.0,0.0,0,0,2,False,0,0,0
322,Tete,,DEF,10,Fulham,,9,,,,,90,2,0,0,0,2,0,0,0,1,0,0,0,8,21.0,1.5,0.0,2.3,0.0,0.01,0.01,2.12,6,10,2,False,4,1,4
323,Amissah,,DEF,10,Fulham,,9,,,,,0,0,0,0,0,0,0,0,0,0,0,0,0,0,0.0,0.0,0.0,0.0,0.0,0.0,0.0,0.0,0,0,2,False,0,0,0
324,Iwobi,,MID,10,Fulham,,9,,,,,90,1,0,0,0,2,0,0,0,1,0,0,0,6,0.8,5.7,13.0,2.0,0.1,0.01,0.11,2.12,0,4,3,False,4,1,0
325,Smith Rowe,,MID,10,Fulham,,9,,,,,45,1,0,0,0,1,0,0,0,0,0,0,0,5,10.8,13.9,15.0,4.0,0.1,0.03,0.13,0.93,3,4,3,False,1,1,0
326,Adama,,MID,10,Fulham,,9,,,,,75,2,0,0,0,1,0,0,0,0,0,0,0,13,1.4,4.2,6.0,1.2,0.06,0.02,0.08,1.32,1,5,3,False,3,1,1
327,Andreas,,MID,10,Fulham,,9,,,,,0,0,0,0,0,0,0,0,0,0,0,0,0,0,0.0,0.0,0.0,0.0,0.0,0.0,0.0,0.0,0,0,3,False,0,0,0
328,Sessegnon,,MID,10,Fulham,,9,,,,,90,4,0,0,0,2,0,0,0,0,0,0,0,14,16.0,13.3,0.0,2.9,0.0,0.05,0.05,2.14,6,14,3,False,7,1,1
329,Wilson,,MID,10,Fulham,,9,,,,,0,0,0,0,0,0,0,0,0,0,0,0,0,0,0.0,0.0,0.0,0.0,0.0,0.0,0.0,0.0,0,0,3,False,0,0,0
330,Berge,,MID,10,Fulham,,9,,,,,90,2,0,0,0,2,0,0,0,0,0,0,0,15,14.0,12.7,9.0,3.6,0.04,0.02,0.06,2.14,4,7,3,False,3,1,0
331,Cairney,,MID,10,Fulham,,9,,,,,5,1,0,0,0,1,0,0,0,0,0,0,0,3,0.2,0.3,0.0,0.1,0.0,0.0,0.0,0.51,0,1,3,False,1,0,0
332,Lukić,,MID,10,Fulham,,9,,,,,84,9,1,0,0,1,0,0,0,0,0,0,2,34,41.8,27.5,35.0,10.4,0.53,0.07,0.6,1.63,2,8,3,False,3,1,3
333,Godo,,MID,10,Fulham,,9,,,,,0,0,0,0,0,0,0,0,0,0,0,0,0,0,0.0,0.0,0.0,0.0,0.0,0.0,0.0,0.0,0,0,3,False,0,0,0
334,Harris,,MID,10,Fulham,,9,,,,,0,0,0,0,0,0,0,0,0,0,0,0,0,0,0.0,0.0,0.0,0.0,0.0,0.0,0.0,0.0,0,0,3,False,0,0,0
335,King,,MID,10,Fulham,,9,,,,,14,1,0,0,0,1,0,0,0,0,0,0,0,3,4.4,0.0,0.0,0.4,0.0,0.0,0.0,0.82,0,3,3,False,1,0,2
336,Reed,,MID,10,Fulham,,9,,,,,0,0,0,0,0,0,0,0,0,0,0,0,0,0,0.0,0.0,0.0,0.0,0.0,0.0,0.0,0.0,0,0,3,False,0,0,0
337,Raúl,,FWD,10,Fulham,,9,,,,,90,5,0,1,0,2,0,0,0,0,0,0,0,15,10.2,4.1,72.0,8.6,0.71,0.03,0.74,2.14,0,5,4,False,3,1,2
338,Muniz,,FWD,10,Fulham,,9,,,,,0,0,0,0,0,0,0,0,0,0,0,0,0,0,0.0,0.0,0.0,0.0,0.0,0.0,0.0,0.0,0,0,4,False,0,0,0
339,Meslier,,GK,11,Leeds,,9,,,,,0,0,0,0,0,0,0,0,0,0,0,0,0,0,0.0,0.0,0.0,0.0,0.0,0.0,0.0,0.0,0,0,1,False,0,0,0
340,Cairns,,GK,11,Leeds,,9,,,,,0,0,0,0,0,0,0,0,0,0,0,0,0,0,0.0,0.0,0.0,0.0,0.0,0.0,0.0,0.0,0,0,1,False,0,0,0
341,Darlow,,GK,11,Leeds,,9,,,,,0,0,0,0,0,0,0,0,0,0,0,0,0,0,0.0,0.0,0.0,0.0,0.0,0.0,0.0,0.0,0,0,1,False,0,0,0
342,Bogle,,DEF,11,Leeds,,9,,,,,90,2,0,0,0,1,0,0,0,0,0,0,0,16,23.2,14.5,17.0,5.5,0.03,0.17,0.2,0.65,4,9,2,False,3,1,5
343,Struijk,,DEF,11,Leeds,,9,,,,,0,0,0,0,0,0,0,0,0,0,0,0,0,0,0.0,0.0,0.0,0.0,0.0,0.0,0.0,0.0,0,0,2,False,0,0,0
344,Bijol,,DEF,11,Leeds,,9,,,,,90,4,0,0,0,1,0,0,0,0,0,0,0,18,24.8,10.2,0.0,3.5,0.0,0.0,0.0,0.65,12,14,2,False,5,1,2
345,Bornauw,,DEF,11,Leeds,,9,,,,,0,0,0,0,0,0,0,0,0,0,0,0,0,0,0.0,0.0,0.0,0.0,0.0,0.0,0.0,0.0,0,0,2,False,0,0,0
346,Byram,,DEF,11,Leeds,,9,,,,,0,0,0,0,0,0,0,0,0,0,0,0,0,0,0.0,0.0,0.0,0.0,0.0,0.0,0.0,0.0,0,0,2,False,0,0,0
347,Gudmundsson,,DEF,11,Leeds,,9,,,,,43,1,0,0,0,0,0,0,0,0,0,0,0,7,9.0,14.2,2.0,2.5,0.0,0.11,0.11,0.1,4,4,2,False,0,1,0
348,Rodon,,DEF,11,Leeds,,9,,,,,90,13,1,0,0,1,0,0,0,0,0,0,3,35,61.6,10.1,33.0,10.5,0.25,0.0,0.25,0.65,10,11,2,True,4,1,1
349,Schmidt,,DEF,11,Leeds,,9,,,,,0,0,0,0,0,0,0,0,0,0,0,0,0,0,0.0,0.0,0.0,0.0,0.0,0.0,0.0,0.0,0,0,2,False,0,0,0
350,Aaronson,,MID,11,Leeds,,9,,,,,86,11,1,0,1,0,0,0,0,0,0,0,3,35,53.0,32.5,40.0,12.6,0.57,0.26,0.83,0.58,2,9,3,True,4,1,3
351,Gnonto,,MID,11,Leeds,,9,,,,,0,0,0,0,0,0,0,0,0,0,0,0,0,0,0.0,0.0,0.0,0.0,0.0,0.0,0.0,0.0,0,0,3,False,0,0,0
352,Harrison,,MID,11,Leeds,,9,,,,,45,1,0,0,0,1,0,0,0,0,0,0,0,7,7.8,2.9,9.0,2.0,0.08,0.01,0.09,0.31,1,3,3,False,1,0,1
353,James,,MID,11,Leeds,,9,,,,,3,1,0,0,0,1,0,0,0,0,0,0,0,3,0.0,0.0,0.0,0.0,0.0,0.0,0.0,0.07,0,0,3,False,0,0,0
354,Ampadu,,MID,11,Leeds,,9,,,,,90,4,0,0,0,1,0,0,0,0,0,0,0,12,15.6,15.1,6.0,3.7,0.23,0.01,0.24,0.65,7,14,3,False,5,1,2
355,Greenwood,,MID,11,Leeds,,9,,,,,0,0,0,0,0,0,0,0,0,0,0,0,0,0,0.0,0.0,0.0,0.0,0.0,0.0,0.0,0.0,0,0,3,False,0,0,0
356,Gruev,,MID,11,Leeds,,9,,,,,18,0,0,0,0,1,0,0,0,1,0,0,0,2,0.4,0.3,0.0,0.1,0.0,0.0,0.0,0.22,0,3,3,False,2,0,1
357,Ramazani,,MID,11,Leeds,,9,,,,,0,0,0,0,0,0,0,0,0,0,0,0,0,0,0.0,0.0,0.0,0.0,0.0,0.0,0.0,0.0,0,0,3,False,0,0,0
358,Tanaka,,MID,11,Leeds,,9,,,,,71,3,0,0,1,0,0,0,0,0,0,0,0,3,0.0,0.9,1.0,0.0,0.07,0.01,0.08,0.43,1,3,3,False,2,1,0
359,Crew,,MID,11,Leeds,,9,,,,,0,0,0,0,0,0,0,0,0,0,0,0,0,0,0.0,0.0,0.0,0.0,0.0,0.0,0.0,0.0,0,0,3,False,0,0,0
360,Gelhardt,,MID,11,Leeds,,9,,,,,0,0,0,0,0,0,0,0,0,0,0,0,0,0,0.0,0.0,0.0,0.0,0.0,0.0,0.0,0.0,0,0,3,False,0,0,0
361,Gyabi,,MID,11,Leeds,,9,,,,,0,0,0,0,0,0,0,0,0,0,0,0,0,0,0.0,0.0,0.0,0.0,0.0,0.0,0.0,0.0,0,0,3,False,0,0,0
362,Piroe,,FWD,11,Leeds,,9,,,,,0,0,0,0,0,0,0,0,0,0,0,0,0,0,0.0,0.0,0.0,0.0,0.0,0.0,0.0,0.0,0,0,4,False,0,0,0
363,Bamford,,FWD,11,Leeds,,9,,,,,0,0,0,0,0,0,0,0,0,0,0,0,0,0,0.0,0.0,0.0,0.0,0.0,0.0,0.0,0.0,0,0,4,False,0,0,0
364,Mateo Joseph,,FWD,11,Leeds,,9,,,,,0,0,0,0,0,0,0,0,0,0,0,0,0,0,0.0,0.0,0.0,0.0,0.0,0.0,0.0,0.0,0,0,4,False,0,0,0
365,Nmecha,,FWD,11,Leeds,,9,,,,,3,1,0,0,0,1,0,0,0,0,0,0,0,4,0.0,0.3,0.0,0.0,0.0,0.0,0.0,0.07,0,0,4,False,0,0,0
366,A.Becker,,GK,12,Liverpool,,9,,,,,0,0,0,0,0,0,0,0,0,0,0,0,0,0,0.0,0.0,0.0,0.0,0.0,0.0,0.0,0.0,0,0,1,False,0,0,0
367,Mamardashvili,,GK,12,Liverpool,,9,,,,,90,2,0,0,0,3,0,0,0,0,0,5,0,11,38.4,0.0,0.0,3.8,0.0,0.0,0.0,2.75,3,0,1,False,10,1,0
368,Pécsi,,GK,12,Liverpool,,9,,,,,0,0,0,0,0,0,0,0,0,0,0,0,0,0,0.0,0.0,0.0,0.0,0.0,0.0,0.0,0.0,0,0,1,False,0,0,0
369,Woodman,,GK,12,Liverpool,,9,,,,,0,0,0,0,0,0,0,0,0,0,0,0,0,0,0.0,0.0,0.0,0.0,0.0,0.0,0.0,0.0,0,0,1,False,0,0,0
370,Frimpong,,DEF,12,Liverpool,,9,,,,,0,0,0,0,0,0,0,0,0,0,0,0,0,0,0.0,0.0,0.0,0.0,0.0,0.0,0.0,0.0,0,0,2,False,0,0,0
371,Kerkez,,DEF,12,Liverpool,,9,,,,,60,6,1,0,0,3,0,0,0,1,0,0,0,11,41.8,7.0,35.0,8.4,0.6,0.02,0.62,2.37,3,4,2,False,1,1,1
372,Robertson,,DEF,12,Liverpool,,9,,,,,29,1,0,0,0,0,0,0,0,0,0,0,0,7,6.4,1.0,2.0,0.9,0.0,0.01,0.01,0.39,2,3,2,False,3,0,1
373,Virgil,,DEF,12,Liverpool,,9,,,,,90,3,0,0,0,3,0,0,0,0,0,0,0,7,29.4,13.6,8.0,5.1,0.0,0.03,0.03,2.75,14,16,2,False,3,1,2
374,Konaté,,DEF,12,Liverpool,,9,,,,,90,3,0,0,0,3,0,0,0,0,0,0,0,8,25.4,11.8,4.0,4.1,0.0,0.01,0.01,2.75,6,10,2,False,2,1,4
375,Bradley,,DEF,12,Liverpool,,9,,,,,61,4,0,1,0,3,0,0,0,0,0,0,0,9,13.8,3.2,0.0,1.7,0.0,0.02,0.02,2.37,3,5,2,False,3,1,2
376,Gomez,,DEF,12,Liverpool,,9,,,,,7,1,0,0,0,0,0,0,0,0,0,0,0,2,0.0,0.3,6.0,0.5,0.13,0.07,0.2,0.21,0,0,2,False,0,0,0
377,Tsimikas,,DEF,12,Liverpool,,9,,,,,0,0,0,0,0,0,0,0,0,0,0,0,0,0,0.0,0.0,0.0,0.0,0.0,0.0,0.0,0.0,0,0,2,False,0,0,0
378,Nallo,,DEF,12,Liverpool,,9,,,,,0,0,0,0,0,0,0,0,0,0,0,0,0,0,0.0,0.0,0.0,0.0,0.0,0.0,0.0,0.0,0,0,2,False,0,0,0
379,R.Williams,,DEF,12,Liverpool,,9,,,,,0,0,0,0,0,0,0,0,0,0,0,0,0,0,0.0,0.0,0.0,0.0,0.0,0.0,0.0,0.0,0,0,2,False,0,0,0
380,Ramsay,,DEF,12,Liverpool,,9,,,,,0,0,0,0,0,0,0,0,0,0,0,0,0,0,0.0,0.0,0.0,0.0,0.0,0.0,0.0,0.0,0,0,2,False,0,0,0
381,M.Salah,,MID,12,Liverpool,,9,,,,,90,6,1,0,0,3,0,0,0,1,0,0,0,15,34.8,15.5,57.0,10.7,0.68,0.06,0.74,2.75,1,2,3,False,1,1,0
382,Wirtz,,MID,12,Liverpool,,9,,,,,82,2,0,0,0,3,0,0,0,0,0,0,0,11,6.2,18.1,8.0,3.2,0.18,0.13,0.31,2.54,1,6,3,False,4,1,1
383,Luis Díaz,,MID,12,Liverpool,,9,,,,,0,0,0,0,0,0,0,0,0,0,0,0,0,0,0.0,0.0,0.0,0.0,0.0,0.0,0.0,0.0,0,0,3,False,0,0,0
384,Gakpo,,MID,12,Liverpool,,9,,,,,60,2,0,0,0,3,0,0,0,0,0,0,0,14,3.6,33.1,3.0,4.0,0.04,0.48,0.52,2.37,0,1,3,False,1,1,0
385,Chiesa,,MID,12,Liverpool,,9,,,,,29,1,0,0,0,0,0,0,0,0,0,0,0,6,6.6,1.0,9.0,1.7,0.08,0.01,0.09,0.39,1,4,3,False,1,0,2
386,Mac Allister,,MID,12,Liverpool,,9,,,,,28,1,0,0,0,0,0,0,0,0,0,0,0,5,10.0,19.0,5.0,3.4,0.17,0.06,0.23,0.39,2,5,3,False,2,0,1
387,Szoboszlai,,MID,12,Liverpool,,9,,,,,90,10,0,1,0,3,0,0,0,0,0,0,3,37,59.4,43.0,13.0,11.5,0.03,0.23,0.26,2.75,6,22,3,False,10,1,6
388,C.Jones,,MID,12,Liverpool,,9,,,,,69,2,0,0,0,3,0,0,0,0,0,0,0,20,15.4,6.8,9.0,3.1,0.04,0.05,0.09,2.54,1,11,3,False,9,1,1
389,Elliott,,MID,2,Aston Villa,,9,,,,,0,0,0,0,0,0,0,0,0,0,0,0,0,0,0.0,0.0,0.0,0.0,0.0,0.0,0.0,0.0,0,0,3,False,0,0,0
390,Gravenberch,,MID,12,Liverpool,,9,,,,,0,0,0,0,0,0,0,0,0,0,0,0,0,0,0.0,0.0,0.0,0.0,0.0,0.0,0.0,0.0,0,0,3,False,0,0,0
391,Gannon-Doak,,MID,4,Bournemouth,,9,,,,,0,0,0,0,0,0,0,0,0,0,0,0,0,0,0.0,0.0,0.0,0.0,0.0,0.0,0.0,0.0,0,0,3,False,0,0,0
392,Endo,,MID,12,Liverpool,,9,,,,,0,0,0,0,0,0,0,0,0,0,0,0,0,0,0.0,0.0,0.0,0.0,0.0,0.0,0.0,0.0,0,0,3,False,0,0,0
393,Bajcetic,,MID,12,Liverpool,,9,,,,,0,0,0,0,0,0,0,0,0,0,0,0,0,0,0.0,0.0,0.0,0.0,0.0,0.0,0.0,0.0,0,0,3,False,0,0,0
394,McConnell,,MID,12,Liverpool,,9,,,,,0,0,0,0,0,0,0,0,0,0,0,0,0,0,0.0,0.0,0.0,0.0,0.0,0.0,0.0,0.0,0,0,3,False,0,0,0
395,Morton,,MID,12,Liverpool,,9,,,,,0,0,0,0,0,0,0,0,0,0,0,0,0,0,0.0,0.0,0.0,0.0,0.0,0.0,0.0,0.0,0,0,3,False,0,0,0
396,Nyoni,,MID,12,Liverpool,,9,,,,,0,0,0,0,0,0,0,0,0,0,0,0,0,0,0.0,0.0,0.0,0.0,0.0,0.0,0.0,0.0,0,0,3,False,0,0,0
397,Darwin,,FWD,12,Liverpool,,9,,,,,0,0,0,0,0,0,0,0,0,0,0,0,0,0,0.0,0.0,0.0,0.0,0.0,0.0,0.0,0.0,0,0,4,False,0,0,0
398,Danns,,FWD,12,Liverpool,,9,,,,,0,0,0,0,0,0,0,0,0,0,0,0,0,0,0.0,0.0,0.0,0.0,0.0,0.0,0.0,0.0,0,0,4,False,0,0,0
399,Ederson M.,,GK,13,Man City,,9,,,,,0,0,0,0,0,0,0,0,0,0,0,0,0,0,0.0,0.0,0.0,0.0,0.0,0.0,0.0,0.0,0,0,1,False,0,0,0
400,Ortega Moreno,,GK,13,Man City,,9,,,,,0,0,0,0,0,0,0,0,0,0,0,0,0,0,0.0,0.0,0.0,0.0,0.0,0.0,0.0,0.0,0,0,1,False,0,0,0
401,Bettinelli,,GK,13,Man City,,9,,,,,0,0,0,0,0,0,0,0,0,0,0,0,0,0,0.0,0.0,0.0,0.0,0.0,0.0,0.0,0.0,0,0,1,False,0,0,0
402,Aït-Nouri,,DEF,13,Man City,,9,,,,,0,0,0,0,0,0,0,0,0,0,0,0,0,0,0.0,0.0,0.0,0.0,0.0,0.0,0.0,0.0,0,0,2,False,0,0,0
403,Gvardiol,,DEF,13,Man City,,9,,,,,90,2,0,0,0,1,0,0,0,0,0,0,0,6,4.6,5.3,10.0,2.0,0.07,0.05,0.12,0.81,2,3,2,False,5,1,1
404,Akanji,,DEF,13,Man City,,9,,,,,0,0,0,0,0,0,0,0,0,0,0,0,0,0,0.0,0.0,0.0,0.0,0.0,0.0,0.0,0.0,0,0,2,False,0,0,0
405,Aké,,DEF,13,Man City,,9,,,,,0,0,0,0,0,0,0,0,0,0,0,0,0,0,0.0,0.0,0.0,0.0,0.0,0.0,0.0,0.0,0,0,2,False,0,0,0
406,Khusanov,,DEF,13,Man City,,9,,,,,0,0,0,0,0,0,0,0,0,0,0,0,0,0,0.0,0.0,0.0,0.0,0.0,0.0,0.0,0.0,0,0,2,False,0,0,0
407,Matheus N.,,DEF,13,Man City,,9,,,,,90,2,0,0,0,1,0,0,0,0,0,0,0,16,17.2,8.4,1.0,2.7,0.03,0.04,0.07,0.81,5,7,2,False,5,1,2
408,Rúben,,DEF,13,Man City,,9,,,,,90,4,0,0,0,1,0,0,0,0,0,0,0,14,39.6,13.3,10.0,6.3,0.13,0.02,0.15,0.81,12,12,2,False,2,1,0
409,Stones,,DEF,13,Man City,,9,,,,,60,2,0,0,0,1,0,0,0,0,0,0,0,3,15.8,13.5,0.0,2.9,0.0,0.02,0.02,0.54,3,3,2,False,2,1,0
410,Lewis,,DEF,13,Man City,,9,,,,,0,0,0,0,0,0,0,0,0,0,0,0,0,0,0.0,0.0,0.0,0.0,0.0,0.0,0.0,0.0,0,0,2,False,0,0,0
411,O’Reilly,,DEF,13,Man City,,9,,,,,29,1,0,0,0,0,0,0,0,0,0,0,0,1,8.6,11.1,17.0,3.7,0.13,0.07,0.2,0.27,1,4,2,False,1,0,3
412,Vitor Reis,,DEF,13,Man City,,9,,,,,0,0,0,0,0,0,0,0,0,0,0,0,0,0,0.0,0.0,0.0,0.0,0.0,0.0,0.0,0.0,0,0,2,False,0,0,0
413,Marmoush,,MID,13,Man City,,9,,,,,6,1,0,0,0,0,0,0,0,0,0,0,0,2,0.0,0.3,0.0,0.0,0.0,0.0,0.0,0.0,0,0,3,False,0,0,0
414,Foden,,MID,13,Man City,,9,,,,,90,1,0,0,0,1,0,0,0,1,0,0,0,20,22.8,98.9,16.0,13.8,0.27,0.3,0.57,0.81,0,6,3,False,4,1,2
415,Savinho,,MID,13,Man City,,9,,,,,83,1,0,0,0,1,0,0,0,1,0,0,0,1,5.6,9.9,17.0,3.3,0.07,0.1,0.17,0.81,1,8,3,False,5,1,2
416,Bernardo,,MID,13,Man City,,9,,,,,60,2,0,0,0,1,0,0,0,0,0,0,0,12,3.4,14.8,4.0,2.2,0.0,0.13,0.13,0.54,2,6,3,False,4,1,0
417,Cherki,,MID,13,Man City,,9,,,,,14,1,0,0,0,0,0,0,0,0,0,0,0,6,4.8,15.3,2.0,2.2,0.07,0.05,0.12,0.0,0,0,3,False,0,0,0
418,Doku,,MID,13,Man City,,9,,,,,29,1,0,0,0,0,0,0,0,0,0,0,0,6,6.8,16.8,2.0,2.6,0.0,0.24,0.24,0.27,1,3,3,False,2,0,0
419,Grealish,,MID,9,Everton,,9,,,,,90,1,0,0,0,3,0,0,0,1,0,0,0,13,14.6,34.9,20.0,7.0,0.15,0.09,0.24,2.08,3,10,3,False,6,1,1
420,Gündoğan,,MID,13,Man City,,9,,,,,0,0,0,0,0,0,0,0,0,0,0,0,0,0,0.0,0.0,0.0,0.0,0.0,0.0,0.0,0.0,0,0,3,False,0,0,0
421,Rodrigo,,MID,13,Man City,,9,,,,,0,0,0,0,0,0,0,0,0,0,0,0,0,0,0.0,0.0,0.0,0.0,0.0,0.0,0.0,0.0,0,0,3,False,0,0,0
422,Kovačić,,MID,13,Man City,,9,,,,,0,0,0,0,0,0,0,0,0,0,0,0,0,0,0.0,0.0,0.0,0.0,0.0,0.0,0.0,0.0,0,0,3,False,0,0,0
423,N.Gonzalez,,MID,13,Man City,,9,,,,,29,0,0,0,0,0,0,0,0,1,0,0,0,3,4.4,3.3,7.0,1.5,0.12,0.02,0.14,0.27,1,6,3,False,3,0,2
424,Bobb,,MID,13,Man City,,9,,,,,60,2,0,0,0,1,0,0,0,0,0,0,0,8,7.6,12.3,2.0,2.2,0.0,0.02,0.02,0.54,2,6,3,False,2,1,2
425,Echeverri,,MID,13,Man City,,9,,,,,0,0,0,0,0,0,0,0,0,0,0,0,0,0,0.0,0.0,0.0,0.0,0.0,0.0,0.0,0.0,0,0,3,False,0,0,0
426,McAtee,,MID,16,Nott'm Forest,,9,,,,,0,0,0,0,0,0,0,0,0,0,0,0,0,0,0.0,0.0,0.0,0.0,0.0,0.0,0.0,0.0,0,0,3,False,0,0,0
427,Reijnders,,MID,13,Man City,,9,,,,,75,1,0,0,0,1,0,0,0,1,0,0,0,-1,0.0,4.3,5.0,0.4,0.07,0.03,0.1,0.81,1,3,3,False,2,1,0
428,Nypan,,MID,13,Man City,,9,,,,,0,0,0,0,0,0,0,0,0,0,0,0,0,0,0.0,0.0,0.0,0.0,0.0,0.0,0.0,0.0,0,0,3,False,0,0,0
429,Phillips,,MID,13,Man City,,9,,,,,0,0,0,0,0,0,0,0,0,0,0,0,0,0,0.0,0.0,0.0,0.0,0.0,0.0,0.0,0.0,0,0,3,False,0,0,0
430,Haaland,,FWD,13,Man City,,9,,,,,90,2,0,0,0,1,0,0,0,0,0,0,0,9,15.2,2.6,53.0,7.1,0.23,0.01,0.24,0.81,3,3,4,False,0,1,0
431,Bayindir,,GK,14,Man Utd,,9,,,,,0,0,0,0,0,0,0,0,0,0,0,0,0,0,0.0,0.0,0.0,0.0,0.0,0.0,0.0,0.0,0,0,1,False,0,0,0
432,Onana,,GK,14,Man Utd,,9,,,,,0,0,0,0,0,0,0,0,0,0,0,0,0,0,0.0,0.0,0.0,0.0,0.0,0.0,0.0,0.0,0,0,1,False,0,0,0
433,Harrison,,GK,14,Man Utd,,9,,,,,0,0,0,0,0,0,0,0,0,0,0,0,0,0,0.0,0.0,0.0,0.0,0.0,0.0,0.0,0.0,0,0,1,False,0,0,0
434,Heaton,,GK,14,Man Utd,,9,,,,,0,0,0,0,0,0,0,0,0,0,0,0,0,0,0.0,0.0,0.0,0.0,0.0,0.0,0.0,0.0,0,0,1,False,0,0,0
435,Mee,,GK,14,Man Utd,,9,,,,,0,0,0,0,0,0,0,0,0,0,0,0,0,0,0.0,0.0,0.0,0.0,0.0,0.0,0.0,0.0,0,0,1,False,0,0,0
436,De Ligt,,DEF,14,Man Utd,,9,,,,,90,1,0,0,0,2,0,0,0,0,0,0,0,9,17.8,1.4,0.0,1.9,0.0,0.0,0.0,1.12,8,8,2,False,5,1,0
437,Martinez,,DEF,14,Man Utd,,9,,,,,0,0,0,0,0,0,0,0,0,0,0,0,0,0,0.0,0.0,0.0,0.0,0.0,0.0,0.0,0.0,0,0,2,False,0,0,0
438,Mazraoui,,DEF,14,Man Utd,,9,,,,,0,0,0,0,0,0,0,0,0,0,0,0,0,0,0.0,0.0,0.0,0.0,0.0,0.0,0.0,0.0,0,0,2,False,0,0,0
439,D.Leon,,DEF,14,Man Utd,,9,,,,,0,0,0,0,0,0,0,0,0,0,0,0,0,0,0.0,0.0,0.0,0.0,0.0,0.0,0.0,0.0,0,0,2,False,0,0,0
440,Dalot,,DEF,14,Man Utd,,9,,,,,90,1,0,0,0,2,0,0,0,0,0,0,0,4,9.6,15.2,1.0,2.6,0.03,0.08,0.11,1.12,2,4,2,False,4,1,2
441,Dorgu,,DEF,14,Man Utd,,9,,,,,20,-1,0,0,0,2,0,0,0,1,0,0,0,-7,3.4,0.8,0.0,0.4,0.0,0.0,0.0,0.56,0,2,2,False,1,0,2
442,Maguire,,DEF,14,Man Utd,,9,,,,,0,0,0,0,0,0,0,0,0,0,0,0,0,0,0.0,0.0,0.0,0.0,0.0,0.0,0.0,0.0,0,0,2,False,0,0,0
443,Shaw,,DEF,14,Man Utd,,9,,,,,64,9,0,1,1,0,0,0,0,0,0,0,0,31,21.8,11.4,0.0,3.3,0.0,0.0,0.0,0.56,1,2,2,False,2,1,1
444,Yoro,,DEF,14,Man Utd,,9,,,,,90,1,0,0,0,2,0,0,0,0,0,0,0,8,12.8,2.8,0.0,1.6,0.0,0.01,0.01,1.12,5,6,2,False,4,1,1
445,Amass,,DEF,14,Man Utd,,9,,,,,0,0,0,0,0,0,0,0,0,0,0,0,0,0,0.0,0.0,0.0,0.0,0.0,0.0,0.0,0.0,0,0,2,False,0,0,0
446,Fredricson,,DEF,14,Man Utd,,9,,,,,0,0,0,0,0,0,0,0,0,0,0,0,0,0,0.0,0.0,0.0,0.0,0.0,0.0,0.0,0.0,0,0,2,False,0,0,0
447,Heaven,,DEF,14,Man Utd,,9,,,,,25,3,0,1,0,2,0,0,0,0,0,0,0,11,26.6,10.3,0.0,3.7,0.0,0.08,0.08,0.56,2,3,2,False,1,0,1
448,Malacia,,DEF,14,Man Utd,,9,,,,,0,0,0,0,0,0,0,0,0,0,0,0,0,0,0.0,0.0,0.0,0.0,0.0,0.0,0.0,0.0,0,0,2,False,0,0,0
449,B.Fernandes,,MID,14,Man Utd,,9,,,,,90,4,0,0,0,2,0,0,0,0,0,0,0,27,30.8,30.7,48.0,11.0,0.38,0.19,0.57,1.12,5,15,3,False,7,1,3
450,Cunha,,MID,14,Man Utd,,9,,,,,81,8,1,0,0,1,0,0,0,0,0,0,1,41,51.2,26.7,18.0,9.6,0.09,0.3,0.39,0.8,2,8,3,False,3,1,3
451,Rashford,,MID,14,Man Utd,,9,,,,,0,0,0,0,0,0,0,0,0,0,0,0,0,0,0.0,0.0,0.0,0.0,0.0,0.0,0.0,0.0,0,0,3,False,0,0,0
452,Amad,,MID,14,Man Utd,,9,,,,,69,3,0,0,1,0,0,0,0,0,0,0,0,11,2.2,5.6,8.0,1.6,0.0,0.01,0.01,0.56,1,5,3,False,4,1,0
453,Garnacho,,MID,7,Chelsea,,9,,,,,57,6,1,0,0,1,0,0,0,0,0,0,0,18,31.0,4.3,61.0,9.6,0.22,0.04,0.26,1.02,1,2,3,False,1,1,0
454,Antony,,MID,14,Man Utd,,9,,,,,0,0,0,0,0,0,0,0,0,0,0,0,0,0,0.0,0.0,0.0,0.0,0.0,0.0,0.0,0.0,0,0,3,False,0,0,0
455,Mount,,MID,14,Man Utd,,9,,,,,0,0,0,0,0,0,0,0,0,0,0,0,0,0,0.0,0.0,0.0,0.0,0.0,0.0,0.0,0.0,0,0,3,False,0,0,0
456,Sancho,,MID,2,Aston Villa,,9,,,,,44,1,0,0,0,0,0,0,0,0,0,0,0,2,8.0,2.3,56.0,6.6,0.27,0.02,0.29,0.45,1,2,3,False,1,0,0
457,Casemiro,,MID,14,Man Utd,,9,,,,,69,15,1,1,1,0,0,0,0,0,0,0,2,43,65.8,16.7,9.0,9.2,0.02,0.02,0.04,0.56,4,12,3,True,5,1,3
458,Mainoo,,MID,14,Man Utd,,9,,,,,20,1,0,0,0,2,0,0,0,0,0,0,0,3,5.6,12.1,2.0,2.0,0.0,0.01,0.01,0.56,1,4,3,False,2,0,1
459,Ugarte,,MID,14,Man Utd,,9,,,,,9,1,0,0,0,1,0,0,0,0,0,0,0,6,5.6,0.8,0.0,0.6,0.0,0.0,0.0,0.32,1,5,3,False,2,0,2
460,Collyer,,MID,14,Man Utd,,9,,,,,0,0,0,0,0,0,0,0,0,0,0,0,0,0,0.0,0.0,0.0,0.0,0.0,0.0,0.0,0.0,0,0,3,False,0,0,0
461,Fitzgerald,,MID,14,Man Utd,,9,,,,,0,0,0,0,0,0,0,0,0,0,0,0,0,0,0.0,0.0,0.0,0.0,0.0,0.0,0.0,0.0,0,0,3,False,0,0,0
462,J.Fletcher,,MID,14,Man Utd,,9,,,,,0,0,0,0,0,0,0,0,0,0,0,0,0,0,0.0,0.0,0.0,0.0,0.0,0.0,0.0,0.0,0,0,3,False,0,0,0
463,Kone,,MID,14,Man Utd,,9,,,,,0,0,0,0,0,0,0,0,0,0,0,0,0,0,0.0,0.0,0.0,0.0,0.0,0.0,0.0,0.0,0,0,3,False,0,0,0
464,Moorhouse,,MID,14,Man Utd,,9,,,,,0,0,0,0,0,0,0,0,0,0,0,0,0,0,0.0,0.0,0.0,0.0,0.0,0.0,0.0,0.0,0,0,3,False,0,0,0
465,Højlund,,FWD,14,Man Utd,,9,,,,,0,0,0,0,0,0,0,0,0,0,0,0,0,0,0.0,0.0,0.0,0.0,0.0,0.0,0.0,0.0,0,0,4,False,0,0,0
466,Zirkzee,,FWD,14,Man Utd,,9,,,,,8,1,0,0,0,1,0,0,0,0,0,0,0,3,5.2,1.1,2.0,0.8,0.0,0.0,0.0,0.32,0,2,4,False,0,0,2
467,Obi,,FWD,14,Man Utd,,9,,,,,0,0,0,0,0,0,0,0,0,0,0,0,0,0,0.0,0.0,0.0,0.0,0.0,0.0,0.0,0.0,0,0,4,False,0,0,0
468,Wheatley,,FWD,14,Man Utd,,9,,,,,0,0,0,0,0,0,0,0,0,0,0,0,0,0,0.0,0.0,0.0,0.0,0.0,0.0,0.0,0.0,0,0,4,False,0,0,0
469,Pope,,GK,15,Newcastle,,9,,,,,90,3,0,0,0,1,0,0,0,0,0,4,0,14,27.4,0.0,0.0,2.7,0.0,0.0,0.0,1.53,0,0,1,False,7,1,0
470,Dúbravka,,GK,3,Burnley,,9,,,,,90,2,0,0,0,2,0,0,0,0,0,5,0,16,40.0,0.0,0.0,4.0,0.0,0.0,0.0,2.52,1,0,1,False,12,1,0
471,Gillespie,,GK,15,Newcastle,,9,,,,,0,0,0,0,0,0,0,0,0,0,0,0,0,0,0.0,0.0,0.0,0.0,0.0,0.0,0.0,0.0,0,0,1,False,0,0,0
472,Odysseas,,GK,15,Newcastle,,9,,,,,0,0,0,0,0,0,0,0,0,0,0,0,0,0,0.0,0.0,0.0,0.0,0.0,0.0,0.0,0.0,0,0,1,False,0,0,0
473,Hall,,DEF,15,Newcastle,,9,,,,,0,0,0,0,0,0,0,0,0,0,0,0,0,0,0.0,0.0,0.0,0.0,0.0,0.0,0.0,0.0,0,0,2,False,0,0,0
474,Schär,,DEF,15,Newcastle,,9,,,,,29,1,0,0,0,0,0,0,0,0,0,0,0,8,19.4,0.3,0.0,2.0,0.0,0.01,0.01,0.18,7,8,2,False,2,0,1
475,Botman,,DEF,15,Newcastle,,9,,,,,60,2,0,0,0,1,0,0,0,0,0,0,0,3,8.2,0.0,6.0,1.4,0.0,0.0,0.0,1.35,4,4,2,False,1,1,0
476,Burn,,DEF,15,Newcastle,,9,,,,,90,2,0,0,0,1,0,0,0,0,0,0,0,1,3.0,1.1,4.0,0.8,0.0,0.01,0.01,1.53,1,2,2,False,3,1,1
477,Livramento,,DEF,15,Newcastle,,9,,,,,0,0,0,0,0,0,0,0,0,0,0,0,0,0,0.0,0.0,0.0,0.0,0.0,0.0,0.0,0.0,0,0,2,False,0,0,0
478,Trippier,,DEF,15,Newcastle,,9,,,,,90,2,0,0,0,1,0,0,0,0,0,0,0,19,24.2,31.2,0.0,5.5,0.0,0.26,0.26,1.53,6,8,2,False,5,1,2
479,Krafth,,DEF,15,Newcastle,,9,,,,,0,0,0,0,0,0,0,0,0,0,0,0,0,0,0.0,0.0,0.0,0.0,0.0,0.0,0.0,0.0,0,0,2,False,0,0,0
480,Lascelles,,DEF,15,Newcastle,,9,,,,,0,0,0,0,0,0,0,0,0,0,0,0,0,0,0.0,0.0,0.0,0.0,0.0,0.0,0.0,0.0,0,0,2,False,0,0,0
481,A.Murphy,,DEF,15,Newcastle,,9,,,,,0,0,0,0,0,0,0,0,0,0,0,0,0,0,0.0,0.0,0.0,0.0,0.0,0.0,0.0,0.0,0,0,2,False,0,0,0
482,Ashby,,DEF,15,Newcastle,,9,,,,,0,0,0,0,0,0,0,0,0,0,0,0,0,0,0.0,0.0,0.0,0.0,0.0,0.0,0.0,0.0,0,0,2,False,0,0,0
483,Pivas,,DEF,15,Newcastle,,9,,,,,0,0,0,0,0,0,0,0,0,0,0,0,0,0,0.0,0.0,0.0,0.0,0.0,0.0,0.0,0.0,0,0,2,False,0,0,0
484,Targett,,DEF,15,Newcastle,,9,,,,,0,0,0,0,0,0,0,0,0,0,0,0,0,0,0.0,0.0,0.0,0.0,0.0,0.0,0.0,0.0,0,0,2,False,0,0,0
485,Gordon,,MID,15,Newcastle,,9,,,,,75,2,0,0,0,1,0,0,0,0,0,0,0,12,3.4,28.7,10.0,4.2,0.0,0.42,0.42,1.53,0,4,3,False,4,1,0
486,Elanga,,MID,15,Newcastle,,9,,,,,14,1,0,0,0,0,0,0,0,0,0,0,0,5,7.4,20.3,9.0,3.7,0.17,0.07,0.24,0.0,1,1,3,False,0,0,0
487,Barnes,,MID,15,Newcastle,,9,,,,,29,1,0,0,0,0,0,0,0,0,0,0,0,6,5.0,16.8,8.0,3.0,0.0,0.05,0.05,0.18,0,0,3,False,0,0,0
488,Bruno G.,,MID,15,Newcastle,,9,,,,,90,10,1,0,0,1,0,0,0,0,0,0,3,39,46.0,46.9,25.0,11.8,0.8,0.1,0.9,1.53,0,9,3,False,6,1,3
489,J.Murphy,,MID,15,Newcastle,,9,,,,,60,8,1,0,0,1,0,0,0,0,0,0,1,30,41.0,3.8,57.0,10.2,0.49,0.03,0.52,1.35,0,4,3,False,3,1,1
490,Joelinton,,MID,15,Newcastle,,9,,,,,90,4,0,0,0,1,0,0,0,0,0,0,0,18,22.2,27.0,11.0,6.0,0.07,0.03,0.1,1.53,3,13,3,False,6,1,4
491,Tonali,,MID,15,Newcastle,,9,,,,,29,1,0,0,0,0,0,0,0,0,0,0,0,7,8.6,1.8,24.0,3.4,0.08,0.01,0.09,0.18,1,3,3,False,2,0,0
492,Antoñito C.,,MID,15,Newcastle,,9,,,,,0,0,0,0,0,0,0,0,0,0,0,0,0,0,0.0,0.0,0.0,0.0,0.0,0.0,0.0,0.0,0,0,3,False,0,0,0
493,Longstaff,,MID,11,Leeds,,9,,,,,90,6,0,1,0,1,0,0,0,0,0,0,1,27,32.4,15.8,0.0,4.8,0.0,0.18,0.18,0.65,2,10,3,False,4,1,4
494,Willock,,MID,15,Newcastle,,9,,,,,0,0,0,0,0,0,0,0,0,0,0,0,0,0,0.0,0.0,0.0,0.0,0.0,0.0,0.0,0.0,0,0,3,False,0,0,0
495,Hayden,,MID,15,Newcastle,,9,,,,,0,0,0,0,0,0,0,0,0,0,0,0,0,0,0.0,0.0,0.0,0.0,0.0,0.0,0.0,0.0,0,0,3,False,0,0,0
496,Kuol,,MID,15,Newcastle,,9,,,,,0,0,0,0,0,0,0,0,0,0,0,0,0,0,0.0,0.0,0.0,0.0,0.0,0.0,0.0,0.0,0,0,3,False,0,0,0
497,L.Miley,,MID,15,Newcastle,,9,,,,,60,2,0,0,0,1,0,0,0,0,0,0,0,5,0.2,2.5,2.0,0.5,0.0,0.01,0.01,1.35,2,4,3,False,2,1,0
498,White,,MID,15,Newcastle,,9,,,,,0,0,0,0,0,0,0,0,0,0,0,0,0,0,0.0,0.0,0.0,0.0,0.0,0.0,0.0,0.0,0,0,3,False,0,0,0
499,Isak,,FWD,12,Liverpool,,9,,,,,0,0,0,0,0,0,0,0,0,0,0,0,0,0,0.0,0.0,0.0,0.0,0.0,0.0,0.0,0.0,0,0,4,False,0,0,0
500,Osula,,FWD,15,Newcastle,,9,,,,,4,4,0,1,0,0,0,0,0,0,0,0,0,13,3.0,0.0,12.0,1.5,0.13,0.0,0.13,0.0,0,2,4,False,2,0,0
501,Neave,,FWD,15,Newcastle,,9,,,,,0,0,0,0,0,0,0,0,0,0,0,0,0,0,0.0,0.0,0.0,0.0,0.0,0.0,0.0,0.0,0,0,4,False,0,0,0
502,Sels,,GK,16,Nott'm Forest,,9,,,,,90,2,0,0,0,2,0,0,0,0,0,3,0,3,15.2,0.0,0.0,1.5,0.0,0.01,0.01,0.59,1,0,1,False,3,1,0
503,C.Miguel,,GK,16,Nott'm Forest,,9,,,,,0,0,0,0,0,0,0,0,0,0,0,0,0,0,0.0,0.0,0.0,0.0,0.0,0.0,0.0,0.0,0,0,1,False,0,0,0
504,Turner,,GK,16,Nott'm Forest,,9,,,,,0,0,0,0,0,0,0,0,0,0,0,0,0,0,0.0,0.0,0.0,0.0,0.0,0.0,0.0,0.0,0,0,1,False,0,0,0
505,Milenković,,DEF,16,Nott'm Forest,,9,,,,,90,1,0,0,0,2,0,0,0,0,0,0,0,4,9.6,0.7,0.0,1.0,0.0,0.0,0.0,0.59,4,4,2,False,3,1,0
506,Murillo,,DEF,16,Nott'm Forest,,9,,,,,90,1,0,0,0,2,0,0,0,0,0,0,0,8,28.4,0.6,0.0,2.9,0.0,0.0,0.0,0.59,5,8,2,False,4,1,3
507,Aina,,DEF,16,Nott'm Forest,,9,,,,,0,0,0,0,0,0,0,0,0,0,0,0,0,0,0.0,0.0,0.0,0.0,0.0,0.0,0.0,0.0,0,0,2,False,0,0,0
508,N.Williams,,DEF,16,Nott'm Forest,,9,,,,,90,1,0,0,0,2,0,0,0,0,0,0,0,13,16.4,5.8,10.0,3.2,0.09,0.05,0.14,0.59,4,7,2,False,4,1,3
509,David Carmo,,DEF,16,Nott'm Forest,,9,,,,,0,0,0,0,0,0,0,0,0,0,0,0,0,0,0.0,0.0,0.0,0.0,0.0,0.0,0.0,0.0,0,0,2,False,0,0,0
510,Jair Cunha,,DEF,16,Nott'm Forest,,9,,,,,0,0,0,0,0,0,0,0,0,0,0,0,0,0,0.0,0.0,0.0,0.0,0.0,0.0,0.0,0.0,0,0,2,False,0,0,0
511,Morato,,DEF,16,Nott'm Forest,,9,,,,,0,0,0,0,0,0,0,0,0,0,0,0,0,0,0.0,0.0,0.0,0.0,0.0,0.0,0.0,0.0,0,0,2,False,0,0,0
512,O.Richards,,DEF,16,Nott'm Forest,,9,,,,,0,0,0,0,0,0,0,0,0,0,0,0,0,0,0.0,0.0,0.0,0.0,0.0,0.0,0.0,0.0,0,0,2,False,0,0,0
513,Abbott,,DEF,16,Nott'm Forest,,9,,,,,0,0,0,0,0,0,0,0,0,0,0,0,0,0,0.0,0.0,0.0,0.0,0.0,0.0,0.0,0.0,0,0,2,False,0,0,0
514,Boly,,DEF,16,Nott'm Forest,,9,,,,,0,0,0,0,0,0,0,0,0,0,0,0,0,0,0.0,0.0,0.0,0.0,0.0,0.0,0.0,0.0,0,0,2,False,0,0,0
515,Gibbs-White,,MID,16,Nott'm Forest,,9,,,,,88,2,0,0,0,2,0,0,0,0,0,0,0,9,4.2,18.0,12.0,3.4,0.1,0.05,0.15,0.59,2,4,3,False,2,1,0
516,Hudson-Odoi,,MID,16,Nott'm Forest,,9,,,,,45,1,0,0,0,2,0,0,0,0,0,0,0,2,1.8,12.4,0.0,1.4,0.0,0.02,0.02,0.48,1,4,3,False,3,1,0
517,Anderson,,MID,16,Nott'm Forest,,9,,,,,90,2,0,0,0,2,0,0,0,0,0,0,0,15,16.0,26.8,0.0,4.3,0.0,0.14,0.14,0.59,1,11,3,False,7,1,3
518,Jota,,MID,16,Nott'm Forest,,9,,,,,0,0,0,0,0,0,0,0,0,0,0,0,0,0,0.0,0.0,0.0,0.0,0.0,0.0,0.0,0.0,0,0,3,False,0,0,0
519,Dominguez,,MID,16,Nott'm Forest,,9,,,,,7,1,0,0,0,0,0,0,0,0,0,0,0,6,4.6,11.1,0.0,1.6,0.0,0.02,0.02,0.0,0,1,3,False,0,0,1
520,O'Brien,,MID,16,Nott'm Forest,,9,,,,,0,0,0,0,0,0,0,0,0,0,0,0,0,0,0.0,0.0,0.0,0.0,0.0,0.0,0.0,0.0,0,0,3,False,0,0,0
521,Sangaré,,MID,16,Nott'm Forest,,9,,,,,0,0,0,0,0,0,0,0,0,0,0,0,0,0,0.0,0.0,0.0,0.0,0.0,0.0,0.0,0.0,0,0,3,False,0,0,0
522,Yates,,MID,16,Nott'm Forest,,9,,,,,45,1,0,0,0,0,0,0,0,0,0,0,0,5,3.0,2.7,0.0,0.6,0.0,0.0,0.0,0.1,2,2,3,False,0,0,0
523,Da Silva Moreira,,MID,16,Nott'm Forest,,9,,,,,0,0,0,0,0,0,0,0,0,0,0,0,0,0,0.0,0.0,0.0,0.0,0.0,0.0,0.0,0.0,0,0,3,False,0,0,0
524,Stamenic,,MID,16,Nott'm Forest,,9,,,,,0,0,0,0,0,0,0,0,0,0,0,0,0,0,0.0,0.0,0.0,0.0,0.0,0.0,0.0,0.0,0,0,3,False,0,0,0
525,Wood,,FWD,16,Nott'm Forest,,9,,,,,0,0,0,0,0,0,0,0,0,0,0,0,0,0,0.0,0.0,0.0,0.0,0.0,0.0,0.0,0.0,0,0,4,False,0,0,0
526,Igor Jesus,,FWD,16,Nott'm Forest,,9,,,,,45,1,0,0,0,2,0,0,0,0,0,0,0,8,5.6,12.3,0.0,1.8,0.0,0.02,0.02,0.48,2,3,4,False,0,1,1
527,Awoniyi,,FWD,16,Nott'm Forest,,9,,,,,45,1,0,0,0,0,0,0,0,0,0,0,0,8,6.6,3.2,36.0,4.6,0.11,0.0,0.11,0.1,0,1,4,False,1,0,0
528,Patterson,,GK,17,Sunderland,,9,,,,,0,0,0,0,0,0,0,0,0,0,0,0,0,0,0.0,0.0,0.0,0.0,0.0,0.0,0.0,0.0,0,0,1,False,0,0,0
529,Moore,,GK,17,Sunderland,,9,,,,,0,0,0,0,0,0,0,0,0,0,0,0,0,0,0.0,0.0,0.0,0.0,0.0,0.0,0.0,0.0,0,0,1,False,0,0,0
530,Nna Noukeu,,GK,17,Sunderland,,9,,,,,0,0,0,0,0,0,0,0,0,0,0,0,0,0,0.0,0.0,0.0,0.0,0.0,0.0,0.0,0.0,0,0,1,False,0,0,0
531,Ballard,,DEF,17,Sunderland,,9,,,,,90,2,0,0,0,1,0,0,0,0,0,0,0,4,18.2,0.6,19.0,3.8,0.05,0.01,0.06,0.9,7,9,2,False,3,1,2
532,Hume,,DEF,17,Sunderland,,9,,,,,90,2,0,0,0,1,0,0,0,0,0,0,0,11,11.0,1.6,0.0,1.3,0.0,0.01,0.01,0.9,5,6,2,False,3,1,1
533,Alese,,DEF,17,Sunderland,,9,,,,,0,0,0,0,0,0,0,0,0,0,0,0,0,0,0.0,0.0,0.0,0.0,0.0,0.0,0.0,0.0,0,0,2,False,0,0,0
534,Anderson,,DEF,17,Sunderland,,9,,,,,0,0,0,0,0,0,0,0,0,0,0,0,0,0,0.0,0.0,0.0,0.0,0.0,0.0,0.0,0.0,0,0,2,False,0,0,0
535,Cirkin,,DEF,17,Sunderland,,9,,,,,0,0,0,0,0,0,0,0,0,0,0,0,0,0,0.0,0.0,0.0,0.0,0.0,0.0,0.0,0.0,0,0,2,False,0,0,0
536,Hjelde,,DEF,17,Sunderland,,9,,,,,0,0,0,0,0,0,0,0,0,0,0,0,0,0,0.0,0.0,0.0,0.0,0.0,0.0,0.0,0.0,0,0,2,False,0,0,0
537,Huggins,,DEF,17,Sunderland,,9,,,,,0,0,0,0,0,0,0,0,0,0,0,0,0,0,0.0,0.0,0.0,0.0,0.0,0.0,0.0,0.0,0,0,2,False,0,0,0
538,Johnson,,DEF,17,Sunderland,,9,,,,,0,0,0,0,0,0,0,0,0,0,0,0,0,0,0.0,0.0,0.0,0.0,0.0,0.0,0.0,0.0,0,0,2,False,0,0,0
539,O'Nien,,DEF,17,Sunderland,,9,,,,,0,0,0,0,0,0,0,0,0,0,0,0,0,0,0.0,0.0,0.0,0.0,0.0,0.0,0.0,0.0,0,0,2,False,0,0,0
540,Pembele,,DEF,17,Sunderland,,9,,,,,0,0,0,0,0,0,0,0,0,0,0,0,0,0,0.0,0.0,0.0,0.0,0.0,0.0,0.0,0.0,0,0,2,False,0,0,0
541,Reinildo,,DEF,17,Sunderland,,9,,,,,90,2,0,0,0,1,0,0,0,0,0,0,0,7,11.0,0.6,0.0,1.2,0.0,0.0,0.0,0.9,5,6,2,False,2,1,1
542,Seelt,,DEF,17,Sunderland,,9,,,,,0,0,0,0,0,0,0,0,0,0,0,0,0,0,0.0,0.0,0.0,0.0,0.0,0.0,0.0,0.0,0,0,2,False,0,0,0
543,Adingra,,MID,17,Sunderland,,9,,,,,0,0,0,0,0,0,0,0,0,0,0,0,0,0,0.0,0.0,0.0,0.0,0.0,0.0,0.0,0.0,0,0,3,False,0,0,0
544,Diarra,,MID,17,Sunderland,,9,,,,,0,0,0,0,0,0,0,0,0,0,0,0,0,0,0.0,0.0,0.0,0.0,0.0,0.0,0.0,0.0,0,0,3,False,0,0,0
545,Roberts,,MID,17,Sunderland,,9,,,,,0,0,0,0,0,0,0,0,0,0,0,0,0,0,0.0,0.0,0.0,0.0,0.0,0.0,0.0,0.0,0,0,3,False,0,0,0
546,Aleksić,,MID,17,Sunderland,,9,,,,,0,0,0,0,0,0,0,0,0,0,0,0,0,0,0.0,0.0,0.0,0.0,0.0,0.0,0.0,0.0,0,0,3,False,0,0,0
547,E.Le Fée,,MID,17,Sunderland,,9,,,,,74,1,0,0,0,1,0,0,0,1,0,0,0,7,10.0,24.4,3.0,3.7,0.04,0.02,0.06,0.78,2,9,3,False,5,1,2
548,Mundle,,MID,17,Sunderland,,9,,,,,0,0,0,0,0,0,0,0,0,0,0,0,0,0,0.0,0.0,0.0,0.0,0.0,0.0,0.0,0.0,0,0,3,False,0,0,0
549,Neil,,MID,17,Sunderland,,9,,,,,0,0,0,0,0,0,0,0,0,0,0,0,0,0,0.0,0.0,0.0,0.0,0.0,0.0,0.0,0.0,0,0,3,False,0,0,0
550,Poveda,,MID,17,Sunderland,,9,,,,,0,0,0,0,0,0,0,0,0,0,0,0,0,0,0.0,0.0,0.0,0.0,0.0,0.0,0.0,0.0,0,0,3,False,0,0,0
551,Rigg,,MID,17,Sunderland,,9,,,,,15,1,0,0,0,0,0,0,0,0,0,0,0,4,1.2,0.6,0.0,0.2,0.0,0.01,0.01,0.12,1,2,3,False,1,0,0
552,Sadiki,,MID,17,Sunderland,,9,,,,,90,2,0,0,0,1,0,0,0,0,0,0,0,17,15.6,11.3,0.0,2.7,0.0,0.01,0.01,0.9,5,11,3,False,4,1,2
553,Talbi,,MID,17,Sunderland,,9,,,,,25,8,1,0,0,0,0,0,0,0,0,0,2,26,33.4,0.3,17.0,5.1,0.12,0.0,0.12,0.23,0,1,3,False,1,0,0
554,Ba,,MID,17,Sunderland,,9,,,,,0,0,0,0,0,0,0,0,0,0,0,0,0,0,0.0,0.0,0.0,0.0,0.0,0.0,0.0,0.0,0,0,3,False,0,0,0
555,Browne,,MID,17,Sunderland,,9,,,,,0,0,0,0,0,0,0,0,0,0,0,0,0,0,0.0,0.0,0.0,0.0,0.0,0.0,0.0,0.0,0,0,3,False,0,0,0
556,Ekwah,,MID,17,Sunderland,,9,,,,,0,0,0,0,0,0,0,0,0,0,0,0,0,0,0.0,0.0,0.0,0.0,0.0,0.0,0.0,0.0,0,0,3,False,0,0,0
557,H.Jones,,MID,17,Sunderland,,9,,,,,0,0,0,0,0,0,0,0,0,0,0,0,0,0,0.0,0.0,0.0,0.0,0.0,0.0,0.0,0.0,0,0,3,False,0,0,0
558,Matete,,MID,17,Sunderland,,9,,,,,0,0,0,0,0,0,0,0,0,0,0,0,0,0,0.0,0.0,0.0,0.0,0.0,0.0,0.0,0.0,0,0,3,False,0,0,0
559,Triantis,,MID,17,Sunderland,,9,,,,,0,0,0,0,0,0,0,0,0,0,0,0,0,0,0.0,0.0,0.0,0.0,0.0,0.0,0.0,0.0,0,0,3,False,0,0,0
560,Isidor,,FWD,17,Sunderland,,9,,,,,74,7,1,0,0,1,0,0,0,0,0,0,1,25,28.0,1.6,44.0,7.4,0.8,0.0,0.8,0.78,1,1,4,False,0,1,0
561,Mayenda,,FWD,17,Sunderland,,9,,,,,0,0,0,0,0,0,0,0,0,0,0,0,0,0,0.0,0.0,0.0,0.0,0.0,0.0,0.0,0.0,0,0,4,False,0,0,0
562,Abdullahi,,FWD,17,Sunderland,,9,,,,,0,0,0,0,0,0,0,0,0,0,0,0,0,0,0.0,0.0,0.0,0.0,0.0,0.0,0.0,0.0,0,0,4,False,0,0,0
563,Luís Hemir,,FWD,17,Sunderland,,9,,,,,0,0,0,0,0,0,0,0,0,0,0,0,0,0,0.0,0.0,0.0,0.0,0.0,0.0,0.0,0.0,0,0,4,False,0,0,0
564,Rusyn,,FWD,17,Sunderland,,9,,,,,0,0,0,0,0,0,0,0,0,0,0,0,0,0,0.0,0.0,0.0,0.0,0.0,0.0,0.0,0.0,0,0,4,False,0,0,0
565,Vicario,,GK,18,Spurs,,9,,,,,90,6,0,0,1,0,0,0,0,0,0,2,0,29,16.0,0.0,0.0,1.6,0.0,0.0,0.0,1.53,2,0,1,False,10,1,0
566,Austin,,GK,18,Spurs,,9,,,,,0,0,0,0,0,0,0,0,0,0,0,0,0,0,0.0,0.0,0.0,0.0,0.0,0.0,0.0,0.0,0,0,1,False,0,0,0
567,Kinsky,,GK,18,Spurs,,9,,,,,0,0,0,0,0,0,0,0,0,0,0,0,0,0,0.0,0.0,0.0,0.0,0.0,0.0,0.0,0.0,0,0,1,False,0,0,0
568,Pedro Porro,,DEF,18,Spurs,,9,,,,,90,11,0,1,1,0,0,0,0,0,0,0,2,41,32.8,15.8,0.0,4.9,0.0,0.29,0.29,1.53,6,8,2,True,3,1,2
569,Romero,,DEF,18,Spurs,,9,,,,,0,0,0,0,0,0,0,0,0,0,0,0,0,0,0.0,0.0,0.0,0.0,0.0,0.0,0.0,0.0,0,0,2,False,0,0,0
570,Danso,,DEF,18,Spurs,,9,,,,,90,9,0,0,1,0,0,0,0,0,0,0,1,36,30.6,0.4,0.0,3.1,0.0,0.0,0.0,1.53,20,21,2,False,3,1,1
571,Davies,,DEF,18,Spurs,,9,,,,,0,0,0,0,0,0,0,0,0,0,0,0,0,0,0.0,0.0,0.0,0.0,0.0,0.0,0.0,0.0,0,0,2,False,0,0,0
572,Dragusin,,DEF,18,Spurs,,9,,,,,0,0,0,0,0,0,0,0,0,0,0,0,0,0,0.0,0.0,0.0,0.0,0.0,0.0,0.0,0.0,0,0,2,False,0,0,0
573,Spence,,DEF,18,Spurs,,9,,,,,90,6,0,0,1,0,0,0,0,0,0,0,0,17,8.4,1.0,0.0,0.9,0.0,0.0,0.0,1.53,5,6,2,False,3,1,1
574,Udogie,,DEF,18,Spurs,,9,,,,,0,0,0,0,0,0,0,0,0,0,0,0,0,0,0.0,0.0,0.0,0.0,0.0,0.0,0.0,0.0,0,0,2,False,0,0,0
575,Van de Ven,,DEF,18,Spurs,,9,,,,,90,23,2,0,1,0,0,0,0,0,0,0,3,59,82.0,1.6,66.0,15.0,1.07,0.07,1.14,1.53,10,10,2,True,2,1,0
576,Phillips,,DEF,18,Spurs,,9,,,,,0,0,0,0,0,0,0,0,0,0,0,0,0,0,0.0,0.0,0.0,0.0,0.0,0.0,0.0,0.0,0,0,2,False,0,0,0
577,Takai,,DEF,18,Spurs,,9,,,,,0,0,0,0,0,0,0,0,0,0,0,0,0,0,0.0,0.0,0.0,0.0,0.0,0.0,0.0,0.0,0,0,2,False,0,0,0
578,Vuskovic,,DEF,18,Spurs,,9,,,,,0,0,0,0,0,0,0,0,0,0,0,0,0,0,0.0,0.0,0.0,0.0,0.0,0.0,0.0,0.0,0,0,2,False,0,0,0
579,Son,,MID,18,Spurs,,9,,,,,0,0,0,0,0,0,0,0,0,0,0,0,0,0,0.0,0.0,0.0,0.0,0.0,0.0,0.0,0.0,0,0,3,False,0,0,0
580,Johnson,,MID,18,Spurs,,9,,,,,90,3,0,0,1,0,0,0,0,0,0,0,0,13,12.4,6.9,8.0,2.7,0.0,0.01,0.01,1.53,5,9,3,False,1,1,3
581,Maddison,,MID,18,Spurs,,9,,,,,0,0,0,0,0,0,0,0,0,0,0,0,0,0,0.0,0.0,0.0,0.0,0.0,0.0,0.0,0.0,0,0,3,False,0,0,0
582,Kudus,,MID,18,Spurs,,9,,,,,77,3,0,0,1,0,0,0,0,0,0,0,0,3,1.8,5.6,2.0,0.9,0.09,0.06,0.15,1.31,0,6,3,False,6,1,0
583,Kulusevski,,MID,18,Spurs,,9,,,,,0,0,0,0,0,0,0,0,0,0,0,0,0,0,0.0,0.0,0.0,0.0,0.0,0.0,0.0,0.0,0,0,3,False,0,0,0
584,Tel,,MID,18,Spurs,,9,,,,,1,1,0,0,0,0,0,0,0,0,0,0,0,3,0.0,0.0,0.0,0.0,0.0,0.0,0.0,0.0,0,0,3,False,0,0,0
585,Bentancur,,MID,18,Spurs,,9,,,,,90,8,0,1,1,0,0,0,0,0,0,0,0,27,20.8,11.1,16.0,4.8,0.14,0.01,0.15,1.53,4,12,3,False,7,1,1
586,Bergvall,,MID,18,Spurs,,9,,,,,29,1,0,0,0,0,0,0,0,0,0,0,0,4,1.4,0.2,0.0,0.2,0.0,0.0,0.0,0.45,0,3,3,False,1,0,2
587,Bissouma,,MID,18,Spurs,,9,,,,,0,0,0,0,0,0,0,0,0,0,0,0,0,0,0.0,0.0,0.0,0.0,0.0,0.0,0.0,0.0,0,0,3,False,0,0,0
588,Odobert,,MID,18,Spurs,,9,,,,,0,0,0,0,0,0,0,0,0,0,0,0,0,0,0.0,0.0,0.0,0.0,0.0,0.0,0.0,0.0,0,0,3,False,0,0,0
589,Solomon,,MID,18,Spurs,,9,,,,,0,0,0,0,0,0,0,0,0,0,0,0,0,0,0.0,0.0,0.0,0.0,0.0,0.0,0.0,0.0,0,0,3,False,0,0,0
590,Bryan,,MID,18,Spurs,,9,,,,,0,0,0,0,0,0,0,0,0,0,0,0,0,0,0.0,0.0,0.0,0.0,0.0,0.0,0.0,0.0,0,0,3,False,0,0,0
591,Gray,,MID,18,Spurs,,9,,,,,0,0,0,0,0,0,0,0,0,0,0,0,0,0,0.0,0.0,0.0,0.0,0.0,0.0,0.0,0.0,0,0,3,False,0,0,0
592,Moore,,MID,18,Spurs,,9,,,,,0,0,0,0,0,0,0,0,0,0,0,0,0,0,0.0,0.0,0.0,0.0,0.0,0.0,0.0,0.0,0,0,3,False,0,0,0
593,P.M.Sarr,,MID,18,Spurs,,9,,,,,12,6,1,0,0,0,0,0,0,0,0,0,0,23,0.0,0.0,0.0,0.0,0.42,0.0,0.42,0.22,1,2,3,False,1,0,0
594,Min-hyeok,,MID,18,Spurs,,9,,,,,0,0,0,0,0,0,0,0,0,0,0,0,0,0,0.0,0.0,0.0,0.0,0.0,0.0,0.0,0.0,0,0,3,False,0,0,0
595,Olusesi,,MID,18,Spurs,,9,,,,,0,0,0,0,0,0,0,0,0,0,0,0,0,0,0.0,0.0,0.0,0.0,0.0,0.0,0.0,0.0,0,0,3,False,0,0,0
596,Solanke,,FWD,18,Spurs,,9,,,,,0,0,0,0,0,0,0,0,0,0,0,0,0,0,0.0,0.0,0.0,0.0,0.0,0.0,0.0,0.0,0,0,4,False,0,0,0
597,Richarlison,,FWD,18,Spurs,,9,,,,,28,4,0,1,0,0,0,0,0,0,0,0,0,14,7.2,0.3,17.0,2.5,0.36,0.27,0.63,0.45,4,6,4,False,1,0,1
598,Lankshear,,FWD,18,Spurs,,9,,,,,0,0,0,0,0,0,0,0,0,0,0,0,0,0,0.0,0.0,0.0,0.0,0.0,0.0,0.0,0.0,0,0,4,False,0,0,0
599,Scarlett,,FWD,18,Spurs,,9,,,,,0,0,0,0,0,0,0,0,0,0,0,0,0,0,0.0,0.0,0.0,0.0,0.0,0.0,0.0,0.0,0,0,4,False,0,0,0
600,Areola,,GK,19,West Ham,,9,,,,,90,2,0,0,0,2,0,0,0,0,0,3,0,8,22.0,0.0,0.0,2.2,0.0,0.0,0.0,1.49,0,0,1,False,8,1,0
601,Foderingham,,GK,19,West Ham,,9,,,,,0,0,0,0,0,0,0,0,0,0,0,0,0,0,0.0,0.0,0.0,0.0,0.0,0.0,0.0,0.0,0,0,1,False,0,0,0
602,Hegyi,,GK,19,West Ham,,9,,,,,0,0,0,0,0,0,0,0,0,0,0,0,0,0,0.0,0.0,0.0,0.0,0.0,0.0,0.0,0.0,0,0,1,False,0,0,0
603,Diouf,,DEF,19,West Ham,,9,,,,,90,1,0,0,0,2,0,0,0,0,0,0,0,3,9.6,3.2,3.0,1.6,0.04,0.01,0.05,1.49,2,3,2,False,2,1,1
604,Emerson,,DEF,19,West Ham,,9,,,,,0,0,0,0,0,0,0,0,0,0,0,0,0,0,0.0,0.0,0.0,0.0,0.0,0.0,0.0,0.0,0,0,2,False,0,0,0
605,Kilman,,DEF,19,West Ham,,9,,,,,90,1,0,0,0,2,0,0,0,0,0,0,0,4,15.6,1.1,0.0,1.7,0.0,0.01,0.01,1.49,5,5,2,False,6,1,0
606,Mavropanos,,DEF,19,West Ham,,9,,,,,0,0,0,0,0,0,0,0,0,0,0,0,0,0,0.0,0.0,0.0,0.0,0.0,0.0,0.0,0.0,0,0,2,False,0,0,0
607,N.Aguerd,,DEF,19,West Ham,,9,,,,,0,0,0,0,0,0,0,0,0,0,0,0,0,0,0.0,0.0,0.0,0.0,0.0,0.0,0.0,0.0,0,0,2,False,0,0,0
608,Scarles,,DEF,19,West Ham,,9,,,,,24,0,0,0,0,2,0,0,0,0,0,0,0,-6,0.0,0.2,0.0,0.0,0.0,0.0,0.0,0.68,0,0,2,False,1,1,0
609,Todibo,,DEF,19,West Ham,,9,,,,,90,0,0,0,0,2,0,0,0,1,0,0,0,8,16.4,1.3,0.0,1.8,0.0,0.01,0.01,1.49,4,6,2,False,6,1,2
610,Wan-Bissaka,,DEF,19,West Ham,,9,,,,,78,1,0,0,0,2,0,0,0,0,0,0,0,4,12.4,17.7,0.0,3.0,0.0,0.07,0.07,1.49,4,5,2,False,1,1,1
611,Casey,,DEF,19,West Ham,,9,,,,,0,0,0,0,0,0,0,0,0,0,0,0,0,0,0.0,0.0,0.0,0.0,0.0,0.0,0.0,0.0,0,0,2,False,0,0,0
612,L.Paquetá,,MID,19,West Ham,,9,,,,,90,1,0,0,0,2,0,0,0,1,0,0,0,8,7.4,25.9,8.0,4.1,0.09,0.1,0.19,1.49,0,7,3,False,6,1,1
613,Souček,,MID,19,West Ham,,9,,,,,64,2,0,0,0,2,0,0,0,0,0,0,0,10,5.2,3.9,7.0,1.6,0.24,0.01,0.25,1.49,2,3,3,False,1,1,0
614,Ward-Prowse,,MID,19,West Ham,,9,,,,,0,0,0,0,0,0,0,0,0,0,0,0,0,0,0.0,0.0,0.0,0.0,0.0,0.0,0.0,0.0,0,0,3,False,0,0,0
615,Summerville,,MID,19,West Ham,,9,,,,,78,1,0,0,0,2,0,0,0,1,0,0,0,1,2.8,3.3,0.0,0.6,0.0,0.01,0.01,1.49,0,9,3,False,7,1,2
616,Álvarez,,MID,19,West Ham,,9,,,,,0,0,0,0,0,0,0,0,0,0,0,0,0,0,0.0,0.0,0.0,0.0,0.0,0.0,0.0,0.0,0,0,3,False,0,0,0
617,Cornet,,MID,19,West Ham,,9,,,,,0,0,0,0,0,0,0,0,0,0,0,0,0,0,0.0,0.0,0.0,0.0,0.0,0.0,0.0,0.0,0,0,3,False,0,0,0
618,G.Rodriguez,,MID,19,West Ham,,9,,,,,0,0,0,0,0,0,0,0,0,0,0,0,0,0,0.0,0.0,0.0,0.0,0.0,0.0,0.0,0.0,0,0,3,False,0,0,0
619,L.Guilherme,,MID,19,West Ham,,9,,,,,0,0,0,0,0,0,0,0,0,0,0,0,0,0,0.0,0.0,0.0,0.0,0.0,0.0,0.0,0.0,0,0,3,False,0,0,0
620,Earthy,,MID,19,West Ham,,9,,,,,0,0,0,0,0,0,0,0,0,0,0,0,0,0,0.0,0.0,0.0,0.0,0.0,0.0,0.0,0.0,0,0,3,False,0,0,0
621,Irving,,MID,19,West Ham,,9,,,,,64,2,0,0,0,2,0,0,0,0,0,0,0,13,4.2,4.3,0.0,0.9,0.0,0.01,0.01,1.49,1,6,3,False,4,1,1
622,Orford,,MID,19,West Ham,,9,,,,,0,0,0,0,0,0,0,0,0,0,0,0,0,0,0.0,0.0,0.0,0.0,0.0,0.0,0.0,0.0,0,0,3,False,0,0,0
623,Potts,,MID,19,West Ham,,9,,,,,26,1,0,0,0,0,0,0,0,0,0,0,0,10,3.2,2.9,0.0,0.6,0.0,0.03,0.03,0.0,0,4,3,False,4,0,0
624,Bowen,,FWD,19,West Ham,,9,,,,,90,5,0,1,0,2,0,0,0,0,0,0,0,20,26.8,48.3,22.0,9.7,0.1,0.63,0.73,1.49,0,2,4,False,2,1,0
625,Füllkrug,,FWD,19,West Ham,,9,,,,,0,0,0,0,0,0,0,0,0,0,0,0,0,0,0.0,0.0,0.0,0.0,0.0,0.0,0.0,0.0,0,0,4,False,0,0,0
626,Marshall,,FWD,19,West Ham,,9,,,,,0,0,0,0,0,0,0,0,0,0,0,0,0,0,0.0,0.0,0.0,0.0,0.0,0.0,0.0,0.0,0,0,4,False,0,0,0
627,Johnstone,,GK,20,Wolves,,9,,,,,90,2,0,0,0,3,0,0,0,0,0,4,0,12,30.0,0.0,0.0,3.0,0.0,0.0,0.0,1.43,0,0,1,False,14,1,1
628,José Sá,,GK,20,Wolves,,9,,,,,0,0,0,0,0,0,0,0,0,0,0,0,0,0,0.0,0.0,0.0,0.0,0.0,0.0,0.0,0.0,0,0,1,False,0,0,0
629,Bentley,,GK,20,Wolves,,9,,,,,0,0,0,0,0,0,0,0,0,0,0,0,0,0,0.0,0.0,0.0,0.0,0.0,0.0,0.0,0.0,0,0,1,False,0,0,0
630,King,,GK,9,Everton,,9,,,,,0,0,0,0,0,0,0,0,0,0,0,0,0,0,0.0,0.0,0.0,0.0,0.0,0.0,0.0,0.0,0,0,1,False,0,0,0
631,Agbadou,,DEF,20,Wolves,,9,,,,,0,0,0,0,0,0,0,0,0,0,0,0,0,0,0.0,0.0,0.0,0.0,0.0,0.0,0.0,0.0,0,0,2,False,0,0,0
632,Doherty,,DEF,20,Wolves,,9,,,,,0,0,0,0,0,0,0,0,0,0,0,0,0,0,0.0,0.0,0.0,0.0,0.0,0.0,0.0,0.0,0,0,2,False,0,0,0
633,H.Bueno,,DEF,20,Wolves,,9,,,,,84,1,0,0,0,2,0,0,0,0,0,0,0,10,19.8,36.1,5.0,6.1,0.06,0.1,0.16,1.06,4,7,2,False,4,1,3
634,Mosquera,,DEF,20,Wolves,,9,,,,,0,0,0,0,0,0,0,0,0,0,0,0,0,0,0.0,0.0,0.0,0.0,0.0,0.0,0.0,0.0,0,0,2,False,0,0,0
635,R.Gomes,,DEF,20,Wolves,,9,,,,,90,1,0,0,0,3,0,0,0,0,0,0,0,-1,7.0,16.5,29.0,5.3,0.23,0.03,0.26,1.43,2,3,2,False,4,1,1
636,S.Bueno,,DEF,20,Wolves,,9,,,,,90,4,0,1,0,3,0,0,0,0,0,0,0,15,29.2,3.6,19.0,5.2,0.05,0.02,0.07,1.43,8,9,2,False,2,1,1
637,Toti,,DEF,20,Wolves,,9,,,,,0,0,0,0,0,0,0,0,0,0,0,0,0,0,0.0,0.0,0.0,0.0,0.0,0.0,0.0,0.0,0,0,2,False,0,0,0
638,Hoever,,DEF,20,Wolves,,9,,,,,75,1,0,0,0,2,0,0,0,0,0,0,0,2,9.2,2.3,2.0,1.4,0.0,0.05,0.05,1.05,3,4,2,False,2,1,1
639,Meupiyou,,DEF,20,Wolves,,9,,,,,0,0,0,0,0,0,0,0,0,0,0,0,0,0,0.0,0.0,0.0,0.0,0.0,0.0,0.0,0.0,0,0,2,False,0,0,0
640,Pedro Lima,,DEF,20,Wolves,,9,,,,,0,0,0,0,0,0,0,0,0,0,0,0,0,0,0.0,0.0,0.0,0.0,0.0,0.0,0.0,0.0,0,0,2,False,0,0,0
641,Pond,,DEF,20,Wolves,,9,,,,,0,0,0,0,0,0,0,0,0,0,0,0,0,0,0.0,0.0,0.0,0.0,0.0,0.0,0.0,0.0,0,0,2,False,0,0,0
642,Hee Chan,,MID,20,Wolves,,9,,,,,22,1,0,0,0,1,0,0,0,0,0,0,0,3,2.6,11.5,0.0,1.4,0.0,0.01,0.01,0.38,0,1,3,False,1,0,0
643,André,,MID,20,Wolves,,9,,,,,67,2,0,0,0,2,0,0,0,0,0,0,0,12,8.8,16.6,0.0,2.5,0.0,0.07,0.07,1.05,3,8,3,False,5,1,0
644,Bellegarde,,MID,20,Wolves,,9,,,,,90,1,0,0,0,3,0,0,0,1,0,0,0,10,14.0,14.1,15.0,4.3,0.1,0.12,0.22,1.43,1,6,3,False,2,1,3
645,Fer López,,MID,20,Wolves,,9,,,,,0,0,0,0,0,0,0,0,0,0,0,0,0,0,0.0,0.0,0.0,0.0,0.0,0.0,0.0,0.0,0,0,3,False,0,0,0
646,Gomes,,MID,20,Wolves,,9,,,,,22,1,0,0,0,1,0,0,0,0,0,0,0,2,0.6,1.9,1.0,0.4,0.02,0.02,0.04,0.38,0,6,3,False,5,0,1
647,Guedes,,MID,20,Wolves,,9,,,,,0,0,0,0,0,0,0,0,0,0,0,0,0,0,0.0,0.0,0.0,0.0,0.0,0.0,0.0,0.0,0,0,3,False,0,0,0
648,Munetsi,,MID,20,Wolves,,9,,,,,83,8,1,0,0,2,0,0,0,0,0,0,1,27,42.4,1.2,54.0,9.8,0.63,0.0,0.63,1.06,3,7,3,False,2,1,2
649,B.Traore,,MID,20,Wolves,,9,,,,,0,0,0,0,0,0,0,0,0,0,0,0,0,0,0.0,0.0,0.0,0.0,0.0,0.0,0.0,0.0,0,0,3,False,0,0,0
650,Chirewa,,MID,20,Wolves,,9,,,,,0,0,0,0,0,0,0,0,0,0,0,0,0,0,0.0,0.0,0.0,0.0,0.0,0.0,0.0,0.0,0,0,3,False,0,0,0
651,Edozie,,MID,20,Wolves,,9,,,,,0,0,0,0,0,0,0,0,0,0,0,0,0,0,0.0,0.0,0.0,0.0,0.0,0.0,0.0,0.0,0,0,3,False,0,0,0
652,Gonzalez,,MID,20,Wolves,,9,,,,,0,0,0,0,0,0,0,0,0,0,0,0,0,0,0.0,0.0,0.0,0.0,0.0,0.0,0.0,0.0,0,0,3,False,0,0,0
653,Hodge,,MID,20,Wolves,,9,,,,,0,0,0,0,0,0,0,0,0,0,0,0,0,0,0.0,0.0,0.0,0.0,0.0,0.0,0.0,0.0,0,0,3,False,0,0,0
654,Strand Larsen,,FWD,20,Wolves,,9,,,,,90,6,1,0,0,3,0,0,0,0,0,0,0,23,39.6,14.2,44.0,9.8,0.83,0.13,0.96,1.43,1,2,4,False,1,1,0
655,Fábio Silva,,FWD,20,Wolves,,9,,,,,0,0,0,0,0,0,0,0,0,0,0,0,0,0,0.0,0.0,0.0,0.0,0.0,0.0,0.0,0.0,0,0,4,False,0,0,0
656,Kalajdžić,,FWD,20,Wolves,,9,,,,,0,0,0,0,0,0,0,0,0,0,0,0,0,0,0.0,0.0,0.0,0.0,0.0,0.0,0.0,0.0,0,0,4,False,0,0,0
657,Chiwome,,FWD,20,Wolves,,9,,,,,0,0,0,0,0,0,0,0,0,0,0,0,0,0,0.0,0.0,0.0,0.0,0.0,0.0,0.0,0.0,0,0,4,False,0,0,0
658,Fraser,,FWD,20,Wolves,,9,,,,,0,0,0,0,0,0,0,0,0,0,0,0,0,0,0.0,0.0,0.0,0.0,0.0,0.0,0.0,0.0,0,0,4,False,0,0,0
659,Walker-Peters,,DEF,19,West Ham,,9,,,,,11,1,0,0,0,0,0,0,0,0,0,0,0,4,3.0,1.3,0.0,0.4,0.0,0.01,0.01,0.0,1,1,2,False,2,0,0
660,Stach,,MID,11,Leeds,,9,,,,,0,0,0,0,0,0,0,0,0,0,0,0,0,0,0.0,0.0,0.0,0.0,0.0,0.0,0.0,0.0,0,0,3,False,0,0,0
661,Ekitiké,,FWD,12,Liverpool,,9,,,,,90,2,0,0,0,3,0,0,0,0,0,0,0,0,3.2,12.3,17.0,3.3,0.35,0.01,0.36,2.75,4,5,4,False,1,1,0
662,Mosquera,,DEF,1,Arsenal,,9,,,,,45,1,0,0,0,0,0,0,0,0,0,0,0,7,11.8,10.8,4.0,2.7,0.0,0.05,0.05,0.39,5,5,2,False,3,0,0
663,J.Arias,,MID,20,Wolves,,9,,,,,67,2,0,0,0,2,0,0,0,0,0,0,0,3,3.2,20.3,14.0,3.8,0.53,0.04,0.57,1.05,2,5,3,False,2,1,1
664,Lecomte,,GK,10,Fulham,,9,,,,,0,0,0,0,0,0,0,0,0,0,0,0,0,0,0.0,0.0,0.0,0.0,0.0,0.0,0.0,0.0,0,0,1,False,0,0,0
665,Perri,,GK,11,Leeds,,9,,,,,90,1,0,0,0,1,0,0,0,1,0,2,0,8,22.4,0.0,0.0,2.2,0.0,0.0,0.0,0.65,3,0,1,False,8,1,0
666,Gyökeres,,FWD,1,Arsenal,,9,,,,,90,2,0,0,1,0,0,0,0,0,0,0,0,0,0.0,3.3,13.0,1.5,0.17,0.02,0.19,0.47,1,3,4,False,2,1,0
667,Aznou,,DEF,9,Everton,,9,,,,,0,0,0,0,0,0,0,0,0,0,0,0,0,0,0.0,0.0,0.0,0.0,0.0,0.0,0.0,0.0,0,0,2,False,0,0,0
668,Xhaka,,MID,17,Sunderland,,9,,,,,90,2,0,0,0,1,0,0,0,0,0,0,0,13,17.8,12.5,7.0,3.7,0.15,0.02,0.17,0.9,3,9,3,False,2,1,4
669,Ndoye,,MID,16,Nott'm Forest,,9,,,,,82,2,0,0,0,2,0,0,0,0,0,0,0,9,0.0,2.4,3.0,0.5,0.05,0.01,0.06,0.59,2,11,3,False,8,1,1
670,Roefs,,GK,17,Sunderland,,9,,,,,90,4,0,0,0,1,0,0,0,0,0,6,0,22,43.8,0.0,0.0,4.4,0.0,0.0,0.0,0.9,2,0,1,False,11,1,0
671,Wilson,,FWD,19,West Ham,,9,,,,,65,2,0,0,1,0,0,0,0,0,0,0,0,9,3.0,2.0,19.0,2.4,0.09,0.01,0.1,0.8,0,2,4,False,2,0,0
672,Hato,,DEF,7,Chelsea,,9,,,,,0,0,0,0,0,0,0,0,0,0,0,0,0,0,0.0,0.0,0.0,0.0,0.0,0.0,0.0,0.0,0,0,2,False,0,0,0
673,J.Palhinha,,MID,18,Spurs,,9,,,,,90,5,0,0,1,0,0,0,0,0,0,0,0,21,21.0,3.6,0.0,2.5,0.0,0.01,0.01,1.53,6,14,3,False,4,1,4
674,Ramsdale,,GK,15,Newcastle,,9,,,,,0,0,0,0,0,0,0,0,0,0,0,0,0,0,0.0,0.0,0.0,0.0,0.0,0.0,0.0,0.0,0,0,1,False,0,0,0
675,Gunn,,GK,16,Nott'm Forest,,9,,,,,0,0,0,0,0,0,0,0,0,0,0,0,0,0,0.0,0.0,0.0,0.0,0.0,0.0,0.0,0.0,0,0,1,False,0,0,0
676,Ugochukwu,,MID,3,Burnley,,9,,,,,90,2,0,0,0,2,0,0,0,0,0,0,0,10,18.4,1.9,7.0,2.7,0.11,0.02,0.13,2.47,3,11,3,False,4,1,4
677,Guessand,,MID,2,Aston Villa,,9,,,,,16,1,0,0,0,0,0,0,0,0,0,0,0,9,4.2,0.0,0.0,0.4,0.0,0.0,0.0,0.54,0,5,3,False,3,0,2
678,Masuaku,,DEF,17,Sunderland,,9,,,,,0,0,0,0,0,0,0,0,0,0,0,0,0,0,0.0,0.0,0.0,0.0,0.0,0.0,0.0,0.0,0,0,2,False,0,0,0
679,Hermansen,,GK,19,West Ham,,9,,,,,0,0,0,0,0,0,0,0,0,0,0,0,0,0,0.0,0.0,0.0,0.0,0.0,0.0,0.0,0.0,0,0,1,False,0,0,0
680,Broja,,FWD,3,Burnley,,9,,,,,0,0,0,0,0,0,0,0,0,0,0,0,0,0,0.0,0.0,0.0,0.0,0.0,0.0,0.0,0.0,0,0,4,False,0,0,0
681,Šeško,,FWD,14,Man Utd,,9,,,,,81,4,0,1,0,1,0,0,0,1,0,0,0,10,16.8,13.9,11.0,4.2,0.21,0.01,0.22,0.8,1,4,4,False,3,1,0
682,Møller Wolfe,,DEF,20,Wolves,,9,,,,,5,1,0,0,0,1,0,0,0,0,0,0,0,0,4.2,4.5,0.0,0.9,0.0,0.03,0.03,0.37,1,1,2,False,1,0,0
683,Alderete,,DEF,17,Sunderland,,9,,,,,0,0,0,0,0,0,0,0,0,0,0,0,0,0,0.0,0.0,0.0,0.0,0.0,0.0,0.0,0.0,0,0,2,False,0,0,0
684,Thiaw,,DEF,15,Newcastle,,9,,,,,90,2,0,0,0,1,0,0,0,0,0,0,0,14,17.0,1.3,3.0,2.1,0.04,0.24,0.28,1.53,5,7,2,False,6,1,2
685,Diakité,,DEF,4,Bournemouth,,9,,,,,0,0,0,0,0,0,0,0,0,0,0,0,0,0,0.0,0.0,0.0,0.0,0.0,0.0,0.0,0.0,0,0,2,False,0,0,0
686,Ngumoha,,MID,12,Liverpool,,9,,,,,20,1,0,0,0,0,0,0,0,0,0,0,0,2,1.0,10.8,2.0,1.4,0.0,0.01,0.01,0.21,0,0,3,False,0,0,0
687,Rees-Dottin,,MID,4,Bournemouth,,9,,,,,0,0,0,0,0,0,0,0,0,0,0,0,0,0,0.0,0.0,0.0,0.0,0.0,0.0,0.0,0.0,0,0,3,False,0,0,0
688,Wright,,GK,2,Aston Villa,,9,,,,,0,0,0,0,0,0,0,0,0,0,0,0,0,0,0.0,0.0,0.0,0.0,0.0,0.0,0.0,0.0,0,0,1,False,0,0,0
689,Seung soo,,MID,15,Newcastle,,9,,,,,0,0,0,0,0,0,0,0,0,0,0,0,0,0,0.0,0.0,0.0,0.0,0.0,0.0,0.0,0.0,0,0,3,False,0,0,0
690,Cardines,,MID,8,Crystal Palace,,9,,,,,0,0,0,0,0,0,0,0,0,0,0,0,0,0,0.0,0.0,0.0,0.0,0.0,0.0,0.0,0.0,0,0,3,False,0,0,0
691,Calvert-Lewin,,FWD,11,Leeds,,9,,,,,86,2,0,0,1,0,0,0,0,0,0,0,0,5,2.2,12.1,6.0,2.0,0.1,0.02,0.12,0.58,1,3,4,False,1,1,1
692,Leoni,,DEF,12,Liverpool,,9,,,,,0,0,0,0,0,0,0,0,0,0,0,0,0,0,0.0,0.0,0.0,0.0,0.0,0.0,0.0,0.0,0,0,2,False,0,0,0
693,Hutchinson,,MID,16,Nott'm Forest,,9,,,,,45,1,0,0,0,0,0,0,0,0,0,0,0,2,1.8,16.3,4.0,2.2,0.0,0.03,0.03,0.1,0,3,3,False,3,0,0
694,Mukiele,,DEF,17,Sunderland,,9,,,,,90,2,0,0,0,1,0,0,0,0,0,0,0,8,12.4,0.8,2.0,1.5,0.0,0.01,0.01,0.9,5,6,2,False,5,1,1
695,Tchatchoua,,DEF,20,Wolves,,9,,,,,14,1,0,0,0,1,0,0,0,0,0,0,0,3,8.8,23.3,0.0,3.2,0.0,0.06,0.06,0.38,0,0,2,False,0,0,0
696,Kalimuendo,,FWD,16,Nott'm Forest,,9,,,,,1,1,0,0,0,0,0,0,0,0,0,0,0,3,0.0,0.0,0.0,0.0,0.0,0.0,0.0,0.0,0,0,4,False,0,0,0
697,Adli,,MID,4,Bournemouth,,9,,,,,21,1,0,0,0,0,0,0,0,0,0,0,0,0,0.0,0.1,0.0,0.0,0.0,0.0,0.0,0.21,0,1,3,False,1,0,0
698,Okafor,,MID,11,Leeds,,9,,,,,45,4,0,1,0,0,0,0,0,0,0,0,0,10,2.0,0.9,21.0,2.4,0.2,0.01,0.21,0.34,0,2,3,False,2,1,0
699,Douglas Luiz,,MID,16,Nott'm Forest,,9,,,,,45,0,0,0,0,2,0,0,0,1,0,0,0,8,13.2,2.1,0.0,1.5,0.0,0.0,0.0,0.48,3,10,3,False,4,1,3
700,Dowman,,MID,1,Arsenal,,9,,,,,0,0,0,0,0,0,0,0,0,0,0,0,0,0,0.0,0.0,0.0,0.0,0.0,0.0,0.0,0.0,0,0,3,False,0,0,0
701,Rowe,,DEF,2,Aston Villa,,9,,,,,0,0,0,0,0,0,0,0,0,0,0,0,0,0,0.0,0.0,0.0,0.0,0.0,0.0,0.0,0.0,0,0,2,False,0,0,0
702,Burrowes,,MID,2,Aston Villa,,9,,,,,0,0,0,0,0,0,0,0,0,0,0,0,0,0,0.0,0.0,0.0,0.0,0.0,0.0,0.0,0.0,0,0,3,False,0,0,0
703,Proctor,,GK,2,Aston Villa,,9,,,,,0,0,0,0,0,0,0,0,0,0,0,0,0,0,0.0,0.0,0.0,0.0,0.0,0.0,0.0,0.0,0,0,1,False,0,0,0
704,Onyango,,MID,9,Everton,,9,,,,,0,0,0,0,0,0,0,0,0,0,0,0,0,0,0.0,0.0,0.0,0.0,0.0,0.0,0.0,0.0,0,0,3,False,0,0,0
705,Campbell,,DEF,9,Everton,,9,,,,,0,0,0,0,0,0,0,0,0,0,0,0,0,0,0.0,0.0,0.0,0.0,0.0,0.0,0.0,0.0,0,0,2,False,0,0,0
706,Justin,,DEF,11,Leeds,,9,,,,,46,0,0,0,0,1,0,0,0,1,0,0,0,0,10.8,1.1,0.0,1.2,0.0,0.0,0.0,0.55,7,8,2,False,4,0,1
707,Dibling,,MID,9,Everton,,9,,,,,0,0,0,0,0,0,0,0,0,0,0,0,0,0,0.0,0.0,0.0,0.0,0.0,0.0,0.0,0.0,0,0,3,False,0,0,0
708,M.Fernandes,,MID,19,West Ham,,9,,,,,25,6,1,0,0,0,0,0,0,0,0,0,0,22,38.0,16.8,19.0,7.4,0.09,0.02,0.11,0.0,0,1,3,False,0,0,1
709,Krejčí,,DEF,20,Wolves,,9,,,,,90,4,0,1,0,3,0,0,0,0,0,0,0,12,40.6,13.8,13.0,6.7,0.07,0.69,0.76,1.43,8,8,2,False,7,1,0
710,Patterson,,DEF,2,Aston Villa,,9,,,,,0,0,0,0,0,0,0,0,0,0,0,0,0,0,0.0,0.0,0.0,0.0,0.0,0.0,0.0,0.0,0,0,2,False,0,0,0
711,Harriman-Annous,,MID,1,Arsenal,,9,,,,,0,0,0,0,0,0,0,0,0,0,0,0,0,0,0.0,0.0,0.0,0.0,0.0,0.0,0.0,0.0,0,0,3,False,0,0,0
712,Yeremy,,MID,8,Crystal Palace,,9,,,,,58,1,0,0,0,1,0,0,0,0,0,0,0,2,2.6,14.8,2.0,1.9,0.0,0.01,0.01,0.84,0,4,3,False,3,1,1
713,A.Jimenez,,DEF,4,Bournemouth,,9,,,,,90,6,0,0,1,0,0,0,0,0,0,0,0,24,7.2,12.8,0.0,2.0,0.0,0.03,0.03,0.35,2,2,2,False,3,1,0
714,Woltemade,,FWD,15,Newcastle,,9,,,,,85,2,0,0,0,1,0,0,0,0,0,0,0,4,1.4,12.2,15.0,2.9,0.39,0.01,0.4,1.53,1,4,4,False,3,1,0
715,John,,GK,16,Nott'm Forest,,9,,,,,0,0,0,0,0,0,0,0,0,0,0,0,0,0,0.0,0.0,0.0,0.0,0.0,0.0,0.0,0.0,0,0,1,False,0,0,0
716,Savona,,DEF,16,Nott'm Forest,,9,,,,,90,1,0,0,0,2,0,0,0,0,0,0,0,5,14.2,1.5,0.0,1.6,0.0,0.0,0.0,0.59,4,7,2,False,3,1,3
717,Xavi,,MID,18,Spurs,,9,,,,,60,3,0,0,1,0,0,0,0,0,0,0,0,7,4.6,2.3,4.0,1.1,0.0,0.02,0.02,1.08,0,6,3,False,4,1,2
718,S.Magassa,,MID,19,West Ham,,9,,,,,11,1,0,0,0,0,0,0,0,0,0,0,0,5,6.6,0.8,0.0,0.7,0.0,0.0,0.0,0.0,0,4,3,False,1,0,3
719,Lindelöf,,DEF,2,Aston Villa,,9,,,,,0,0,0,0,0,0,0,0,0,0,0,0,0,0,0.0,0.0,0.0,0.0,0.0,0.0,0.0,0.0,0,0,2,False,0,0,0
720,Tolu,,FWD,20,Wolves,,9,,,,,6,1,0,0,0,1,0,0,0,0,0,0,0,3,0.0,0.0,2.0,0.2,0.0,0.0,0.0,0.37,0,0,4,False,0,0,0
721,Milosavljević,,DEF,4,Bournemouth,,9,,,,,90,6,0,0,1,0,0,0,0,0,0,0,0,24,13.4,0.5,0.0,1.4,0.0,0.0,0.0,0.35,4,4,2,False,0,1,0
722,Florentino,,MID,3,Burnley,,9,,,,,90,2,0,0,0,2,0,0,0,0,0,0,0,8,4.4,12.7,4.0,2.1,0.03,0.04,0.07,2.47,2,4,3,False,1,1,1
723,Canvot,,DEF,8,Crystal Palace,,9,,,,,0,0,0,0,0,0,0,0,0,0,0,0,0,0,0.0,0.0,0.0,0.0,0.0,0.0,0.0,0.0,0,0,2,False,0,0,0
724,Geertruida,,DEF,17,Sunderland,,9,,,,,90,2,0,0,0,1,0,0,0,0,0,0,0,9,15.6,3.8,2.0,2.1,0.03,0.18,0.21,0.9,5,5,2,False,4,1,0
725,Hincapie,,DEF,1,Arsenal,,9,,,,,8,1,0,0,0,0,0,0,0,0,0,0,0,4,0.0,0.3,0.0,0.0,0.0,0.0,0.0,0.01,0,0,2,False,0,0,0
726,Kolo Muani,,FWD,18,Spurs,,9,,,,,61,2,0,0,1,0,0,0,0,0,0,0,0,7,2.6,10.8,2.0,1.5,0.0,0.02,0.02,1.08,1,6,4,False,4,1,1
727,Chukwueze,,MID,10,Fulham,,9,,,,,0,0,0,0,0,0,0,0,0,0,0,0,0,0,0.0,0.0,0.0,0.0,0.0,0.0,0.0,0.0,0,0,3,False,0,0,0
728,Röhl,,MID,9,Everton,,9,,,,,24,1,0,0,0,1,0,0,0,0,0,0,0,-2,0.0,0.1,0.0,0.0,0.2,0.01,0.21,0.42,0,1,3,False,1,0,0
729,Cuiabano,,DEF,16,Nott'm Forest,,9,,,,,0,0,0,0,0,0,0,0,0,0,0,0,0,0,0.0,0.0,0.0,0.0,0.0,0.0,0.0,0.0,0,0,2,False,0,0,0
730,Brobbey,,FWD,17,Sunderland,,9,,,,,15,4,0,1,0,0,0,0,0,0,0,0,0,12,23.2,10.3,6.0,4.0,0.0,0.04,0.04,0.12,1,3,4,False,1,0,1
731,Kevin,,MID,10,Fulham,,9,,,,,45,1,0,0,0,1,0,0,0,0,0,0,0,6,10.2,20.6,8.0,3.9,0.0,0.07,0.07,1.2,1,8,3,False,5,0,2
732,Uche,,FWD,8,Crystal Palace,,9,,,,,1,1,0,0,0,0,0,0,0,0,0,0,0,3,0.0,0.0,0.0,0.0,0.0,0.0,0.0,0.0,0,1,4,False,1,0,0
733,Lammens,,GK,14,Man Utd,,9,,,,,90,2,0,0,0,2,0,0,0,0,0,3,0,9,20.4,0.0,0.0,2.0,0.0,0.0,0.0,1.12,0,0,1,False,13,1,0
734,Bakwa,,MID,16,Nott'm Forest,,9,,,,,0,0,0,0,0,0,0,0,0,0,0,0,0,0,0.0,0.0,0.0,0.0,0.0,0.0,0.0,0.0,0,0,3,False,0,0,0
735,Traoré,,MID,17,Sunderland,,9,,,,,64,5,0,1,0,1,0,0,0,0,0,0,0,23,13.2,15.7,16.0,4.5,0.12,0.09,0.21,0.66,3,4,3,False,1,1,0
736,Donnarumma,,GK,13,Man City,,9,,,,,90,2,0,0,0,1,0,0,0,0,0,2,0,10,18.8,0.0,0.0,1.9,0.0,0.0,0.0,0.81,1,0,1,False,7,1,0
737,Kusi-Asare,,FWD,10,Fulham,,9,,,,,1,1,0,0,0,0,0,0,0,0,0,0,0,2,0.0,0.0,0.0,0.0,0.0,0.0,0.0,0.02,0,0,4,False,0,0,0
738,Fabianski,,GK,19,West Ham,,9,,,,,0,0,0,0,0,0,0,0,0,0,0,0,0,0,0.0,0.0,0.0,0.0,0.0,0.0,0.0,0.0,0,0,1,False,0,0,0
739,Mukasa,,MID,13,Man City,,9,,,,,0,0,0,0,0,0,0,0,0,0,0,0,0,0,0.0,0.0,0.0,0.0,0.0,0.0,0.0,0.0,0,0,3,False,0,0,0
740,Mfuni,,DEF,13,Man City,,9,,,,,0,0,0,0,0,0,0,0,0,0,0,0,0,0,0.0,0.0,0.0,0.0,0.0,0.0,0.0,0.0,0,0,2,False,0,0,0
741,Gray,,FWD,11,Leeds,,9,,,,,0,0,0,0,0,0,0,0,0,0,0,0,0,0,0.0,0.0,0.0,0.0,0.0,0.0,0.0,0.0,0,0,4,False,0,0,0
742,McAidoo,,MID,13,Man City,,9,,,,,0,0,0,0,0,0,0,0,0,0,0,0,0,0,0.0,0.0,0.0,0.0,0.0,0.0,0.0,0.0,0,0,3,False,0,0,0
743,Emenalo,,MID,7,Chelsea,,9,,,,,0,0,0,0,0,0,0,0,0,0,0,0,0,0,0.0,0.0,0.0,0.0,0.0,0.0,0.0,0.0,0,0,3,False,0,0,0
744,Oriola,,MID,6,Brighton,,9,,,,,0,0,0,0,0,0,0,0,0,0,0,0,0,0,0.0,0.0,0.0,0.0,0.0,0.0,0.0,0.0,0,0,3,False,0,0,0
745,Byfield,,DEF,18,Spurs,,9,,,,,0,0,0,0,0,0,0,0,0,0,0,0,0,0,0.0,0.0,0.0,0.0,0.0,0.0,0.0,0.0,0,0,2,False,0,0,0
746,Morrison,,MID,12,Liverpool,,9,,,,,0,0,0,0,0,0,0,0,0,0,0,0,0,0,0.0,0.0,0.0,0.0,0.0,0.0,0.0,0.0,0,0,3,False,0,0,0
