can_transact,can_select,chance_of_playing_next_round,chance_of_playing_this_round,code,cost_change_event,cost_change_event_fall,cost_change_start,cost_change_start_fall,price_change_percent,price_change_hourly_rate,price_change_projections,price_change_locked_until,price_change_calibrating,dreamteam_count,element_type,ep_next,ep_this,event_points,first_name,form,id,in_dreamteam,news,news_added,now_cost,photo,points_per_game,removed,second_name,selected_by_percent,special,squad_number,status,team,team_code,total_points,transfers_in,transfers_in_event,transfers_out,transfers_out_event,value_form,value_season,web_name,known_name,region,team_join_date,birth_date,has_temporary_code,opta_code,minutes,goals_scored,assists,clean_sheets,goals_conceded,own_goals,penalties_saved,penalties_missed,yellow_cards,red_cards,saves,bonus,bps,influence,creativity,threat,ict_index,clearances_blocks_interceptions,recoveries,tackles,defensive_contribution,starts,expected_goals,expected_assists,expected_goal_involvements,expected_goals_conceded,corners_and_indirect_freekicks_order,corners_and_indirect_freekicks_text,direct_freekicks_order,direct_freekicks_text,penalties_order,penalties_text,scout_risks,scout_news_link,influence_rank,influence_rank_type,creativity_rank,creativity_rank_type,threat_rank,threat_rank_type,ict_index_rank,ict_index_rank_type,expected_goals_per_90,saves_per_90,expected_assists_per_90,expected_goal_involvements_per_90,expected_goals_conceded_per_90,goals_conceded_per_90,now_cost_rank,now_cost_rank_type,form_rank,form_rank_type,points_per_game_rank,points_per_game_rank_type,selected_rank,selected_rank_type,starts_per_90,clean_sheets_per_90,defensive_contribution_per_90
True,True,,,154561,1,-1,1,-1,1.1,34,"[{'offset': 0, 'projected_percent': '1.2', 'likelihood': 1}, {'offset': 1, 'projected_percent': '1.3', 'likelihood': 1}, {'offset': 2, 'projected_percent': '1.5', 'likelihood': 1}]",,False,1,1,6.0,6.0,1,David,6.0,1,False,,,61,154561.jpg,6.0,False,Raya Martín,42.2,False,,a,1,3,30,957775,117376,634844,42440,1.0,4.9,Raya,,200.0,2024-07-04,1995-09-15,False,p154561,450,0,0,3,4,0,1,0,0,0,9,3,104,104.6,0.2,0.0,10.6,6,58,1,0,5,0.00,0.01,0.01,4.03,,,,,,,[],,70,13,389,5,657,73,202,13,0.0,1.8,0.0,0.0,0.81,0.8,60,1,21,3,32,2,4,1,1.0,0.6,0.0
True,True,,,109745,0,0,-1,1,-46.2,0,"[{'offset': 0, 'projected_percent': '-46.2', 'likelihood': -3}, {'offset': 1, 'projected_percent': '-46.2', 'likelihood': -3}, {'offset': 2, 'projected_percent': '-46.2', 'likelihood': -3}]",,False,0,1,0.0,0.0,0,Kepa,0.0,2,False,,,49,109745.jpg,0.0,False,Arrizabalaga Revuelta,0.1,False,,a,1,3,0,1471,94,4240,227,0.0,0.0,Arrizabalaga,,200.0,2025-07-01,1994-10-03,False,p109745,0,0,0,0,0,0,0,0,0,0,0,0,0,0.0,0.0,0.0,0.0,0,0,0,0,0,0.00,0.00,0.00,0.00,,,,,,,[],,558,68,555,56,519,54,563,68,0.0,0.0,0.0,0.0,0.0,0.0,341,16,557,67,570,68,463,53,0.0,0.0,0.0
True,True,,,437495,0,0,-1,1,-35.7,0,"[{'offset': 0, 'projected_percent': '-35.7', 'likelihood': -2}, {'offset': 1, 'projected_percent': '-35.7', 'likelihood': -2}, {'offset': 2, 'projected_percent': '-35.7', 'likelihood': -2}]",,False,0,1,0.0,0.0,0,Illan,0.0,3,False,,,49,437495.jpg,0.0,False,Meslier,0.0,False,,a,1,3,0,511,44,1571,111,0.0,0.0,Meslier,,73.0,2026-07-09,2000-03-02,False,p437495,0,0,0,0,0,0,0,0,0,0,0,0,0,0.0,0.0,0.0,0.0,0,0,0,0,0,0.00,0.00,0.00,0.00,,,,,,,[],,568,69,566,58,532,56,574,69,0.0,0.0,0.0,0.0,0.0,0.0,367,18,567,69,579,69,548,63,0.0,0.0,0.0
True,True,,,226597,0,0,0,0,-84.3,0,"[{'offset': 0, 'projected_percent': '-84.3', 'likelihood': -3}, {'offset': 1, 'projected_percent': '-84.3', 'likelihood': -3}, {'offset': 2, 'projected_percent': '-84.3', 'likelihood': -3}]",,False,0,2,5.0,5.0,1,Gabriel,5.0,4,False,,,80,226597.jpg,5.0,False,dos Santos Magalhães,22.8,False,,a,1,3,25,231690,21447,904207,61316,0.6,3.1,Gabriel,Gabriel Magalhães,30.0,2020-09-01,1997-12-19,False,p226597,450,0,0,3,4,0,0,0,2,0,0,2,90,94.8,22.0,84.0,20.0,35,17,6,41,5,0.51,0.20,0.71,4.03,,,,,,,[],,86,38,216,72,44,3,89,28,0.1,0.0,0.04,0.14,0.81,0.8,8,1,46,21,60,25,14,4,1.0,0.6,8.2
True,True,100.0,100.0,445122,0,0,0,0,10.2,5,"[{'offset': 0, 'projected_percent': '10.2', 'likelihood': 1}, {'offset': 1, 'projected_percent': '10.3', 'likelihood': 1}, {'offset': 2, 'projected_percent': '10.4', 'likelihood': 1}]",,False,0,2,0.2,0.2,0,Jurriën,0.2,5,False,,2026-07-23T12:01:23.272929Z,65,445122.jpg,0.5,False,Timber,0.4,False,,a,1,3,1,32718,11062,14337,3584,0.0,0.2,J.Timber,Jurriën Timber,152.0,2023-07-14,2001-06-17,False,p445122,104,0,0,0,3,0,0,0,0,0,0,0,-3,10.2,4.2,0.0,1.5,2,7,3,5,1,0.00,0.03,0.03,2.18,,,,,,,[],,323,122,314,111,663,217,364,127,0.0,0.0,0.03,0.03,1.89,2.6,39,3,394,136,418,145,267,99,0.87,0.0,4.33
True,True,0.0,0.0,462424,0,0,-1,1,-23.7,-2,"[{'offset': 0, 'projected_percent': '-23.9', 'likelihood': -2}, {'offset': 1, 'projected_percent': '-24.3', 'likelihood': -2}, {'offset': 2, 'projected_percent': '-24.7', 'likelihood': -2}]",,False,0,2,0.0,0.0,0,William,0.0,6,False,Back injury - Unknown return date,2026-07-23T12:01:23.289376Z,59,462424.jpg,0.0,False,Saliba,0.2,False,,i,1,3,0,3430,348,18550,997,0.0,0.0,Saliba,,73.0,2019-07-25,2001-03-24,False,p462424,0,0,0,0,0,0,0,0,0,0,0,0,0,0.0,0.0,0.0,0.0,0,0,0,0,0,0.00,0.00,0.00,0.00,,,,,,,[],https://www.arsenal.com/news/arteta-issues-update-on-bruno-timber-and-saliba-aKfIr6V2lm7B?utm_source=premier-league-web&utm_medium=referral&utm_campaign=pl-referral-always-on&utm_content=home&utm_term=live-bar,654,217,658,217,652,216,658,217,0.0,0.0,0.0,0.0,0.0,0.0,88,8,655,216,657,216,329,122,0.0,0.0,0.0
True,True,,,499169,-1,1,-1,1,-14.3,-4,"[{'offset': 0, 'projected_percent': '-14.7', 'likelihood': -1}, {'offset': 1, 'projected_percent': '-15.3', 'likelihood': -1}, {'offset': 2, 'projected_percent': '-15.9', 'likelihood': -1}]",,False,0,3,1.5,1.5,0,Myles,1.5,7,False,,,54,499169.jpg,2.2,False,Lewis-Skelly,0.6,False,,a,1,3,9,29478,801,49472,4668,0.3,1.7,Lewis-Skelly,,241.0,2022-12-04,2006-09-26,False,p499169,271,0,0,2,1,0,0,0,0,0,0,0,37,21.6,40.2,16.0,7.0,5,8,1,14,4,0.16,0.23,0.39,1.02,,,,,,,[],,279,119,157,100,213,116,252,112,0.05,0.0,0.08,0.13,0.34,0.33,202,126,239,107,218,96,240,76,1.33,0.66,4.65
True,True,,,466075,0,0,3,-3,89.0,11,"[{'offset': 0, 'projected_percent': '89.1', 'likelihood': 3}, {'offset': 1, 'projected_percent': '89.2', 'likelihood': 3}, {'offset': 2, 'projected_percent': '89.4', 'likelihood': 3}]",,False,1,2,5.0,5.0,1,Riccardo,5.0,8,False,,,58,466075.jpg,5.8,False,Calafiori,50.5,False,,a,1,3,29,1648757,68749,396446,57939,0.9,5.0,Calafiori,,106.0,2024-07-29,2002-05-19,False,p466075,416,0,2,3,4,0,0,0,0,0,0,2,76,71.6,52.7,66.0,19.1,12,13,6,18,5,0.67,0.62,1.29,3.76,,,,,,,[],,129,57,110,29,67,8,97,30,0.14,0.0,0.13,0.27,0.81,0.87,106,11,43,19,35,14,3,1,1.08,0.65,3.89
True,True,,,448104,-1,1,-3,3,-4.7,-4,"[{'offset': 0, 'projected_percent': '-4.9', 'likelihood': -1}, {'offset': 1, 'projected_percent': '-5.3', 'likelihood': -1}, {'offset': 2, 'projected_percent': '-5.7', 'likelihood': -1}]",,False,0,2,0.2,0.2,0,Piero,0.2,9,False,,,52,448104.jpg,1.0,False,Hincapié,0.9,False,,a,1,3,2,16122,1303,117089,5378,0.0,0.4,Hincapie,,62.0,2026-07-01,2002-01-09,False,p448104,32,0,0,0,0,0,0,0,0,0,0,0,6,6.4,1.0,2.0,1.0,2,0,1,3,0,0.00,0.00,0.00,0.28,,,,,,,[],,353,131,356,130,329,124,376,133,0.0,0.0,0.0,0.0,0.79,0.0,238,35,378,135,361,136,195,73,0.0,0.0,8.44
True,True,75.0,100.0,198869,0,0,0,0,-43.0,-93,"[{'offset': 0, 'projected_percent': '-43.9', 'likelihood': -3}, {'offset': 1, 'projected_percent': '-45.4', 'likelihood': -3}, {'offset': 2, 'projected_percent': '-46.8', 'likelihood': -3}]",,False,0,2,1.9,2.5,0,Benjamin,2.5,10,False,Groin injury - 75% chance of playing,2026-09-20T19:30:08.247780Z,55,198869.jpg,5.2,False,White,5.0,False,,d,1,3,21,455955,3197,561190,62409,0.5,3.8,White,,241.0,2021-07-30,1997-10-08,False,p198869,315,0,1,2,1,0,0,0,0,0,0,3,78,69.6,53.0,29.0,15.2,12,9,6,18,4,0.18,0.29,0.47,1.15,,,,,,,[],,135,61,106,27,156,46,140,48,0.05,0.0,0.08,0.13,0.33,0.29,132,15,158,63,53,22,75,29,1.14,0.57,5.14
True,True,100.0,100.0,500040,0,0,-2,2,-22.8,-6,"[{'offset': 0, 'projected_percent': '-23.1', 'likelihood': -2}, {'offset': 1, 'projected_percent': '-23.6', 'likelihood': -2}, {'offset': 2, 'projected_percent': '-24.1', 'likelihood': -2}]",,False,0,2,1.5,1.5,0,Cristhian,1.5,11,False,,2026-09-04T14:00:08.080310Z,53,500040.jpg,6.0,False,Mosquera,1.6,False,,a,1,3,12,31235,1070,467429,8700,0.3,2.3,Mosquera,,200.0,2025-07-24,2004-06-27,False,p500040,168,0,0,2,0,0,0,0,0,0,0,0,52,24.6,2.0,0.0,2.7,10,3,0,10,2,0.00,0.01,0.01,0.53,,,,,,,[],,270,110,334,120,612,212,332,119,0.0,0.0,0.01,0.01,0.28,0.0,231,33,238,87,28,12,139,55,1.07,1.07,5.36
True,True,,,223340,0,0,0,0,85.0,91,"[{'offset': 0, 'projected_percent': '85.7', 'likelihood': 3}, {'offset': 1, 'projected_percent': '87.0', 'likelihood': 3}, {'offset': 2, 'projected_percent': '88.3', 'likelihood': 3}]",,False,0,3,5.8,5.8,2,Bukayo,5.8,12,False,,,95,223340.jpg,6.4,False,Saka,13.6,False,,a,1,3,32,774213,94591,392370,42519,0.6,3.4,Saka,,241.0,2018-11-28,2001-09-05,False,p223340,416,3,0,3,4,0,0,0,0,0,0,4,137,155.6,125.6,240.0,52.1,8,17,6,31,5,3.22,0.98,4.20,3.58,2.0,,2.0,,1.0,,[],,13,8,26,24,2,1,2,2,0.7,0.0,0.21,0.91,0.77,0.87,4,3,29,12,19,8,30,11,1.08,0.65,6.71
True,True,75.0,,204480,0,0,-1,1,-29.9,-170,"[{'offset': 0, 'projected_percent': '-30.5', 'likelihood': -2}, {'offset': 1, 'projected_percent': '-31.6', 'likelihood': -2}, {'offset': 2, 'projected_percent': '-32.8', 'likelihood': -2}]",,False,0,3,3.2,4.2,1,Declan,4.2,13,False,Unspecified injury - 75% chance of playing,2026-09-21T13:00:08.896379Z,74,204480.jpg,4.0,False,Rice,11.7,False,,d,1,3,20,119157,7311,716295,73621,0.6,2.7,Rice,,241.0,2023-07-15,1999-01-14,False,p204480,411,0,2,3,4,0,0,0,1,0,0,0,91,120.2,108.4,5.0,23.4,18,17,7,42,5,0.12,0.69,0.81,3.50,1.0,,1.0,,,,[],,43,16,37,32,298,155,61,40,0.03,0.0,0.15,0.18,0.77,0.88,18,11,65,25,100,40,35,14,1.09,0.66,9.2
True,True,,,232413,-1,1,-3,3,-0.1,-3,"[{'offset': 0, 'projected_percent': '-0.3', 'likelihood': -1}, {'offset': 1, 'projected_percent': '-0.5', 'likelihood': -1}, {'offset': 2, 'projected_percent': '-0.8', 'likelihood': -1}]",,False,0,3,0.8,0.8,1,Eberechi,0.8,14,False,,,62,232413.jpg,1.0,False,Eze,1.0,False,,a,1,3,4,22930,2011,139131,6287,0.1,0.6,Eze,,241.0,2025-08-23,1998-06-29,False,p232413,85,0,0,0,0,0,0,0,0,0,0,0,18,3.0,5.9,9.0,1.6,0,5,0,5,0,0.04,0.09,0.13,1.33,,,3.0,,,,[],,381,177,296,149,265,137,359,172,0.04,0.0,0.1,0.14,1.41,0.0,56,39,301,140,395,189,174,56,0.0,0.0,5.29
True,True,,,184029,0,0,3,-3,-1.9,23,"[{'offset': 0, 'projected_percent': '-1.7', 'likelihood': -1}, {'offset': 1, 'projected_percent': '-1.4', 'likelihood': -1}, {'offset': 2, 'projected_percent': '-1.1', 'likelihood': -1}]",,False,1,3,4.5,4.5,2,Martin,4.5,15,False,,,68,184029.jpg,5.8,False,Ødegaard,19.8,False,,a,1,3,29,1624326,68606,540837,81388,0.7,4.3,Ødegaard,,161.0,2021-08-20,1998-12-17,False,p184029,377,2,0,3,4,0,0,0,0,0,0,6,137,121.8,166.9,73.0,36.2,5,12,6,23,5,1.08,1.32,2.40,3.23,,,4.0,,3.0,,[],,40,14,10,9,57,35,17,13,0.26,0.0,0.32,0.58,0.77,0.95,31,20,59,22,36,17,18,8,1.19,0.72,5.49
True,True,,,248857,0,0,-3,3,-23.6,4,"[{'offset': 0, 'projected_percent': '-22.2', 'likelihood': -2}, {'offset': 1, 'projected_percent': '-19.6', 'likelihood': -1}, {'offset': 2, 'projected_percent': '-17.1', 'likelihood': -1}]",,False,0,3,0.2,0.2,0,Noni,0.2,16,False,,,62,248857.jpg,1.0,False,Madueke,0.2,False,,a,1,3,2,5967,687,25883,1463,0.0,0.3,Madueke,,241.0,2025-07-18,2002-03-10,False,p248857,23,0,0,0,0,0,0,0,0,0,0,0,11,11.6,43.9,0.0,5.6,0,2,1,3,0,0.00,0.05,0.05,0.15,5.0,,,,,,[],,315,141,143,91,659,294,279,125,0.0,0.0,0.2,0.2,0.59,0.0,57,40,393,191,396,190,327,117,0.0,0.0,11.74
True,True,,,195384,0,0,-2,2,-94.9,0,"[{'offset': 0, 'projected_percent': '-94.9', 'likelihood': -3}, {'offset': 1, 'projected_percent': '-94.9', 'likelihood': -3}, {'offset': 2, 'projected_percent': '-94.9', 'likelihood': -3}]",,False,0,3,0.8,0.8,1,Mikel,0.8,17,False,,,58,195384.jpg,0.8,False,Merino Zazón,0.4,False,,a,1,3,4,9384,647,47963,2673,0.1,0.7,Merino,,200.0,2024-08-27,1996-06-22,False,p195384,81,0,0,0,0,0,0,0,1,0,0,0,19,10.0,4.2,16.0,3.0,1,9,0,10,0,0.14,0.15,0.29,0.96,,,,,,,[],,325,147,313,160,214,117,322,149,0.16,0.0,0.17,0.33,1.07,0.0,99,63,299,138,410,195,274,91,0.0,0.0,11.11
True,False,0.0,0.0,444145,0,0,-2,2,0.0,-1,"[{'offset': 0, 'projected_percent': '0.0', 'likelihood': 0}, {'offset': 1, 'projected_percent': '0.0', 'likelihood': 0}, {'offset': 2, 'projected_percent': '0.0', 'likelihood': 0}]",,False,0,3,0.0,0.0,0,Gabriel,0.0,18,False,Has joined Al Hilal permanently,2026-09-04T12:34:46.738449Z,63,444145.jpg,0.0,False,Martinelli Silva,0.1,False,,u,1,3,0,2483,0,21800,499,0.0,0.0,Martinelli,Gabriel Martinelli,30.0,2019-07-15,2001-06-18,False,p444145,0,0,0,0,0,0,0,0,0,0,0,0,0,0.0,0.0,0.0,0.0,0,0,0,0,0,0.00,0.00,0.00,0.00,,,,,,,[],,661,295,662,295,660,295,662,295,0.0,0.0,0.0,0.0,0.0,0.0,48,33,661,295,661,295,470,182,0.0,0.0,0.0
True,True,,,481655,0,0,-2,2,-43.8,0,"[{'offset': 0, 'projected_percent': '-43.8', 'likelihood': -3}, {'offset': 1, 'projected_percent': '-43.8', 'likelihood': -3}, {'offset': 2, 'projected_percent': '-43.8', 'likelihood': -3}]",,False,0,3,1.0,1.0,1,Martín,1.0,19,False,,,53,481655.jpg,1.0,False,Zubimendi Ibáñez,0.6,False,,a,1,3,5,8463,448,66407,3464,0.2,0.9,Zubimendi,,200.0,2025-07-06,1999-02-02,False,p481655,89,0,0,0,0,0,0,0,0,0,0,0,16,13.4,5.0,29.0,4.8,5,3,4,12,0,0.21,0.04,0.25,1.38,,,,,,,[],,303,131,303,154,155,82,295,133,0.21,0.0,0.04,0.25,1.4,0.0,228,143,266,122,366,166,236,73,0.0,0.0,12.13
True,True,,,616077,0,0,-2,2,-25.1,-1,"[{'offset': 0, 'projected_percent': '-26.5', 'likelihood': -2}, {'offset': 1, 'projected_percent': '-29.1', 'likelihood': -2}, {'offset': 2, 'projected_percent': '-31.6', 'likelihood': -2}]",,False,0,3,0.2,0.2,1,Max,0.2,20,False,,,53,616077.jpg,1.0,False,Dowman,0.1,False,,a,1,3,1,3007,419,7253,534,0.0,0.2,Dowman,,241.0,2025-07-22,2009-12-31,False,p616077,9,0,0,0,0,0,0,0,0,0,0,0,4,2.0,14.8,0.0,1.7,0,0,0,0,0,0.00,0.08,0.08,0.31,,,,,,,[],,386,179,240,129,614,265,356,170,0.0,0.0,0.8,0.8,3.1,0.0,236,149,383,183,372,172,466,181,0.0,0.0,0.0
True,False,0.0,0.0,499175,0,0,-1,1,0.0,0,"[{'offset': 0, 'projected_percent': '0.0', 'likelihood': 0}, {'offset': 1, 'projected_percent': '0.0', 'likelihood': 0}, {'offset': 2, 'projected_percent': '0.0', 'likelihood': 0}]",,False,0,3,0.0,0.0,0,Ethan,0.0,22,False,Has joined Borussia Dortmund on loan for the rest of the season,2026-09-02T16:01:07.058827Z,54,499175.jpg,0.0,False,Nwaneri,0.0,False,,u,1,3,0,233,0,1248,48,0.0,0.0,Nwaneri,,241.0,2022-09-17,2007-03-21,False,p499175,0,0,0,0,0,0,0,0,0,0,0,0,0,0.0,0.0,0.0,0.0,0,0,0,0,0,0.00,0.00,0.00,0.00,,,,,,,[],,633,276,636,278,623,271,638,277,0.0,0.0,0.0,0.0,0.0,0.0,203,127,633,277,638,278,631,269,0.0,0.0,0.0
True,False,0.0,0.0,438098,0,0,0,0,0.0,0,"[{'offset': 0, 'projected_percent': '0.0', 'likelihood': 0}, {'offset': 1, 'projected_percent': '0.0', 'likelihood': 0}, {'offset': 2, 'projected_percent': '0.0', 'likelihood': 0}]",,False,0,3,0.0,0.0,0,Fábio,0.0,23,False,Has joined Hamburger SV permanently,2026-09-02T16:00:28.446370Z,55,438098.jpg,0.0,False,Ferreira Vieira,0.0,False,,u,1,3,0,255,0,914,35,0.0,0.0,Fábio Vieira,Fábio Vieira,173.0,2022-06-21,2000-05-30,False,p438098,0,0,0,0,0,0,0,0,0,0,0,0,0,0.0,0.0,0.0,0.0,0,0,0,0,0,0.00,0.00,0.00,0.00,,,,,,,[],,642,281,648,283,635,276,647,282,0.0,0.0,0.0,0.0,0.0,0.0,144,87,642,282,647,283,633,271,0.0,0.0,0.0
True,False,0.0,0.0,200641,0,0,0,0,0.0,0,"[{'offset': 0, 'projected_percent': '0.0', 'likelihood': 0}, {'offset': 1, 'projected_percent': '0.0', 'likelihood': 0}, {'offset': 2, 'projected_percent': '0.0', 'likelihood': 0}]",,False,0,3,0.0,0.0,0,Reiss,0.0,24,False,has departed the club as a free agent.,2026-08-29T00:33:08.556767Z,55,200641.jpg,0.0,False,Nelson,0.0,False,,u,1,3,0,68,0,672,18,0.0,0.0,Nelson,,241.0,2017-07-12,1999-12-10,False,p200641,0,0,0,0,0,0,0,0,0,0,0,0,0,0.0,0.0,0.0,0.0,0,0,0,0,0,0.00,0.00,0.00,0.00,,,,,,,[],,639,278,644,280,631,273,644,279,0.0,0.0,0.0,0.0,0.0,0.0,133,80,639,279,644,280,641,277,0.0,0.0,0.0
True,True,,,224117,-1,1,-4,4,-5.6,32,"[{'offset': 0, 'projected_percent': '-5.1', 'likelihood': -1}, {'offset': 1, 'projected_percent': '-4.2', 'likelihood': -1}, {'offset': 2, 'projected_percent': '-3.3', 'likelihood': -1}]",,False,0,4,0.5,0.5,1,Viktor,0.5,25,False,,,71,224117.jpg,1.0,False,Gyökeres,3.1,False,,a,1,3,2,35224,7001,609651,15327,0.1,0.3,Gyökeres,,206.0,2025-07-26,1998-06-04,False,p224117,29,0,0,0,0,0,0,0,0,0,0,0,7,0.0,14.7,0.0,1.4,0,1,0,1,0,0.00,0.23,0.23,0.65,,,,,2.0,,[],,664,77,242,28,664,77,367,41,0.0,0.0,0.71,0.71,2.02,0.0,24,8,348,41,399,47,102,16,0.0,0.0,3.1
True,True,75.0,,219847,0,0,1,-1,9.9,-226,"[{'offset': 0, 'projected_percent': '8.1', 'likelihood': 1}, {'offset': 1, 'projected_percent': '5.0', 'likelihood': 1}, {'offset': 2, 'projected_percent': '1.8', 'likelihood': 1}]",,False,0,4,2.4,3.2,2,Kai,3.2,26,False,Hamstring injury - 75% chance of playing,2026-09-24T22:00:09.120308Z,76,219847.jpg,3.8,False,Havertz,8.4,False,,d,1,3,19,653012,49779,410487,50015,0.4,2.5,Havertz,,80.0,2023-06-28,1999-06-11,False,p219847,437,2,0,3,4,0,0,0,1,0,0,2,82,89.4,71.3,165.0,32.6,6,7,0,13,5,1.67,0.37,2.04,3.91,,,,,,,[],,99,8,71,4,6,4,23,5,0.34,0.0,0.08,0.42,0.81,0.82,17,6,115,11,108,11,46,7,1.03,0.62,2.68
True,False,0.0,0.0,205651,0,0,-1,1,0.0,-4,"[{'offset': 0, 'projected_percent': '0.0', 'likelihood': 0}, {'offset': 1, 'projected_percent': '0.0', 'likelihood': 0}, {'offset': 2, 'projected_percent': '0.0', 'likelihood': 0}]",,False,0,4,0.0,0.0,0,Gabriel,0.0,27,False,Has joined FC Barcelona permanently,2026-09-02T16:00:28.475184Z,59,205651.jpg,0.0,False,Fernando de Jesus,0.1,False,,u,1,3,0,4164,0,29177,902,0.0,0.0,G.Jesus,Gabriel Jesus,30.0,2022-07-04,1997-04-03,False,p205651,0,0,0,0,0,0,0,0,0,0,0,0,0,0.0,0.0,0.0,0.0,0,0,0,0,0,0.00,0.00,0.00,0.00,,,,,,,[],,651,73,656,77,649,74,656,77,0.0,0.0,0.0,0.0,0.0,0.0,82,21,652,75,655,77,371,56,0.0,0.0,0.0
True,True,,,199798,1,-1,1,-1,0.7,26,"[{'offset': 0, 'projected_percent': '0.8', 'likelihood': 1}, {'offset': 1, 'projected_percent': '0.9', 'likelihood': 1}, {'offset': 2, 'projected_percent': '1.1', 'likelihood': 1}]",,False,0,2,3.0,3.0,1,Ezri,3.0,31,False,,,46,199798.jpg,3.0,False,Konsa Ngoyo,19.4,False,,a,1,3,12,1457149,83842,632027,40919,0.7,2.6,Konsa,,241.0,2026-08-21,1997-10-23,False,p199798,281,0,0,1,4,0,0,0,0,0,0,0,36,45.0,14.0,14.0,7.3,18,9,5,23,3,0.23,0.02,0.25,3.50,,,,,,,[],,204,80,250,90,225,73,244,93,0.07,0.0,0.01,0.08,1.12,1.28,424,80,118,49,138,59,19,5,0.96,0.32,7.37
True,True,100.0,100.0,208706,0,0,-3,3,0.3,10,"[{'offset': 0, 'projected_percent': '0.4', 'likelihood': 1}, {'offset': 1, 'projected_percent': '0.6', 'likelihood': 1}, {'offset': 2, 'projected_percent': '0.7', 'likelihood': 1}]",,False,0,3,2.2,2.2,1,Bruno,2.2,452,False,,2026-09-04T14:00:08.328779Z,67,208706.jpg,3.0,False,Guimarães Rodriguez Moura,1.8,False,,a,1,3,9,29891,4945,244010,6937,0.3,1.3,Bruno G.,Bruno Guimarães,30.0,2026-08-08,1997-11-16,False,p208706,123,1,0,0,3,0,0,0,0,0,0,1,45,41.0,6.5,19.0,6.6,3,8,1,12,1,0.09,0.16,0.25,2.18,4.0,,,,4.0,,[],,213,91,290,145,200,111,261,116,0.07,0.0,0.12,0.19,1.6,2.2,32,21,185,81,158,67,135,41,0.73,0.0,8.78
True,True,,,439509,-1,1,-2,2,-10.4,-57,"[{'offset': 0, 'projected_percent': '-10.7', 'likelihood': -1}, {'offset': 1, 'projected_percent': '-11.1', 'likelihood': -1}, {'offset': 2, 'projected_percent': '-11.5', 'likelihood': -1}]",,False,0,3,2.5,2.5,2,Christos,2.5,557,False,,,63,439509.jpg,3.2,False,Tzolis,12.2,False,,a,1,3,16,461101,10734,1595511,132303,0.4,2.5,Tzolis,,83.0,2026-07-23,2002-01-30,False,p439509,362,0,2,2,4,0,0,0,2,0,0,1,81,56.4,115.1,46.0,21.8,7,12,4,23,5,0.19,0.55,0.74,2.73,3.0,,,,,,[],,171,67,33,28,105,59,76,45,0.05,0.0,0.14,0.19,0.68,0.99,47,32,164,70,132,52,34,13,1.24,0.5,5.72
True,True,0.0,0.0,72147,0,0,0,0,-34.2,0,"[{'offset': 0, 'projected_percent': '-34.2', 'likelihood': -2}, {'offset': 1, 'projected_percent': '-34.2', 'likelihood': -2}, {'offset': 2, 'projected_percent': '-34.2', 'likelihood': -2}]",,False,0,1,0.0,0.0,0,Marco,0.0,29,False,Back injury - Expected back 10 Oct,2026-09-17T07:30:09.058151Z,45,72147.jpg,1.0,False,Bizot,0.1,False,,i,2,7,1,4648,54,7300,924,0.0,0.2,M.Bizot,,152.0,2025-07-15,1991-03-10,False,p72147,90,0,0,0,4,0,0,0,0,0,3,0,1,28.2,0.0,0.0,2.8,2,6,0,0,1,0.00,0.00,0.00,3.77,,,,,,,[],https://www.avfc.co.uk/news/2026/september/18/prematch-team-news-for-spurs-showdown/,259,22,475,37,425,32,326,22,0.0,3.0,0.0,0.0,3.77,4.0,430,24,479,53,317,24,396,46,1.0,0.0,0.0
True,False,0.0,0.0,101188,0,0,0,0,0.0,0,"[{'offset': 0, 'projected_percent': '0.0', 'likelihood': 0}, {'offset': 1, 'projected_percent': '0.0', 'likelihood': 0}, {'offset': 2, 'projected_percent': '0.0', 'likelihood': 0}]",,False,0,2,0.0,0.0,0,Lucas,0.0,30,False,Has joined Paris Saint-Germain permanently,2026-08-10T14:03:30.089007Z,45,101188.jpg,0.0,False,Digne,0.0,False,,u,2,7,0,0,0,8610,199,0.0,0.0,Digne,,73.0,2022-01-13,1993-07-20,False,p101188,0,0,0,0,0,0,0,0,0,0,0,0,0,0.0,0.0,0.0,0.0,0,0,0,0,0,0.00,0.00,0.00,0.00,,,,,,,[],,484,186,478,185,428,174,489,186,0.0,0.0,0.0,0.0,0.0,0.0,435,87,481,182,498,186,499,177,0.0,0.0,0.0
True,True,100.0,100.0,199796,0,0,-1,1,-20.9,-11,"[{'offset': 0, 'projected_percent': '-21.1', 'likelihood': -2}, {'offset': 1, 'projected_percent': '-21.4', 'likelihood': -2}, {'offset': 2, 'projected_percent': '-21.7', 'likelihood': -2}]",,False,0,2,1.8,1.8,-1,Matty,1.8,32,False,,2026-09-09T14:30:08.192142Z,44,199796.jpg,1.5,False,Cash,4.8,False,,a,2,7,6,95077,2426,417369,23380,0.4,1.4,Cash,,172.0,2020-09-03,1997-08-07,False,p199796,296,0,0,1,7,0,0,0,2,0,0,0,16,36.4,22.3,13.0,7.2,11,2,6,17,3,0.15,0.04,0.19,5.95,1.0,,,,,,[],,232,93,212,70,230,76,246,94,0.05,0.0,0.01,0.06,1.81,2.13,555,140,208,75,270,96,76,30,0.91,0.3,5.17
True,True,,,149484,0,0,0,0,0.6,1,"[{'offset': 0, 'projected_percent': '0.6', 'likelihood': 1}, {'offset': 1, 'projected_percent': '0.7', 'likelihood': 1}, {'offset': 2, 'projected_percent': '0.7', 'likelihood': 1}]",,False,0,2,2.2,2.2,3,Tyrone,2.2,33,False,,,45,149484.jpg,2.5,False,Mings,0.4,False,,a,2,7,10,16218,1498,17281,1257,0.5,2.2,Mings,,241.0,2019-07-08,1993-03-13,False,p149484,261,0,0,1,4,0,0,0,1,0,0,0,43,59.8,5.6,17.0,8.2,20,7,4,24,2,0.20,0.02,0.22,4.43,,,,,,,[],,166,71,297,107,207,63,232,85,0.07,0.0,0.01,0.08,1.53,1.38,439,88,169,66,188,74,272,100,0.69,0.34,8.28
True,True,0.0,0.0,244954,0,0,0,0,-95.4,-2,"[{'offset': 0, 'projected_percent': '-95.7', 'likelihood': -4}, {'offset': 1, 'projected_percent': '-96.1', 'likelihood': -4}, {'offset': 2, 'projected_percent': '-96.5', 'likelihood': -4}]",,False,0,2,0.0,0.0,0,Pau,0.8,34,False,Hamstring injury - Expected back 10 Oct,2026-09-12T18:00:08.712707Z,45,244954.jpg,1.0,False,Torres,0.3,False,,i,2,7,3,11233,40,27267,2909,0.2,0.7,Pau,,200.0,2023-07-12,1997-01-16,False,p244954,187,0,0,0,5,0,0,0,0,0,0,0,-4,11.2,1.9,2.0,1.5,8,9,1,9,3,0.00,0.01,0.01,4.79,,,,,,,[],https://www.avfc.co.uk/news/2026/september/18/prematch-team-news-for-spurs-showdown/,318,121,335,121,320,120,360,125,0.0,0.0,0.0,0.0,2.31,2.41,468,109,281,102,318,121,292,106,1.44,0.0,4.33
True,True,,,515597,-1,1,-1,1,-2.8,0,"[{'offset': 0, 'projected_percent': '-2.8', 'likelihood': -1}, {'offset': 1, 'projected_percent': '-2.8', 'likelihood': -1}, {'offset': 2, 'projected_percent': '-2.8', 'likelihood': -1}]",,False,0,3,0.0,0.0,0,Lamare,0.0,35,False,,,49,515597.jpg,1.0,False,Bogarde,0.1,False,,a,2,7,1,2897,156,4742,414,0.0,0.2,Bogarde,,152.0,2021-01-07,2004-01-05,False,p515597,16,0,0,0,0,0,0,0,0,0,0,0,3,2.2,0.5,0.0,0.3,1,0,0,1,0,0.00,0.00,0.00,0.22,,,,,,,[],,385,178,372,185,541,222,394,183,0.0,0.0,0.0,0.0,1.24,0.0,387,231,576,242,341,149,478,187,0.0,0.0,5.62
True,True,0.0,0.0,441302,-1,1,-1,1,-1.4,-2,"[{'offset': 0, 'projected_percent': '-1.5', 'likelihood': -1}, {'offset': 1, 'projected_percent': '-1.6', 'likelihood': -1}, {'offset': 2, 'projected_percent': '-1.7', 'likelihood': -1}]",,False,0,2,0.0,0.0,0,Ian,2.2,36,False,Ankle injury - Unknown return date,2026-09-12T18:00:08.729468Z,44,441302.jpg,2.2,False,Maatsen,0.5,False,,i,2,7,9,31890,48,61454,5716,0.5,2.0,Maatsen,,152.0,2024-06-28,2002-03-10,False,p441302,335,0,0,1,7,0,0,0,1,0,0,1,22,34.8,24.5,43.0,10.2,17,10,7,24,4,0.28,0.45,0.73,6.54,,,,,,,[],https://www.avfc.co.uk/news/2026/september/18/prematch-team-news-for-spurs-showdown/,236,95,200,65,109,24,207,74,0.08,0.0,0.12,0.2,1.76,1.88,563,147,168,65,207,83,248,93,1.07,0.27,6.45
True,True,,,184667,0,0,0,0,0.9,0,"[{'offset': 0, 'projected_percent': '0.9', 'likelihood': 1}, {'offset': 1, 'projected_percent': '0.9', 'likelihood': 1}, {'offset': 2, 'projected_percent': '0.9', 'likelihood': 1}]",,False,0,2,2.5,2.5,1,Victor,2.5,37,False,,,45,184667.jpg,1.6,False,Lindelöf,0.3,False,,a,2,7,8,14505,905,14184,1161,0.6,1.8,Lindelöf,,206.0,2025-09-01,1994-07-17,False,p184667,450,0,0,1,9,1,0,0,0,0,0,0,28,74.4,37.3,37.0,14.9,21,7,1,22,5,0.44,0.17,0.61,9.22,,,,,,,[],,123,56,163,44,132,37,142,49,0.09,0.0,0.03,0.12,1.84,1.8,447,94,149,59,263,93,284,104,1.0,0.2,4.4
True,True,,,606798,0,0,0,0,-32.4,-2,"[{'offset': 0, 'projected_percent': '-32.4', 'likelihood': -2}, {'offset': 1, 'projected_percent': '-32.6', 'likelihood': -2}, {'offset': 2, 'projected_percent': '-32.8', 'likelihood': -2}]",,False,0,2,0.0,0.0,0,Andrés,0.0,38,False,,,40,606798.jpg,0.0,False,García,1.5,False,,a,2,7,0,45131,1685,67476,5576,0.0,0.0,A.García,,,,,False,p606798,0,0,0,0,0,0,0,0,0,0,0,0,0,0.0,0.0,0.0,0.0,0,0,0,0,0,0.00,0.00,0.00,0.00,,,,,,,[],,459,175,450,174,395,160,464,175,0.0,0.0,0.0,0.0,0.0,0.0,655,205,452,168,473,175,147,59,0.0,0.0,0.0
True,False,0.0,0.0,578545,0,0,0,0,0.0,0,"[{'offset': 0, 'projected_percent': '0.0', 'likelihood': 0}, {'offset': 1, 'projected_percent': '0.0', 'likelihood': 0}, {'offset': 2, 'projected_percent': '0.0', 'likelihood': 0}]",,False,0,2,0.0,0.0,0,Kosta,0.0,39,False,Has joined Rangers on loan for the rest of the season,2026-08-19T13:56:46.385411Z,40,578545.jpg,0.0,False,Nedeljkovic,0.1,False,,u,2,7,0,0,0,15182,497,0.0,0.0,Nedeljkovic,,190.0,2024-01-22,2005-12-16,False,p578545,0,0,0,0,0,0,0,0,0,0,0,0,0,0.0,0.0,0.0,0.0,0,0,0,0,0,0.00,0.00,0.00,0.00,,,,,,,[],,457,174,448,173,393,159,462,174,0.0,0.0,0.0,0.0,0.0,0.0,652,203,450,167,471,174,379,145,0.0,0.0,0.0
True,True,,,195546,0,0,-1,1,-38.6,10,"[{'offset': 0, 'projected_percent': '-37.7', 'likelihood': -2}, {'offset': 1, 'projected_percent': '-36.3', 'likelihood': -2}, {'offset': 2, 'projected_percent': '-34.9', 'likelihood': -2}]",,False,1,3,4.8,4.8,12,Emiliano,4.8,41,False,,,59,195546.jpg,4.2,False,Buendía Stati,1.0,False,,a,2,7,21,58937,10953,94789,3644,0.8,3.6,Buendía,,10.0,2021-06-10,1996-12-25,False,p195546,401,1,0,1,8,0,0,0,0,0,0,3,73,66.0,80.5,59.0,19.6,5,20,9,34,5,0.92,0.24,1.16,7.86,3.0,,1.0,,1.0,,[],,143,48,63,52,74,45,91,48,0.21,0.0,0.05,0.26,1.76,1.8,81,54,52,19,84,36,181,58,1.12,0.22,7.63
True,False,0.0,0.0,215711,0,0,-1,1,0.0,-1,"[{'offset': 0, 'projected_percent': '0.0', 'likelihood': 0}, {'offset': 1, 'projected_percent': '0.0', 'likelihood': 0}, {'offset': 2, 'projected_percent': '0.0', 'likelihood': 0}]",,False,0,3,0.0,0.0,0,Leon,0.0,44,False,Has joined Olympiakos permanently,2026-09-04T12:35:14.472260Z,54,215711.jpg,0.0,False,Bailey,0.1,False,,u,2,7,0,2096,0,13168,437,0.0,0.0,Bailey,,107.0,2021-08-04,1997-08-09,False,p215711,0,0,0,0,0,0,0,0,0,0,0,0,0,0.0,0.0,0.0,0.0,0,0,0,0,0,0.00,0.00,0.00,0.00,,,,,,,[],,630,274,633,276,620,269,635,275,0.0,0.0,0.0,0.0,0.0,0.0,179,113,630,275,636,276,493,193,0.0,0.0,0.0
True,True,,,122806,0,0,-1,1,-19.2,0,"[{'offset': 0, 'projected_percent': '-19.2', 'likelihood': -1}, {'offset': 1, 'projected_percent': '-19.2', 'likelihood': -1}, {'offset': 2, 'projected_percent': '-19.2', 'likelihood': -1}]",,False,0,3,4.0,4.0,6,John,4.0,45,False,,,54,122806.jpg,3.4,False,McGinn,2.2,False,,a,2,7,17,70011,6180,154647,7685,0.7,3.1,McGinn,,243.0,2018-08-08,1994-10-18,False,p122806,434,0,2,2,7,0,0,0,2,0,0,1,65,52.4,84.9,15.0,14.8,8,17,5,30,5,0.77,0.24,1.01,8.29,2.0,,,,,,[],,184,74,56,46,221,119,146,74,0.16,0.0,0.05,0.21,1.72,1.45,168,106,74,27,121,48,122,37,1.04,0.41,6.22
True,True,,,88894,0,0,0,0,0.5,-2,"[{'offset': 0, 'projected_percent': '0.5', 'likelihood': 1}, {'offset': 1, 'projected_percent': '0.5', 'likelihood': 1}, {'offset': 2, 'projected_percent': '0.4', 'likelihood': 1}]",,False,0,3,2.0,2.0,1,Ross,2.0,46,False,,,50,88894.jpg,2.0,False,Barkley,0.3,False,,a,2,7,10,16073,516,16127,1650,0.4,2.0,Barkley,,241.0,2024-07-01,1993-12-05,False,p88894,308,0,0,1,8,0,0,0,0,0,0,0,66,42.4,82.3,31.0,15.6,5,16,7,28,4,0.38,0.14,0.52,7.36,4.0,,,,,,[],,211,89,58,47,150,78,128,68,0.11,0.0,0.04,0.15,2.15,2.34,241,151,194,86,232,102,309,107,1.17,0.29,8.18
True,True,100.0,100.0,226944,0,0,0,0,-76.6,0,"[{'offset': 0, 'projected_percent': '-76.6', 'likelihood': -3}, {'offset': 1, 'projected_percent': '-76.6', 'likelihood': -3}, {'offset': 2, 'projected_percent': '-76.6', 'likelihood': -3}]",,False,0,3,3.2,3.2,6,Boubacar,3.2,47,False,,2026-07-23T12:01:23.337269Z,50,226944.jpg,3.0,False,Kamara,0.3,False,,a,2,7,15,14379,1170,21382,1434,0.6,3.0,Kamara,,73.0,2022-06-11,1999-11-23,False,p226944,443,0,1,2,7,0,0,0,0,0,0,0,85,68.0,68.8,6.0,14.3,11,16,9,36,5,0.12,0.16,0.28,8.44,,,,,,,[],,138,46,78,58,289,149,156,81,0.02,0.0,0.03,0.05,1.71,1.42,269,166,105,40,141,56,289,98,1.02,0.41,7.31
True,True,0.0,0.0,449871,0,0,-1,1,-10.3,0,"[{'offset': 0, 'projected_percent': '-10.3', 'likelihood': -1}, {'offset': 1, 'projected_percent': '-10.3', 'likelihood': -1}, {'offset': 2, 'projected_percent': '-10.3', 'likelihood': -1}]",,False,0,3,0.0,0.0,0,Amadou,0.0,48,False,Knee injury - Unknown return date,2026-07-23T12:01:23.352497Z,49,449871.jpg,0.0,False,Onana,0.0,False,,i,2,7,0,507,36,1658,88,0.0,0.0,Onana,,21.0,2024-07-22,2001-08-16,False,p449871,0,0,0,0,0,0,0,0,0,0,0,0,0,0.0,0.0,0.0,0.0,0,0,0,0,0,0.00,0.00,0.00,0.00,,,,,,,[],https://www.avfc.co.uk/news/2026/september/18/prematch-team-news-for-spurs-showdown/,571,236,569,242,535,218,577,238,0.0,0.0,0.0,0.0,0.0,0.0,371,221,570,237,582,243,589,245,0.0,0.0,0.0
True,False,0.0,0.0,469247,0,0,0,0,0.0,0,"[{'offset': 0, 'projected_percent': '0.0', 'likelihood': 0}, {'offset': 1, 'projected_percent': '0.0', 'likelihood': 0}, {'offset': 2, 'projected_percent': '0.0', 'likelihood': 0}]",,False,0,3,0.0,0.0,0,Samuel,0.0,49,False,Has joined Bolton Wanderers on loan for the rest of the season,2026-08-17T13:52:28.532616Z,50,469247.jpg,0.0,False,Iling-Junior,0.0,False,,u,2,7,0,0,0,235,10,0.0,0.0,Iling Jr,,241.0,2024-07-01,2003-10-04,False,p469247,0,0,0,0,0,0,0,0,0,0,0,0,0,0.0,0.0,0.0,0.0,0,0,0,0,0,0.00,0.00,0.00,0.00,,,,,,,[],,597,254,602,259,579,245,603,256,0.0,0.0,0.0,0.0,0.0,0.0,289,174,598,256,606,259,661,294,0.0,0.0,0.0
True,True,,,645618,0,0,0,0,-73.3,0,"[{'offset': 0, 'projected_percent': '-73.3', 'likelihood': -3}, {'offset': 1, 'projected_percent': '-73.3', 'likelihood': -3}, {'offset': 2, 'projected_percent': '-73.3', 'likelihood': -3}]",,False,0,3,0.0,0.0,0,Bradley,0.0,50,False,,,45,645618.jpg,0.0,False,Burrowes,0.6,False,,a,2,7,0,21408,583,34852,3128,0.0,0.0,Burrowes,,241.0,2025-01-09,2008-03-04,False,p645618,0,0,0,0,0,0,0,0,0,0,0,0,0,0.0,0.0,0.0,0.0,0,0,0,0,0,0.00,0.00,0.00,0.00,,,,,,,[],,542,218,538,224,499,197,547,219,0.0,0.0,0.0,0.0,0.0,0.0,536,281,540,219,555,226,239,75,0.0,0.0,0.0
True,True,,,577285,0,0,0,0,13.2,-2,"[{'offset': 0, 'projected_percent': '13.2', 'likelihood': 1}, {'offset': 1, 'projected_percent': '13.1', 'likelihood': 1}, {'offset': 2, 'projected_percent': '13.1', 'likelihood': 1}]",,False,0,3,1.8,1.8,1,George,1.8,51,False,,,45,577285.jpg,1.8,False,Hemmings,1.2,False,,a,2,7,9,115636,2953,68916,8983,0.4,2.0,George Hemmings,,241.0,2025-08-05,2007-03-04,False,p577285,297,0,0,1,7,0,0,0,0,0,0,0,34,25.2,42.1,25.0,9.1,3,10,6,19,4,0.07,0.16,0.23,6.26,,,,,,,[],,265,111,148,94,166,89,222,102,0.02,0.0,0.05,0.07,1.9,2.12,512,268,211,95,251,109,164,50,1.21,0.3,5.76
True,True,75.0,,653481,0,0,0,0,0.0,0,"[{'offset': 0, 'projected_percent': '0.0', 'likelihood': 0}, {'offset': 1, 'projected_percent': '0.0', 'likelihood': 0}, {'offset': 2, 'projected_percent': '0.0', 'likelihood': 0}]",,False,0,3,1.4,1.8,0,Alysson Edward Franco,1.8,52,False,Unspecified injury - 75% chance of playing,2026-09-19T11:30:09.355376Z,50,653481.jpg,2.0,False,da Rocha dos Santos,0.0,False,,d,2,7,8,3350,64,3585,722,0.4,1.6,Alysson,Alysson,30.0,2026-01-01,2006-05-05,False,p653481,87,1,0,0,2,0,0,0,1,0,0,0,34,39.8,4.9,25.0,7.0,2,4,2,8,0,0.06,0.00,0.06,2.40,,,,,,,[],,218,94,305,156,168,91,249,111,0.06,0.0,0.0,0.06,2.48,2.07,335,201,219,100,234,103,498,195,0.0,0.0,8.28
True,True,100.0,100.0,614071,0,0,-1,1,7.4,17,"[{'offset': 0, 'projected_percent': '7.6', 'likelihood': 1}, {'offset': 1, 'projected_percent': '7.8', 'likelihood': 1}, {'offset': 2, 'projected_percent': '8.0', 'likelihood': 1}]",,False,1,3,3.5,3.5,13,Johan,3.5,53,False,,2026-08-15T15:30:06.388335Z,59,614071.jpg,7.0,False,Manzambi,0.4,False,,a,2,7,14,29272,26286,19332,2713,0.6,2.4,Manzambi,,207.0,2026-07-17,2005-10-14,False,p614071,98,1,1,1,1,0,0,0,0,0,0,2,48,65.8,29.8,60.0,15.6,2,5,2,9,1,0.44,0.24,0.68,1.54,,,,,,,[],,145,50,186,107,72,44,130,70,0.4,0.0,0.22,0.62,1.41,0.92,94,60,95,38,12,4,275,92,0.92,0.92,8.27
True,True,100.0,100.0,448089,0,0,0,0,0.1,1,"[{'offset': 0, 'projected_percent': '0.1', 'likelihood': 1}, {'offset': 1, 'projected_percent': '0.1', 'likelihood': 1}, {'offset': 2, 'projected_percent': '0.1', 'likelihood': 1}]",,False,0,3,1.0,1.0,4,Joao,1.0,54,False,,2026-09-16T19:30:08.742410Z,55,448089.jpg,1.0,False,Gomes,0.0,False,,a,2,7,2,1247,408,4080,171,0.2,0.4,Gomes,João Gomes,30.0,2026-07-20,2001-02-12,False,p448089,129,0,0,0,6,0,0,0,0,1,0,0,11,23.6,24.8,0.0,4.8,6,5,9,20,2,0.00,0.03,0.03,4.14,,,,,,,[],,273,115,199,113,636,277,296,134,0.0,0.0,0.02,0.02,2.89,4.19,145,88,271,125,385,181,505,199,1.4,0.0,13.95
True,False,0.0,0.0,178301,0,0,-2,2,0.0,-21,"[{'offset': 0, 'projected_percent': '0.0', 'likelihood': 0}, {'offset': 1, 'projected_percent': '0.0', 'likelihood': 0}, {'offset': 2, 'projected_percent': '0.0', 'likelihood': 0}]",,False,0,4,0.0,0.0,0,Ollie,0.0,55,False,Has joined Al Hilal permanently,2026-09-01T13:15:16.698799Z,78,178301.jpg,0.0,False,Watkins,2.5,False,,u,2,7,0,14882,0,758587,11206,0.0,0.0,Watkins,,241.0,2020-09-09,1995-12-30,False,p178301,0,0,0,0,0,0,0,0,0,0,0,0,0,0.0,0.0,0.0,0.0,0,0,0,0,0,0.00,0.00,0.00,0.00,,,,,,,[],,667,79,667,79,667,79,667,79,0.0,0.0,0.0,0.0,0.0,0.0,12,3,666,79,666,79,117,19,0.0,0.0,0.0
True,True,100.0,100.0,173879,0,0,0,0,3.3,0,"[{'offset': 0, 'projected_percent': '3.3', 'likelihood': 1}, {'offset': 1, 'projected_percent': '3.3', 'likelihood': 1}, {'offset': 2, 'projected_percent': '3.3', 'likelihood': 1}]",,False,0,4,1.0,1.0,1,Tammy,1.0,56,False,,2026-08-15T16:00:07.558543Z,55,173879.jpg,1.0,False,Abraham,0.2,False,,a,2,7,4,15524,1476,12763,1587,0.2,0.7,Abraham,,241.0,2026-01-27,1997-10-02,False,p173879,71,0,0,0,3,0,0,0,0,0,0,0,13,3.2,6.2,2.0,1.1,0,1,1,2,0,0.00,0.00,0.00,2.69,,,,,,,[],,377,39,294,38,333,43,375,42,0.0,0.0,0.0,0.0,3.41,3.8,130,35,270,29,384,44,339,54,0.0,0.0,2.54
True,True,,,493105,0,0,-2,2,-60.6,0,"[{'offset': 0, 'projected_percent': '-60.6', 'likelihood': -3}, {'offset': 1, 'projected_percent': '-60.6', 'likelihood': -3}, {'offset': 2, 'projected_percent': '-60.6', 'likelihood': -3}]",,False,0,3,0.5,0.5,0,Alejandro,0.5,160,False,,,58,493105.jpg,1.0,False,Garnacho Ferreyra,0.3,False,,a,2,7,3,7417,469,41017,2564,0.1,0.5,Garnacho,,10.0,2026-07-23,2004-07-01,False,p493105,31,0,0,0,0,0,0,0,0,0,0,0,9,1.2,3.6,0.0,0.5,0,2,0,2,0,0.00,0.00,0.00,0.49,,,,,,,"[{'property': 'loan_ineligible', 'notes': 'This player will not be available to face their parent club in Gameweek 27 as part of their loan conditions.', 'gameweek': 27, 'url': None}, {'property': 'loan_ineligible', 'notes': 'This player will not be available to face their parent club in Gameweek 16 as part of their loan conditions.', 'gameweek': 16, 'url': None}]",,396,185,320,162,646,286,388,182,0.0,0.0,0.0,0.0,1.42,0.0,108,69,344,163,391,186,286,96,0.0,0.0,5.81
True,True,,,517052,0,0,0,0,47.5,43,"[{'offset': 0, 'projected_percent': '47.9', 'likelihood': 3}, {'offset': 1, 'projected_percent': '48.5', 'likelihood': 3}, {'offset': 2, 'projected_percent': '49.1', 'likelihood': 3}]",,False,0,4,2.5,2.5,6,Nicolas,2.5,166,False,,,65,517052.jpg,2.5,False,Jackson,1.4,False,,a,2,7,10,176629,31367,83955,7015,0.4,1.5,N.Jackson,,189.0,2026-08-28,2001-06-20,False,p517052,286,1,0,1,2,0,0,0,2,0,0,1,52,42.8,36.8,76.0,15.4,1,8,0,9,4,0.68,0.60,1.28,2.75,,,,,2.0,,[],,210,17,165,18,53,17,136,18,0.21,0.0,0.19,0.4,0.87,0.63,42,11,165,15,191,19,154,23,1.26,0.31,2.83
True,True,0.0,0.0,690838,0,0,-1,1,-22.6,0,"[{'offset': 0, 'projected_percent': '-22.6', 'likelihood': -2}, {'offset': 1, 'projected_percent': '-22.6', 'likelihood': -2}, {'offset': 2, 'projected_percent': '-22.6', 'likelihood': -2}]",,False,0,4,0.0,0.0,0,Brian,0.0,582,False,Unspecified injury - Unknown return date,2026-08-15T16:00:07.974271Z,54,690838.jpg,0.0,False,Madjo,0.2,False,,i,2,7,0,2852,167,30409,1638,0.0,0.0,Madjo,,241.0,2026-01-12,2009-01-12,False,p690838,0,0,0,0,0,0,0,0,0,0,0,0,0,0.0,0.0,0.0,0.0,0,0,0,0,0,0.00,0.00,0.00,0.00,,,,,,,[],https://www.avfc.co.uk/news/2026/september/18/prematch-team-news-for-spurs-showdown/,636,71,639,75,626,72,641,75,0.0,0.0,0.0,0.0,0.0,0.0,214,48,636,72,641,75,331,52,0.0,0.0,0.0
True,True,,,487992,0,0,0,0,-72.0,0,"[{'offset': 0, 'projected_percent': '-72.0', 'likelihood': -3}, {'offset': 1, 'projected_percent': '-72.0', 'likelihood': -3}, {'offset': 2, 'projected_percent': '-72.0', 'likelihood': -3}]",,False,0,2,1.0,1.0,3,Matteo,1.0,596,False,,,45,487992.jpg,1.7,False,Ruggeri,0.1,False,,a,2,7,5,3106,463,5553,289,0.2,1.1,Ruggeri,,106.0,2026-08-19,2002-07-11,False,p487992,113,0,0,0,2,0,0,0,0,0,0,0,17,26.0,14.1,1.0,4.1,14,11,2,16,1,0.03,0.02,0.05,2.05,,,,,,,[],,262,107,249,89,336,126,303,113,0.02,0.0,0.02,0.04,1.63,1.59,483,118,257,93,260,92,433,157,0.8,0.0,12.74
True,True,,,433969,0,0,0,0,28.1,5,"[{'offset': 0, 'projected_percent': '28.2', 'likelihood': 2}, {'offset': 1, 'projected_percent': '28.2', 'likelihood': 2}, {'offset': 2, 'projected_percent': '28.3', 'likelihood': 2}]",,False,1,1,4.0,4.0,2,Zion,4.0,597,False,,,50,433969.jpg,4.0,False,Suzuki,1.9,False,,a,2,7,16,150095,12531,61677,5818,0.8,3.2,Suzuki,,108.0,2026-08-19,2002-08-21,False,p433969,360,0,0,1,5,0,0,0,0,0,15,3,80,115.6,0.0,0.0,11.6,8,43,0,0,4,0.00,0.01,0.01,5.45,,,,,,,[],,50,9,599,68,575,67,188,10,0.0,3.75,0.0,0.0,1.36,1.25,278,12,72,9,91,9,127,19,1.0,0.25,0.0
True,True,,,569577,0,0,0,0,0.2,0,"[{'offset': 0, 'projected_percent': '0.2', 'likelihood': 1}, {'offset': 1, 'projected_percent': '0.2', 'likelihood': 1}, {'offset': 2, 'projected_percent': '0.2', 'likelihood': 1}]",,False,0,2,0.0,0.0,0,Triston,0.0,606,False,,,40,569577.jpg,0.0,False,Rowe,0.2,False,,a,2,7,0,12981,285,6094,839,0.0,0.0,Rowe,,241.0,2026-07-01,2006-10-02,False,p569577,0,0,0,0,0,0,0,0,0,0,0,0,0,0.0,0.0,0.0,0.0,0,0,0,0,0,0.00,0.00,0.00,0.00,,,,,,,[],,452,169,443,168,388,154,457,169,0.0,0.0,0.0,0.0,0.0,0.0,646,197,445,162,466,169,360,137,0.0,0.0,0.0
True,False,0.0,0.0,571380,0,0,0,0,0.0,0,"[{'offset': 0, 'projected_percent': '0.0', 'likelihood': 0}, {'offset': 1, 'projected_percent': '0.0', 'likelihood': 0}, {'offset': 2, 'projected_percent': '0.0', 'likelihood': 0}]",,False,0,3,0.0,0.0,0,Luka,0.0,607,False,Has joined Oxford United on loan until January,2026-09-04T12:35:39.820426Z,45,571380.jpg,0.0,False,Lynch,0.1,False,,u,2,7,0,7103,0,8096,652,0.0,0.0,Lynch,,241.0,2026-07-01,2007-01-11,False,p571380,0,0,0,0,0,0,0,0,0,0,0,0,0,0.0,0.0,0.0,0.0,0,0,0,0,0,0.00,0.00,0.00,0.00,,,,,,,[],,524,208,520,214,478,186,529,209,0.0,0.0,0.0,0.0,0.0,0.0,508,267,522,209,537,216,474,184,0.0,0.0,0.0
True,True,,,214590,0,0,0,0,2.0,0,"[{'offset': 0, 'projected_percent': '2.0', 'likelihood': 1}, {'offset': 1, 'projected_percent': '2.0', 'likelihood': 1}, {'offset': 2, 'projected_percent': '2.0', 'likelihood': 1}]",,False,0,2,1.5,1.5,1,Aaron,1.5,611,False,,,45,214590.jpg,1.5,False,Wan-Bissaka,0.2,False,,a,2,7,6,18181,1328,7653,1320,0.3,1.3,Wan-Bissaka,,50.0,2026-08-21,1997-11-26,False,p214590,152,0,0,0,2,0,0,0,0,0,0,0,24,42.8,16.4,0.0,5.9,12,1,9,21,2,0.00,0.07,0.07,3.27,,,,,,,[],,209,85,232,80,436,175,273,103,0.0,0.0,0.04,0.04,1.94,1.18,452,97,231,85,271,97,318,119,1.18,0.0,12.43
True,True,0.0,0.0,119090,0,0,-1,1,-37.5,0,"[{'offset': 0, 'projected_percent': '-37.5', 'likelihood': -2}, {'offset': 1, 'projected_percent': '-37.5', 'likelihood': -2}, {'offset': 2, 'projected_percent': '-37.5', 'likelihood': -2}]",,False,0,3,0.0,0.0,0,Leon,0.0,618,False,Knee injury - Expected back 10 Oct,2026-09-09T09:30:08.229436Z,59,119090.jpg,0.0,False,Goretzka,0.0,False,,i,2,7,0,4628,19,4704,390,0.0,0.0,Goretzka,,80.0,2026-08-27,1995-02-06,False,p119090,0,0,0,0,0,0,0,0,0,0,0,0,0,0.0,0.0,0.0,0.0,0,0,0,0,0,0.00,0.00,0.00,0.00,,,,,,,[],https://www.avfc.co.uk/news/2026/september/18/prematch-team-news-for-spurs-showdown/,650,289,655,290,648,288,655,290,0.0,0.0,0.0,0.0,0.0,0.0,80,53,651,289,654,290,556,229,0.0,0.0,0.0
True,True,,,245719,0,0,0,0,0.0,0,"[{'offset': 0, 'projected_percent': '0.0', 'likelihood': 0}, {'offset': 1, 'projected_percent': '0.0', 'likelihood': 0}, {'offset': 2, 'projected_percent': '0.0', 'likelihood': 0}]",,False,0,2,0.0,0.0,0,Taylor,0.0,630,False,,,45,245719.jpg,0.0,False,Harwood-Bellis,0.0,False,,a,2,7,0,2144,167,971,165,0.0,0.0,Harwood-Bellis,,241.0,2026-09-01,2002-01-30,False,p245719,0,0,0,0,0,0,0,0,0,0,0,0,0,0.0,0.0,0.0,0.0,0,0,0,0,0,0.00,0.00,0.00,0.00,,,,,,,[],,498,192,494,191,445,181,503,192,0.0,0.0,0.0,0.0,0.0,0.0,469,110,495,188,512,192,577,197,0.0,0.0,0.0
True,True,,,638987,0,0,0,0,0.3,0,"[{'offset': 0, 'projected_percent': '0.3', 'likelihood': 1}, {'offset': 1, 'projected_percent': '0.3', 'likelihood': 1}, {'offset': 2, 'projected_percent': '0.3', 'likelihood': 1}]",,False,0,3,0.7,0.7,1,Ibrahim,0.7,631,False,,,60,638987.jpg,1.0,False,Mbaye,0.1,False,,a,2,7,2,10321,813,4733,1052,0.1,0.3,Mbaye,,189.0,2026-09-01,2008-01-24,False,p638987,33,0,0,0,3,0,0,0,0,0,0,0,8,9.0,15.2,19.0,4.3,0,1,1,2,0,0.02,0.13,0.15,1.64,,,,,,,[],,332,152,238,128,197,108,301,136,0.05,0.0,0.35,0.4,4.47,8.18,77,51,304,142,393,187,455,178,0.0,0.0,5.45
True,True,,,481283,0,0,0,0,0.0,0,"[{'offset': 0, 'projected_percent': '0.0', 'likelihood': 0}, {'offset': 1, 'projected_percent': '0.0', 'likelihood': 0}, {'offset': 2, 'projected_percent': '0.0', 'likelihood': 0}]",2026-10-02T19:12:30.130761Z,False,0,1,1.0,1.0,0,James,0.0,667,False,,,40,481283.jpg,0.0,False,Wright,0.1,False,,a,2,7,0,6386,6386,667,667,0.0,0.0,Wright,,241.0,2023-03-31,2004-12-02,False,p481283,0,0,0,0,0,0,0,0,0,0,0,0,0,0.0,0.0,0.0,0.0,0,0,0,0,0,0.00,0.00,0.00,0.00,,,,,,,[],,438,45,429,26,373,21,443,45,0.0,0.0,0.0,0.0,0.0,0.0,628,69,431,43,452,45,415,48,0.0,0.0,0.0
True,True,,,457569,0,0,0,0,0.3,0,"[{'offset': 0, 'projected_percent': '0.3', 'likelihood': 1}, {'offset': 1, 'projected_percent': '0.3', 'likelihood': 1}, {'offset': 2, 'projected_percent': '0.3', 'likelihood': 1}]",,False,0,1,1.8,1.8,2,Đorđe,1.8,57,False,,,45,457569.jpg,1.8,False,Petrović,3.0,False,,a,3,91,9,111432,5449,123301,10630,0.4,2.0,Petrović,,190.0,2025-07-16,1999-10-08,False,p457569,450,0,0,0,8,0,0,0,0,0,11,0,45,92.2,0.0,0.0,9.2,6,43,0,0,5,0.00,0.00,0.00,6.95,,,,,,,[],,92,17,498,50,452,45,219,18,0.0,2.2,0.0,0.0,1.39,1.6,477,37,209,19,250,22,105,17,1.0,0.0,0.0
True,True,,,40383,0,0,0,0,4.4,3,"[{'offset': 0, 'projected_percent': '4.4', 'likelihood': 1}, {'offset': 1, 'projected_percent': '4.5', 'likelihood': 1}, {'offset': 2, 'projected_percent': '4.5', 'likelihood': 1}]",,False,0,1,0.0,0.0,0,Fraser,0.0,58,False,,,40,40383.jpg,0.0,False,Forster,3.5,False,,a,3,91,0,116695,7501,78435,6614,0.0,0.0,Forster,,241.0,2026-01-02,1988-03-17,False,p40383,0,0,0,0,0,0,0,0,0,0,0,0,0,0.0,0.0,0.0,0.0,0,0,0,0,0,0.00,0.00,0.00,0.00,,,,,,,[],,411,26,399,7,343,2,415,26,0.0,0.0,0.0,0.0,0.0,0.0,588,50,402,24,425,26,97,15,0.0,0.0,0.0
True,False,0.0,0.0,444172,0,0,0,0,0.0,0,"[{'offset': 0, 'projected_percent': '0.0', 'likelihood': 0}, {'offset': 1, 'projected_percent': '0.0', 'likelihood': 0}, {'offset': 2, 'projected_percent': '0.0', 'likelihood': 0}]",,False,0,1,0.0,0.0,0,Will,0.0,59,False,Has joined MK Dons permanently,2026-08-27T14:53:48.692835Z,40,444172.jpg,0.0,False,Dennis,0.1,False,,u,3,91,0,1133,0,7474,506,0.0,0.0,Dennis,,241.0,2019-08-01,2000-07-10,False,p444172,0,0,0,0,0,0,0,0,0,0,0,0,0,0.0,0.0,0.0,0.0,0,0,0,0,0,0.00,0.00,0.00,0.00,,,,,,,[],,433,42,424,23,368,18,438,42,0.0,0.0,0.0,0.0,0.0,0.0,619,66,426,40,447,42,391,43,0.0,0.0,0.0
True,True,,,463981,0,0,0,0,-32.4,-2,"[{'offset': 0, 'projected_percent': '-32.5', 'likelihood': -2}, {'offset': 1, 'projected_percent': '-32.9', 'likelihood': -2}, {'offset': 2, 'projected_percent': '-33.2', 'likelihood': -2}]",,False,0,2,2.8,2.8,4,James,2.8,60,False,,,55,463981.jpg,2.4,False,Hill,0.8,False,,a,3,91,12,30569,2828,43406,2812,0.5,2.2,Hill,,241.0,2022-01-05,2002-01-10,False,p463981,450,0,0,0,8,0,0,0,1,0,0,0,43,119.6,69.3,6.0,19.5,41,11,9,50,5,0.00,0.79,0.79,6.95,,,,,,,[],,44,19,75,14,291,104,92,29,0.0,0.0,0.16,0.16,1.39,1.6,147,16,142,55,197,78,206,79,1.0,0.0,10.0
True,True,,,494521,-1,1,-1,1,-1.1,-1,"[{'offset': 0, 'projected_percent': '-1.1', 'likelihood': -1}, {'offset': 1, 'projected_percent': '-1.1', 'likelihood': -1}, {'offset': 2, 'projected_percent': '-1.1', 'likelihood': -1}]",,False,0,2,2.2,2.2,2,Adrien,2.2,61,False,,,54,494521.jpg,2.0,False,Truffert,3.0,False,,a,3,91,10,55948,4079,159444,11161,0.4,1.9,Truffert,,73.0,2025-06-16,2001-11-20,False,p494521,450,0,0,0,8,0,0,0,1,0,0,2,53,104.6,70.5,39.0,21.5,28,24,17,45,5,0.11,0.29,0.40,6.95,,,,,,,[],,69,31,73,13,127,35,78,19,0.02,0.0,0.06,0.08,1.39,1.6,199,26,179,70,236,90,103,38,1.0,0.0,9.0
True,True,,,242882,-1,1,-1,1,-4.7,1,"[{'offset': 0, 'projected_percent': '-4.3', 'likelihood': -1}, {'offset': 1, 'projected_percent': '-3.7', 'likelihood': -1}, {'offset': 2, 'projected_percent': '-3.0', 'likelihood': -1}]",,False,0,2,0.0,0.0,0,Bafodé,0.0,62,False,,,49,242882.jpg,0.0,False,Diakité,0.2,False,,a,3,91,0,7089,431,11943,878,0.0,0.0,Diakité,,73.0,2025-08-13,2001-01-06,False,p242882,0,0,0,0,0,0,0,0,0,0,0,0,0,0.0,0.0,0.0,0.0,0,0,0,0,0,0.00,0.00,0.00,0.00,,,,,,,[],,567,206,564,205,530,202,572,206,0.0,0.0,0.0,0.0,0.0,0.0,363,64,566,203,578,205,364,139,0.0,0.0,0.0
True,True,0.0,0.0,620487,0,0,-1,1,-3.7,0,"[{'offset': 0, 'projected_percent': '-3.7', 'likelihood': -1}, {'offset': 1, 'projected_percent': '-3.7', 'likelihood': -1}, {'offset': 2, 'projected_percent': '-3.7', 'likelihood': -1}]",,False,0,2,0.0,0.0,0,Veljko,0.0,63,False,Thigh injury - Unknown return date,2026-08-06T10:00:10.456051Z,49,620487.jpg,0.0,False,Milosavljevic,0.0,False,,i,3,91,0,329,23,835,38,0.0,0.0,Milosavljević,,190.0,2025-09-01,2007-06-28,False,p620487,0,0,0,0,0,0,0,0,0,0,0,0,0,0.0,0.0,0.0,0.0,0,0,0,0,0,0.00,0.00,0.00,0.00,,,,,,,[],https://www.afcb.co.uk/news/2026/september/10/injury-news--updates-on-/,582,208,581,207,553,204,588,208,0.0,0.0,0.0,0.0,0.0,0.0,401,71,583,206,591,207,618,209,0.0,0.0,0.0
True,True,,,54469,0,0,0,0,0.3,0,"[{'offset': 0, 'projected_percent': '0.3', 'likelihood': 1}, {'offset': 1, 'projected_percent': '0.3', 'likelihood': 1}, {'offset': 2, 'projected_percent': '0.3', 'likelihood': 1}]",,False,0,2,0.8,0.8,2,Adam,0.8,64,False,,,45,54469.jpg,0.8,False,Smith,0.1,False,,a,3,91,4,7164,366,7265,437,0.2,0.9,Smith,,241.0,2014-01-28,1991-04-29,False,p54469,434,0,0,0,8,0,0,0,3,0,0,0,14,43.6,44.4,4.0,9.1,16,15,5,21,5,0.01,0.09,0.10,6.70,,,,,,,[],,205,81,140,38,304,109,221,80,0.0,0.0,0.02,0.02,1.39,1.66,428,84,280,101,403,139,388,146,1.04,0.0,4.35
True,True,0.0,0.0,436893,0,0,-1,1,-10.4,0,"[{'offset': 0, 'projected_percent': '-10.4', 'likelihood': -1}, {'offset': 1, 'projected_percent': '-10.4', 'likelihood': -1}, {'offset': 2, 'projected_percent': '-10.4', 'likelihood': -1}]",,False,0,2,0.0,0.0,0,Julián,0.0,65,False,Thigh injury - Unknown return date,2026-08-09T08:00:05.645826Z,44,436893.jpg,0.0,False,Araujo Zúñiga,0.0,False,,i,3,91,0,416,32,1281,42,0.0,0.0,J.Araujo,,139.0,2024-08-13,2001-08-13,False,p436893,0,0,0,0,0,0,0,0,0,0,0,0,0,0.0,0.0,0.0,0.0,0,0,0,0,0,0.00,0.00,0.00,0.00,,,,,,,[],https://www.afcb.co.uk/news/2026/september/10/injury-news--updates-on-/,471,183,463,182,413,171,476,183,0.0,0.0,0.0,0.0,0.0,0.0,562,146,465,177,485,183,603,204,0.0,0.0,0.0
True,True,100.0,100.0,575901,0,0,0,0,1.3,1,"[{'offset': 0, 'projected_percent': '1.3', 'likelihood': 1}, {'offset': 1, 'projected_percent': '1.4', 'likelihood': 1}, {'offset': 2, 'projected_percent': '1.4', 'likelihood': 1}]",,False,0,2,0.0,0.0,0,Julio,0.0,66,False,,2026-08-15T16:30:07.021055Z,40,575901.jpg,0.0,False,Soler Barreto,0.3,False,,a,3,91,0,13771,680,10916,1031,0.0,0.0,Soler,,10.0,2025-01-07,2005-02-16,False,p575901,0,0,0,0,0,0,0,0,0,0,0,0,0,0.0,0.0,0.0,0.0,0,0,0,0,0,0.00,0.00,0.00,0.00,,,,,,,[],,453,170,444,169,389,155,458,170,0.0,0.0,0.0,0.0,0.0,0.0,648,199,446,163,467,170,307,114,0.0,0.0,0.0
True,True,,,499604,-1,1,-2,2,-9.1,0,"[{'offset': 0, 'projected_percent': '-9.1', 'likelihood': -1}, {'offset': 1, 'projected_percent': '-9.1', 'likelihood': -1}, {'offset': 2, 'projected_percent': '-9.1', 'likelihood': -1}]",,False,0,3,2.0,2.0,2,Rayan Vitor,2.0,67,False,,,63,499604.jpg,2.0,False,Simplício Rocha,1.6,False,,a,3,91,10,52222,3552,168588,9092,0.3,1.6,Rayan,Rayan,30.0,2026-01-27,2006-08-03,False,p499604,434,0,0,0,7,0,0,0,0,0,0,0,45,30.4,50.4,99.0,18.0,6,4,5,15,5,0.87,0.43,1.30,6.35,,,,,,,[],,254,104,118,79,38,21,108,58,0.18,0.0,0.09,0.27,1.32,1.45,50,34,204,92,243,107,146,45,1.04,0.0,3.11
True,True,,,201658,0,0,1,-1,28.6,-5,"[{'offset': 0, 'projected_percent': '28.6', 'likelihood': 2}, {'offset': 1, 'projected_percent': '28.5', 'likelihood': 2}, {'offset': 2, 'projected_percent': '28.4', 'likelihood': 2}]",,False,1,3,5.2,5.2,2,Marcus,5.2,68,False,,,61,201658.jpg,6.2,False,Tavernier,6.7,False,,a,3,91,31,686187,74994,213992,39268,0.9,5.1,Tavernier,,241.0,2022-08-01,1999-03-22,False,p201658,424,3,0,0,8,0,0,0,2,0,0,8,153,161.8,146.1,147.0,45.5,5,26,11,42,5,1.70,0.92,2.62,6.54,1.0,,1.0,,3.0,,[],,8,5,18,17,11,6,6,5,0.36,0.0,0.2,0.56,1.39,1.7,61,42,41,14,23,10,59,19,1.06,0.0,8.92
True,True,,,503139,0,0,1,-1,0.4,-17,"[{'offset': 0, 'projected_percent': '0.3', 'likelihood': 1}, {'offset': 1, 'projected_percent': '0.0', 'likelihood': 0}, {'offset': 2, 'projected_percent': '-0.3', 'likelihood': -1}]",,False,1,3,7.0,7.0,2,Alex,7.0,69,False,,,61,503139.jpg,6.0,False,Scott,5.7,False,,a,3,91,30,545025,21122,205854,35678,1.1,4.9,Scott,,241.0,2023-08-10,2003-08-21,False,p503139,446,1,2,1,7,0,0,0,1,0,0,5,129,102.8,146.4,56.0,30.5,15,36,9,60,5,0.64,0.42,1.06,6.82,2.0,,4.0,,,,[],,76,23,17,16,84,50,32,23,0.13,0.0,0.08,0.21,1.38,1.41,64,45,13,6,34,16,67,22,1.01,0.2,12.11
True,True,0.0,,222683,0,0,0,0,-47.3,-27,"[{'offset': 0, 'projected_percent': '-48.2', 'likelihood': -3}, {'offset': 1, 'projected_percent': '-49.9', 'likelihood': -3}, {'offset': 2, 'projected_percent': '-51.5', 'likelihood': -3}]",,False,0,3,0.0,3.0,0,Justin,3.0,70,False,Unspecified injury - Unknown return date,2026-09-20T15:30:09.074071Z,60,222683.jpg,3.8,False,Kluivert,0.9,False,,i,3,91,15,52640,2283,81344,16462,0.5,2.5,Kluivert,,152.0,2023-07-01,1999-05-05,False,p222683,294,1,0,2,3,0,0,0,1,0,0,1,64,62.2,46.5,120.0,22.5,2,16,4,22,4,0.99,0.08,1.07,4.48,3.0,,2.0,,2.0,,[],,159,61,134,86,22,12,67,42,0.3,0.0,0.02,0.32,1.37,0.92,67,46,132,56,107,43,194,62,1.22,0.61,6.73
True,True,,,155408,0,0,0,0,-10.1,0,"[{'offset': 0, 'projected_percent': '-10.1', 'likelihood': -1}, {'offset': 1, 'projected_percent': '-10.1', 'likelihood': -1}, {'offset': 2, 'projected_percent': '-10.1', 'likelihood': -1}]",,False,0,3,1.2,1.2,1,Lewis,1.2,71,False,,,50,155408.jpg,1.6,False,Cook,0.2,False,,a,3,91,8,13080,246,13849,1068,0.2,1.6,Cook,,241.0,2016-07-08,1997-02-03,False,p155408,180,0,0,2,1,0,0,0,1,0,0,0,25,11.8,15.8,0.0,2.8,7,6,1,14,2,0.00,0.01,0.01,4.20,,,,,,,[],,312,138,234,126,562,239,327,153,0.0,0.0,0.0,0.0,2.1,0.5,249,155,249,112,266,118,354,127,1.0,1.0,7.0
True,True,,,496208,0,0,-1,1,-59.6,0,"[{'offset': 0, 'projected_percent': '-59.6', 'likelihood': -3}, {'offset': 1, 'projected_percent': '-59.6', 'likelihood': -3}, {'offset': 2, 'projected_percent': '-59.6', 'likelihood': -3}]",,False,0,3,0.8,0.8,1,Ben,0.8,72,False,,,49,496208.jpg,1.0,False,Gannon-Doak,0.1,False,,a,3,91,4,1628,128,4603,343,0.2,0.8,Gannon-Doak,,243.0,2025-08-18,2005-11-11,False,p496208,12,0,0,0,1,0,0,0,0,0,0,0,15,4.0,2.9,16.0,2.3,0,5,2,7,0,0.12,0.05,0.17,0.60,,,,,,,[],,370,174,323,163,210,115,341,161,0.9,0.0,0.38,1.28,4.5,7.5,381,227,286,130,339,148,482,188,0.0,0.0,52.5
True,True,100.0,100.0,200785,0,0,0,0,1.5,0,"[{'offset': 0, 'projected_percent': '1.5', 'likelihood': 1}, {'offset': 1, 'projected_percent': '1.5', 'likelihood': 1}, {'offset': 2, 'projected_percent': '1.5', 'likelihood': 1}]",,False,0,3,2.8,2.8,4,Tyler,2.8,73,False,,2026-08-15T16:30:07.029928Z,50,200785.jpg,2.4,False,Adams,0.3,False,,a,3,91,12,18196,987,16502,1511,0.6,2.4,Adams,,229.0,2023-08-20,1999-02-14,False,p200785,279,0,0,0,7,0,0,0,0,0,0,0,52,45.8,32.2,7.0,8.5,12,22,7,41,3,0.03,0.07,0.10,2.74,,,,,,,[],,202,87,180,105,280,144,228,105,0.01,0.0,0.02,0.03,0.88,2.26,256,159,136,59,194,83,303,106,0.97,0.0,13.23
True,True,100.0,100.0,111317,0,0,0,0,-18.5,-1,"[{'offset': 0, 'projected_percent': '-20.4', 'likelihood': -2}, {'offset': 1, 'projected_percent': '-23.7', 'likelihood': -2}, {'offset': 2, 'projected_percent': '-27.1', 'likelihood': -2}]",,False,0,3,0.8,0.8,1,David,0.8,74,False,,2026-08-15T16:30:07.037929Z,50,111317.jpg,0.8,False,Brooks,0.1,False,,a,3,91,3,3342,160,3763,305,0.2,0.6,Brooks,,244.0,2018-07-01,1997-07-08,False,p111317,45,0,0,0,2,0,0,0,1,0,0,0,8,9.2,23.6,2.0,3.5,2,3,0,5,0,0.00,0.07,0.07,0.75,4.0,,3.0,,,,[],,328,149,205,116,326,162,315,143,0.0,0.0,0.14,0.14,1.5,4.0,244,152,289,133,406,194,494,194,0.0,0.0,10.0
True,True,100.0,100.0,158499,0,0,0,0,0.4,0,"[{'offset': 0, 'projected_percent': '0.4', 'likelihood': 1}, {'offset': 1, 'projected_percent': '0.4', 'likelihood': 1}, {'offset': 2, 'projected_percent': '0.4', 'likelihood': 1}]",,False,0,3,1.2,1.2,2,Ryan,1.2,75,False,,2026-07-24T17:30:10.035483Z,50,158499.jpg,1.2,False,Christie,0.0,False,,a,3,91,5,3523,268,2170,225,0.2,1.0,Christie,,243.0,2021-08-31,1995-02-22,False,p158499,102,0,0,0,2,0,0,0,0,0,0,0,15,9.4,17.1,31.0,5.2,3,10,1,14,1,0.50,0.13,0.63,1.64,,,,,,,[],,327,148,229,125,151,79,286,128,0.44,0.0,0.11,0.55,1.45,1.76,250,156,250,113,291,132,527,210,0.88,0.0,12.35
True,True,,,614574,0,0,-1,1,-11.6,0,"[{'offset': 0, 'projected_percent': '-11.6', 'likelihood': -1}, {'offset': 1, 'projected_percent': '-11.6', 'likelihood': -1}, {'offset': 2, 'projected_percent': '-11.6', 'likelihood': -1}]",,False,0,3,0.2,0.2,1,Alex,0.2,76,False,,,49,614574.jpg,1.0,False,Tóth,0.0,False,,a,3,91,2,382,25,782,53,0.0,0.4,Tóth.A,,98.0,2026-01-20,2005-10-23,False,p614574,17,0,0,0,2,0,0,0,0,0,0,0,8,3.0,0.7,0.0,0.3,0,1,1,2,0,0.00,0.00,0.00,0.56,,,,,,,[],,379,176,365,182,552,233,396,185,0.0,0.0,0.0,0.0,2.96,10.59,400,244,372,176,347,155,594,247,0.0,0.0,10.59
True,True,0.0,0.0,489888,0,0,-1,1,-78.9,0,"[{'offset': 0, 'projected_percent': '-78.9', 'likelihood': -3}, {'offset': 1, 'projected_percent': '-78.9', 'likelihood': -3}, {'offset': 2, 'projected_percent': '-78.9', 'likelihood': -3}]",,False,0,3,0.0,0.0,0,Amine,0.0,77,False,Calf injury - Unknown return date,2026-08-15T16:00:07.590566Z,49,489888.jpg,0.0,False,Adli,0.0,False,,i,3,91,0,291,22,2210,69,0.0,0.0,Adli,,145.0,2025-08-21,2000-05-10,False,p489888,0,0,0,0,0,0,0,0,0,0,0,0,0,0.0,0.0,0.0,0.0,0,0,0,0,0,0.00,0.00,0.00,0.00,,,,,,,[],https://www.afcb.co.uk/news/2026/september/10/injury-news--updates-on-/,574,239,573,245,539,221,580,241,0.0,0.0,0.0,0.0,0.0,0.0,380,226,574,240,585,246,597,250,0.0,0.0,0.0
True,True,0.0,0.0,560262,0,0,-1,1,-70.5,0,"[{'offset': 0, 'projected_percent': '-70.5', 'likelihood': -3}, {'offset': 1, 'projected_percent': '-70.5', 'likelihood': -3}, {'offset': 2, 'projected_percent': '-70.5', 'likelihood': -3}]",,False,0,3,0.0,0.0,0,Junior,0.0,78,False,Foot injury - Expected back 7 Nov,2026-07-29T17:30:09.796802Z,74,560262.jpg,0.0,False,Kroupi,0.2,False,,i,3,91,0,1208,162,27264,746,0.0,0.0,Kroupi.Jr,,73.0,2025-02-02,2006-06-23,False,p560262,0,0,0,0,0,0,0,0,0,0,0,0,0,0.0,0.0,0.0,0.0,0,0,0,0,0,0.00,0.00,0.00,0.00,,,,,1.0,,[],https://www.afcb.co.uk/news/2026/september/10/injury-news--updates-on-/,666,298,666,298,666,298,666,298,0.0,0.0,0.0,0.0,0.0,0.0,21,13,665,298,665,298,347,125,0.0,0.0,0.0
True,True,,,444102,0,0,0,0,48.1,4,"[{'offset': 0, 'projected_percent': '48.1', 'likelihood': 3}, {'offset': 1, 'projected_percent': '48.2', 'likelihood': 3}, {'offset': 2, 'projected_percent': '48.2', 'likelihood': 3}]",,False,0,4,3.5,3.5,2,Francisco Evanilson,3.5,79,False,,,60,444102.jpg,3.6,False,de Lima Barbosa,3.2,False,,a,3,91,18,250784,15323,174212,19385,0.6,3.0,Evanilson,Evanilson,30.0,2024-08-16,1999-10-06,False,p444102,424,0,3,2,5,0,0,0,1,0,0,0,66,71.4,82.6,99.0,25.2,11,13,3,27,5,0.87,0.52,1.39,6.45,,,,,,,[],,130,10,57,2,37,15,53,10,0.18,0.0,0.11,0.29,1.37,1.06,71,16,96,9,114,12,101,15,1.06,0.42,5.73
True,False,0.0,0.0,168636,0,0,0,0,0.0,0,"[{'offset': 0, 'projected_percent': '0.0', 'likelihood': 0}, {'offset': 1, 'projected_percent': '0.0', 'likelihood': 0}, {'offset': 2, 'projected_percent': '0.0', 'likelihood': 0}]",,False,0,4,0.0,0.0,0,Enes,0.0,80,False,Has joined Getafe permanently,2026-08-14T14:14:21.881112Z,55,168636.jpg,0.0,False,Ünal,0.0,False,,u,3,91,0,0,0,1980,48,0.0,0.0,Enes Ünal,,219.0,2024-07-01,1997-05-10,False,p168636,0,0,0,0,0,0,0,0,0,0,0,0,0,0.0,0.0,0.0,0.0,0,0,0,0,0,0.00,0.00,0.00,0.00,,,,,,,[],,637,72,642,76,629,73,642,76,0.0,0.0,0.0,0.0,0.0,0.0,127,33,637,73,642,76,590,76,0.0,0.0,0.0
True,True,100.0,100.0,561245,0,0,0,0,-34.4,2,"[{'offset': 0, 'projected_percent': '-33.0', 'likelihood': -2}, {'offset': 1, 'projected_percent': '-30.6', 'likelihood': -2}, {'offset': 2, 'projected_percent': '-28.1', 'likelihood': -2}]",,False,0,4,0.5,0.5,0,Álvaro,0.5,81,False,,2026-08-15T16:30:07.054142Z,60,561245.jpg,1.0,False,Rodríguez,0.1,False,,a,3,91,2,5365,658,6785,654,0.1,0.3,Rodríguez,,230.0,2026-07-14,2004-07-14,False,p561245,10,0,0,0,1,0,0,0,0,0,0,0,7,0.0,0.5,0.0,0.1,0,1,0,1,0,0.00,0.00,0.00,0.18,,,,,,,[],,658,76,374,46,655,76,408,48,0.0,0.0,0.0,0.0,1.62,9.0,74,18,345,40,392,46,389,58,0.0,0.0,9.0
True,True,,,483067,0,0,0,0,1.3,-2,"[{'offset': 0, 'projected_percent': '1.3', 'likelihood': 1}, {'offset': 1, 'projected_percent': '1.2', 'likelihood': 1}, {'offset': 2, 'projected_percent': '1.2', 'likelihood': 1}]",,False,0,2,2.8,2.8,3,António João,2.8,566,False,,,50,483067.jpg,2.6,False,Pereira de Albuquerque Tavares da Silva,0.4,False,,a,3,91,13,30502,5040,24280,2839,0.6,2.6,Silva,António Silva,173.0,2026-08-01,2003-10-30,False,p483067,450,0,0,0,8,0,0,0,2,0,0,0,30,124.6,10.1,43.0,17.7,51,14,5,56,5,0.85,0.29,1.14,6.95,,,,,,,[],,37,16,280,101,111,26,111,36,0.17,0.0,0.06,0.23,1.39,1.6,292,49,140,54,182,70,265,98,1.0,0.0,11.2
True,True,,,494928,0,0,-1,1,-11.3,1,"[{'offset': 0, 'projected_percent': '-10.7', 'likelihood': -1}, {'offset': 1, 'projected_percent': '-9.7', 'likelihood': -1}, {'offset': 2, 'projected_percent': '-8.6', 'likelihood': -1}]",,False,0,2,0.0,0.0,0,Juanlu,0.0,573,False,,,44,494928.jpg,0.0,False,Sánchez,0.2,False,,a,3,91,0,1558,138,7053,396,0.0,0.0,Sanchez,,200.0,2026-08-06,2003-08-15,False,p494928,0,0,0,0,0,0,0,0,0,0,0,0,0,0.0,0.0,0.0,0.0,0,0,0,0,0,0.00,0.00,0.00,0.00,,,,,,,[],,474,184,466,183,416,172,479,184,0.0,0.0,0.0,0.0,0.0,0.0,570,151,469,179,488,184,358,135,0.0,0.0,0.0
True,True,,,523700,0,0,0,0,0.5,1,"[{'offset': 0, 'projected_percent': '0.5', 'likelihood': 1}, {'offset': 1, 'projected_percent': '0.5', 'likelihood': 1}, {'offset': 2, 'projected_percent': '0.5', 'likelihood': 1}]",,False,0,4,0.5,0.5,1,Daniel,0.5,608,False,,,50,523700.jpg,1.0,False,Jebbison,0.1,False,,a,3,91,3,13165,802,7173,818,0.1,0.6,Jebbison,,39.0,2024-07-10,2003-08-13,False,p523700,31,0,0,0,2,0,0,0,0,0,0,0,13,3.6,1.6,21.0,2.6,0,1,0,1,0,0.10,0.00,0.10,0.61,,,,,,,[],,372,36,342,44,184,30,334,36,0.29,0.0,0.0,0.29,1.77,5.81,315,59,330,35,355,37,401,59,0.0,0.0,2.9
True,True,,,230650,0,0,0,0,-26.8,-1,"[{'offset': 0, 'projected_percent': '-29.5', 'likelihood': -2}, {'offset': 1, 'projected_percent': '-34.3', 'likelihood': -2}, {'offset': 2, 'projected_percent': '-39.1', 'likelihood': -2}]",,False,0,1,0.0,0.0,0,Michele,0.0,615,False,,,45,230650.jpg,0.0,False,Di Gregorio,0.0,False,,a,3,91,0,2912,169,1721,172,0.0,0.0,Di Gregorio,,106.0,2026-08-25,1997-07-27,False,p230650,0,0,0,0,0,0,0,0,0,0,0,0,0,0.0,0.0,0.0,0.0,0,0,0,0,0,0.00,0.00,0.00,0.00,,,,,,,[],,494,61,489,46,440,41,499,61,0.0,0.0,0.0,0.0,0.0,0.0,458,33,491,60,508,61,520,61,0.0,0.0,0.0
True,True,,,200720,0,0,0,0,19.2,5,"[{'offset': 0, 'projected_percent': '19.2', 'likelihood': 1}, {'offset': 1, 'projected_percent': '19.3', 'likelihood': 1}, {'offset': 2, 'projected_percent': '19.4', 'likelihood': 1}]",,False,0,1,3.2,3.2,6,Caoimhín,3.2,82,False,,,50,200720.jpg,4.0,False,Kelleher,6.1,False,,a,4,94,20,249910,18273,212332,12066,0.6,4.0,Kelleher,,104.0,2025-06-03,1998-11-23,False,p200720,450,0,0,2,4,0,0,0,0,0,17,0,97,118.0,0.0,0.0,11.7,7,34,0,0,5,0.00,0.01,0.01,6.32,,,,,,,[],,46,8,589,65,565,64,186,9,0.0,3.4,0.0,0.0,1.26,0.8,255,9,104,12,90,8,62,9,1.0,0.4,0.0
True,True,,,507433,0,0,0,0,-70.9,0,"[{'offset': 0, 'projected_percent': '-70.9', 'likelihood': -3}, {'offset': 1, 'projected_percent': '-70.9', 'likelihood': -3}, {'offset': 2, 'projected_percent': '-70.9', 'likelihood': -3}]",,False,0,1,0.0,0.0,0,Hákon Rafn,0.0,83,False,,,45,507433.jpg,0.0,False,Valdimarsson,0.1,False,,a,4,94,0,2830,265,4551,301,0.0,0.0,Valdimarsson,,99.0,2024-01-26,2001-10-13,False,p507433,0,0,0,0,0,0,0,0,0,0,0,0,0,0.0,0.0,0.0,0.0,0,0,0,0,0,0.00,0.00,0.00,0.00,,,,,,,[],,509,64,506,51,463,49,514,64,0.0,0.0,0.0,0.0,0.0,0.0,491,41,507,63,523,64,418,49,0.0,0.0,0.0
True,True,0.0,0.0,432830,0,0,-1,1,-25.5,-18,"[{'offset': 0, 'projected_percent': '-26.0', 'likelihood': -2}, {'offset': 1, 'projected_percent': '-27.0', 'likelihood': -2}, {'offset': 2, 'projected_percent': '-28.1', 'likelihood': -2}]",,False,0,2,0.0,0.0,0,Nathan,1.0,84,False,Calf injury - Unknown return date,2026-09-05T18:00:06.182495Z,54,432830.jpg,3.3,False,Collins,1.0,False,,i,4,94,10,58727,108,155932,8576,0.2,1.9,Collins,,104.0,2023-07-04,2001-04-30,False,p432830,196,0,0,1,1,0,0,0,1,0,0,0,39,40.6,22.4,51.0,11.4,15,11,2,17,3,0.51,0.05,0.56,2.13,,,,,,,[],https://www.brentfordfc.com/en/news/article/first-team-bournemouth-v-brentford-premier-league-keith-andrews-squad-news-update-nathan-collins,214,86,211,69,91,17,193,70,0.23,0.0,0.02,0.25,0.98,0.46,187,23,267,97,123,51,183,69,1.38,0.46,7.81
True,True,0.0,0.0,444765,0,0,-1,1,-74.5,0,"[{'offset': 0, 'projected_percent': '-74.5', 'likelihood': -3}, {'offset': 1, 'projected_percent': '-74.5', 'likelihood': -3}, {'offset': 2, 'projected_percent': '-74.5', 'likelihood': -3}]",,False,0,2,0.0,0.0,0,Sepp,0.0,85,False,Groin injury - Unknown return date,2026-08-15T15:30:06.416627Z,49,444765.jpg,0.0,False,van den Berg,0.1,False,,i,4,94,0,406,33,8902,296,0.0,0.0,Van den Berg,,152.0,2024-08-22,2001-12-20,False,p444765,0,0,0,0,0,0,0,0,0,0,0,0,0,0.0,0.0,0.0,0.0,0,0,0,0,0,0.00,0.00,0.00,0.00,,,,,,,[],https://www.brentfordfc.com/en/news/article/first-team-brentford-v-tottenham-hotspur-premier-league-team-news-mamadou-sangar%C3%A9,569,207,567,206,533,203,575,207,0.0,0.0,0.0,0.0,0.0,0.0,369,66,568,204,580,206,479,170,0.0,0.0,0.0
True,True,,,249231,0,0,0,0,30.8,-10,"[{'offset': 0, 'projected_percent': '30.7', 'likelihood': 2}, {'offset': 1, 'projected_percent': '30.6', 'likelihood': 2}, {'offset': 2, 'projected_percent': '30.5', 'likelihood': 2}]",,False,0,3,3.0,3.0,3,Keane,3.0,86,False,,,55,249231.jpg,4.4,False,Lewis-Potter,1.7,False,,a,4,94,22,190066,3421,119591,11210,0.5,4.0,Lewis-Potter,,241.0,2022-07-12,2001-02-22,False,p249231,406,1,1,2,4,0,0,0,0,0,0,3,85,113.6,109.3,73.0,29.5,17,15,6,38,5,1.21,0.79,2.00,5.69,,,1.0,,,,[],,53,18,36,31,55,34,35,25,0.27,0.0,0.18,0.45,1.26,0.89,140,85,128,53,75,29,137,43,1.11,0.44,8.42
True,True,,,191866,0,0,0,0,29.3,7,"[{'offset': 0, 'projected_percent': '29.3', 'likelihood': 2}, {'offset': 1, 'projected_percent': '29.4', 'likelihood': 2}, {'offset': 2, 'projected_percent': '29.5', 'likelihood': 2}]",,False,0,2,3.2,3.2,7,Kristoffer,3.2,87,False,,,45,191866.jpg,4.2,False,Ajer,3.9,False,,a,4,94,21,315774,10287,274458,20766,0.7,4.7,Ajer,,161.0,2021-07-21,1998-04-17,False,p191866,450,0,0,2,4,0,0,0,1,0,0,1,73,104.2,34.0,49.0,18.8,46,11,4,50,5,0.13,0.08,0.21,6.32,,,,,,,[],,71,32,172,52,94,19,100,31,0.03,0.0,0.02,0.05,1.26,0.8,448,95,102,43,80,35,88,33,1.0,0.4,10.0
True,True,,,607464,0,0,1,-1,-35.7,4,"[{'offset': 0, 'projected_percent': '-35.7', 'likelihood': -2}, {'offset': 1, 'projected_percent': '-35.6', 'likelihood': -2}, {'offset': 2, 'projected_percent': '-35.5', 'likelihood': -2}]",,False,1,2,2.5,2.5,6,Michael,2.5,88,False,,,46,607464.jpg,4.6,False,Kayode,7.6,False,,a,4,94,23,594607,11909,365553,19319,0.5,5.0,Kayode,,106.0,2025-07-01,2004-07-10,False,p607464,294,1,0,2,1,0,0,0,0,0,0,1,72,63.8,32.9,56.0,15.3,14,14,2,16,4,0.55,0.43,0.98,3.24,,,,,,,[],,151,65,175,54,82,14,137,46,0.17,0.0,0.13,0.3,0.99,0.31,427,83,151,61,71,32,50,19,1.22,0.61,4.9
True,True,,,194010,0,0,-1,1,-14.2,-1,"[{'offset': 0, 'projected_percent': '-14.7', 'likelihood': -1}, {'offset': 1, 'projected_percent': '-15.6', 'likelihood': -1}, {'offset': 2, 'projected_percent': '-16.6', 'likelihood': -1}]",,False,0,2,0.2,0.2,0,Rico,0.2,89,False,,,44,194010.jpg,1.0,False,Henry,0.2,False,,a,4,94,1,1971,147,8538,540,0.0,0.2,Henry,,107.0,2016-08-31,1997-07-08,False,p194010,2,0,0,0,0,0,0,0,0,0,0,0,3,0.0,0.0,0.0,0.0,0,0,0,0,0,0.00,0.00,0.00,0.00,,,,,,,[],,469,182,461,181,410,169,474,182,0.0,0.0,0.0,0.0,0.0,0.0,554,139,361,130,310,115,338,127,0.0,0.0,0.0
True,True,,,472713,0,0,0,0,-28.2,0,"[{'offset': 0, 'projected_percent': '-28.2', 'likelihood': -2}, {'offset': 1, 'projected_percent': '-28.2', 'likelihood': -2}, {'offset': 2, 'projected_percent': '-28.2', 'likelihood': -2}]",,False,0,2,1.0,1.0,1,Aaron,1.0,90,False,,,45,472713.jpg,1.0,False,Hickey,0.1,False,,a,4,94,5,2076,162,2959,226,0.2,1.1,Hickey,,243.0,2022-07-09,2002-06-10,False,p472713,152,0,0,0,3,0,0,0,0,0,0,0,17,32.8,7.8,6.0,4.7,13,8,4,17,1,0.03,0.06,0.09,3.07,,,,,,,[],,244,99,285,103,284,101,298,111,0.02,0.0,0.04,0.06,1.82,1.78,480,117,256,92,320,123,460,163,0.59,0.0,10.07
True,True,,,570241,-1,1,-1,1,-4.3,0,"[{'offset': 0, 'projected_percent': '-4.3', 'likelihood': -1}, {'offset': 1, 'projected_percent': '-4.3', 'likelihood': -1}, {'offset': 2, 'projected_percent': '-4.3', 'likelihood': -1}]",,False,0,2,0.0,0.0,0,Kim,0.0,92,False,,,44,570241.jpg,0.0,False,Ji-soo,0.0,False,,a,4,94,0,490,56,955,83,0.0,0.0,Ji-soo,Kim Ji-Soo,114.0,2023-07-20,2004-12-24,False,p570241,0,0,0,0,0,0,0,0,0,0,0,0,0,0.0,0.0,0.0,0.0,0,0,0,0,0,0.00,0.00,0.00,0.00,,,,,,,[],,479,185,471,184,421,173,484,185,0.0,0.0,0.0,0.0,0.0,0.0,575,152,474,180,493,185,579,198,0.0,0.0,0.0
True,True,,,513086,0,0,0,0,4.6,6,"[{'offset': 0, 'projected_percent': '4.7', 'likelihood': 1}, {'offset': 1, 'projected_percent': '4.8', 'likelihood': 1}, {'offset': 2, 'projected_percent': '4.8', 'likelihood': 1}]",,False,1,2,5.2,5.2,14,Jannik,5.2,93,False,,,45,513086.jpg,7.0,False,Schuster,0.3,False,,a,4,94,21,15703,14141,6386,1898,1.2,4.7,Schuster,,14.0,2026-06-15,2006-05-16,False,p513086,253,0,1,1,3,0,0,0,0,0,0,3,59,92.4,11.5,16.0,12.0,35,6,3,38,2,0.10,0.54,0.64,4.19,,,,,,,[],,91,42,269,97,209,64,180,65,0.04,0.0,0.19,0.23,1.49,1.07,493,121,33,13,11,6,302,110,0.71,0.36,13.52
True,True,,,513418,1,-1,2,-2,9.1,381,"[{'offset': 0, 'projected_percent': '10.2', 'likelihood': 1}, {'offset': 1, 'projected_percent': '12.2', 'likelihood': 1}, {'offset': 2, 'projected_percent': '14.2', 'likelihood': 1}]",,False,1,3,9.0,9.0,9,Kevin,9.0,94,True,,,62,513418.jpg,7.8,False,Schade,11.2,False,,a,4,94,39,982919,363064,240859,20855,1.5,6.3,Schade,,80.0,2023-07-01,2001-11-27,False,p513418,447,3,2,2,4,0,0,0,0,0,0,6,138,146.2,48.0,160.0,35.4,6,21,7,34,5,1.52,0.32,1.84,6.32,,,,,2.0,,[],,20,11,126,84,7,3,19,15,0.31,0.0,0.06,0.37,1.27,0.81,58,41,5,2,6,3,36,15,1.01,0.4,6.85
True,True,,,533463,0,0,-2,2,-44.2,1,"[{'offset': 0, 'projected_percent': '-44.0', 'likelihood': -3}, {'offset': 1, 'projected_percent': '-43.6', 'likelihood': -3}, {'offset': 2, 'projected_percent': '-43.2', 'likelihood': -3}]",,False,0,3,1.0,1.0,1,Dango,1.0,95,False,,,63,533463.jpg,1.4,False,Ouattara,0.5,False,,a,4,94,7,15085,724,81945,3366,0.2,1.1,O.Dango,,35.0,2025-08-16,2002-02-11,False,p533463,179,0,0,1,1,0,0,0,0,0,0,0,34,25.4,59.3,23.0,10.8,9,17,2,28,2,0.09,0.39,0.48,2.81,4.0,,,,,,[],,264,110,95,67,175,94,200,96,0.05,0.0,0.2,0.25,1.41,0.5,51,35,277,128,280,126,254,83,1.01,0.5,14.08
True,True,,,440089,0,0,-1,1,-8.6,2,"[{'offset': 0, 'projected_percent': '-8.3', 'likelihood': -1}, {'offset': 1, 'projected_percent': '-7.5', 'likelihood': -1}, {'offset': 2, 'projected_percent': '-6.8', 'likelihood': -1}]",,False,0,3,3.8,3.8,3,Mikkel,3.8,96,False,,,54,440089.jpg,3.2,False,Damsgaard,0.4,False,,a,4,94,16,14901,1390,29997,1881,0.7,3.0,Damsgaard,,58.0,2022-08-10,2000-07-03,False,p440089,283,0,1,2,1,0,0,0,0,0,0,3,74,47.4,118.2,42.0,20.7,6,18,7,31,3,0.17,0.73,0.90,3.06,2.0,,3.0,,,,[],,200,86,31,27,115,65,82,47,0.05,0.0,0.23,0.28,0.97,0.32,189,118,83,33,131,51,262,87,0.95,0.64,9.86
True,True,0.0,0.0,207283,0,0,-1,1,-52.5,0,"[{'offset': 0, 'projected_percent': '-52.5', 'likelihood': -3}, {'offset': 1, 'projected_percent': '-52.5', 'likelihood': -3}, {'offset': 2, 'projected_percent': '-52.5', 'likelihood': -3}]",,False,0,3,0.0,0.0,0,Mathias,0.0,97,False,Unspecified injury - Expected back 10 Oct,2026-08-30T12:30:08.176795Z,54,207283.jpg,6.0,False,Jensen,0.1,False,,i,4,94,6,4503,18,15018,584,0.0,1.1,Jensen,,58.0,2019-07-10,1996-01-01,False,p207283,66,0,1,1,0,0,0,0,0,0,0,0,22,12.6,46.2,13.0,7.2,0,3,2,5,1,0.08,0.34,0.42,0.47,1.0,,2.0,,3.0,,[],https://www.brentfordfc.com/en/news/article/first-team-brentford-v-chelsea-premier-league-igor-thiago,309,136,136,87,234,121,247,109,0.11,0.0,0.46,0.57,0.64,0.0,177,112,629,274,29,13,424,158,1.36,1.36,6.82
True,True,,,204580,0,0,0,0,74.0,0,"[{'offset': 0, 'projected_percent': '74.0', 'likelihood': 3}, {'offset': 1, 'projected_percent': '74.0', 'likelihood': 3}, {'offset': 2, 'projected_percent': '74.0', 'likelihood': 3}]",,False,1,3,4.8,4.8,3,Vitaly,4.8,98,False,,,50,204580.jpg,5.6,False,Janelt,2.5,False,,a,4,94,28,304985,17925,105453,16362,1.0,5.6,Janelt,,80.0,2020-10-03,1998-05-10,False,p204580,450,2,0,2,4,0,0,0,3,0,0,3,109,164.0,97.5,47.0,30.9,27,20,17,64,5,0.53,0.44,0.97,6.32,3.0,,,,,,[],,7,4,42,35,100,55,31,22,0.11,0.0,0.09,0.2,1.26,0.8,258,161,49,18,38,19,112,34,1.0,0.4,12.8
True,True,0.0,0.0,543295,0,0,0,0,-41.0,0,"[{'offset': 0, 'projected_percent': '-41.0', 'likelihood': -3}, {'offset': 1, 'projected_percent': '-41.0', 'likelihood': -3}, {'offset': 2, 'projected_percent': '-41.0', 'likelihood': -3}]",,False,0,3,0.0,0.0,0,Antoni,0.0,99,False,Knee injury - Unknown return date,2026-07-23T12:01:23.384798Z,50,543295.jpg,0.0,False,Milambo,0.0,False,,i,4,94,0,115,6,159,7,0.0,0.0,Milambo,,152.0,2025-07-03,2005-04-03,False,p543295,0,0,0,0,0,0,0,0,0,0,0,0,0,0.0,0.0,0.0,0.0,0,0,0,0,0,0.00,0.00,0.00,0.00,,,,,,,[],https://www.brentfordfc.com/en/news/video/first-team-fabio-carvalho-brentford-injury-return-keith-andrews?utm_source=chatgpt.com,614,264,620,269,597,255,620,266,0.0,0.0,0.0,0.0,0.0,0.0,319,192,615,266,623,269,658,291,0.0,0.0,0.0
True,True,100.0,100.0,244858,0,0,0,0,0.3,0,"[{'offset': 0, 'projected_percent': '0.3', 'likelihood': 1}, {'offset': 1, 'projected_percent': '0.3', 'likelihood': 1}, {'offset': 2, 'projected_percent': '0.3', 'likelihood': 1}]",,False,0,3,1.5,1.5,6,Fábio,1.5,100,False,,2026-08-18T13:58:17.442072Z,50,244858.jpg,6.0,False,Freitas Gouveia Carvalho,0.0,False,,a,4,94,6,1874,576,1435,157,0.3,1.2,Carvalho,Fábio Carvalho,173.0,2024-08-12,2002-08-30,False,p244858,3,1,0,0,0,0,0,0,0,0,0,0,23,33.2,0.3,33.0,6.7,0,0,0,0,0,0.43,0.00,0.43,0.13,,,,,,,[],,242,102,381,190,143,76,258,115,12.9,0.0,0.0,12.9,3.9,0.0,275,169,236,105,27,12,555,228,0.0,0.0,0.0
True,True,,,508395,0,0,-2,2,-16.3,-2,"[{'offset': 0, 'projected_percent': '-16.5', 'likelihood': -1}, {'offset': 1, 'projected_percent': '-17.0', 'likelihood': -1}, {'offset': 2, 'projected_percent': '-17.4', 'likelihood': -1}]",,False,0,3,2.0,2.0,3,Yehor,2.0,102,False,,,48,508395.jpg,1.8,False,Yarmoliuk,0.6,False,,a,4,94,9,5662,1209,61354,3004,0.4,1.9,Yarmoliuk,,225.0,2022-10-28,2004-03-01,False,p508395,216,0,1,1,4,0,0,0,1,0,0,0,50,53.0,60.5,20.0,13.4,7,14,5,26,2,0.10,0.30,0.40,4.58,,,,,,,[],,181,72,93,65,188,101,164,84,0.04,0.0,0.12,0.16,1.91,1.67,416,254,191,83,252,110,224,71,0.83,0.42,10.83
True,True,0.0,0.0,183656,0,0,-1,1,-56.7,0,"[{'offset': 0, 'projected_percent': '-56.7', 'likelihood': -3}, {'offset': 1, 'projected_percent': '-56.7', 'likelihood': -3}, {'offset': 2, 'projected_percent': '-56.7', 'likelihood': -3}]",,False,0,3,0.0,0.0,0,Josh,0.0,103,False,Hamstring injury - Expected back 10 Oct,2026-09-04T13:30:08.371955Z,49,183656.jpg,0.0,False,Dasilva,0.0,False,,i,4,94,0,400,9,1939,94,0.0,0.0,Dasilva,,241.0,2025-10-23,1998-10-23,False,p183656,0,0,0,0,0,0,0,0,0,0,0,0,0,0.0,0.0,0.0,0.0,0,0,0,0,0,0.00,0.00,0.00,0.00,,,,,,,[],https://www.brentfordfc.com/en/news/article/first-team-brentford-v-sunderland-premier-league-team-news-mathias-jensen,563,232,559,237,525,213,568,233,0.0,0.0,0.0,0.0,0.0,0.0,348,209,561,233,574,239,596,249,0.0,0.0,0.0
True,True,,,444180,0,0,-1,1,0.7,1,"[{'offset': 0, 'projected_percent': '0.7', 'likelihood': 1}, {'offset': 1, 'projected_percent': '0.7', 'likelihood': 1}, {'offset': 2, 'projected_percent': '0.7', 'likelihood': 1}]",,False,0,3,3.5,3.5,10,Jaidon,3.5,105,False,,,59,444180.jpg,3.0,False,Anthony,0.1,False,,a,4,94,15,7136,2138,10946,545,0.6,2.5,Anthony,,241.0,2026-07-07,1999-12-01,False,p444180,267,1,0,2,3,0,0,0,1,0,0,2,59,65.0,89.3,58.0,21.2,6,16,4,26,3,1.15,0.54,1.69,3.50,,,,,,,[],,146,51,50,41,76,47,81,46,0.39,0.0,0.18,0.57,1.18,1.01,86,56,94,37,154,64,370,133,1.01,0.67,8.76
True,True,,,502500,0,0,-2,2,7.4,39,"[{'offset': 0, 'projected_percent': '7.7', 'likelihood': 1}, {'offset': 1, 'projected_percent': '8.2', 'likelihood': 1}, {'offset': 2, 'projected_percent': '8.8', 'likelihood': 1}]",,False,0,4,2.5,2.5,5,Igor Thiago,2.5,106,False,,,78,502500.jpg,2.0,False,Nascimento Rodrigues,9.0,False,,a,4,94,10,270198,49775,1031376,34468,0.3,1.3,Thiago,Igor Thiago,30.0,2024-07-01,2001-06-26,False,p502500,442,1,0,2,4,0,0,1,2,0,0,0,37,48.8,43.6,146.0,23.6,4,12,3,19,5,3.13,0.16,3.29,6.25,,,,,1.0,,[],,198,15,144,15,12,6,60,11,0.64,0.0,0.03,0.67,1.27,0.81,14,4,166,16,247,29,41,6,1.02,0.41,3.87
True,True,0.0,0.0,593174,0,0,0,0,-4.3,-4,"[{'offset': 0, 'projected_percent': '-4.4', 'likelihood': -1}, {'offset': 1, 'projected_percent': '-4.7', 'likelihood': -1}, {'offset': 2, 'projected_percent': '-4.9', 'likelihood': -1}]",,False,0,4,0.0,0.0,0,Kaye,0.0,107,False,Unspecified injury - Unknown return date,2026-09-14T14:00:09.985723Z,45,593174.jpg,0.0,False,Furo,0.9,False,,i,4,94,0,61631,558,65971,8809,0.0,0.0,Furo,,21.0,2026-01-11,2007-02-06,False,p593174,0,0,0,0,0,0,0,0,0,0,0,0,0,0.0,0.0,0.0,0.0,0,0,0,0,0,0.00,0.00,0.00,0.00,,,,,,,[],https://www.brentfordfc.com/en/news/article/first-team-reading-v-brentford-carabao-cup-keith-andrews-squad-update-kaye-furo-injury,529,53,525,57,483,52,534,57,0.0,0.0,0.0,0.0,0.0,0.0,516,74,527,54,542,58,192,31,0.0,0.0,0.0
True,True,,,75115,-1,1,-1,1,-11.1,-2,"[{'offset': 0, 'projected_percent': '-11.4', 'likelihood': -1}, {'offset': 1, 'projected_percent': '-12.0', 'likelihood': -1}, {'offset': 2, 'projected_percent': '-12.6', 'likelihood': -1}]",,False,0,4,0.5,0.5,0,Callum,0.5,108,False,,,54,75115.jpg,1.0,False,Wilson,0.3,False,,a,4,94,3,15407,1058,26350,2285,0.1,0.6,Wilson,,241.0,2026-07-09,1992-02-27,False,p75115,13,0,0,0,0,0,0,0,0,0,0,0,9,3.2,10.4,12.0,2.6,1,1,0,2,0,0.07,0.04,0.11,0.15,,,,,,,[],,376,38,278,37,240,35,335,37,0.48,0.0,0.28,0.76,1.04,0.0,166,40,336,37,373,41,290,49,0.0,0.0,13.85
True,True,,,513545,-1,1,1,-1,-28.8,-102,"[{'offset': 0, 'projected_percent': '-29.2', 'likelihood': -2}, {'offset': 1, 'projected_percent': '-30.1', 'likelihood': -2}, {'offset': 2, 'projected_percent': '-31.0', 'likelihood': -2}]",,False,1,3,2.0,2.0,0,Mamadou,2.0,565,False,,,56,513545.jpg,4.4,False,Sangaré,10.0,False,,a,4,94,22,1227059,7771,814465,132576,0.4,3.9,M.Sangaré,,132.0,2026-08-01,2002-06-26,False,p513545,321,0,2,1,3,0,0,0,2,0,0,3,76,76.4,57.8,40.0,17.1,12,22,14,48,4,0.41,0.65,1.06,4.31,,,,,,,[],,120,39,99,68,123,68,115,61,0.11,0.0,0.18,0.29,1.21,0.84,121,78,200,89,77,31,38,16,1.12,0.28,13.46
True,True,,,613804,0,0,0,0,-33.0,0,"[{'offset': 0, 'projected_percent': '-33.0', 'likelihood': -2}, {'offset': 1, 'projected_percent': '-33.0', 'likelihood': -2}, {'offset': 2, 'projected_percent': '-33.0', 'likelihood': -2}]",,False,0,2,0.5,0.5,1,El Hadji Malick,0.5,620,False,,,45,613804.jpg,1.0,False,Diouf,0.1,False,,a,4,94,2,13591,430,7279,617,0.1,0.4,Diouf,El Hadji Malick Diouf,189.0,2026-08-28,2004-12-29,False,p613804,39,0,0,0,0,0,0,0,0,0,0,0,7,5.6,1.3,0.0,0.7,2,1,0,2,0,0.00,0.01,0.01,0.63,,,,,,,[],,356,133,350,129,490,193,383,137,0.0,0.0,0.02,0.02,1.45,0.0,525,131,314,115,322,124,431,156,0.0,0.0,4.62
True,True,,,626464,0,0,0,0,-0.3,0,"[{'offset': 0, 'projected_percent': '-0.3', 'likelihood': -1}, {'offset': 1, 'projected_percent': '-0.3', 'likelihood': -1}, {'offset': 2, 'projected_percent': '-0.3', 'likelihood': -1}]",,False,0,3,0.0,0.0,0,Gustavo,0.0,657,False,,,45,626464.jpg,0.0,False,Nunes Fernandes Gomes,0.0,False,,a,4,94,0,2056,314,639,246,0.0,0.0,Nunes,Gustavo Nunes,30.0,2024-08-28,2005-11-20,False,p626464,0,0,0,0,0,0,0,0,0,0,0,0,0,0.0,0.0,0.0,0.0,0,0,0,0,0,0.00,0.00,0.00,0.00,,,,,,,[],,538,215,534,221,494,193,543,216,0.0,0.0,0.0,0.0,0.0,0.0,530,277,536,216,551,223,557,230,0.0,0.0,0.0
True,True,,,612534,0,0,0,0,0.0,0,"[{'offset': 0, 'projected_percent': '0.0', 'likelihood': 0}, {'offset': 1, 'projected_percent': '0.0', 'likelihood': 0}, {'offset': 2, 'projected_percent': '0.0', 'likelihood': 0}]",2026-10-01T21:16:22.650713Z,False,0,2,1.1,1.1,0,Benjamin,0.0,660,False,,,40,612534.jpg,0.0,False,Fredrick,0.0,False,,a,4,94,0,478,478,61,61,0.0,0.0,Fredrick,,157.0,2024-01-05,2005-05-28,False,p612534,0,0,0,0,0,0,0,0,0,0,0,0,0,0.0,0.0,0.0,0.0,0,0,0,0,0,0.00,0.00,0.00,0.00,,,,,,,[],,460,176,451,175,396,161,465,176,0.0,0.0,0.0,0.0,0.0,0.0,656,206,453,169,474,176,625,211,0.0,0.0,0.0
True,True,,,235448,0,0,0,0,0.0,0,"[{'offset': 0, 'projected_percent': '0.0', 'likelihood': 0}, {'offset': 1, 'projected_percent': '0.0', 'likelihood': 0}, {'offset': 2, 'projected_percent': '0.0', 'likelihood': 0}]",2026-10-01T21:16:40.866514Z,False,0,1,1.0,1.0,0,Ellery,0.0,661,False,,,40,235448.jpg,0.0,False,Balcombe,0.0,False,,a,4,94,0,2676,2676,480,480,0.0,0.0,Balcombe,,241.0,2016-11-02,1999-10-15,False,p235448,0,0,0,0,0,0,0,0,0,0,0,0,0,0.0,0.0,0.0,0.0,0,0,0,0,0,0.00,0.00,0.00,0.00,,,,,,,[],,430,40,421,21,365,16,435,40,0.0,0.0,0.0,0.0,0.0,0.0,615,64,423,38,444,40,518,60,0.0,0.0,0.0
True,True,,,489639,0,0,0,0,60.6,20,"[{'offset': 0, 'projected_percent': '60.7', 'likelihood': 3}, {'offset': 1, 'projected_percent': '61.0', 'likelihood': 3}, {'offset': 2, 'projected_percent': '61.3', 'likelihood': 3}]",,False,0,1,4.2,4.2,6,Bart,4.2,109,False,,,45,489639.jpg,4.6,False,Verbruggen,21.6,False,,a,5,36,23,759093,65618,601738,65884,0.9,5.1,Verbruggen,,152.0,2023-07-03,2002-08-18,False,p489639,450,0,0,3,5,0,0,0,0,0,12,0,107,113.8,3.0,0.0,11.7,3,34,0,0,5,0.00,0.20,0.20,8.67,,,,,,,[],,52,10,321,4,456,48,185,8,0.0,2.4,0.04,0.04,1.73,1.0,484,40,60,6,70,6,16,2,1.0,0.6,0.0
True,True,,,49262,0,0,0,0,-0.3,-7,"[{'offset': 0, 'projected_percent': '-0.5', 'likelihood': -1}, {'offset': 1, 'projected_percent': '-0.8', 'likelihood': -1}, {'offset': 2, 'projected_percent': '-1.0', 'likelihood': -1}]",,False,0,1,0.0,0.0,0,Jason,0.0,111,False,,,40,49262.jpg,0.0,False,Steele,4.1,False,,a,5,36,0,146764,6577,119417,13662,0.0,0.0,Steele,,241.0,2018-07-01,1990-08-18,False,p49262,0,0,0,0,0,0,0,0,0,0,0,0,0,0.0,0.0,0.0,0.0,0,0,0,0,0,0.00,0.00,0.00,0.00,,,,,,,[],,412,27,400,8,344,3,416,27,0.0,0.0,0.0,0.0,0.0,0.0,589,51,403,25,426,27,81,12,0.0,0.0,0.0
True,True,100.0,100.0,231416,0,0,-1,1,-57.4,2,"[{'offset': 0, 'projected_percent': '-57.4', 'likelihood': -3}, {'offset': 1, 'projected_percent': '-57.2', 'likelihood': -3}, {'offset': 2, 'projected_percent': '-57.1', 'likelihood': -3}]",,False,0,2,3.2,3.2,5,Ferdi,3.2,113,False,,2026-08-23T13:00:07.595211Z,44,231416.jpg,3.2,False,Kadıoğlu,1.6,False,,a,5,36,13,30059,3646,133870,6327,0.7,3.0,F.Kadıoğlu,,219.0,2024-08-27,1999-10-07,False,p231416,332,0,0,2,5,0,0,0,1,0,0,0,46,31.2,58.1,32.0,12.2,9,8,1,10,4,0.12,0.13,0.25,7.55,3.0,,,,,,[],,250,105,98,23,146,41,179,64,0.03,0.0,0.04,0.07,2.05,1.36,558,143,99,40,124,52,145,58,1.08,0.54,2.71
True,True,,,204120,0,0,0,0,2.5,6,"[{'offset': 0, 'projected_percent': '2.5', 'likelihood': 1}, {'offset': 1, 'projected_percent': '2.6', 'likelihood': 1}, {'offset': 2, 'projected_percent': '2.7', 'likelihood': 1}]",,False,0,2,3.2,3.2,6,Olivier,3.2,114,False,,,45,204120.jpg,3.8,False,Boscagli,0.3,False,,a,5,36,19,16033,1816,11773,696,0.7,4.2,Boscagli,,73.0,2025-07-02,1997-11-18,False,p204120,437,0,0,3,5,0,0,0,1,0,0,0,93,77.2,115.7,21.0,21.4,25,17,4,29,5,0.07,0.53,0.60,8.45,,,,,,,[],,118,52,32,5,180,56,79,20,0.01,0.0,0.11,0.12,1.74,1.03,450,96,103,44,101,42,297,107,1.03,0.62,5.97
True,True,,,465730,1,-1,5,-5,0.3,189,"[{'offset': 0, 'projected_percent': '0.8', 'likelihood': 1}, {'offset': 1, 'projected_percent': '1.8', 'likelihood': 1}, {'offset': 2, 'projected_percent': '2.8', 'likelihood': 1}]",,False,2,2,5.2,5.2,6,Maxim,5.2,115,True,,,50,465730.jpg,7.6,False,De Cuyper,27.6,False,,a,5,36,38,2699166,280827,403179,18148,1.0,7.6,De Cuyper,,21.0,2025-07-05,2000-12-22,False,p465730,423,1,3,3,5,0,0,0,2,0,0,5,132,108.4,171.8,57.0,33.8,8,18,8,16,5,1.55,0.67,2.22,8.58,2.0,,4.0,,,,[],,61,26,8,1,79,12,22,1,0.33,0.0,0.14,0.47,1.83,1.06,288,48,35,15,8,3,10,2,1.06,0.64,3.4
True,True,75.0,,83299,0,0,0,0,19.6,-20,"[{'offset': 0, 'projected_percent': '19.5', 'likelihood': 1}, {'offset': 1, 'projected_percent': '19.2', 'likelihood': 1}, {'offset': 2, 'projected_percent': '18.9', 'likelihood': 1}]",,False,1,2,3.0,4.0,0,Lewis,4.0,116,False,Neck injury - 75% chance of playing,2026-09-22T09:30:09.629652Z,45,83299.jpg,5.5,False,Dunk,1.5,False,,d,5,36,22,88988,7427,49623,8559,0.9,4.9,Dunk,,241.0,2009-07-01,1991-11-21,False,p83299,360,1,0,2,5,0,0,0,1,0,0,1,79,116.2,14.6,11.0,14.3,20,13,3,23,4,0.03,0.09,0.12,7.04,,,3.0,,,,[],,48,20,243,85,247,85,155,53,0.01,0.0,0.02,0.03,1.76,1.25,433,85,67,28,44,15,148,60,1.0,0.5,5.75
True,True,,,550090,0,0,0,0,-9.4,1,"[{'offset': 0, 'projected_percent': '-4.5', 'likelihood': -1}, {'offset': 1, 'projected_percent': '0.0', 'likelihood': 0}, {'offset': 2, 'projected_percent': '0.0', 'likelihood': 0}]",,False,0,2,0.0,0.0,0,Diego,0.0,117,False,,,45,550090.jpg,0.0,False,Coppola,0.0,False,,a,5,36,0,913,101,1046,83,0.0,0.0,Coppola,,,,,False,p550090,0,0,0,0,0,0,0,0,0,0,0,0,0,0.0,0.0,0.0,0.0,0,0,0,0,0,0.00,0.00,0.00,0.00,,,,,,,[],,518,198,515,197,472,190,523,198,0.0,0.0,0.0,0.0,0.0,0.0,501,124,516,195,532,198,574,195,0.0,0.0,0.0
True,False,0.0,0.0,223434,0,0,0,0,0.0,-1,"[{'offset': 0, 'projected_percent': '0.0', 'likelihood': 0}, {'offset': 1, 'projected_percent': '0.0', 'likelihood': 0}, {'offset': 2, 'projected_percent': '0.0', 'likelihood': 0}]",,False,0,2,0.0,0.0,0,Igor Julio,0.0,118,False,Has joined Burnley permanently,2026-09-02T15:38:15.529699Z,45,223434.jpg,0.0,False,dos Santos de Paulo,0.0,False,,u,5,36,0,915,0,5902,259,0.0,0.0,Igor,Igor Julio,30.0,2023-07-26,1998-02-07,False,p223434,0,0,0,0,0,0,0,0,0,0,0,0,0,0.0,0.0,0.0,0.0,0,0,0,0,0,0.00,0.00,0.00,0.00,,,,,,,[],,493,188,488,187,439,177,498,188,0.0,0.0,0.0,0.0,0.0,0.0,457,101,490,184,507,188,516,181,0.0,0.0,0.0
True,True,,,451490,0,0,0,0,-0.5,0,"[{'offset': 0, 'projected_percent': '-0.5', 'likelihood': -1}, {'offset': 1, 'projected_percent': '-0.5', 'likelihood': -1}, {'offset': 2, 'projected_percent': '-0.5', 'likelihood': -1}]",,False,0,2,0.8,0.8,1,João Pedro,0.8,119,False,,,45,451490.jpg,0.8,False,Loureiro da Costa,0.0,False,,a,5,36,4,1261,156,1449,124,0.2,0.9,Costinha,Costinha,173.0,2026-06-15,2000-03-26,False,p451490,68,0,0,0,0,0,0,0,1,0,0,0,18,16.4,20.0,18.0,5.4,6,1,1,7,0,0.12,0.30,0.42,1.02,,,,,,,[],,295,118,219,74,202,60,283,105,0.16,0.0,0.4,0.56,1.35,0.0,476,115,282,103,404,140,522,183,0.0,0.0,9.26
True,True,,,454490,0,0,0,0,0.4,0,"[{'offset': 0, 'projected_percent': '0.4', 'likelihood': 1}, {'offset': 1, 'projected_percent': '0.4', 'likelihood': 1}, {'offset': 2, 'projected_percent': '0.4', 'likelihood': 1}]",,False,0,2,0.2,0.2,1,Michael,0.2,120,False,,,50,454490.jpg,1.0,False,Svoboda,0.1,False,,a,5,36,1,4446,1270,3948,426,0.0,0.2,Svoboda,,14.0,2026-07-02,1998-10-15,False,p454490,4,0,0,0,0,0,0,0,0,0,0,0,5,2.4,0.0,0.0,0.2,0,1,1,1,0,0.00,0.00,0.00,0.14,,,,,,,[],,382,141,600,210,577,207,400,144,0.0,0.0,0.0,0.0,3.15,0.0,283,46,374,134,352,135,475,169,0.0,0.0,22.5
True,True,0.0,0.0,451340,0,0,-1,1,-24.4,0,"[{'offset': 0, 'projected_percent': '-24.4', 'likelihood': -2}, {'offset': 1, 'projected_percent': '-24.4', 'likelihood': -2}, {'offset': 2, 'projected_percent': '-24.4', 'likelihood': -2}]",,False,0,3,0.0,0.0,0,Mitoma,0.0,121,False,Hamstring injury - Expected back 10 Oct,2026-07-24T18:30:10.661894Z,59,451340.jpg,0.0,False,Kaoru,0.0,False,,i,5,36,0,530,104,3093,156,0.0,0.0,Mitoma,,108.0,2021-08-09,1997-05-20,False,p451340,0,0,0,0,0,0,0,0,0,0,0,0,0,0.0,0.0,0.0,0.0,0,0,0,0,0,0.00,0.00,0.00,0.00,,,,,,,[],https://www.brightonandhovealbion.com/media-article/mft-match-preview-bha-leeds-united-pl-september-2026?utm_source=chatgpt.com,653,290,657,291,651,289,657,291,0.0,0.0,0.0,0.0,0.0,0.0,87,57,654,290,656,291,542,221,0.0,0.0,0.0
True,True,0.0,0.0,592031,-1,1,-2,2,-4.1,-2,"[{'offset': 0, 'projected_percent': '-5.3', 'likelihood': -1}, {'offset': 1, 'projected_percent': '-7.5', 'likelihood': -1}, {'offset': 2, 'projected_percent': '-9.7', 'likelihood': -1}]",,False,0,3,0.0,0.0,0,Yankuba,0.0,122,False,Leg injury - Expected back 28 Nov,2026-08-14T18:00:06.418033Z,58,592031.jpg,0.0,False,Minteh,0.0,False,,i,5,36,0,333,43,6875,201,0.0,0.0,Minteh,,78.0,2024-07-01,2004-07-22,False,p592031,0,0,0,0,0,0,0,0,0,0,0,0,0,0.0,0.0,0.0,0.0,0,0,0,0,0,0.00,0.00,0.00,0.00,5.0,,,,,,[],https://www.brightonandhovealbion.com/media-article/fabian-hurzeler-reflects-on-albions-pre-season-win-over-as-roma?utm_source=premier-league-web&utm_medium=referral&utm_campaign=pl-referral-always-on&utm_term=content-card,649,288,654,289,647,287,654,289,0.0,0.0,0.0,0.0,0.0,0.0,110,70,650,288,653,289,541,220,0.0,0.0,0.0
True,True,0.0,0.0,532529,0,0,-1,1,-35.7,-3,"[{'offset': 0, 'projected_percent': '-35.8', 'likelihood': -2}, {'offset': 1, 'projected_percent': '-36.1', 'likelihood': -2}, {'offset': 2, 'projected_percent': '-36.3', 'likelihood': -2}]",,False,1,3,0.0,0.0,0,Jack,0.0,123,False,Ankle injury - Expected back 10 Oct,2026-08-27T19:30:07.780933Z,59,532529.jpg,16.0,False,Hinshelwood,0.6,False,,i,5,36,16,147862,241,215475,6249,0.0,2.7,Hinshelwood,,241.0,2022-12-30,2005-04-11,False,p532529,63,2,0,1,0,0,0,0,0,0,0,3,54,72.8,13.4,59.0,14.5,0,1,2,3,1,1.41,0.02,1.43,0.19,,,,,,,[],https://www.brightonandhovealbion.com/media-article/match-preview-albion-head-to-chelsea-on-sunday,127,42,259,135,75,46,153,80,2.01,0.0,0.03,2.04,0.27,0.0,92,59,657,292,1,1,241,77,1.43,1.43,4.29
True,True,,,60307,1,-1,3,-3,82.1,696,"[{'offset': 0, 'projected_percent': '84.1', 'likelihood': 3}, {'offset': 1, 'projected_percent': '87.7', 'likelihood': 3}, {'offset': 2, 'projected_percent': '91.3', 'likelihood': 3}]",,False,3,3,11.2,11.2,14,Pascal,11.2,124,True,,,58,60307.jpg,9.4,False,Groß,28.5,False,,a,5,36,47,2107891,747398,539916,10133,1.9,8.1,Groß,,80.0,2026-01-02,1991-06-15,False,p60307,450,3,4,3,5,0,0,0,2,0,0,9,166,211.0,216.0,84.0,50.8,9,10,7,26,5,1.77,0.86,2.63,8.67,1.0,,1.0,,1.0,,[],,1,1,2,2,43,26,3,3,0.35,0.0,0.17,0.52,1.73,1.0,95,61,1,1,2,2,8,4,1.0,0.6,5.2
True,True,100.0,100.0,463067,-1,1,-2,2,-0.3,0,"[{'offset': 0, 'projected_percent': '-0.3', 'likelihood': -1}, {'offset': 1, 'projected_percent': '-0.3', 'likelihood': -1}, {'offset': 2, 'projected_percent': '-0.3', 'likelihood': -1}]",,False,0,4,0.2,0.2,1,Georginio,0.2,125,False,,2026-08-26T16:00:07.608056Z,53,463067.jpg,3.0,False,Rutter,0.5,False,,a,5,36,6,34369,2372,76168,3540,0.0,1.1,Georginio,,73.0,2024-08-19,2002-04-20,False,p463067,104,0,1,1,0,0,0,0,0,0,0,0,24,20.2,11.7,19.0,5.1,1,6,2,9,1,0.17,0.45,0.62,1.03,,,,,,,[],,285,27,268,35,194,31,289,32,0.15,0.0,0.39,0.54,0.89,0.0,226,50,379,43,145,13,257,43,0.87,0.87,7.79
True,True,,,219249,0,0,-1,1,-8.2,0,"[{'offset': 0, 'projected_percent': '-8.2', 'likelihood': -1}, {'offset': 1, 'projected_percent': '-8.2', 'likelihood': -1}, {'offset': 2, 'projected_percent': '-8.2', 'likelihood': -1}]",,False,0,3,0.5,0.5,1,Matt,0.5,126,False,,,54,219249.jpg,1.0,False,O'Riley,0.1,False,,a,5,36,2,3551,377,6477,521,0.1,0.4,O'Riley,,58.0,2024-08-26,2000-11-21,False,p219249,10,0,0,0,0,0,0,0,0,0,0,0,6,8.2,10.5,19.0,3.8,2,1,0,3,0,0.28,0.01,0.29,0.18,,,,,3.0,,[],,337,156,274,140,195,107,313,142,2.52,0.0,0.09,2.61,1.62,0.0,180,114,339,159,377,176,421,155,0.0,0.0,27.0
True,True,,,514254,0,0,0,0,29.7,-16,"[{'offset': 0, 'projected_percent': '29.6', 'likelihood': 2}, {'offset': 1, 'projected_percent': '29.3', 'likelihood': 2}, {'offset': 2, 'projected_percent': '29.1', 'likelihood': 2}]",,False,0,3,4.5,4.5,8,Diego,4.5,127,False,,,50,514254.jpg,4.8,False,Gómez Amarilla,4.0,False,,a,5,36,24,333750,11243,297880,36249,0.9,4.8,Gomez,Diego Gómez,168.0,2025-01-01,2003-03-27,False,p514254,433,0,3,3,5,0,0,0,0,0,0,0,80,84.2,103.4,126.0,31.4,7,16,13,36,5,0.79,0.78,1.57,8.49,,,5.0,,,,[],,108,33,40,33,18,10,28,19,0.16,0.0,0.16,0.32,1.76,1.04,310,185,56,21,65,26,84,29,1.04,0.62,7.48
True,False,0.0,0.0,536916,0,0,0,0,0.0,0,"[{'offset': 0, 'projected_percent': '0.0', 'likelihood': 0}, {'offset': 1, 'projected_percent': '0.0', 'likelihood': 0}, {'offset': 2, 'projected_percent': '0.0', 'likelihood': 0}]",,False,0,3,0.0,0.0,0,Facundo,0.0,128,False,Has joined Elche on loan for the rest of the season,2026-08-10T14:03:07.561436Z,50,536916.jpg,0.0,False,Buonanotte,0.0,False,,u,5,36,0,0,0,329,6,0.0,0.0,Buonanotte,,10.0,2023-01-01,2004-12-23,False,p536916,0,0,0,0,0,0,0,0,0,0,0,0,0,0.0,0.0,0.0,0.0,0,0,0,0,0,0.00,0.00,0.00,0.00,,,,,,,[],,613,263,619,268,596,254,619,265,0.0,0.0,0.0,0.0,0.0,0.0,318,191,614,265,622,268,657,290,0.0,0.0,0.0
True,True,100.0,100.0,509416,0,0,-1,1,-45.6,2,"[{'offset': 0, 'projected_percent': '-45.3', 'likelihood': -3}, {'offset': 1, 'projected_percent': '-44.7', 'likelihood': -3}, {'offset': 2, 'projected_percent': '-44.1', 'likelihood': -3}]",,False,0,3,3.2,3.2,3,Yasin,3.2,129,False,,2026-08-30T18:00:07.935334Z,54,509416.jpg,3.8,False,Ayari,0.4,False,,a,5,36,15,12277,2036,41380,1825,0.6,2.8,Ayari,,206.0,2023-01-30,2003-10-06,False,p509416,333,1,0,3,1,0,0,0,1,0,0,0,71,56.0,48.9,68.0,16.9,4,15,2,21,4,0.70,0.18,0.88,5.64,4.0,,2.0,,,,[],,174,69,121,81,65,40,116,62,0.19,0.0,0.05,0.24,1.52,0.27,205,129,108,41,104,41,276,93,1.08,0.81,5.68
True,True,0.0,0.0,467779,0,0,-1,1,-27.2,0,"[{'offset': 0, 'projected_percent': '-27.2', 'likelihood': -2}, {'offset': 1, 'projected_percent': '-27.2', 'likelihood': -2}, {'offset': 2, 'projected_percent': '-27.2', 'likelihood': -2}]",,False,0,2,0.0,0.0,0,Mats,0.0,130,False,Knee injury - Unknown return date,2026-09-04T09:30:08.612904Z,49,467779.jpg,3.5,False,Wieffer,0.2,False,,i,5,36,7,25941,26,43234,1802,0.0,1.4,Wieffer,,152.0,2024-07-06,1999-11-16,False,p467779,156,0,0,1,4,0,0,0,0,0,0,1,38,37.0,35.5,10.0,8.3,11,9,4,15,2,0.12,0.13,0.25,3.18,,,,,,,[],https://www.brightonandhovealbion.com/media-article/mft-match-preview-bha-leeds-united-pl-september-2026,230,91,170,50,255,87,231,84,0.07,0.0,0.08,0.15,1.83,2.31,375,67,572,205,119,48,349,131,1.15,0.58,8.65
True,False,0.0,0.0,597320,0,0,0,0,0.0,0,"[{'offset': 0, 'projected_percent': '0.0', 'likelihood': 0}, {'offset': 1, 'projected_percent': '0.0', 'likelihood': 0}, {'offset': 2, 'projected_percent': '0.0', 'likelihood': 0}]",,False,0,3,0.0,0.0,0,Harry,0.0,132,False,Has joined Leicester City on loan for the rest of the season,2026-08-17T13:53:19.019938Z,45,597320.jpg,0.0,False,Howell,0.0,False,,u,5,36,0,0,0,3662,184,0.0,0.0,Howell,,,,,False,p597320,0,0,0,0,0,0,0,0,0,0,0,0,0,0.0,0.0,0.0,0.0,0,0,0,0,0,0.00,0.00,0.00,0.00,,,,,,,[],,532,212,528,218,486,190,537,213,0.0,0.0,0.0,0.0,0.0,0.0,519,272,530,213,545,220,544,223,0.0,0.0,0.0
True,False,0.0,0.0,549074,0,0,0,0,0.0,0,"[{'offset': 0, 'projected_percent': '0.0', 'likelihood': 0}, {'offset': 1, 'projected_percent': '0.0', 'likelihood': 0}, {'offset': 2, 'projected_percent': '0.0', 'likelihood': 0}]",,False,0,3,0.0,0.0,0,Tom,0.0,133,False,Has joined Leicester City on loan for the rest of the season,2026-08-03T14:05:44.459483Z,50,549074.jpg,0.0,False,Watson,0.0,False,,u,5,36,0,0,0,135,4,0.0,0.0,Watson,,241.0,2025-06-01,2006-04-08,False,p549074,0,0,0,0,0,0,0,0,0,0,0,0,0,0.0,0.0,0.0,0.0,0,0,0,0,0,0.00,0.00,0.00,0.00,,,,,,,[],,615,265,621,270,598,256,621,267,0.0,0.0,0.0,0.0,0.0,0.0,320,193,616,267,624,270,664,296,0.0,0.0,0.0
True,True,,,556637,0,0,0,0,-76.7,0,"[{'offset': 0, 'projected_percent': '-76.7', 'likelihood': -3}, {'offset': 1, 'projected_percent': '-76.7', 'likelihood': -3}, {'offset': 2, 'projected_percent': '-76.7', 'likelihood': -3}]",,False,0,3,0.0,0.0,0,Nehemiah,0.0,134,False,,,45,556637.jpg,0.0,False,Oriola,0.2,False,,a,5,36,0,8728,324,14127,1259,0.0,0.0,Oriola,,241.0,2025-10-17,2007-06-11,False,p556637,0,0,0,0,0,0,0,0,0,0,0,0,0,0.0,0.0,0.0,0.0,0,0,0,0,0,0.00,0.00,0.00,0.00,,,,,,,[],,520,207,517,213,474,185,525,208,0.0,0.0,0.0,0.0,0.0,0.0,504,266,518,208,534,215,312,109,0.0,0.0,0.0
True,True,0.0,0.0,700308,-1,1,-2,2,-0.2,-1,"[{'offset': 0, 'projected_percent': '-0.8', 'likelihood': -1}, {'offset': 1, 'projected_percent': '-1.9', 'likelihood': -1}, {'offset': 2, 'projected_percent': '-3.0', 'likelihood': -1}]",,False,0,3,0.0,0.0,0,Zadok,0.0,135,False,Unspecified injury - Expected back 10 Oct,2026-09-10T13:00:08.617941Z,48,700308.jpg,1.0,False,Yohanna,0.0,False,,i,5,36,1,1262,19,5469,362,0.0,0.2,Yohanna,,157.0,2026-06-15,2007-06-29,False,p700308,12,0,0,0,0,0,0,0,0,0,0,0,3,0.2,1.3,0.0,0.2,0,0,0,0,0,0.00,0.03,0.03,0.00,,,,,,,[],,403,189,351,174,515,207,399,187,0.0,0.0,0.22,0.22,0.0,0.0,422,257,554,229,331,143,526,209,0.0,0.0,0.0
True,True,0.0,0.0,608181,0,0,-1,1,-4.5,0,"[{'offset': 0, 'projected_percent': '-4.5', 'likelihood': -1}, {'offset': 1, 'projected_percent': '-4.5', 'likelihood': -1}, {'offset': 2, 'projected_percent': '-4.5', 'likelihood': -1}]",,False,0,4,0.0,0.0,0,Stefanos,0.0,137,False,Knee injury - Unknown return date,2026-07-23T12:01:23.432796Z,54,608181.jpg,0.0,False,Tzimas,0.0,False,,i,5,36,0,329,32,745,47,0.0,0.0,Tzimas,,83.0,2025-02-03,2006-01-06,False,p608181,0,0,0,0,0,0,0,0,0,0,0,0,0,0.0,0.0,0.0,0.0,0,0,0,0,0,0.00,0.00,0.00,0.00,,,,,,,[],https://www.brightonandhovealbion.com/media-article/fabian-hurzeler-reflects-on-a-successful-training-camp?srsltid=AfmBOoq6Qw6fHwT9Mxn5PIGBhoGos01rwVude5hxVRG_7iMPpS-YkOIf&utm_source=chatgpt.com,635,70,638,74,625,71,640,74,0.0,0.0,0.0,0.0,0.0,0.0,213,47,635,71,640,74,626,77,0.0,0.0,0.0
True,True,,,647850,1,-1,1,-1,15.6,307,"[{'offset': 0, 'projected_percent': '16.4', 'likelihood': 1}, {'offset': 1, 'projected_percent': '18.0', 'likelihood': 1}, {'offset': 2, 'projected_percent': '19.6', 'likelihood': 1}]",,False,1,4,6.8,6.8,10,Charalampos,6.8,138,False,,,56,647850.jpg,5.6,False,Kostoulas,3.9,False,,a,5,36,28,391383,286692,47895,15385,1.2,5.0,Kostoulas,,83.0,2025-07-01,2007-05-30,False,p647850,353,2,3,2,5,0,0,0,1,0,0,3,105,95.8,39.1,127.0,26.1,5,18,4,27,4,1.35,0.06,1.41,7.67,,,,,,,[],,83,7,160,17,17,8,47,8,0.34,0.0,0.02,0.36,1.96,1.27,123,32,14,3,40,4,89,12,1.02,0.51,6.88
True,True,0.0,0.0,487117,0,0,0,0,-56.3,0,"[{'offset': 0, 'projected_percent': '-56.3', 'likelihood': -3}, {'offset': 1, 'projected_percent': '-56.3', 'likelihood': -3}, {'offset': 2, 'projected_percent': '-56.3', 'likelihood': -3}]",,False,0,4,0.0,0.0,0,Evan,0.0,139,False,Ankle injury - Expected back 10 Oct,2026-07-23T12:01:23.448357Z,50,487117.jpg,0.0,False,Ferguson,0.0,False,,i,5,36,0,1565,114,2507,238,0.0,0.0,Ferguson,,104.0,2021-08-23,2004-10-19,False,p487117,0,0,0,0,0,0,0,0,0,0,0,0,0,0.0,0.0,0.0,0.0,0,0,0,0,0,0.00,0.00,0.00,0.00,,,,,,,[],https://www.brightonandhovealbion.com/media-article/fabian-hurzeler-reflects-on-a-successful-training-camp?srsltid=AfmBOoq6Qw6fHwT9Mxn5PIGBhoGos01rwVude5hxVRG_7iMPpS-YkOIf&utm_source=chatgpt.com,600,62,606,66,583,61,606,66,0.0,0.0,0.0,0.0,0.0,0.0,295,56,601,63,609,67,546,73,0.0,0.0,0.0
True,True,75.0,100.0,222694,0,0,-1,1,-5.1,-2,"[{'offset': 0, 'projected_percent': '-5.7', 'likelihood': -1}, {'offset': 1, 'projected_percent': '-6.8', 'likelihood': -1}, {'offset': 2, 'projected_percent': '-7.9', 'likelihood': -1}]",,False,0,2,1.4,1.8,5,Pascal,1.8,328,False,Hamstring injury - 75% chance of playing,2026-09-22T10:00:09.404233Z,49,222694.jpg,2.3,False,Struijk,0.2,False,,d,5,36,7,5660,631,11968,717,0.4,1.4,Struijk,,152.0,2026-06-30,1999-08-11,False,p222694,98,0,0,1,0,0,0,0,1,0,0,0,31,32.2,1.5,7.0,4.0,9,6,1,10,1,0.16,0.01,0.17,1.70,,,,,,,[],,247,102,344,123,279,98,306,115,0.15,0.0,0.01,0.16,1.56,0.0,358,62,213,78,201,80,348,130,0.92,0.92,9.18
True,True,,,610799,0,0,0,0,51.8,47,"[{'offset': 0, 'projected_percent': '52.1', 'likelihood': 3}, {'offset': 1, 'projected_percent': '52.8', 'likelihood': 3}, {'offset': 2, 'projected_percent': '53.5', 'likelihood': 3}]",,False,1,2,6.5,6.5,8,Luka,6.5,504,False,,,50,610799.jpg,6.4,False,Vušković,3.6,False,,a,5,36,32,253657,50557,136341,11529,1.3,6.4,Vuskovic,,97.0,2026-07-14,2007-02-24,False,p610799,437,1,0,3,5,0,0,0,0,0,0,2,98,128.2,18.0,72.0,21.8,37,17,6,43,5,0.46,0.07,0.53,8.45,,,,,,,[],,34,14,223,76,58,6,75,17,0.09,0.0,0.01,0.1,1.74,1.03,329,57,15,6,17,7,93,35,1.03,0.62,8.86
True,True,,,538007,-1,1,-1,1,0.5,2,"[{'offset': 0, 'projected_percent': '0.5', 'likelihood': 1}, {'offset': 1, 'projected_percent': '0.5', 'likelihood': 1}, {'offset': 2, 'projected_percent': '0.6', 'likelihood': 1}]",,False,0,4,0.2,0.2,0,Promise,0.2,594,False,,,59,538007.jpg,0.5,False,David,0.2,False,,a,5,36,1,14725,2863,22306,2033,0.0,0.2,David,,39.0,2026-08-18,2001-07-03,False,p538007,23,0,0,0,0,0,0,0,1,0,0,0,-4,0.0,3.7,4.0,0.4,0,0,0,0,0,0.42,0.00,0.42,0.14,,,,,2.0,,[],,656,75,319,41,313,40,391,45,1.64,0.0,0.0,1.64,0.55,0.0,93,24,391,45,417,50,323,51,0.0,0.0,0.0
True,True,,,612855,0,0,0,0,-66.5,0,"[{'offset': 0, 'projected_percent': '-66.5', 'likelihood': -3}, {'offset': 1, 'projected_percent': '-66.5', 'likelihood': -3}, {'offset': 2, 'projected_percent': '-66.5', 'likelihood': -3}]",,False,0,3,0.5,0.5,0,Ibrahim,0.5,600,False,,,50,612855.jpg,1.0,False,Osman,0.0,False,,a,5,36,3,932,101,1085,118,0.1,0.6,Osman,,81.0,2024-07-01,2004-11-29,False,p612855,40,0,0,0,1,0,0,0,0,0,0,0,15,7.2,17.8,19.0,4.2,0,3,1,4,0,0.05,0.07,0.12,0.32,,,,,,,[],,344,159,225,123,193,106,302,137,0.11,0.0,0.16,0.27,0.72,2.25,330,199,331,155,358,162,583,240,0.0,0.0,9.0
True,True,,,611695,0,0,0,0,51.4,1,"[{'offset': 0, 'projected_percent': '51.4', 'likelihood': 3}, {'offset': 1, 'projected_percent': '51.5', 'likelihood': 3}, {'offset': 2, 'projected_percent': '51.5', 'likelihood': 3}]",,False,0,3,4.8,4.8,1,Malick,4.8,605,False,,,45,611695.jpg,4.0,False,Yalcouyé,4.0,False,,a,5,36,20,552940,24051,168746,30792,1.1,4.4,Yalcouyé,,54.0,2024-07-12,2005-11-18,False,p611695,236,2,0,1,4,0,0,0,0,0,0,1,96,109.2,70.3,111.0,29.1,6,7,6,19,3,1.46,0.45,1.91,6.57,,,,,,,[],,58,20,74,57,28,15,36,26,0.56,0.0,0.17,0.73,2.51,1.53,523,273,48,17,89,37,85,30,1.14,0.38,7.25
True,True,,,512123,0,0,0,0,-6.0,0,"[{'offset': 0, 'projected_percent': '-6.0', 'likelihood': -1}, {'offset': 1, 'projected_percent': '-6.0', 'likelihood': -1}, {'offset': 2, 'projected_percent': '-6.0', 'likelihood': -1}]",,False,0,2,0.0,0.0,0,Jaouen,0.0,614,False,,,45,512123.jpg,0.0,False,Hadjam,0.0,False,,a,5,36,0,3970,231,1939,234,0.0,0.0,Hadjam,,3.0,2026-08-25,2003-03-26,False,p512123,0,0,0,0,0,0,0,0,0,0,0,0,0,0.0,0.0,0.0,0.0,0,0,0,0,0,0.00,0.00,0.00,0.00,,,,,,,[],,510,195,507,194,464,187,515,195,0.0,0.0,0.0,0.0,0.0,0.0,492,120,508,192,524,195,509,180,0.0,0.0,0.0
True,False,0.0,0.0,519324,0,0,0,0,0.0,0,"[{'offset': 0, 'projected_percent': '0.0', 'likelihood': 0}, {'offset': 1, 'projected_percent': '0.0', 'likelihood': 0}, {'offset': 2, 'projected_percent': '0.0', 'likelihood': 0}]",,False,0,3,0.0,0.0,0,Amario,0.0,624,False,Has joined Middlesbrough on loan for the rest of the season,2026-09-02T15:38:15.552951Z,50,519324.jpg,0.0,False,Cozier-Duberry,0.0,False,,u,5,36,0,117,0,113,5,0.0,0.0,Cozier-Duberry,,,,,False,p519324,0,0,0,0,0,0,0,0,0,0,0,0,0,0.0,0.0,0.0,0.0,0,0,0,0,0,0.00,0.00,0.00,0.00,,,,,,,[],,611,261,617,266,594,252,617,263,0.0,0.0,0.0,0.0,0.0,0.0,313,188,612,263,620,266,666,298,0.0,0.0,0.0
True,True,,,592984,0,0,0,0,1.3,1,"[{'offset': 0, 'projected_percent': '1.3', 'likelihood': 1}, {'offset': 1, 'projected_percent': '1.3', 'likelihood': 1}, {'offset': 2, 'projected_percent': '1.3', 'likelihood': 1}]",,False,0,3,4.0,4.0,8,José María,4.0,639,False,,,55,592984.jpg,6.0,False,Andrés Baixauli,0.0,False,,a,5,36,12,3800,2556,743,275,0.7,2.2,Andrés,Chema Andrés,200.0,2026-09-01,2005-04-25,False,p592984,109,1,1,1,0,0,0,0,0,0,0,0,37,52.2,17.9,39.0,10.9,4,8,1,13,1,0.52,0.12,0.64,1.70,,,,,,,[],,186,75,224,122,128,70,199,95,0.43,0.0,0.1,0.53,1.4,0.0,164,103,78,30,30,14,517,206,0.83,0.83,10.73
True,True,0.0,0.0,471551,0,0,0,0,-25.9,0,"[{'offset': 0, 'projected_percent': '-25.9', 'likelihood': -2}, {'offset': 1, 'projected_percent': '-25.9', 'likelihood': -2}, {'offset': 2, 'projected_percent': '-25.9', 'likelihood': -2}]",,False,0,3,0.0,0.0,0,Femi,0.0,652,False,Hamstring injury - Expected back 10 Oct,2026-09-04T11:30:08.661589Z,55,471551.jpg,0.0,False,Azeez,0.0,False,,i,5,36,0,440,17,196,39,0.0,0.0,Azeez,,157.0,2026-09-01,2001-06-05,False,p471551,0,0,0,0,0,0,0,0,0,0,0,0,0,0.0,0.0,0.0,0.0,0,0,0,0,0,0.00,0.00,0.00,0.00,,,,,,,[],https://www.brightonandhovealbion.com/media-article/mft-match-preview-manchester-united-bha-carabao-cup-september-2026,643,282,649,284,637,278,648,283,0.0,0.0,0.0,0.0,0.0,0.0,149,91,643,283,648,284,650,285,0.0,0.0,0.0
True,True,,,661016,0,0,0,0,0.0,0,"[{'offset': 0, 'projected_percent': '0.0', 'likelihood': 0}, {'offset': 1, 'projected_percent': '0.0', 'likelihood': 0}, {'offset': 2, 'projected_percent': '0.0', 'likelihood': 0}]",2026-09-26T17:44:20.289392Z,False,0,3,0.0,0.0,0,Younes,0.0,658,False,,,45,661016.jpg,0.0,False,Ibrahim,0.0,False,,a,5,36,0,1443,280,469,201,0.0,0.0,Ibrahim,,13.0,2026-08-12,2008-02-16,False,p661016,0,0,0,0,0,0,0,0,0,0,0,0,0,0.0,0.0,0.0,0.0,0,0,0,0,0,0.00,0.00,0.00,0.00,,,,,,,[],,544,220,540,226,501,199,549,221,0.0,0.0,0.0,0.0,0.0,0.0,538,283,542,221,557,228,593,246,0.0,0.0,0.0
True,True,,,98980,0,0,0,0,-5.5,-9,"[{'offset': 0, 'projected_percent': '-5.7', 'likelihood': -1}, {'offset': 1, 'projected_percent': '-6.0', 'likelihood': -1}, {'offset': 2, 'projected_percent': '-6.3', 'likelihood': -1}]",,False,0,1,2.2,2.2,2,Emiliano,2.2,28,False,,,50,98980.jpg,2.2,False,Martínez Romero,4.8,False,,a,6,8,9,244477,6710,244964,20383,0.4,1.8,Martinez,Emiliano Martínez,10.0,2026-08-29,1992-09-02,False,p98980,360,0,0,0,10,0,0,0,0,0,18,0,61,145.0,30.0,0.0,17.5,1,37,0,0,4,0.00,0.01,0.01,7.49,,,,,,,[],,24,4,184,1,558,61,112,1,0.0,4.5,0.0,0.0,1.87,2.5,242,6,175,17,215,18,77,11,1.0,0.0,0.0
True,True,,,244850,0,0,2,-2,79.6,92,"[{'offset': 0, 'projected_percent': '80.4', 'likelihood': 3}, {'offset': 1, 'projected_percent': '81.7', 'likelihood': 3}, {'offset': 2, 'projected_percent': '83.0', 'likelihood': 3}]",,False,0,3,5.2,5.2,2,Morgan,5.2,40,False,,,77,244850.jpg,5.8,False,Rogers,40.4,False,,a,6,8,29,2461100,131677,656245,64558,0.7,3.8,Rogers,,241.0,2026-07-21,2002-07-26,False,p244850,437,3,1,0,12,0,0,0,1,0,0,2,135,159.0,140.1,140.0,43.9,3,23,5,31,5,1.72,1.23,2.95,8.73,3.0,,,,,,[],,9,6,21,20,15,8,9,8,0.35,0.0,0.25,0.6,1.8,2.47,15,10,42,15,37,18,5,1,1.03,0.0,6.38
True,True,100.0,50.0,56979,0,0,-1,1,0.0,0,"[{'offset': 0, 'projected_percent': '0.0', 'likelihood': 0}, {'offset': 1, 'projected_percent': '0.0', 'likelihood': 0}, {'offset': 2, 'projected_percent': '0.0', 'likelihood': 0}]",,False,0,3,0.5,0.2,2,Jordan,0.5,101,False,,2026-08-09T09:30:07.136250Z,49,56979.jpg,2.0,False,Henderson,0.0,False,,a,6,8,2,1084,471,2612,138,0.1,0.4,Henderson,Jordan Henderson,241.0,2026-08-03,1990-06-17,False,p56979,90,0,0,0,3,0,0,0,0,0,0,0,16,16.6,10.4,0.0,2.7,2,7,1,10,1,0.00,0.08,0.08,2.65,,,,,,,[],,294,125,277,141,516,208,329,154,0.0,0.0,0.08,0.08,2.65,3.0,338,203,320,148,227,99,533,215,1.0,0.0,10.0
True,True,100.0,100.0,50175,0,0,-1,1,6.3,1,"[{'offset': 0, 'projected_percent': '6.3', 'likelihood': 1}, {'offset': 1, 'projected_percent': '6.3', 'likelihood': 1}, {'offset': 2, 'projected_percent': '6.3', 'likelihood': 1}]",,False,0,4,1.0,1.0,2,Danny,1.0,136,False,,2026-08-20T14:00:07.949090Z,59,50175.jpg,1.3,False,Welbeck,1.0,False,,a,6,8,4,60519,6583,82471,8567,0.2,0.7,Welbeck,,241.0,2026-08-01,1990-11-26,False,p50175,85,0,0,0,1,0,0,0,0,0,0,0,15,14.4,32.7,14.0,6.1,2,2,1,5,1,0.00,0.14,0.14,1.99,,,,,,,[],,300,30,177,19,228,34,269,30,0.0,0.0,0.15,0.15,2.11,1.06,78,20,274,30,287,34,179,28,1.06,0.0,5.29
True,False,0.0,0.0,215059,0,0,-1,1,0.0,-5,"[{'offset': 0, 'projected_percent': '0.0', 'likelihood': 0}, {'offset': 1, 'projected_percent': '0.0', 'likelihood': 0}, {'offset': 2, 'projected_percent': '0.0', 'likelihood': 0}]",,False,0,1,0.0,0.0,0,Robert,0.0,140,False,Has joined Como on loan for the rest of the season,2026-09-02T16:20:41.841936Z,49,215059.jpg,2.0,False,Lynch Sánchez,0.7,False,,u,6,8,2,10847,0,175969,4361,0.0,0.4,Sánchez,,200.0,2023-08-05,1997-11-18,False,p215059,90,0,0,0,2,0,0,0,0,0,4,0,6,21.4,0.0,0.0,2.1,1,5,0,0,1,0.00,0.01,0.01,1.33,,,,,,,[],,282,23,561,57,527,55,346,23,0.0,4.0,0.01,0.01,1.33,2.0,355,17,563,68,228,20,215,31,1.0,0.0,0.0
True,False,0.0,0.0,508479,0,0,0,0,0.0,0,"[{'offset': 0, 'projected_percent': '0.0', 'likelihood': 0}, {'offset': 1, 'projected_percent': '0.0', 'likelihood': 0}, {'offset': 2, 'projected_percent': '0.0', 'likelihood': 0}]",,False,0,1,0.0,0.0,0,Filip,0.0,141,False,Has joined RC Strasbourg on loan for the rest of the season,2026-08-12T14:07:02.607115Z,50,508479.jpg,0.0,False,Jörgensen,0.0,False,,u,6,8,0,0,0,948,30,0.0,0.0,Jörgensen,,58.0,2024-07-30,2002-04-16,False,p508479,0,0,0,0,0,0,0,0,0,0,0,0,0,0.0,0.0,0.0,0.0,0,0,0,0,0,0.00,0.00,0.00,0.00,,,,,,,[],,610,73,616,70,593,69,616,73,0.0,0.0,0.0,0.0,0.0,0.0,309,14,611,73,619,73,617,72,0.0,0.0,0.0
True,True,75.0,75.0,225796,0,0,-1,1,-87.8,-63,"[{'offset': 0, 'projected_percent': '-88.3', 'likelihood': -3}, {'offset': 1, 'projected_percent': '-89.2', 'likelihood': -3}, {'offset': 2, 'projected_percent': '-90.0', 'likelihood': -3}]",,False,0,2,0.6,0.6,0,Reece,0.8,142,False,Hamstring injury - 75% chance of playing,2026-09-18T10:30:09.719371Z,54,225796.jpg,0.8,False,James,5.9,False,,d,6,8,3,168762,557,595480,72791,0.1,0.6,James,,241.0,2019-05-15,1999-12-08,False,p225796,292,0,0,0,7,0,0,0,1,0,0,0,24,56.2,42.6,49.0,14.8,11,15,2,13,3,0.33,0.26,0.59,4.90,1.0,,1.0,,,,[],https://www.chelseafc.com/en/news/article/xabi-alonso-on-competitive-monster-jordan-henderson-and-chelsea-absentees,172,73,146,39,98,21,147,51,0.1,0.0,0.08,0.18,1.51,2.16,181,20,295,108,408,142,65,27,0.92,0.0,4.01
True,False,0.0,0.0,180736,0,0,0,0,0.0,0,"[{'offset': 0, 'projected_percent': '0.0', 'likelihood': 0}, {'offset': 1, 'projected_percent': '0.0', 'likelihood': 0}, {'offset': 2, 'projected_percent': '0.0', 'likelihood': 0}]",,False,0,2,0.0,0.0,0,Trevoh,0.0,143,False,Has joined Como permanently,2026-08-10T14:03:50.769483Z,55,180736.jpg,0.0,False,Chalobah,0.1,False,,u,6,8,0,0,0,13912,282,0.0,0.0,Chalobah,,241.0,2018-02-16,1999-07-05,False,p180736,0,0,0,0,0,0,0,0,0,0,0,0,0,0.0,0.0,0.0,0.0,0,0,0,0,0,0.00,0.00,0.00,0.00,,,,,,,[],,638,216,643,216,630,214,643,216,0.0,0.0,0.0,0.0,0.0,0.0,131,14,638,214,643,215,469,167,0.0,0.0,0.0
True,True,,,482609,-1,1,-1,1,-2.5,-2,"[{'offset': 0, 'projected_percent': '-2.6', 'likelihood': -1}, {'offset': 1, 'projected_percent': '-2.8', 'likelihood': -1}, {'offset': 2, 'projected_percent': '-3.0', 'likelihood': -1}]",,False,0,2,0.8,0.8,0,Malo,0.8,144,False,,,49,482609.jpg,1.0,False,Gusto,1.0,False,,a,6,8,4,36799,1472,66971,6491,0.2,0.8,Gusto,,73.0,2023-01-28,2003-05-19,False,p482609,272,0,0,0,7,0,0,0,0,0,0,0,12,32.0,37.2,13.0,8.2,11,13,4,15,3,0.08,0.12,0.20,3.50,,,,,,,[],,248,103,164,45,233,79,233,86,0.03,0.0,0.04,0.07,1.16,2.32,379,69,285,105,338,131,184,70,0.99,0.0,4.96
True,True,100.0,100.0,444463,0,0,0,0,4.3,0,"[{'offset': 0, 'projected_percent': '4.3', 'likelihood': 1}, {'offset': 1, 'projected_percent': '4.3', 'likelihood': 1}, {'offset': 2, 'projected_percent': '4.3', 'likelihood': 1}]",,False,0,2,2.0,2.0,4,Wesley,2.0,145,False,,2026-07-23T12:01:23.464591Z,50,444463.jpg,2.0,False,Fofana,0.2,False,,a,6,8,8,18308,2202,8103,1162,0.4,1.6,Fofana,Wesley Fofana,73.0,2022-08-31,2000-12-17,False,p444463,312,0,0,0,7,0,0,0,1,0,0,0,35,100.4,29.2,4.0,13.4,40,11,7,47,4,0.00,0.08,0.08,5.65,,,,,,,[],,78,35,189,60,308,112,165,58,0.0,0.0,0.02,0.02,1.63,2.02,280,45,195,74,233,89,330,123,1.15,0.0,13.56
True,False,0.0,0.0,242880,0,0,0,0,0.0,0,"[{'offset': 0, 'projected_percent': '0.0', 'likelihood': 0}, {'offset': 1, 'projected_percent': '0.0', 'likelihood': 0}, {'offset': 2, 'projected_percent': '0.0', 'likelihood': 0}]",,False,0,2,0.0,0.0,0,Benoît,0.0,146,False,Has joined Napoli on loan for the rest of the season,2026-08-25T14:03:47.079414Z,45,242880.jpg,0.0,False,Badiashile Mukinayi,0.0,False,,u,6,8,0,232,0,1935,38,0.0,0.0,B.Badiashile,,73.0,2023-01-05,2001-03-26,False,p242880,0,0,0,0,0,0,0,0,0,0,0,0,0,0.0,0.0,0.0,0.0,0,0,0,0,0,0.00,0.00,0.00,0.00,,,,,,,[],,496,190,492,189,443,179,501,190,0.0,0.0,0.0,0.0,0.0,0.0,463,105,493,186,510,190,611,206,0.0,0.0,0.0
True,True,,,551210,0,0,0,0,12.1,-4,"[{'offset': 0, 'projected_percent': '12.1', 'likelihood': 1}, {'offset': 1, 'projected_percent': '12.0', 'likelihood': 1}, {'offset': 2, 'projected_percent': '11.9', 'likelihood': 1}]",,False,0,2,1.8,1.8,0,Jorrel,1.8,148,False,,,45,551210.jpg,2.0,False,Hato,0.8,False,,a,6,8,8,91128,733,59230,6903,0.4,1.8,Hato,,152.0,2025-08-03,2006-03-07,False,p551210,258,0,2,0,9,0,0,0,0,0,0,0,14,77.0,47.1,15.0,14.0,11,9,7,18,4,0.01,0.21,0.22,4.81,,,,,,,[],,119,53,131,36,218,70,158,55,0.0,0.0,0.07,0.07,1.68,3.14,502,125,210,76,225,86,199,77,1.4,0.0,6.28
True,True,,,460028,-1,1,-2,2,-8.7,-3,"[{'offset': 0, 'projected_percent': '-8.9', 'likelihood': -1}, {'offset': 1, 'projected_percent': '-9.2', 'likelihood': -1}, {'offset': 2, 'projected_percent': '-9.5', 'likelihood': -1}]",,False,0,2,0.8,0.8,1,Levi,0.8,149,False,,,48,460028.jpg,0.8,False,Samuels Colwill,0.9,False,,a,6,8,3,26619,963,98029,5004,0.2,0.6,Colwill,,241.0,2022-07-01,2003-02-26,False,p460028,341,0,0,0,9,0,0,0,1,0,0,0,17,61.6,16.6,13.0,9.2,23,15,3,26,4,0.01,0.05,0.06,6.67,,,,,,,[],,161,68,231,79,232,78,220,79,0.0,0.0,0.01,0.01,1.76,2.38,414,76,283,104,405,141,196,74,1.06,0.0,6.86
True,False,0.0,0.0,574458,0,0,0,0,0.0,0,"[{'offset': 0, 'projected_percent': '0.0', 'likelihood': 0}, {'offset': 1, 'projected_percent': '0.0', 'likelihood': 0}, {'offset': 2, 'projected_percent': '0.0', 'likelihood': 0}]",,False,0,2,0.0,0.0,0,Mamadou,0.0,150,False,Has joined Real Sociedad on loan for the rest of the season,2026-08-29T00:34:23.077418Z,45,574458.jpg,0.0,False,Sarr,0.0,False,,u,6,8,0,429,0,5961,145,0.0,0.0,M.Sarr,Mamadou Sarr,189.0,2025-06-09,2005-08-29,False,p574458,0,0,0,0,0,0,0,0,0,0,0,0,0,0.0,0.0,0.0,0.0,0,0,0,0,0,0.00,0.00,0.00,0.00,,,,,,,[],,525,199,521,198,479,191,530,199,0.0,0.0,0.0,0.0,0.0,0.0,509,126,523,196,538,199,551,188,0.0,0.0,0.0
True,True,,,577016,0,0,0,0,-9.7,-5,"[{'offset': 0, 'projected_percent': '-10.8', 'likelihood': -1}, {'offset': 1, 'projected_percent': '-12.7', 'likelihood': -1}, {'offset': 2, 'projected_percent': '-14.7', 'likelihood': -1}]",,False,0,2,0.5,0.5,0,Josh,0.5,151,False,,,45,577016.jpg,1.2,False,Acheampong,0.3,False,,a,6,8,5,21087,375,22342,1783,0.1,1.1,Acheampong,,241.0,2024-03-10,2006-05-05,False,p577016,221,0,0,0,7,0,0,0,0,0,0,0,5,43.0,5.5,6.0,5.4,13,7,7,20,2,0.00,0.03,0.03,4.72,,,,,,,[],,207,83,298,108,285,102,284,106,0.0,0.0,0.01,0.01,1.92,2.85,511,128,313,114,290,101,279,101,0.81,0.0,8.14
True,True,50.0,50.0,620109,0,0,-2,2,-0.4,-5,"[{'offset': 0, 'projected_percent': '-0.7', 'likelihood': -1}, {'offset': 1, 'projected_percent': '-1.3', 'likelihood': -1}, {'offset': 2, 'projected_percent': '-1.9', 'likelihood': -1}]",,False,0,2,0.0,0.0,0,Marco,0.0,152,False,Thigh injury - 50% chance of playing,2026-08-24T18:30:07.421239Z,53,620109.jpg,0.0,False,Palestra,0.6,False,,d,6,8,0,6642,182,220057,3516,0.0,0.0,Palestra,,106.0,2026-07-01,2005-03-03,False,p620109,0,0,0,0,0,0,0,0,0,0,0,0,0,0.0,0.0,0.0,0.0,0,0,0,0,0,0.00,0.00,0.00,0.00,,,,,,,[],https://www.chelseafc.com/en/news/article/xabi-alonso-on-competitive-monster-jordan-henderson-and-chelsea-absentees,627,215,630,215,615,213,632,215,0.0,0.0,0.0,0.0,0.0,0.0,237,34,626,213,633,214,229,87,0.0,0.0,0.0
True,True,75.0,100.0,244851,0,0,2,-2,-9.0,-271,"[{'offset': 0, 'projected_percent': '-10.2', 'likelihood': -1}, {'offset': 1, 'projected_percent': '-12.2', 'likelihood': -1}, {'offset': 2, 'projected_percent': '-14.3', 'likelihood': -1}]",,False,1,3,2.8,3.8,2,Cole,3.8,154,False,Muscular injury - 75% chance of playing,2026-09-21T13:00:09.022726Z,97,244851.jpg,5.6,False,Palmer,25.8,False,,d,6,8,28,1947884,44508,644147,148841,0.4,2.9,Palmer,,241.0,2023-09-01,2002-05-06,False,p244851,442,2,2,0,12,0,0,0,1,0,0,3,148,151.0,145.3,144.0,44.1,3,19,7,29,5,1.31,0.79,2.10,8.73,,,2.0,,1.0,,[],https://www.chelseafc.com/en/news/article/chelsea-international-call-ups-and-schedules-for-september-2026,15,10,19,18,13,7,8,7,0.27,0.0,0.16,0.43,1.78,2.44,3,2,85,34,43,22,12,6,1.02,0.0,5.9
True,True,,,247632,0,0,0,0,-7.6,-4,"[{'offset': 0, 'projected_percent': '-7.8', 'likelihood': -1}, {'offset': 1, 'projected_percent': '-8.2', 'likelihood': -1}, {'offset': 2, 'projected_percent': '-8.6', 'likelihood': -1}]",,False,0,3,3.2,3.2,2,Pedro,3.2,156,False,,,65,247632.jpg,2.8,False,Lomba Neto,1.4,False,,a,6,8,14,81553,4428,90660,9009,0.5,2.2,Neto,Pedro Neto,173.0,2024-08-11,2000-03-09,False,p247632,332,1,0,0,8,0,0,0,0,0,0,0,81,82.0,92.6,108.0,28.2,8,14,6,28,4,0.68,0.58,1.26,6.64,2.0,,3.0,,,,[],,115,36,47,40,29,16,40,29,0.18,0.0,0.16,0.34,1.8,2.17,37,25,114,45,176,75,156,48,1.08,0.0,7.59
True,True,,,624773,0,0,-2,2,-31.0,4,"[{'offset': 0, 'projected_percent': '-30.5', 'likelihood': -2}, {'offset': 1, 'projected_percent': '-29.6', 'likelihood': -2}, {'offset': 2, 'projected_percent': '-28.8', 'likelihood': -2}]",,False,0,3,0.8,0.8,1,Estêvão,0.8,157,False,,,63,624773.jpg,1.0,False,Almeida de Oliveira Gonçalves,0.7,False,,a,6,8,4,17434,1520,86758,4023,0.1,0.6,Estêvão,Estêvão,30.0,2025-07-14,2007-04-24,False,p624773,23,0,0,0,1,0,0,0,0,0,0,0,17,8.6,1.6,38.0,5.0,0,1,1,2,0,0.07,0.07,0.14,1.01,4.0,,,,2.0,,[],,334,154,343,173,131,72,293,131,0.27,0.0,0.27,0.54,3.95,3.91,52,36,302,141,398,192,218,68,0.0,0.0,7.83
True,True,75.0,,463936,-1,1,-2,2,-0.8,0,"[{'offset': 0, 'projected_percent': '-0.8', 'likelihood': -1}, {'offset': 1, 'projected_percent': '-0.8', 'likelihood': -1}, {'offset': 2, 'projected_percent': '-0.8', 'likelihood': -1}]",,False,0,3,0.0,0.0,0,Jamie,0.0,158,False,Ankle injury - 75% chance of playing,2026-09-26T05:30:09.245832Z,58,463936.jpg,0.0,False,Bynoe-Gittens,0.0,False,,d,6,8,0,1126,147,2832,202,0.0,0.0,Gittens,,241.0,2025-07-05,2004-08-08,False,p463936,0,0,0,0,0,0,0,0,0,0,0,0,0,0.0,0.0,0.0,0.0,0,0,0,0,0,0.00,0.00,0.00,0.00,,,,,,,[],,648,287,653,288,645,285,653,288,0.0,0.0,0.0,0.0,0.0,0.0,105,68,648,287,652,288,549,226,0.0,0.0,0.0
True,True,50.0,50.0,486672,0,0,-2,2,-0.6,-5,"[{'offset': 0, 'projected_percent': '-0.8', 'likelihood': -1}, {'offset': 1, 'projected_percent': '-1.1', 'likelihood': -1}, {'offset': 2, 'projected_percent': '-1.5', 'likelihood': -1}]",,False,0,3,0.1,0.1,0,Moisés,0.2,159,False,Calf injury - 50% chance of playing,2026-08-30T16:00:08.393562Z,53,486672.jpg,1.0,False,Caicedo Corozo,1.0,False,,d,6,8,1,15004,366,280621,8229,0.0,0.2,Caicedo,Moisés Caicedo,62.0,2023-08-14,2001-11-02,False,p486672,13,0,0,0,0,0,0,0,0,0,0,0,3,0.0,0.1,0.0,0.0,0,0,0,0,0,0.00,0.00,0.00,0.07,,,,,,,[],https://www.chelseafc.com/en/news/article/xabi-alonso-on-competitive-monster-jordan-henderson-and-chelsea-absentees,625,271,393,197,611,263,630,272,0.0,0.0,0.0,0.0,0.48,0.0,229,144,381,181,367,167,172,54,0.0,0.0,0.0
True,True,,,514356,0,0,0,0,4.5,0,"[{'offset': 0, 'projected_percent': '4.5', 'likelihood': 1}, {'offset': 1, 'projected_percent': '4.5', 'likelihood': 1}, {'offset': 2, 'projected_percent': '4.5', 'likelihood': 1}]",,False,0,3,2.5,2.5,0,Roméo,2.5,161,False,,,50,514356.jpg,2.8,False,Lavia,0.2,False,,a,6,8,11,25755,380,15420,2310,0.5,2.2,Lavia,,21.0,2023-08-18,2004-01-06,False,p514356,258,1,0,0,8,0,0,0,1,0,0,0,61,65.8,29.1,66.0,16.1,10,15,6,31,4,0.75,0.11,0.86,5.06,,,,,,,[],,144,49,191,109,66,41,121,63,0.26,0.0,0.04,0.3,1.77,2.79,311,186,154,64,168,69,324,116,1.4,0.0,10.81
True,False,0.0,0.0,491007,0,0,0,0,0.0,0,"[{'offset': 0, 'projected_percent': '0.0', 'likelihood': 0}, {'offset': 1, 'projected_percent': '0.0', 'likelihood': 0}, {'offset': 2, 'projected_percent': '0.0', 'likelihood': 0}]",,False,0,3,0.0,0.0,0,Dário,0.0,163,False,Has joined RC Strasbourg on loan for the rest of the season,2026-09-02T16:20:41.865225Z,45,491007.jpg,0.0,False,Luís Essugo,0.1,False,,u,6,8,0,2698,0,14365,653,0.0,0.0,D.Essugo,Dário Essugo,173.0,2025-06-02,2005-03-14,False,p491007,0,0,0,0,0,0,0,0,0,0,0,0,0,0.0,0.0,0.0,0.0,0,0,0,0,0,0.00,0.00,0.00,0.00,,,,,,,[],,504,203,501,209,458,181,509,204,0.0,0.0,0.0,0.0,0.0,0.0,486,262,502,204,518,211,429,161,0.0,0.0,0.0
True,True,100.0,100.0,593117,0,0,-2,2,-24.9,1,"[{'offset': 0, 'projected_percent': '-21.9', 'likelihood': -2}, {'offset': 1, 'projected_percent': '-16.5', 'likelihood': -1}, {'offset': 2, 'projected_percent': '-11.1', 'likelihood': -1}]",,False,0,3,0.2,0.2,1,Geovany,0.2,164,False,,2026-07-24T20:30:10.609931Z,53,593117.jpg,1.0,False,Quenda,0.0,False,,a,6,8,2,899,67,3386,166,0.0,0.4,Quenda,Geovany Quenda,173.0,2026-06-15,2007-04-30,False,p593117,27,0,0,0,2,0,0,0,0,0,0,0,5,1.6,2.1,8.0,1.2,1,0,0,1,0,0.03,0.01,0.04,1.29,,,,,,,[],,390,182,330,165,271,139,374,177,0.1,0.0,0.03,0.13,4.3,6.67,235,148,382,182,371,171,531,213,0.0,0.0,3.33
True,True,75.0,75.0,475168,-1,1,2,-2,-1.4,-326,"[{'offset': 0, 'projected_percent': '-1.6', 'likelihood': -1}, {'offset': 1, 'projected_percent': '-1.8', 'likelihood': -1}, {'offset': 2, 'projected_percent': '-2.0', 'likelihood': -1}]",,False,2,4,4.1,4.1,0,João Pedro,5.5,165,True,Knee injury - 75% chance of playing,2026-09-16T19:00:09.919929Z,77,475168.jpg,8.2,False,Junqueira de Jesus,65.4,False,,d,6,8,33,1568320,53579,1441984,369488,0.7,4.3,João Pedro,João Pedro,30.0,2025-07-02,2001-09-26,False,p475168,360,3,3,0,9,1,0,0,1,0,0,7,141,158.4,90.0,123.0,37.0,3,5,1,9,4,2.17,0.19,2.36,6.17,,,,,,,[],https://www.chelseafc.com/en/news/article/xabi-alonso-on-competitive-monster-jordan-henderson-and-chelsea-absentees,10,2,49,1,21,10,15,3,0.54,0.0,0.05,0.59,1.54,2.25,16,5,31,5,5,1,2,2,1.0,0.0,2.25
True,False,0.0,0.0,499309,0,0,0,0,0.0,0,"[{'offset': 0, 'projected_percent': '0.0', 'likelihood': 0}, {'offset': 1, 'projected_percent': '0.0', 'likelihood': 0}, {'offset': 2, 'projected_percent': '0.0', 'likelihood': 0}]",,False,0,4,0.0,0.0,0,Marc,0.0,168,False,Has joined RB Leipzig permanently,2026-09-01T13:24:48.857362Z,50,499309.jpg,0.0,False,Guiu Paz,0.2,False,,u,6,8,0,4102,0,33128,1404,0.0,0.0,Marc Guiu,,200.0,2024-07-01,2006-01-04,False,p499309,0,0,0,0,0,0,0,0,0,0,0,0,0,0.0,0.0,0.0,0.0,0,0,0,0,0,0.00,0.00,0.00,0.00,,,,,,,[],,607,63,613,67,590,62,613,67,0.0,0.0,0.0,0.0,0.0,0.0,305,57,608,64,616,68,336,53,0.0,0.0,0.0
True,True,,,567119,0,0,0,0,4.1,3,"[{'offset': 0, 'projected_percent': '4.2', 'likelihood': 1}, {'offset': 1, 'projected_percent': '4.2', 'likelihood': 1}, {'offset': 2, 'projected_percent': '4.2', 'likelihood': 1}]",,False,0,4,0.0,0.0,0,Shumaira,0.0,169,False,,,45,567119.jpg,0.0,False,Mheuka,0.5,False,,a,6,8,0,31781,4060,25024,3235,0.0,0.0,Mheuka,,,,,False,p567119,0,0,0,0,0,0,0,0,0,0,0,0,0,0.0,0.0,0.0,0.0,0,0,0,0,0,0.00,0.00,0.00,0.00,,,,,,,[],,523,52,519,56,477,51,528,56,0.0,0.0,0.0,0.0,0.0,0.0,507,73,521,53,536,57,251,41,0.0,0.0,0.0
True,True,0.0,0.0,503037,0,0,0,0,-98.4,0,"[{'offset': 0, 'projected_percent': '-98.4', 'likelihood': -4}, {'offset': 1, 'projected_percent': '-98.4', 'likelihood': -4}, {'offset': 2, 'projected_percent': '-98.4', 'likelihood': -4}]",,False,0,4,0.0,0.0,0,Emmanuel,0.0,170,False,Hamstring injury - Expected back 10 Oct,2026-09-09T15:00:09.063849Z,50,503037.jpg,0.0,False,Emegha,0.1,False,,i,6,8,0,6068,68,12499,992,0.0,0.0,Emegha,,152.0,2026-06-15,2003-02-03,False,p503037,0,0,0,0,0,0,0,0,0,0,0,0,0,0.0,0.0,0.0,0.0,0,0,0,0,0,0.00,0.00,0.00,0.00,,,,,,,[],https://www.chelseafc.com/en/news/article/xabi-alonso-confirms-chelsea-team-news-for-hull-city,609,64,615,68,592,63,615,68,0.0,0.0,0.0,0.0,0.0,0.0,308,58,610,65,618,69,405,61,0.0,0.0,0.0
True,True,,,437499,-1,1,-1,1,-6.6,-21,"[{'offset': 0, 'projected_percent': '-6.8', 'likelihood': -1}, {'offset': 1, 'projected_percent': '-7.1', 'likelihood': -1}, {'offset': 2, 'projected_percent': '-7.3', 'likelihood': -1}]",,False,0,2,1.8,1.8,3,Maxence,1.8,200,False,,,59,437499.jpg,2.6,False,Lacroix,6.8,False,,a,6,8,13,173574,6920,422650,27074,0.3,2.2,Lacroix,,73.0,2026-07-30,2000-04-06,False,p437499,364,0,1,0,10,0,0,0,1,0,0,0,28,116.2,13.9,14.0,14.4,37,8,10,47,4,0.15,0.22,0.37,7.93,,,,,,,[],,49,21,251,91,229,75,154,52,0.04,0.0,0.05,0.09,1.96,2.47,85,7,225,81,186,72,57,23,0.99,0.0,11.62
True,True,,,549939,0,0,-1,1,-0.1,0,"[{'offset': 0, 'projected_percent': '-0.1', 'likelihood': -1}, {'offset': 1, 'projected_percent': '-0.1', 'likelihood': -1}, {'offset': 2, 'projected_percent': '-0.1', 'likelihood': -1}]",,False,0,1,0.0,0.0,0,Mike,0.0,560,False,,,44,549939.jpg,0.0,False,Penders,0.1,False,,a,6,8,0,1998,223,3585,265,0.0,0.0,Penders,,21.0,2024-08-27,2005-07-31,False,p549939,0,0,0,0,0,0,0,0,0,0,0,0,0,0.0,0.0,0.0,0.0,0,0,0,0,0,0.00,0.00,0.00,0.00,,,,,,,[],,477,52,469,34,419,29,482,52,0.0,0.0,0.0,0.0,0.0,0.0,573,47,472,50,491,52,472,55,0.0,0.0,0.0
True,True,100.0,100.0,622758,0,0,0,0,-3.1,0,"[{'offset': 0, 'projected_percent': '-3.1', 'likelihood': -1}, {'offset': 1, 'projected_percent': '-3.1', 'likelihood': -1}, {'offset': 2, 'projected_percent': '-3.1', 'likelihood': -1}]",,False,0,2,0.0,0.0,0,Aaron,0.0,561,False,,2026-08-23T19:00:08.536705Z,45,622758.jpg,0.0,False,Anselmino,0.0,False,,a,6,8,0,814,57,1248,100,0.0,0.0,Anselmino,,10.0,2024-08-08,2005-04-29,False,p622758,0,0,0,0,0,0,0,0,0,0,0,0,0,0.0,0.0,0.0,0.0,0,0,0,0,0,0.00,0.00,0.00,0.00,,,,,,,[],,537,201,533,200,493,195,542,201,0.0,0.0,0.0,0.0,0.0,0.0,529,133,535,198,550,201,571,193,0.0,0.0,0.0
True,True,,,543158,0,0,-1,1,-13.5,0,"[{'offset': 0, 'projected_percent': '-13.5', 'likelihood': -1}, {'offset': 1, 'projected_percent': '-13.5', 'likelihood': -1}, {'offset': 2, 'projected_percent': '-13.5', 'likelihood': -1}]",,False,0,3,0.8,0.8,2,Valentín,0.8,568,False,,,54,543158.jpg,1.0,False,Barco,0.1,False,,a,6,8,3,3129,206,6979,412,0.1,0.6,Barco,,10.0,2026-08-02,2004-07-23,False,p543158,115,0,0,0,3,0,0,0,1,0,0,0,29,12.8,7.2,11.0,3.0,4,5,3,12,1,0.07,0.11,0.18,2.83,,,,,,,[],,307,135,287,143,250,130,321,148,0.05,0.0,0.09,0.14,2.21,2.35,207,131,297,137,383,180,386,143,0.78,0.0,9.39
True,True,,,498444,0,0,-1,1,-48.4,0,"[{'offset': 0, 'projected_percent': '-48.4', 'likelihood': -3}, {'offset': 1, 'projected_percent': '-48.4', 'likelihood': -3}, {'offset': 2, 'projected_percent': '-48.4', 'likelihood': -3}]",,False,0,2,1.0,1.0,1,Pep,1.0,583,False,,,49,498444.jpg,1.0,False,Chavarría,0.1,False,,a,6,8,5,3325,365,11100,494,0.2,1.0,Chavarria,,200.0,2026-08-12,1998-04-10,False,p498444,208,0,0,0,4,0,0,0,0,0,0,0,17,30.8,31.4,12.0,7.5,11,7,5,16,1,0.04,0.07,0.11,4.10,,,,,,,[],,252,106,182,56,237,80,242,92,0.02,0.0,0.03,0.05,1.77,1.73,383,70,261,96,340,132,367,141,0.43,0.0,6.92
True,True,,,636846,0,0,0,0,0.0,0,"[{'offset': 0, 'projected_percent': '0.0', 'likelihood': 0}, {'offset': 1, 'projected_percent': '0.0', 'likelihood': 0}, {'offset': 2, 'projected_percent': '0.0', 'likelihood': 0}]",2026-10-01T21:17:24.996715Z,False,0,3,1.1,1.1,1,Mahdi,1.0,662,False,,,45,636846.jpg,1.0,False,Nicoll-Jazuli,0.0,False,,a,6,8,1,310,310,61,61,0.2,0.2,Nicoll-Jazuli,,241.0,2026-07-01,2010-01-06,False,p636846,3,0,0,0,1,0,0,0,0,0,0,0,5,4.6,1.7,0.0,0.6,0,0,2,2,0,0.00,0.00,0.00,0.43,,,,,,,[],,364,170,340,171,498,196,387,181,0.0,0.0,0.0,0.0,12.9,30.0,534,280,259,117,325,140,634,272,0.0,0.0,60.0
True,True,,,231065,0,0,0,0,-71.8,0,"[{'offset': 0, 'projected_percent': '-71.8', 'likelihood': -3}, {'offset': 1, 'projected_percent': '-71.8', 'likelihood': -3}, {'offset': 2, 'projected_percent': '-71.8', 'likelihood': -3}]",,False,0,2,3.5,3.5,8,Ethan,3.5,91,False,,,45,231065.jpg,3.5,False,Pinnock,0.1,False,,a,7,9,14,2508,339,3972,201,0.8,3.1,Pinnock,,107.0,2026-08-26,1993-05-29,False,p231065,282,0,0,1,7,0,0,0,1,0,0,0,15,90.8,1.7,10.0,10.3,41,4,3,44,3,0.12,0.00,0.12,6.57,,,,,,,[],,94,43,339,122,254,86,204,72,0.04,0.0,0.0,0.04,2.1,2.23,459,102,88,36,117,47,467,166,0.96,0.32,14.04
True,True,100.0,100.0,428580,0,0,-1,1,-31.1,0,"[{'offset': 0, 'projected_percent': '-31.1', 'likelihood': -2}, {'offset': 1, 'projected_percent': '-31.1', 'likelihood': -2}, {'offset': 2, 'projected_percent': '-31.1', 'likelihood': -2}]",,False,0,3,1.8,1.8,3,Frank,1.8,104,False,,2026-09-15T09:00:07.851220Z,49,428580.jpg,2.2,False,Onyeka,0.1,False,,a,7,9,9,3965,155,9542,415,0.4,1.8,Onyeka,,157.0,2026-07-01,1998-01-01,False,p428580,314,0,0,1,7,0,0,0,0,0,0,0,34,19.4,4.7,21.0,4.5,9,14,5,28,4,0.03,0.02,0.05,6.31,,,,,,,[],,286,122,308,158,182,97,300,135,0.01,0.0,0.01,0.02,1.81,2.01,366,220,215,97,211,92,422,156,1.15,0.29,8.03
True,True,,,472739,0,0,0,0,-55.6,0,"[{'offset': 0, 'projected_percent': '-55.6', 'likelihood': -3}, {'offset': 1, 'projected_percent': '-55.6', 'likelihood': -3}, {'offset': 2, 'projected_percent': '-55.6', 'likelihood': -3}]",,False,1,1,3.8,3.8,11,Carl,3.8,110,False,,,45,472739.jpg,3.2,False,Rushworth,0.8,False,,a,7,9,16,23438,2291,58738,5574,0.8,3.6,Rushworth,,241.0,2026-08-04,2001-07-02,False,p472739,450,0,1,1,10,0,0,0,0,0,9,2,56,90.6,10.0,0.0,10.1,4,50,0,0,5,0.00,0.02,0.02,8.63,,,,,,,[],,95,18,281,2,454,46,208,15,0.0,1.8,0.0,0.0,1.73,2.0,481,38,82,11,127,13,205,30,1.0,0.2,0.0
True,False,0.0,0.0,484389,0,0,0,0,0.0,-4,"[{'offset': 0, 'projected_percent': '0.0', 'likelihood': 0}, {'offset': 1, 'projected_percent': '0.0', 'likelihood': 0}, {'offset': 2, 'projected_percent': '0.0', 'likelihood': 0}]",,False,0,1,0.0,0.0,0,Oliver,0.0,171,False,Has joined Leyton Orient on loan for the rest of the season,2026-09-02T15:44:14.839336Z,40,484389.jpg,0.0,False,Dovin,1.0,False,,u,7,9,0,8924,0,57509,4341,0.0,0.0,Dovin,,206.0,2024-07-19,2002-07-11,False,p484389,0,0,0,0,0,0,0,0,0,0,0,0,0,0.0,0.0,0.0,0.0,0,0,0,0,0,0.00,0.00,0.00,0.00,,,,,,,[],,439,46,430,27,374,22,444,46,0.0,0.0,0.0,0.0,0.0,0.0,629,70,432,44,453,46,177,27,0.0,0.0,0.0
True,True,,,110690,0,0,-1,1,-5.4,0,"[{'offset': 0, 'projected_percent': '-5.4', 'likelihood': -1}, {'offset': 1, 'projected_percent': '-5.4', 'likelihood': -1}, {'offset': 2, 'projected_percent': '-5.4', 'likelihood': -1}]",,False,0,1,0.0,0.0,0,Ben,0.0,172,False,,,44,110690.jpg,0.0,False,Wilson,0.4,False,,a,7,9,0,1380,210,12299,602,0.0,0.0,Wilson,,241.0,2019-07-01,1992-08-09,False,p110690,0,0,0,0,0,0,0,0,0,0,0,0,0,0.0,0.0,0.0,0.0,0,0,0,0,0,0.00,0.00,0.00,0.00,,,,,,,[],,467,51,459,33,408,28,472,51,0.0,0.0,0.0,0.0,0.0,0.0,549,46,461,49,481,51,277,37,0.0,0.0,0.0
True,True,,,461102,0,0,0,0,16.3,0,"[{'offset': 0, 'projected_percent': '16.3', 'likelihood': 1}, {'offset': 1, 'projected_percent': '16.3', 'likelihood': 1}, {'offset': 2, 'projected_percent': '16.3', 'likelihood': 1}]",,False,0,2,5.2,5.2,9,Bobby,5.2,173,False,,,40,461102.jpg,4.8,False,Thomas,8.6,False,,a,7,9,24,360678,23244,281013,27989,1.3,6.0,Thomas,,241.0,2023-07-22,2001-01-30,False,p461102,437,0,0,2,9,0,0,0,0,0,0,3,78,94.8,33.7,56.0,18.4,49,16,3,52,5,0.49,0.30,0.79,8.09,,,,,,,[],,85,37,173,53,81,13,104,34,0.1,0.0,0.06,0.16,1.67,1.85,625,181,32,12,62,27,45,16,1.03,0.41,10.71
True,False,0.0,0.0,436761,0,0,0,0,0.0,0,"[{'offset': 0, 'projected_percent': '0.0', 'likelihood': 0}, {'offset': 1, 'projected_percent': '0.0', 'likelihood': 0}, {'offset': 2, 'projected_percent': '0.0', 'likelihood': 0}]",,False,0,2,0.0,0.0,0,Liam,0.0,174,False,Has joined Sheffield United on loan for the rest of the season,2026-09-02T16:21:03.612394Z,40,436761.jpg,0.0,False,Kitching,0.3,False,,u,7,9,0,981,0,32731,1638,0.0,0.0,Kitching,,241.0,2023-09-01,1999-09-25,False,p436761,0,0,0,0,0,0,0,0,0,0,0,0,0,0.0,0.0,0.0,0.0,0,0,0,0,0,0.00,0.00,0.00,0.00,,,,,,,[],,432,156,423,155,367,140,437,156,0.0,0.0,0.0,0.0,0.0,0.0,618,176,425,149,446,156,280,102,0.0,0.0,0.0
True,True,75.0,,451284,0,0,0,0,-45.2,-43,"[{'offset': 0, 'projected_percent': '-45.4', 'likelihood': -3}, {'offset': 1, 'projected_percent': '-45.8', 'likelihood': -3}, {'offset': 2, 'projected_percent': '-46.2', 'likelihood': -3}]",,False,0,2,0.9,1.2,0,Milan,1.2,175,False,Hamstring injury - 75% chance of playing,2026-09-19T16:00:09.486751Z,40,451284.jpg,1.5,False,van Ewijk,8.8,False,,d,7,9,6,122999,1094,495374,70700,0.3,1.5,van Ewijk,,152.0,2023-07-27,2000-09-08,False,p451284,360,0,0,0,10,0,0,0,1,0,0,0,7,61.6,52.7,14.0,12.8,21,13,6,27,4,0.00,0.30,0.30,7.53,,,,,,,[],,160,67,108,28,224,72,171,60,0.0,0.0,0.08,0.08,1.88,2.5,623,179,246,88,269,95,42,13,1.0,0.0,6.75
True,True,,,173878,0,0,0,0,-32.3,2,"[{'offset': 0, 'projected_percent': '-32.1', 'likelihood': -2}, {'offset': 1, 'projected_percent': '-31.7', 'likelihood': -2}, {'offset': 2, 'projected_percent': '-31.3', 'likelihood': -2}]",,False,1,2,4.8,4.8,15,Jay,4.8,176,False,,,40,173878.jpg,4.0,False,Dasilva,0.7,False,,a,7,9,20,14870,5587,22451,1485,1.2,5.0,Dasilva,,244.0,2023-07-01,1998-04-22,False,p173878,444,1,0,1,10,0,0,0,0,0,0,3,54,110.6,67.7,35.0,21.5,19,14,4,23,5,0.50,0.52,1.02,8.63,,,,,,,[],,57,24,82,16,138,38,77,18,0.1,0.0,0.11,0.21,1.75,2.03,604,166,47,22,85,36,212,83,1.01,0.2,4.66
True,True,0.0,0.0,465390,-1,1,-1,1,0.2,2,"[{'offset': 0, 'projected_percent': '0.2', 'likelihood': 1}, {'offset': 1, 'projected_percent': '0.2', 'likelihood': 1}, {'offset': 2, 'projected_percent': '0.2', 'likelihood': 1}]",,False,0,2,0.0,0.0,0,Kaine,0.0,177,False,Hamstring injury - Unknown return date,2026-08-27T14:56:28.704361Z,39,465390.jpg,0.0,False,Kesler-Hayden,0.0,False,,i,7,9,0,1535,936,3696,471,0.0,0.0,Kesler-Hayden,,241.0,2025-07-01,2002-10-23,False,p465390,0,0,0,0,0,0,0,0,0,0,0,0,0,0.0,0.0,0.0,0.0,0,0,0,0,0,0.00,0.00,0.00,0.00,,,,,,,[],,408,149,396,145,340,130,412,148,0.0,0.0,0.0,0.0,0.0,0.0,666,216,399,140,422,149,503,178,0.0,0.0,0.0
True,True,,,80178,0,0,0,0,-28.4,-1,"[{'offset': 0, 'projected_percent': '-29.7', 'likelihood': -2}, {'offset': 1, 'projected_percent': '-31.9', 'likelihood': -2}, {'offset': 2, 'projected_percent': '-34.1', 'likelihood': -2}]",,False,0,2,0.0,0.0,0,Jake,0.0,178,False,,,40,80178.jpg,0.0,False,Bidwell,0.1,False,,a,7,9,0,2477,170,3503,272,0.0,0.0,Bidwell,,241.0,2022-01-17,1993-03-21,False,p80178,0,0,0,0,0,0,0,0,0,0,0,0,0,0.0,0.0,0.0,0.0,0,0,0,0,0,0.00,0.00,0.00,0.00,,,,,,,[],,416,151,404,147,348,132,420,150,0.0,0.0,0.0,0.0,0.0,0.0,593,162,407,142,430,151,446,161,0.0,0.0,0.0
True,True,,,204813,0,0,0,0,-71.2,0,"[{'offset': 0, 'projected_percent': '-71.2', 'likelihood': -3}, {'offset': 1, 'projected_percent': '-71.2', 'likelihood': -3}, {'offset': 2, 'projected_percent': '-71.2', 'likelihood': -3}]",,False,0,2,0.2,0.2,1,Joel,0.2,179,False,,,40,204813.jpg,1.0,False,Latibeaudiere,0.0,False,,a,7,9,1,976,65,1726,123,0.0,0.2,Latibeaudiere,,107.0,2023-07-18,2000-01-06,False,p204813,1,0,0,0,0,0,0,0,0,0,0,0,3,7.0,0.0,0.0,0.7,2,0,0,2,0,0.00,0.00,0.00,0.02,,,,,,,[],,347,127,415,151,359,136,382,136,0.0,0.0,0.0,0.0,1.8,0.0,606,168,354,124,300,107,521,182,0.0,0.0,180.0
True,True,0.0,0.0,220583,0,0,0,0,-91.3,0,"[{'offset': 0, 'projected_percent': '-91.3', 'likelihood': -3}, {'offset': 1, 'projected_percent': '-91.3', 'likelihood': -3}, {'offset': 2, 'projected_percent': '-91.3', 'likelihood': -3}]",,False,0,2,0.0,0.0,0,Luke,0.0,180,False,Knee injury - Unknown return date,2026-08-27T14:56:28.718566Z,40,220583.jpg,0.0,False,Woolfenden,0.1,False,,i,7,9,0,2256,21,8977,468,0.0,0.0,Woolfenden,,241.0,2025-09-01,1998-10-21,False,p220583,0,0,0,0,0,0,0,0,0,0,0,0,0,0.0,0.0,0.0,0.0,0,0,0,0,0,0.00,0.00,0.00,0.00,,,,,,,[],,427,154,418,153,362,138,432,154,0.0,0.0,0.0,0.0,0.0,0.0,611,172,420,147,441,154,400,149,0.0,0.0,0.0
True,False,0.0,0.0,577411,0,0,0,0,0.0,0,"[{'offset': 0, 'projected_percent': '0.0', 'likelihood': 0}, {'offset': 1, 'projected_percent': '0.0', 'likelihood': 0}, {'offset': 2, 'projected_percent': '0.0', 'likelihood': 0}]",,False,0,2,0.0,0.0,0,Miguel,0.0,181,False,Has joined Academico de Viseu on loan for the rest of the season,2026-08-29T00:35:59.980316Z,40,577411.jpg,0.0,False,Brau,0.0,False,,u,7,9,0,275,0,2157,87,0.0,0.0,Brau,,200.0,2025-07-01,2001-12-27,False,p577411,0,0,0,0,0,0,0,0,0,0,0,0,0,0.0,0.0,0.0,0.0,0,0,0,0,0,0.00,0.00,0.00,0.00,,,,,,,[],,454,171,445,170,390,156,459,171,0.0,0.0,0.0,0.0,0.0,0.0,649,200,447,164,468,171,567,191,0.0,0.0,0.0
True,True,0.0,25.0,539142,0,0,0,0,-49.7,-10,"[{'offset': 0, 'projected_percent': '-50.1', 'likelihood': -3}, {'offset': 1, 'projected_percent': '-51.0', 'likelihood': -3}, {'offset': 2, 'projected_percent': '-51.8', 'likelihood': -3}]",,False,0,2,0.0,0.2,0,Aurèle,0.8,182,False,Calf injury - Unknown return date,2026-09-17T07:30:09.329041Z,40,539142.jpg,1.0,False,Amenda,0.6,False,,i,7,9,4,11473,28,33200,6298,0.2,1.0,Amenda,,207.0,2026-07-16,2003-07-31,False,p539142,360,0,0,0,10,0,0,0,1,0,0,0,-3,62.8,14.5,15.0,9.4,23,11,1,24,4,0.02,0.39,0.41,7.53,,,,,,,[],,154,66,246,87,215,67,218,78,0.0,0.0,0.1,0.1,1.88,2.5,638,189,278,99,302,109,231,89,1.0,0.0,6.0
True,True,100.0,100.0,480457,0,0,-1,1,0.1,-1,"[{'offset': 0, 'projected_percent': '0.1', 'likelihood': 1}, {'offset': 1, 'projected_percent': '0.1', 'likelihood': 1}, {'offset': 2, 'projected_percent': '0.0', 'likelihood': 0}]",,False,0,3,3.0,3.0,5,Jack,3.0,183,False,,2026-07-23T12:01:23.481435Z,49,480457.jpg,2.6,False,Rudoni,0.1,False,,a,7,9,13,4275,805,7988,599,0.6,2.7,Rudoni,,241.0,2024-06-20,2001-06-14,False,p480457,297,0,0,2,4,0,0,0,0,0,0,0,51,51.2,140.8,80.0,27.2,9,21,4,34,4,0.92,1.11,2.03,4.49,5.0,,1.0,,,,[],,192,80,20,19,47,29,44,33,0.28,0.0,0.34,0.62,1.36,1.21,377,224,119,46,179,78,411,151,1.21,0.61,10.3
True,True,,,168144,0,0,-1,1,-26.2,-1,"[{'offset': 0, 'projected_percent': '-27.0', 'likelihood': -2}, {'offset': 1, 'projected_percent': '-28.5', 'likelihood': -2}, {'offset': 2, 'projected_percent': '-29.9', 'likelihood': -2}]",,False,0,3,2.2,2.2,3,Matt,2.2,184,False,,,49,168144.jpg,2.2,False,Grimes,0.1,False,,a,7,9,11,4064,167,11187,796,0.4,2.2,Grimes,,241.0,2025-01-31,1995-07-15,False,p168144,443,0,0,1,9,0,0,0,0,0,0,0,62,64.4,48.0,6.0,11.8,13,16,9,38,5,0.12,0.13,0.25,8.42,1.0,,,,3.0,,[],,149,54,125,83,286,146,183,90,0.02,0.0,0.03,0.05,1.71,1.83,345,207,173,73,208,89,393,145,1.02,0.2,7.72
True,True,,,501459,0,0,-2,2,-20.8,0,"[{'offset': 0, 'projected_percent': '-20.8', 'likelihood': -2}, {'offset': 1, 'projected_percent': '-20.8', 'likelihood': -2}, {'offset': 2, 'projected_percent': '-20.8', 'likelihood': -2}]",,False,0,3,0.2,0.2,0,Tatsuhiro,0.2,185,False,,,48,501459.jpg,1.0,False,Sakamoto,0.1,False,,a,7,9,1,1005,115,5728,356,0.0,0.2,Sakamoto,,108.0,2023-07-10,1996-10-22,False,p501459,31,0,0,0,1,0,0,0,0,0,0,0,8,6.2,5.9,7.0,1.9,0,2,2,4,0,0.02,0.02,0.04,0.69,,,,,,,[],,354,164,295,148,276,142,349,165,0.06,0.0,0.06,0.12,2.0,2.9,415,253,365,170,328,142,476,185,0.0,0.0,11.61
True,True,100.0,100.0,241293,-1,1,-2,2,-1.3,0,"[{'offset': 0, 'projected_percent': '-1.3', 'likelihood': -1}, {'offset': 1, 'projected_percent': '-1.3', 'likelihood': -1}, {'offset': 2, 'projected_percent': '-1.3', 'likelihood': -1}]",,False,0,3,1.2,1.2,1,Ephron,1.2,186,False,,2026-08-19T18:00:08.310507Z,53,241293.jpg,1.2,False,Mason-Clark,0.1,False,,a,7,9,5,1108,69,5939,335,0.2,0.9,Mason-Clark,,107.0,2024-02-01,1999-08-25,False,p241293,231,0,0,0,3,0,0,0,0,0,0,0,19,15.4,51.6,52.0,11.7,6,9,0,15,4,0.51,0.12,0.63,3.16,,,,,,,[],,299,129,113,75,89,53,187,91,0.2,0.0,0.05,0.25,1.23,1.17,220,138,251,114,292,133,440,167,1.56,0.0,5.84
True,True,0.0,0.0,439668,-1,1,-2,2,-4.9,0,"[{'offset': 0, 'projected_percent': '-4.9', 'likelihood': -1}, {'offset': 1, 'projected_percent': '-4.9', 'likelihood': -1}, {'offset': 2, 'projected_percent': '-4.9', 'likelihood': -1}]",,False,0,3,0.0,0.0,0,Josh,0.0,187,False,Unspecified injury - Expected back 12 Oct,2026-09-10T18:30:08.877110Z,48,439668.jpg,0.0,False,Eccles,0.0,False,,i,7,9,0,624,11,1461,85,0.0,0.0,Eccles,,241.0,2018-07-01,2000-04-06,False,p439668,0,0,0,0,0,0,0,0,0,0,0,0,0,0.0,0.0,0.0,0.0,0,0,0,0,0,0.00,0.00,0.00,0.00,,,,,,,[],,555,227,551,233,513,206,560,228,0.0,0.0,0.0,0.0,0.0,0.0,413,252,553,228,567,235,612,259,0.0,0.0,0.0
True,True,,,226965,-1,1,-2,2,-9.9,0,"[{'offset': 0, 'projected_percent': '-9.9', 'likelihood': -1}, {'offset': 1, 'projected_percent': '-9.9', 'likelihood': -1}, {'offset': 2, 'projected_percent': '-9.9', 'likelihood': -1}]",,False,0,3,0.5,0.5,0,Victor,0.5,188,False,,,53,226965.jpg,1.0,False,Torp,0.1,False,,a,7,9,3,794,41,7929,397,0.1,0.6,Torp,,58.0,2024-01-11,1999-07-30,False,p226965,53,0,0,0,2,0,0,0,0,0,0,0,13,7.2,20.4,0.0,2.7,1,2,0,3,0,0.00,0.12,0.12,1.22,2.0,,2.0,,2.0,,[],,345,160,218,119,608,262,331,156,0.0,0.0,0.2,0.2,2.07,3.4,218,136,333,156,363,164,417,153,0.0,0.0,5.09
True,True,,,684268,0,0,-1,1,0.7,2,"[{'offset': 0, 'projected_percent': '0.7', 'likelihood': 1}, {'offset': 1, 'projected_percent': '0.8', 'likelihood': 1}, {'offset': 2, 'projected_percent': '0.8', 'likelihood': 1}]",,False,0,3,0.0,0.0,0,George,0.0,189,False,,,44,684268.jpg,0.0,False,Shepherd,0.3,False,,a,7,9,0,10556,3836,14950,2079,0.0,0.0,Shepherd,,,,,False,p684268,0,0,0,0,0,0,0,0,0,0,0,0,0,0.0,0.0,0.0,0.0,0,0,0,0,0,0.00,0.00,0.00,0.00,,,,,,,[],,481,199,473,205,423,177,486,200,0.0,0.0,0.0,0.0,0.0,0.0,578,298,477,200,495,207,301,105,0.0,0.0,0.0
True,True,,,469272,0,0,-1,1,-76.8,0,"[{'offset': 0, 'projected_percent': '-76.8', 'likelihood': -3}, {'offset': 1, 'projected_percent': '-76.8', 'likelihood': -3}, {'offset': 2, 'projected_percent': '-76.8', 'likelihood': -3}]",,False,0,3,0.8,0.8,1,Loum,0.8,190,False,,,54,469272.jpg,1.2,False,Tchaouna,0.1,False,,a,7,9,5,3135,19,8201,324,0.1,0.9,Tchaouna,,73.0,2026-07-11,2003-09-08,False,p469272,211,0,0,0,3,0,0,0,0,0,0,0,32,25.4,50.5,46.0,12.3,6,11,1,18,2,0.23,0.18,0.41,3.23,3.0,,,,,,[],,263,109,116,78,103,58,178,88,0.1,0.0,0.08,0.18,1.38,1.28,195,121,296,136,294,134,426,159,0.85,0.0,7.68
True,False,0.0,0.0,492498,0,0,0,0,0.0,0,"[{'offset': 0, 'projected_percent': '0.0', 'likelihood': 0}, {'offset': 1, 'projected_percent': '0.0', 'likelihood': 0}, {'offset': 2, 'projected_percent': '0.0', 'likelihood': 0}]",,False,0,3,0.0,0.0,0,Raphael,0.0,191,False,Has joined Burton Albion on loan for the rest of the season,2026-09-02T15:44:14.868001Z,45,492498.jpg,0.0,False,Borges Rodrigues,0.1,False,,u,7,9,0,1943,0,11444,620,0.0,0.0,Borges Rodrigues,,13.0,2024-07-01,2003-09-11,False,p492498,0,0,0,0,0,0,0,0,0,0,0,0,0,0.0,0.0,0.0,0.0,0,0,0,0,0,0.00,0.00,0.00,0.00,,,,,,,[],,505,204,502,210,459,182,510,205,0.0,0.0,0.0,0.0,0.0,0.0,487,263,503,205,519,212,439,166,0.0,0.0,0.0
True,False,0.0,0.0,629397,0,0,0,0,0.0,0,"[{'offset': 0, 'projected_percent': '0.0', 'likelihood': 0}, {'offset': 1, 'projected_percent': '0.0', 'likelihood': 0}, {'offset': 2, 'projected_percent': '0.0', 'likelihood': 0}]",,False,0,3,0.0,0.0,0,Kai,0.0,192,False,Has joined Oxford United on loan for the rest of the season,2026-08-29T00:35:59.998520Z,45,629397.jpg,0.0,False,Andrews,0.3,False,,u,7,9,0,2718,0,40941,1836,0.0,0.0,Andrews,,244.0,2023-08-11,2006-08-06,False,p629397,0,0,0,0,0,0,0,0,0,0,0,0,0,0.0,0.0,0.0,0.0,0,0,0,0,0,0.00,0.00,0.00,0.00,,,,,,,[],,540,217,536,223,496,195,545,218,0.0,0.0,0.0,0.0,0.0,0.0,532,279,538,218,553,225,299,104,0.0,0.0,0.0
True,True,0.0,0.0,176412,0,0,-1,1,-95.1,0,"[{'offset': 0, 'projected_percent': '-95.1', 'likelihood': -4}, {'offset': 1, 'projected_percent': '-95.1', 'likelihood': -4}, {'offset': 2, 'projected_percent': '-95.1', 'likelihood': -4}]",,False,0,4,0.0,0.0,0,Haji,0.0,193,False,Thigh injury - Unknown return date,2026-08-14T22:00:07.214508Z,54,176412.jpg,0.0,False,Wright,0.1,False,,i,7,9,0,608,41,12414,488,0.0,0.0,Wright,,229.0,2023-08-04,1998-03-27,False,p176412,0,0,0,0,0,0,0,0,0,0,0,0,0,0.0,0.0,0.0,0.0,0,0,0,0,0,0.00,0.00,0.00,0.00,,,,,1.0,,[],https://www.ccfc.co.uk/news/2026/august/19/head-coach-frank-lampard-provides-an-update-on-haji-wright/,628,68,631,72,617,69,633,72,0.0,0.0,0.0,0.0,0.0,0.0,171,42,627,69,634,73,461,67,0.0,0.0,0.0
True,True,,,230730,0,0,0,0,2.5,8,"[{'offset': 0, 'projected_percent': '2.5', 'likelihood': 1}, {'offset': 1, 'projected_percent': '2.6', 'likelihood': 1}, {'offset': 2, 'projected_percent': '2.7', 'likelihood': 1}]",,False,0,4,1.8,1.8,4,Brandon,1.8,194,False,,,50,230730.jpg,1.8,False,Thomas-Asante,0.8,False,,a,7,9,9,57676,7051,56336,5311,0.4,1.8,Thomas-Asante,,81.0,2024-08-01,1998-12-29,False,p230730,227,0,0,1,6,0,0,0,0,0,0,0,43,29.8,4.5,49.0,8.4,12,12,3,27,2,0.34,0.06,0.39,4.98,,,,,4.0,,[],,256,24,310,40,96,23,230,23,0.13,0.0,0.02,0.15,1.97,2.38,271,53,218,22,254,30,203,33,0.79,0.4,10.7
True,True,,,218997,-1,1,-1,1,-0.3,-4,"[{'offset': 0, 'projected_percent': '-0.6', 'likelihood': -1}, {'offset': 1, 'projected_percent': '-1.1', 'likelihood': -1}, {'offset': 2, 'projected_percent': '-1.6', 'likelihood': -1}]",,False,0,4,0.5,0.5,1,Ellis,0.5,195,False,,,49,218997.jpg,1.3,False,Simms,0.6,False,,a,7,9,4,39996,1492,64082,4864,0.1,0.8,Simms,,241.0,2023-07-07,2001-01-05,False,p218997,104,0,0,0,3,0,0,0,0,0,0,0,13,7.8,22.6,37.0,6.8,1,2,0,3,1,0.30,0.01,0.31,2.79,,,,,,,[],,342,34,208,22,133,24,255,26,0.26,0.0,0.01,0.27,2.41,2.6,357,65,323,34,283,33,225,36,0.87,0.0,2.6
True,False,0.0,0.0,551262,0,0,0,0,0.0,0,"[{'offset': 0, 'projected_percent': '0.0', 'likelihood': 0}, {'offset': 1, 'projected_percent': '0.0', 'likelihood': 0}, {'offset': 2, 'projected_percent': '0.0', 'likelihood': 0}]",,False,0,4,0.0,0.0,0,Jahnoah,0.0,196,False,Has joined Shabab Al-Ahli Dubai permanently,2026-08-17T13:53:55.791223Z,50,551262.jpg,0.0,False,Markelo,0.0,False,,u,7,9,0,0,0,1186,59,0.0,0.0,Markelo,,203.0,2026-01-27,2003-01-04,False,p551262,0,0,0,0,0,0,0,0,0,0,0,0,0,0.0,0.0,0.0,0.0,0,0,0,0,0,0.00,0.00,0.00,0.00,,,,,,,[],,616,65,622,69,599,64,622,69,0.0,0.0,0.0,0.0,0.0,0.0,322,60,617,66,625,70,628,78,0.0,0.0,0.0
True,False,0.0,0.0,549653,0,0,0,0,0.0,0,"[{'offset': 0, 'projected_percent': '0.0', 'likelihood': 0}, {'offset': 1, 'projected_percent': '0.0', 'likelihood': 0}, {'offset': 2, 'projected_percent': '0.0', 'likelihood': 0}]",,False,0,4,0.0,0.0,0,Norman,0.0,197,False,Has joined KVC Westerlo on loan for the rest of the season,2026-07-28T12:58:50.001768Z,45,549653.jpg,0.0,False,Bassette,0.0,False,,u,7,9,0,0,0,2092,133,0.0,0.0,Bassette,,,,,False,p549653,0,0,0,0,0,0,0,0,0,0,0,0,0,0.0,0.0,0.0,0.0,0,0,0,0,0,0.00,0.00,0.00,0.00,,,,,,,[],,517,49,514,54,471,48,522,53,0.0,0.0,0.0,0.0,0.0,0.0,500,70,515,50,531,55,561,75,0.0,0.0,0.0
True,True,0.0,0.0,210156,-1,1,-1,1,-11.6,-5,"[{'offset': 0, 'projected_percent': '-11.8', 'likelihood': -1}, {'offset': 1, 'projected_percent': '-12.2', 'likelihood': -1}, {'offset': 2, 'projected_percent': '-12.5', 'likelihood': -1}]",,False,0,4,0.0,0.0,0,Taiwo,0.5,492,False,Suspended until 19 Oct,2026-09-13T15:00:09.305127Z,54,210156.jpg,0.8,False,Awoniyi,0.4,False,,s,7,9,3,21330,57,64433,4638,0.1,0.6,Awoniyi,,157.0,2026-08-17,1997-08-12,False,p210156,232,0,0,0,7,0,0,0,0,1,0,0,11,13.6,46.2,78.0,13.6,3,7,1,11,3,1.30,0.04,1.34,3.55,,,,,5.0,,[],,302,31,137,14,50,16,161,19,0.5,0.0,0.02,0.52,1.38,2.72,178,43,338,38,407,48,268,47,1.16,0.0,4.27
True,True,,,661888,-1,1,-2,2,-1.4,0,"[{'offset': 0, 'projected_percent': '-1.4', 'likelihood': -1}, {'offset': 1, 'projected_percent': '-1.4', 'likelihood': -1}, {'offset': 2, 'projected_percent': '-1.4', 'likelihood': -1}]",,False,0,3,2.0,2.0,3,Caleb,2.0,575,False,,,48,661888.jpg,1.8,False,Yirenkyi,0.1,False,,a,7,9,9,2916,264,13581,914,0.4,1.9,Yirenkyi,,81.0,2026-08-07,2006-01-15,False,p661888,265,0,0,2,5,0,0,0,1,0,0,0,36,15.4,41.6,7.0,6.0,7,13,1,21,3,0.03,0.15,0.18,4.25,,,,,,,[],,298,128,150,96,278,143,271,120,0.01,0.0,0.05,0.06,1.44,1.7,421,256,192,84,253,111,372,134,1.02,0.68,7.13
True,True,,,196100,0,0,-1,1,-79.1,-1,"[{'offset': 0, 'projected_percent': '-80.2', 'likelihood': -3}, {'offset': 1, 'projected_percent': '-82.1', 'likelihood': -3}, {'offset': 2, 'projected_percent': '-84.1', 'likelihood': -3}]",,False,0,3,0.5,0.5,0,Gustavo,0.5,584,False,,,54,196100.jpg,1.0,False,Hamer,0.1,False,,a,7,9,3,790,40,6374,367,0.1,0.6,Hamer,,152.0,2026-08-11,1997-06-24,False,p196100,32,0,0,0,1,0,0,0,0,0,0,0,6,0.6,1.8,0.0,0.3,0,2,1,3,0,0.00,0.02,0.02,0.82,4.0,,,,,,[],,401,188,338,170,619,268,397,186,0.0,0.0,0.06,0.06,2.31,2.81,174,110,337,158,376,175,432,163,0.0,0.0,8.44
True,True,,,627221,0,0,0,0,-6.9,0,"[{'offset': 0, 'projected_percent': '-6.9', 'likelihood': -1}, {'offset': 1, 'projected_percent': '-6.9', 'likelihood': -1}, {'offset': 2, 'projected_percent': '-6.9', 'likelihood': -1}]",,False,0,4,0.2,0.2,0,Sidiki,0.2,599,False,,,50,627221.jpg,1.0,False,Cherif,0.1,False,,a,7,9,1,7397,470,7537,698,0.0,0.2,Cherif,,73.0,2026-08-19,2006-12-15,False,p627221,30,0,0,0,3,0,0,0,0,0,0,0,3,1.0,0.2,0.0,0.1,1,0,0,1,0,0.00,0.00,0.00,1.43,,,,,,,[],,398,44,388,48,603,66,406,47,0.0,0.0,0.0,0.0,4.29,9.0,332,62,377,42,359,38,416,64,0.0,0.0,3.0
True,True,,,79602,0,0,0,0,2.0,0,"[{'offset': 0, 'projected_percent': '2.0', 'likelihood': 1}, {'offset': 1, 'projected_percent': '2.0', 'likelihood': 1}, {'offset': 2, 'projected_percent': '2.0', 'likelihood': 1}]",,False,0,1,0.0,0.0,0,Dan,0.0,623,False,,,40,79602.jpg,0.0,False,Bentley,0.6,False,,a,7,9,0,78008,7630,18969,2077,0.0,0.0,Bentley,,241.0,2026-08-21,1993-07-13,False,p79602,0,0,0,0,0,0,0,0,0,0,0,0,0,0.0,0.0,0.0,0.0,0,0,0,0,0,0.00,0.00,0.00,0.00,,,,,,,[],,415,30,403,11,347,6,419,30,0.0,0.0,0.0,0.0,0.0,0.0,592,54,406,28,429,30,228,33,0.0,0.0,0.0
True,True,,,242893,0,0,0,0,0.0,0,"[{'offset': 0, 'projected_percent': '0.0', 'likelihood': 0}, {'offset': 1, 'projected_percent': '0.0', 'likelihood': 0}, {'offset': 2, 'projected_percent': '0.0', 'likelihood': 0}]",,False,0,3,0.0,0.0,0,Yann,0.0,655,False,,,55,242893.jpg,0.0,False,Gboho,0.0,False,,a,7,9,0,263,65,98,49,0.0,0.0,Gboho,,73.0,2026-09-01,2001-01-14,False,p242893,0,0,0,0,0,0,0,0,0,0,0,0,0,0.0,0.0,0.0,0.0,0,0,0,0,0,0.00,0.00,0.00,0.00,,,,,,,[],,641,280,647,282,634,275,646,281,0.0,0.0,0.0,0.0,0.0,0.0,138,83,641,281,646,282,655,289,0.0,0.0,0.0
True,True,,,566213,0,0,0,0,0.0,1,"[{'offset': 0, 'projected_percent': '0.0', 'likelihood': 0}, {'offset': 1, 'projected_percent': '0.1', 'likelihood': 1}, {'offset': 2, 'projected_percent': '0.1', 'likelihood': 1}]",,False,0,2,3.0,3.0,6,Stephen,3.0,656,False,,,40,566213.jpg,6.0,False,Mfuni,0.1,False,,a,7,9,6,10009,1697,2577,776,0.8,1.5,Mfuni,,241.0,2026-08-30,2008-02-12,False,p566213,90,0,0,1,0,0,0,0,0,0,0,0,27,17.6,0.7,4.0,2.2,7,3,1,8,1,0.00,0.01,0.01,1.10,,,,,,,"[{'property': 'loan_ineligible', 'notes': 'This player will not be available to face their parent club in Gameweek 29 as part of their loan conditions.', 'gameweek': 29, 'url': None}]",,291,116,364,134,302,107,342,121,0.0,0.0,0.01,0.01,1.1,0.0,645,196,116,47,25,10,420,153,1.0,1.0,8.0
True,True,,,485337,0,0,-1,1,-24.7,0,"[{'offset': 0, 'projected_percent': '-24.7', 'likelihood': -2}, {'offset': 1, 'projected_percent': '-24.7', 'likelihood': -2}, {'offset': 2, 'projected_percent': '-24.7', 'likelihood': -2}]",,False,0,3,0.2,0.2,0,Evann,0.2,42,False,,,54,485337.jpg,1.0,False,Guessand,0.0,False,,a,8,31,2,2389,96,3613,242,0.0,0.4,Guessand,,54.0,2026-08-12,2001-07-01,False,p485337,54,0,0,0,1,0,0,0,0,0,0,0,6,5.4,2.1,7.0,1.5,1,0,1,2,0,0.03,0.03,0.06,0.34,,,,,,,"[{'property': 'loan_ineligible', 'notes': 'This player will not be available to face their parent club in Gameweek 34 as part of their loan conditions.', 'gameweek': 34, 'url': None}, {'property': 'loan_ineligible', 'notes': 'This player will not be available to face their parent club in Gameweek 14 as part of their loan conditions.', 'gameweek': 14, 'url': None}]",,357,165,331,166,281,145,363,174,0.05,0.0,0.05,0.1,0.57,1.67,197,123,387,187,380,178,515,205,0.0,0.0,3.33
True,True,0.0,0.0,220362,0,0,0,0,-56.3,0,"[{'offset': 0, 'projected_percent': '-56.3', 'likelihood': -3}, {'offset': 1, 'projected_percent': '-56.3', 'likelihood': -3}, {'offset': 2, 'projected_percent': '-56.3', 'likelihood': -3}]",,False,0,2,0.0,0.0,0,Axel,0.2,153,False,Suspended until 25 Oct,2026-09-12T15:30:09.445078Z,45,220362.jpg,0.3,False,Disasi,0.1,False,,s,8,31,1,9422,21,10279,698,0.0,0.2,Disasi,,73.0,2026-08-26,1998-03-11,False,p220362,139,0,0,0,6,0,0,0,0,1,0,0,-6,34.8,13.4,2.0,5.0,15,11,5,20,2,0.00,0.04,0.04,3.72,,,,,,,"[{'property': 'loan_ineligible', 'notes': 'This player will not be available to face their parent club in Gameweek 13 as part of their loan conditions.', 'gameweek': 13, 'url': None}, {'property': 'loan_ineligible', 'notes': 'This player will not be available to face their parent club in Gameweek 20 as part of their loan conditions.', 'gameweek': 20, 'url': None}]",,237,96,257,94,319,119,290,109,0.0,0.0,0.03,0.03,2.41,3.88,454,99,362,131,419,146,471,168,1.29,0.0,12.95
True,True,0.0,0.0,172649,0,0,0,0,-91.0,-17,"[{'offset': 0, 'projected_percent': '-91.4', 'likelihood': -3}, {'offset': 1, 'projected_percent': '-92.1', 'likelihood': -3}, {'offset': 2, 'projected_percent': '-92.7', 'likelihood': -3}]",,False,0,1,0.0,0.0,0,Dean,0.8,198,False,Foot injury - Expected back 11 Oct,2026-09-12T14:00:09.378740Z,50,172649.jpg,1.7,False,Henderson,1.3,False,,i,8,31,5,55245,119,119015,10107,0.2,1.0,Henderson,Dean Henderson,241.0,2023-08-31,1997-03-12,False,p172649,270,0,0,0,8,0,0,0,0,0,12,0,37,96.8,0.0,0.0,9.6,6,31,0,0,3,0.00,0.00,0.00,6.47,,,,,,,[],https://www.cpfc.co.uk/news/video/sage-on-facing-leeds-international-break-plans/,82,16,588,64,564,63,214,17,0.0,4.0,0.0,0.0,2.16,2.67,252,8,291,21,261,23,159,24,1.0,0.0,0.0
True,True,,,121709,0,0,0,0,-24.1,0,"[{'offset': 0, 'projected_percent': '-24.1', 'likelihood': -2}, {'offset': 1, 'projected_percent': '-24.1', 'likelihood': -2}, {'offset': 2, 'projected_percent': '-24.1', 'likelihood': -2}]",,False,0,1,2.0,2.0,6,Walter,2.0,199,False,,,45,121709.jpg,4.0,False,Benítez,0.1,False,,a,8,31,8,3685,593,4726,309,0.4,1.8,Benitez,,10.0,2025-07-01,1993-01-19,False,p121709,180,0,0,1,3,0,0,0,0,0,5,0,29,37.4,0.0,0.0,3.8,2,11,0,0,2,0.00,0.00,0.00,2.99,,,,,,,[],,228,21,479,40,429,35,311,21,0.0,2.5,0.0,0.0,1.5,1.5,436,27,190,18,86,7,394,44,1.0,0.5,0.0
True,True,,,427623,0,0,0,0,-95.5,0,"[{'offset': 0, 'projected_percent': '-95.5', 'likelihood': -4}, {'offset': 1, 'projected_percent': '-95.5', 'likelihood': -4}, {'offset': 2, 'projected_percent': '-95.5', 'likelihood': -4}]",,False,0,2,2.8,2.8,8,Chris,2.8,202,False,,,50,427623.jpg,2.8,False,Richards,0.6,False,,a,8,31,14,22357,1445,37719,1988,0.6,2.8,Richards,,229.0,2022-07-27,2000-03-28,False,p427623,450,0,0,1,11,0,0,0,1,0,0,0,48,131.4,7.7,24.0,16.2,46,16,8,54,5,0.08,0.07,0.15,9.46,,,,,,,[],,30,10,286,104,171,50,120,41,0.02,0.0,0.01,0.03,1.89,2.2,276,43,138,52,165,68,233,90,1.0,0.2,10.8
True,True,,,651426,-1,1,-2,2,-0.8,1,"[{'offset': 0, 'projected_percent': '-0.5', 'likelihood': -1}, {'offset': 1, 'projected_percent': '0.0', 'likelihood': 0}, {'offset': 2, 'projected_percent': '0.0', 'likelihood': 0}]",,False,0,2,2.2,2.2,8,Jaydee,2.2,203,False,,,48,651426.jpg,2.5,False,Canvot,0.2,False,,a,8,31,10,5685,343,19441,791,0.5,2.1,Canvot,,73.0,2025-09-01,2006-07-29,False,p651426,360,0,0,1,8,0,0,0,0,0,0,0,38,83.0,25.3,7.0,11.5,26,11,8,34,4,0.05,0.13,0.18,7.78,,,,,,,[],,111,50,197,64,277,97,191,68,0.01,0.0,0.03,0.04,1.94,2.0,420,79,172,68,189,75,334,126,1.0,0.25,8.5
True,True,,,244723,0,0,0,0,24.9,8,"[{'offset': 0, 'projected_percent': '25.0', 'likelihood': 2}, {'offset': 1, 'projected_percent': '25.1', 'likelihood': 2}, {'offset': 2, 'projected_percent': '25.2', 'likelihood': 2}]",,False,1,2,5.8,5.8,7,Tyrick,5.8,204,False,,,45,244723.jpg,4.8,False,Mitchell,6.0,False,,a,8,31,24,308918,12383,262862,14460,1.3,5.3,Mitchell,,241.0,2019-12-15,1999-09-01,False,p244723,419,2,0,1,10,0,0,0,0,0,0,3,68,128.2,67.9,62.0,25.8,14,23,11,25,5,0.77,0.26,1.03,8.34,,,,,,,[],,32,12,81,15,69,9,49,6,0.17,0.0,0.06,0.23,1.79,2.15,467,108,24,8,63,28,63,26,1.07,0.21,5.37
True,False,0.0,0.0,218364,0,0,0,0,0.0,0,"[{'offset': 0, 'projected_percent': '0.0', 'likelihood': 0}, {'offset': 1, 'projected_percent': '0.0', 'likelihood': 0}, {'offset': 2, 'projected_percent': '0.0', 'likelihood': 0}]",,False,0,2,0.0,0.0,0,Borna,0.0,205,False,Has joined FC Cologne on loan for the rest of the season,2026-09-02T16:03:25.710518Z,45,218364.jpg,0.0,False,Sosa,0.0,False,,u,8,31,0,236,0,2061,92,0.0,0.0,Sosa,,97.0,2025-07-11,1998-01-21,False,p218364,0,0,0,0,0,0,0,0,0,0,0,0,0,0.0,0.0,0.0,0.0,0,0,0,0,0,0.00,0.00,0.00,0.00,,,,,,,[],,491,187,486,186,437,176,496,187,0.0,0.0,0.0,0.0,0.0,0.0,453,98,488,183,505,187,591,200,0.0,0.0,0.0
True,True,0.0,0.0,515621,-1,1,-2,2,-3.8,0,"[{'offset': 0, 'projected_percent': '-3.8', 'likelihood': -1}, {'offset': 1, 'projected_percent': '-3.8', 'likelihood': -1}, {'offset': 2, 'projected_percent': '-3.8', 'likelihood': -1}]",,False,0,2,0.0,0.0,0,Chadi,0.0,206,False,Knee injury - Unknown return date,2026-08-22T18:00:07.352049Z,43,515621.jpg,1.0,False,Riad Dnanou,0.0,False,,i,8,31,1,645,21,5663,112,0.0,0.2,Chadi Riad,,145.0,2024-07-02,2003-06-17,False,p515621,72,0,0,0,2,0,0,0,0,0,0,0,7,12.6,1.3,0.0,1.4,6,3,1,7,1,0.00,0.01,0.01,0.98,,,,,,,[],https://www.cpfc.co.uk/news/first-team/press-conference-team-news-crystal-palace-manchester-city-august-2026/,308,119,349,128,402,167,365,128,0.0,0.0,0.01,0.01,1.22,2.5,583,158,459,175,306,113,572,194,1.25,0.0,8.75
True,True,,,242313,0,0,-1,1,-83.4,0,"[{'offset': 0, 'projected_percent': '-83.4', 'likelihood': -3}, {'offset': 1, 'projected_percent': '-83.4', 'likelihood': -3}, {'offset': 2, 'projected_percent': '-83.4', 'likelihood': -3}]",,False,0,2,0.5,0.5,0,Oscar,0.5,207,False,,,44,242313.jpg,1.0,False,Mingueza,0.1,False,,a,8,31,2,1981,71,4813,257,0.1,0.5,Mingueza,,200.0,2026-07-09,1999-05-13,False,p242313,16,0,0,0,1,0,0,0,0,0,0,0,5,3.2,0.4,0.0,0.3,0,1,2,2,0,0.00,0.00,0.00,0.33,,,,,,,[],,375,139,377,140,412,170,392,141,0.0,0.0,0.0,0.0,1.86,5.62,560,144,310,112,312,117,484,173,0.0,0.0,11.25
True,True,100.0,100.0,232185,0,0,-3,3,0.0,4,"[{'offset': 0, 'projected_percent': '0.0', 'likelihood': 0}, {'offset': 1, 'projected_percent': '0.1', 'likelihood': 1}, {'offset': 2, 'projected_percent': '0.2', 'likelihood': 1}]",,False,0,3,0.2,0.2,1,Ismaïla,0.2,208,False,,2026-08-22T18:00:07.363165Z,62,232185.jpg,1.0,False,Sarr,0.6,False,,a,8,31,1,6339,2285,376443,1992,0.0,0.2,Sarr,Ismaïla Sarr,189.0,2024-08-01,1998-02-25,False,p232185,8,0,0,0,0,0,0,0,0,0,0,0,3,0.0,0.5,0.0,0.1,0,0,0,0,0,0.00,0.01,0.01,0.06,,,,,2.0,,[],,660,294,375,187,658,293,409,192,0.0,0.0,0.11,0.11,0.68,0.0,55,38,392,190,394,188,227,72,0.0,0.0,0.0
True,True,100.0,100.0,496221,-1,1,-1,1,-1.6,0,"[{'offset': 0, 'projected_percent': '-1.6', 'likelihood': -1}, {'offset': 1, 'projected_percent': '-1.6', 'likelihood': -1}, {'offset': 2, 'projected_percent': '-1.6', 'likelihood': -1}]",,False,0,3,2.0,2.0,2,Adam,2.0,210,False,,2026-07-23T12:01:23.498963Z,54,496221.jpg,2.4,False,Wharton,0.7,False,,a,8,31,12,29456,1049,48215,4225,0.4,2.2,Wharton,,241.0,2024-02-01,2004-02-06,False,p496221,436,0,0,1,10,0,0,0,1,0,0,0,77,73.0,97.0,18.0,18.9,16,15,10,41,5,0.15,0.58,0.73,8.91,2.0,,,,,,[],,125,40,43,36,205,113,99,54,0.03,0.0,0.12,0.15,1.84,2.06,200,124,197,88,195,84,208,65,1.03,0.21,8.46
True,True,,,488024,0,0,0,0,4.5,0,"[{'offset': 0, 'projected_percent': '4.5', 'likelihood': 1}, {'offset': 1, 'projected_percent': '4.5', 'likelihood': 1}, {'offset': 2, 'projected_percent': '4.5', 'likelihood': 1}]",,False,0,3,3.2,3.2,2,Yéremy,3.2,211,False,,,55,488024.jpg,2.8,False,Pino Santos,0.3,False,,a,8,31,14,45185,641,30825,2428,0.6,2.5,Yeremy,,200.0,2025-08-29,2002-10-20,False,p488024,307,0,2,1,6,0,0,0,1,0,0,0,70,30.2,94.1,33.0,15.8,5,16,5,26,4,0.52,0.55,1.07,6.93,1.0,,1.0,,,,[],,255,105,44,37,144,77,125,66,0.15,0.0,0.16,0.31,2.03,1.76,154,95,110,42,172,73,278,94,1.17,0.29,7.62
True,True,,,108413,0,0,-1,1,-18.3,-20,"[{'offset': 0, 'projected_percent': '-18.5', 'likelihood': -1}, {'offset': 1, 'projected_percent': '-18.9', 'likelihood': -1}, {'offset': 2, 'projected_percent': '-19.3', 'likelihood': -1}]",,False,0,3,0.5,0.5,0,Will,0.5,212,False,,,44,108413.jpg,1.0,False,Hughes,7.3,False,,a,8,31,2,121655,8256,479547,40932,0.1,0.5,Hughes,,241.0,2021-08-28,1995-04-17,False,p108413,29,0,0,0,1,0,0,0,0,0,0,0,9,8.0,15.3,0.0,2.4,3,3,1,7,0,0.00,0.04,0.04,1.12,4.0,,,,,,[],,338,157,236,127,405,169,339,159,0.0,0.0,0.12,0.12,3.48,3.1,546,289,306,143,308,137,52,17,0.0,0.0,21.72
True,True,,,152551,-1,1,-2,2,-1.0,0,"[{'offset': 0, 'projected_percent': '-1.0', 'likelihood': -1}, {'offset': 1, 'projected_percent': '-1.0', 'likelihood': -1}, {'offset': 2, 'projected_percent': '-1.0', 'likelihood': -1}]",,False,0,3,0.2,0.2,0,Jefferson,0.2,213,False,,,48,152551.jpg,0.5,False,Lerma Solís,0.1,False,,a,8,31,1,1284,78,5514,333,0.0,0.2,Lerma,,48.0,2023-07-01,1994-10-25,False,p152551,51,0,0,0,1,0,0,0,1,0,0,0,6,17.6,0.8,11.0,3.0,7,3,2,12,0,0.26,0.00,0.26,1.25,,,,,,,[],,292,124,362,180,248,128,320,147,0.46,0.0,0.0,0.46,2.21,1.76,408,248,364,169,415,198,450,173,0.0,0.0,21.18
True,True,,,209400,0,0,0,0,10.9,0,"[{'offset': 0, 'projected_percent': '10.9', 'likelihood': 1}, {'offset': 1, 'projected_percent': '10.9', 'likelihood': 1}, {'offset': 2, 'projected_percent': '10.9', 'likelihood': 1}]",,False,0,3,4.5,4.5,3,Daichi,4.5,214,False,,,50,209400.jpg,4.2,False,Kamada,0.5,False,,a,8,31,21,49594,2847,24309,2692,0.9,4.2,Kamada,,108.0,2024-07-01,1996-08-05,False,p209400,441,0,3,1,10,0,0,0,1,0,0,0,109,95.6,81.2,42.0,21.9,4,23,11,38,5,0.47,0.38,0.85,8.85,3.0,,,,,,[],,84,25,60,49,113,64,73,44,0.1,0.0,0.08,0.18,1.81,2.04,260,162,55,20,81,33,244,79,1.02,0.2,7.76
True,False,0.0,0.0,489706,0,0,0,0,0.0,0,"[{'offset': 0, 'projected_percent': '0.0', 'likelihood': 0}, {'offset': 1, 'projected_percent': '0.0', 'likelihood': 0}, {'offset': 2, 'projected_percent': '0.0', 'likelihood': 0}]",,False,0,3,0.0,0.0,0,Justin,0.0,215,False,Has joined Stoke City permanently,2026-09-02T15:41:07.346849Z,50,489706.jpg,0.0,False,Devenny,0.0,False,,u,8,31,0,132,0,945,31,0.0,0.0,Devenny,,242.0,2024-03-13,2003-10-11,False,p489706,0,0,0,0,0,0,0,0,0,0,0,0,0,0.0,0.0,0.0,0.0,0,0,0,0,0,0.00,0.00,0.00,0.00,,,2.0,,3.0,,[],,601,256,607,261,584,247,607,258,0.0,0.0,0.0,0.0,0.0,0.0,296,177,602,258,610,261,639,275,0.0,0.0,0.0
True,False,0.0,0.0,606921,0,0,0,0,0.0,0,"[{'offset': 0, 'projected_percent': '0.0', 'likelihood': 0}, {'offset': 1, 'projected_percent': '0.0', 'likelihood': 0}, {'offset': 2, 'projected_percent': '0.0', 'likelihood': 0}]",,False,0,3,0.0,0.0,0,Romain,0.0,216,False,Has joined Millwall on loan for the rest of the season,2026-09-02T15:41:07.376544Z,50,606921.jpg,0.0,False,Esse,0.0,False,,u,8,31,0,399,0,3217,106,0.0,0.0,Esse,,241.0,2025-01-18,2005-05-13,False,p606921,0,0,0,0,0,0,0,0,0,0,0,0,0,0.0,0.0,0.0,0.0,0,0,0,0,0,0.00,0.00,0.00,0.00,,,,,,,[],,617,266,623,271,601,258,623,268,0.0,0.0,0.0,0.0,0.0,0.0,326,196,618,268,626,271,586,243,0.0,0.0,0.0
True,False,0.0,0.0,536694,0,0,-1,1,0.0,0,"[{'offset': 0, 'projected_percent': '0.0', 'likelihood': 0}, {'offset': 1, 'projected_percent': '0.0', 'likelihood': 0}, {'offset': 2, 'projected_percent': '0.0', 'likelihood': 0}]",,False,0,3,0.0,0.0,0,Matheus,0.0,217,False,Has joined Alverca on loan for the rest of the season,2026-09-11T14:42:19.322912Z,49,536694.jpg,0.0,False,França de Oliveira,0.0,False,,u,8,31,0,1007,0,3421,139,0.0,0.0,M.França,Matheus França,30.0,2023-08-05,2004-04-01,False,p536694,0,0,0,0,0,0,0,0,0,0,0,0,0,0.0,0.0,0.0,0.0,0,0,0,0,0,0.00,0.00,0.00,0.00,,,,,,,[],,577,242,577,248,544,225,583,244,0.0,0.0,0.0,0.0,0.0,0.0,390,234,579,245,588,249,606,255,0.0,0.0,0.0
True,True,,,438464,-1,1,-2,2,-2.1,0,"[{'offset': 0, 'projected_percent': '-2.1', 'likelihood': -1}, {'offset': 1, 'projected_percent': '-2.1', 'likelihood': -1}, {'offset': 2, 'projected_percent': '-2.1', 'likelihood': -1}]",,False,0,3,0.0,0.0,0,Cheick,0.0,218,False,,,48,438464.jpg,0.0,False,Doucouré,0.0,False,,a,8,31,0,2072,98,4437,272,0.0,0.0,Doucouré,,132.0,2022-07-11,2000-01-08,False,p438464,0,0,0,0,0,0,0,0,0,0,0,0,0,0.0,0.0,0.0,0.0,0,0,0,0,0,0.00,0.00,0.00,0.00,,,,,,,[],,554,226,550,232,512,205,559,227,0.0,0.0,0.0,0.0,0.0,0.0,412,251,552,227,566,234,500,196,0.0,0.0,0.0
True,False,0.0,0.0,450542,0,0,-1,1,0.0,0,"[{'offset': 0, 'projected_percent': '0.0', 'likelihood': 0}, {'offset': 1, 'projected_percent': '0.0', 'likelihood': 0}, {'offset': 2, 'projected_percent': '0.0', 'likelihood': 0}]",,False,0,3,0.0,0.0,0,Jesurun,0.0,219,False,has joined  Kasimpasa on loan for the rest of the seaon.,2026-09-10T09:12:47.224598Z,49,450542.jpg,0.0,False,Rak-Sakyi,0.0,False,,u,8,31,0,145,0,463,21,0.0,0.0,J.Rak-Sakyi,,81.0,2021-04-09,2002-10-05,False,p450542,0,0,0,0,0,0,0,0,0,0,0,0,0,0.0,0.0,0.0,0.0,0,0,0,0,0,0.00,0.00,0.00,0.00,,,,,,,[],,572,237,570,243,536,219,578,239,0.0,0.0,0.0,0.0,0.0,0.0,372,222,571,238,583,244,646,281,0.0,0.0,0.0
True,False,0.0,0.0,590014,0,0,0,0,0.0,0,"[{'offset': 0, 'projected_percent': '0.0', 'likelihood': 0}, {'offset': 1, 'projected_percent': '0.0', 'likelihood': 0}, {'offset': 2, 'projected_percent': '0.0', 'likelihood': 0}]",,False,0,2,0.0,0.0,0,Rio,0.0,220,False,Has joined Bristol City on loan for the rest of the season,2026-08-12T14:08:46.501813Z,45,590014.jpg,0.0,False,Cardines,0.0,False,,u,8,31,0,0,0,128,3,0.0,0.0,Cardines,,217.0,2025-07-24,2006-07-01,False,p590014,0,0,0,0,0,0,0,0,0,0,0,0,0,0.0,0.0,0.0,0.0,0,0,0,0,0,0.00,0.00,0.00,0.00,,,,,,,[],,526,200,522,199,480,192,531,200,0.0,0.0,0.0,0.0,0.0,0.0,513,129,524,197,539,200,662,217,0.0,0.0,0.0
True,True,,,672492,0,0,0,0,-88.1,0,"[{'offset': 0, 'projected_percent': '-88.1', 'likelihood': -3}, {'offset': 1, 'projected_percent': '-88.1', 'likelihood': -3}, {'offset': 2, 'projected_percent': '-88.1', 'likelihood': -3}]",,False,0,3,0.0,0.0,0,Joél,0.0,221,False,,,45,672492.jpg,0.0,False,Drakes-Thomas,0.1,False,,a,8,31,0,2676,128,4630,385,0.0,0.0,Drakes-Thomas,,241.0,2025-12-10,2009-06-09,False,p672492,0,0,0,0,0,0,0,0,0,0,0,0,0,0.0,0.0,0.0,0.0,0,0,0,0,0,0.00,0.00,0.00,0.00,,,,,,,[],,548,223,544,229,505,202,553,224,0.0,0.0,0.0,0.0,0.0,0.0,542,286,546,224,561,231,459,180,0.0,0.0,0.0
True,True,,,247412,0,0,0,0,4.7,1,"[{'offset': 0, 'projected_percent': '4.7', 'likelihood': 1}, {'offset': 1, 'projected_percent': '4.8', 'likelihood': 1}, {'offset': 2, 'projected_percent': '4.8', 'likelihood': 1}]",,False,0,4,3.2,3.2,2,Jørgen,3.2,222,False,,,60,247412.jpg,2.8,False,Strand Larsen,0.6,False,,a,8,31,14,49368,4143,40557,3503,0.5,2.3,Strand Larsen,,161.0,2026-02-02,2000-02-06,False,p247412,298,1,0,1,5,0,0,0,0,0,0,2,69,62.6,32.5,65.0,16.1,6,5,2,13,3,0.43,0.20,0.63,6.15,,,,,,,[],,156,12,179,20,68,19,123,17,0.13,0.0,0.06,0.19,1.86,1.51,69,15,112,10,174,16,223,35,0.91,0.3,3.93
True,True,0.0,0.0,231747,0,0,-2,2,-22.8,-15,"[{'offset': 0, 'projected_percent': '-23.1', 'likelihood': -2}, {'offset': 1, 'projected_percent': '-23.7', 'likelihood': -2}, {'offset': 2, 'projected_percent': '-24.4', 'likelihood': -2}]",,False,0,4,0.0,0.0,0,Jean-Philippe,0.0,223,False,Hamstring injury - Expected back 11 Oct,2026-08-28T21:00:08.020382Z,63,231747.jpg,2.0,False,Mateta,1.3,False,,i,8,31,2,25936,183,453657,8170,0.0,0.3,Mateta,,73.0,2022-01-31,1997-06-28,False,p231747,62,0,0,0,2,0,0,0,0,0,0,0,-3,1.4,12.3,11.0,2.5,1,2,2,5,1,0.70,0.02,0.72,0.98,,,,,1.0,,[],https://www.cpfc.co.uk/news/video/sage-on-facing-leeds-international-break-plans/,392,42,262,31,253,37,338,38,1.02,0.0,0.03,1.05,1.42,2.9,46,12,660,77,242,26,161,24,1.45,0.0,7.26
True,True,100.0,100.0,205533,0,0,0,0,-16.6,-2,"[{'offset': 0, 'projected_percent': '-16.9', 'likelihood': -1}, {'offset': 1, 'projected_percent': '-17.5', 'likelihood': -1}, {'offset': 2, 'projected_percent': '-18.1', 'likelihood': -1}]",,False,0,4,1.8,1.8,1,Eddie,1.8,224,False,,2026-09-12T14:00:09.427136Z,55,205533.jpg,2.0,False,Nketiah,0.5,False,,a,8,31,8,47078,1097,49741,3094,0.3,1.5,Nketiah,,241.0,2024-08-30,1999-05-30,False,p205533,175,0,1,0,7,0,0,0,0,0,0,0,38,34.2,46.4,50.0,13.0,2,6,4,12,3,1.10,0.60,1.70,4.51,,,,,,,[],,240,22,135,13,93,22,169,20,0.57,0.0,0.31,0.88,2.32,3.6,136,36,224,24,237,23,246,39,1.54,0.0,6.17
True,False,0.0,0.0,660392,0,0,0,0,0.0,0,"[{'offset': 0, 'projected_percent': '0.0', 'likelihood': 0}, {'offset': 1, 'projected_percent': '0.0', 'likelihood': 0}, {'offset': 2, 'projected_percent': '0.0', 'likelihood': 0}]",,False,0,4,0.0,0.0,0,Christantus,0.0,225,False,has returned to Getafe CF,2026-07-23T12:18:56.275922Z,50,660392.jpg,0.0,False,Uche,0.0,False,,u,8,31,0,0,0,0,0,0.0,0.0,Uche,,,,,False,p660392,0,0,0,0,0,0,0,0,0,0,0,0,0,0.0,0.0,0.0,0.0,0,0,0,0,0,0.00,0.00,0.00,0.00,,,,,,,[],,620,67,626,71,605,67,626,71,0.0,0.0,0.0,0.0,0.0,0.0,336,64,621,68,629,72,667,79,0.0,0.0,0.0
True,True,,,433154,0,0,-1,1,-89.8,0,"[{'offset': 0, 'projected_percent': '-89.8', 'likelihood': -3}, {'offset': 1, 'projected_percent': '-89.8', 'likelihood': -3}, {'offset': 2, 'projected_percent': '-89.8', 'likelihood': -3}]",,False,0,3,0.2,0.2,0,Dwight,0.2,241,False,,,54,433154.jpg,1.5,False,McNeil,0.1,False,,a,8,31,3,1769,62,8161,432,0.0,0.6,McNeil,,241.0,2026-08-11,1999-11-22,False,p433154,84,0,0,0,3,0,0,0,0,0,0,0,13,10.0,5.0,2.0,1.7,4,3,0,7,1,0.05,0.02,0.07,1.18,,,,,,,[],,324,146,304,155,331,165,357,171,0.05,0.0,0.02,0.07,1.26,3.21,188,117,386,186,274,122,399,146,1.07,0.0,7.5
True,True,,,169593,0,0,0,0,-8.5,-3,"[{'offset': 0, 'projected_percent': '-8.6', 'likelihood': -1}, {'offset': 1, 'projected_percent': '-8.8', 'likelihood': -1}, {'offset': 2, 'projected_percent': '-9.1', 'likelihood': -1}]",,False,0,1,0.0,0.0,0,Remi,0.0,555,False,,,40,169593.jpg,0.0,False,Matthews,1.7,False,,a,8,31,0,23154,970,31218,2778,0.0,0.0,Matthews,,241.0,2021-07-13,1994-02-10,False,p169593,0,0,0,0,0,0,0,0,0,0,0,0,0,0.0,0.0,0.0,0.0,0,0,0,0,0,0.00,0.00,0.00,0.00,,,,,,,[],,424,37,414,18,358,13,429,37,0.0,0.0,0.0,0.0,0.0,0.0,603,61,417,35,438,37,138,20,0.0,0.0,0.0
True,True,75.0,,223723,0,0,-1,1,-11.2,-1,"[{'offset': 0, 'projected_percent': '-11.4', 'likelihood': -1}, {'offset': 1, 'projected_percent': '-11.8', 'likelihood': -1}, {'offset': 2, 'projected_percent': '-12.2', 'likelihood': -1}]",,False,0,2,0.4,0.5,1,Takehiro,0.5,577,False,Calf injury - 75% chance of playing,2026-09-21T13:30:09.030724Z,44,223723.jpg,0.8,False,Tomiyasu,0.3,False,,d,8,31,3,3473,144,13122,1002,0.1,0.7,Tomiyasu,,108.0,2026-08-06,1998-11-05,False,p223723,189,0,0,0,5,0,0,0,0,0,0,0,10,35.8,15.6,8.0,6.0,15,7,2,17,2,0.00,0.03,0.03,3.98,,,,,,,[],,234,94,235,82,266,92,270,101,0.0,0.0,0.01,0.01,1.9,2.38,556,141,308,110,402,138,306,113,0.95,0.0,8.1
True,True,,,570794,0,0,0,0,6.3,4,"[{'offset': 0, 'projected_percent': '6.4', 'likelihood': 1}, {'offset': 1, 'projected_percent': '6.4', 'likelihood': 1}, {'offset': 2, 'projected_percent': '6.5', 'likelihood': 1}]",,False,0,2,4.5,4.5,6,Anan,4.5,588,False,,,50,570794.jpg,3.8,False,Khalaili,0.3,False,,a,8,31,19,34520,1827,15229,975,0.9,3.8,Khalaili,,105.0,2026-08-15,2004-09-03,False,p570794,379,1,0,1,8,0,0,0,1,0,0,0,54,128.2,48.8,48.0,22.5,23,26,21,44,4,0.96,0.33,1.29,8.41,,,,,,,[],,33,13,122,31,99,22,64,11,0.23,0.0,0.08,0.31,2.0,1.9,323,55,57,26,103,44,285,105,0.95,0.24,10.45
True,True,,,559152,-1,1,-1,1,-0.3,0,"[{'offset': 0, 'projected_percent': '-0.3', 'likelihood': -1}, {'offset': 1, 'projected_percent': '-0.3', 'likelihood': -1}, {'offset': 2, 'projected_percent': '-0.3', 'likelihood': -1}]",,False,0,3,0.5,0.5,0,Zavier,0.5,595,False,,,49,559152.jpg,1.0,False,Gozo,0.0,False,,a,8,31,2,487,37,870,77,0.1,0.4,Gozo,,229.0,2026-08-18,2007-03-22,False,p559152,28,0,0,0,2,0,0,0,0,0,0,0,6,1.4,1.6,0.0,0.3,0,0,1,1,0,0.00,0.00,0.00,0.68,,,,,,,[],,391,183,341,172,548,229,395,184,0.0,0.0,0.0,0.0,2.19,6.43,395,239,325,151,344,152,600,252,0.0,0.0,3.21
True,True,,,605972,0,0,0,0,0.1,0,"[{'offset': 0, 'projected_percent': '0.1', 'likelihood': 1}, {'offset': 1, 'projected_percent': '0.1', 'likelihood': 1}, {'offset': 2, 'projected_percent': '0.1', 'likelihood': 1}]",,False,0,2,1.0,1.0,0,Honest,1.0,633,False,,,45,605972.jpg,3.0,False,Ahanor,0.0,False,,a,8,31,3,1900,125,551,99,0.2,0.7,Ahanor,,106.0,2026-09-01,2008-02-23,False,p605972,90,0,0,0,3,0,0,0,0,0,0,0,10,24.6,11.9,4.0,4.1,9,4,2,11,1,0.00,0.01,0.01,1.68,,,,,,,[],,268,109,265,96,305,110,304,114,0.0,0.0,0.01,0.01,1.68,3.0,522,130,258,94,137,58,587,199,1.0,0.0,11.0
True,True,,,172850,0,0,0,0,-68.5,-4,"[{'offset': 0, 'projected_percent': '-69.2', 'likelihood': -3}, {'offset': 1, 'projected_percent': '-70.5', 'likelihood': -3}, {'offset': 2, 'projected_percent': '-71.9', 'likelihood': -3}]",,False,0,2,2.7,2.7,0,Ben,2.7,643,False,,,45,172850.jpg,4.0,False,Chilwell,0.4,False,,a,8,31,8,43050,496,17937,2727,0.6,1.8,Chilwell,,241.0,2026-09-01,1996-12-21,False,p172850,29,1,0,0,1,0,0,0,0,0,0,0,21,33.4,4.2,21.0,5.9,1,0,0,1,0,0.27,0.01,0.28,1.12,,,,,,,[],,241,97,312,110,179,55,272,102,0.84,0.0,0.03,0.87,3.48,3.1,444,92,146,56,88,38,260,96,0.0,0.0,3.1
True,True,,,450063,0,0,0,0,0.2,0,"[{'offset': 0, 'projected_percent': '0.2', 'likelihood': 1}, {'offset': 1, 'projected_percent': '0.2', 'likelihood': 1}, {'offset': 2, 'projected_percent': '0.2', 'likelihood': 1}]",,False,0,3,3.0,3.0,3,Quinten,3.0,644,False,,,50,450063.jpg,3.0,False,Timber,0.0,False,,a,8,31,9,4241,418,1472,280,0.6,1.8,Timber,,152.0,2026-09-01,2001-06-17,False,p450063,253,0,0,1,5,0,0,0,0,0,0,0,45,37.8,29.1,34.0,10.0,6,10,11,27,3,0.24,0.06,0.30,5.56,,,,,,,[],,226,97,190,108,141,74,209,98,0.09,0.0,0.02,0.11,1.98,1.78,282,171,123,48,143,58,524,208,1.07,0.36,9.6
True,True,,,533646,0,0,0,0,-66.8,0,"[{'offset': 0, 'projected_percent': '-66.8', 'likelihood': -3}, {'offset': 1, 'projected_percent': '-66.8', 'likelihood': -3}, {'offset': 2, 'projected_percent': '-66.8', 'likelihood': -3}]",,False,0,3,0.3,0.3,0,Darío,0.3,647,False,,,55,533646.jpg,1.0,False,Osorio,0.0,False,,a,8,31,1,942,23,402,66,0.1,0.2,Osorio,,44.0,2026-09-01,2004-01-24,False,p533646,1,0,0,0,0,0,0,0,0,0,0,0,2,2.0,0.3,0.0,0.2,0,0,1,1,0,0.00,0.00,0.00,0.13,,,,,,,[],,387,180,384,192,639,280,401,188,0.0,0.0,0.0,0.0,11.7,0.0,156,97,352,167,386,182,619,262,0.0,0.0,90.0
True,True,0.0,0.0,128295,0,0,-1,1,-96.5,0,"[{'offset': 0, 'projected_percent': '-96.5', 'likelihood': -4}, {'offset': 1, 'projected_percent': '-96.5', 'likelihood': -4}, {'offset': 2, 'projected_percent': '-96.5', 'likelihood': -4}]",,False,0,3,0.0,0.0,0,Christian,0.0,21,False,Groin injury - Unknown return date,2026-08-15T20:00:06.779594Z,49,128295.jpg,0.0,False,Nørgaard,0.0,False,,i,9,11,0,480,40,7378,276,0.0,0.0,Nørgaard,,58.0,2026-08-05,1994-03-10,False,p128295,0,0,0,0,0,0,0,0,0,0,0,0,0,0.0,0.0,0.0,0.0,0,0,0,0,0,0.00,0.00,0.00,0.00,,,,,,,[],https://www.evertonfc.com/news/2026/august/21/everton-team-news-for-2026-27-premier-league-opener/,559,229,556,235,521,210,564,230,0.0,0.0,0.0,0.0,0.0,0.0,343,205,558,231,571,237,507,201,0.0,0.0,0.0
True,True,,,242898,0,0,-1,1,-18.3,0,"[{'offset': 0, 'projected_percent': '-18.3', 'likelihood': -1}, {'offset': 1, 'projected_percent': '-18.3', 'likelihood': -1}, {'offset': 2, 'projected_percent': '-18.3', 'likelihood': -1}]",,False,0,3,2.0,2.0,3,Brennan,2.0,209,False,,,59,242898.jpg,1.8,False,Johnson,0.1,False,,a,9,11,9,5245,350,10359,644,0.3,1.5,Johnson,,244.0,2026-08-11,2001-05-23,False,p242898,238,0,0,2,1,0,0,0,1,0,0,0,26,23.0,52.8,25.0,10.0,8,11,7,26,3,1.03,0.22,1.25,3.73,,,,,,,[],,275,116,107,71,169,92,210,99,0.39,0.0,0.08,0.47,1.41,0.38,84,55,202,91,258,114,383,140,1.13,0.76,9.83
True,True,,,111234,0,0,0,0,27.8,15,"[{'offset': 0, 'projected_percent': '28.0', 'likelihood': 2}, {'offset': 1, 'projected_percent': '28.2', 'likelihood': 2}, {'offset': 2, 'projected_percent': '28.4', 'likelihood': 2}]",,False,0,1,4.5,4.5,8,Jordan,4.5,226,False,,,55,111234.jpg,5.0,False,Pickford,9.1,False,,a,9,11,25,293834,26317,233681,13562,0.8,4.5,Pickford,,241.0,2017-07-01,1994-03-07,False,p111234,450,0,0,3,3,0,0,0,0,0,15,1,121,119.2,0.0,0.0,12.0,7,53,0,0,5,0.00,0.02,0.02,6.94,,,,,,,[],,45,7,640,71,627,70,181,7,0.0,3.0,0.0,0.0,1.39,0.6,125,2,58,5,57,5,40,7,1.0,0.6,0.0
True,True,,,229600,0,0,0,0,-32.0,0,"[{'offset': 0, 'projected_percent': '-32.0', 'likelihood': -2}, {'offset': 1, 'projected_percent': '-32.0', 'likelihood': -2}, {'offset': 2, 'projected_percent': '-32.0', 'likelihood': -2}]",,False,0,1,0.0,0.0,0,Mark,0.0,227,False,,,50,229600.jpg,0.0,False,Travers,0.0,False,,a,9,11,0,1774,216,2097,235,0.0,0.0,Travers,,104.0,2025-07-15,1999-05-18,False,p229600,0,0,0,0,0,0,0,0,0,0,0,0,0,0.0,0.0,0.0,0.0,0,0,0,0,0,0.00,0.00,0.00,0.00,,,,,,,[],,593,72,595,66,571,65,599,72,0.0,0.0,0.0,0.0,0.0,0.0,270,10,594,72,602,72,513,59,0.0,0.0,0.0
True,True,,,138001,0,0,0,0,-39.4,1,"[{'offset': 0, 'projected_percent': '-37.2', 'likelihood': -2}, {'offset': 1, 'projected_percent': '-33.2', 'likelihood': -2}, {'offset': 2, 'projected_percent': '-29.2', 'likelihood': -2}]",,False,0,1,0.0,0.0,0,Tom,0.0,228,False,,,45,138001.jpg,0.0,False,King,0.0,False,,a,9,11,0,1167,100,1721,154,0.0,0.0,King,,244.0,2025-08-15,1995-03-09,False,p138001,0,0,0,0,0,0,0,0,0,0,0,0,0,0.0,0.0,0.0,0.0,0,0,0,0,0,0.00,0.00,0.00,0.00,,,,,,,[],,486,57,481,42,431,37,491,57,0.0,0.0,0.0,0.0,0.0,0.0,438,29,483,56,500,57,504,57,0.0,0.0,0.0
True,True,,,17761,0,0,1,-1,91.6,223,"[{'offset': 0, 'projected_percent': '93.4', 'likelihood': 3}, {'offset': 1, 'projected_percent': '96.5', 'likelihood': 4}, {'offset': 2, 'projected_percent': '99.7', 'likelihood': 4}]",,False,2,2,9.2,9.2,14,James,9.2,229,True,,,61,17761.jpg,8.6,False,Tarkowski,16.2,False,,a,9,11,43,912674,201866,280879,17293,1.5,7.0,Tarkowski,,241.0,2022-07-01,1992-11-19,False,p17761,450,1,1,3,3,0,0,0,0,0,0,7,138,149.6,25.6,30.0,20.5,40,18,11,51,5,0.18,0.04,0.22,6.94,,,,,,,[],,17,3,195,62,154,45,84,23,0.04,0.0,0.01,0.05,1.39,0.6,59,5,2,1,3,1,25,8,1.0,0.6,10.2
True,True,,,480455,0,0,0,0,33.4,12,"[{'offset': 0, 'projected_percent': '33.5', 'likelihood': 2}, {'offset': 1, 'projected_percent': '33.7', 'likelihood': 2}, {'offset': 2, 'projected_percent': '33.8', 'likelihood': 2}]",,False,0,2,5.2,5.2,8,Jarrad,5.2,230,False,,,55,480455.jpg,5.4,False,Branthwaite,2.4,False,,a,9,11,27,137755,17583,70503,6038,0.9,4.9,Branthwaite,,241.0,2020-06-20,2002-06-27,False,p480455,450,0,0,3,3,0,0,0,0,0,0,0,97,145.4,7.2,73.0,22.5,49,14,5,54,5,0.17,0.02,0.19,6.94,,,,,,,[],,23,6,288,105,56,5,65,12,0.03,0.0,0.0,0.03,1.39,0.6,153,17,38,18,49,19,119,46,1.0,0.6,10.8
True,True,,,106611,0,0,-2,2,-35.5,0,"[{'offset': 0, 'projected_percent': '-35.5', 'likelihood': -2}, {'offset': 1, 'projected_percent': '-35.5', 'likelihood': -2}, {'offset': 2, 'projected_percent': '-35.5', 'likelihood': -2}]",,False,0,2,0.0,0.0,0,Michael,0.0,231,False,,,48,106611.jpg,0.0,False,Keane,0.7,False,,a,9,11,0,9253,348,90333,3534,0.0,0.0,Keane,,241.0,2017-07-03,1993-01-11,False,p106611,0,0,0,0,0,0,0,0,0,0,0,0,0,0.0,0.0,0.0,0.0,0,0,0,0,0,0.00,0.00,0.00,0.00,,,,,,,[],,551,203,548,202,509,197,556,203,0.0,0.0,0.0,0.0,0.0,0.0,407,74,549,200,564,203,207,80,0.0,0.0,0.0
True,True,,,512462,-1,1,-2,2,-3.1,0,"[{'offset': 0, 'projected_percent': '-3.1', 'likelihood': -1}, {'offset': 1, 'projected_percent': '-3.1', 'likelihood': -1}, {'offset': 2, 'projected_percent': '-3.1', 'likelihood': -1}]",,False,0,2,0.5,0.5,1,Jake,0.5,232,False,,,48,512462.jpg,1.0,False,O'Brien,0.3,False,,a,9,11,2,4546,291,24506,1035,0.1,0.4,O'Brien,,104.0,2024-07-30,2001-05-15,False,p512462,16,0,0,0,0,0,0,0,0,0,0,0,5,3.0,0.0,0.0,0.3,2,2,0,2,0,0.00,0.00,0.00,0.42,,,,,,,[],,378,140,552,203,514,199,393,142,0.0,0.0,0.0,0.0,2.36,0.0,417,77,317,116,329,127,298,108,0.0,0.0,11.25
True,True,,,224967,1,-1,1,-1,1.2,0,"[{'offset': 0, 'projected_percent': '1.2', 'likelihood': 1}, {'offset': 1, 'projected_percent': '1.2', 'likelihood': 1}, {'offset': 2, 'projected_percent': '1.2', 'likelihood': 1}]",,False,1,2,5.2,5.2,5,Vitalii,5.2,233,False,,,46,224967.jpg,5.4,False,Mykolenko,4.2,False,,a,9,11,27,410432,39240,112639,16186,1.1,5.9,Mykolenko,,225.0,2022-01-01,1999-05-29,False,p224967,450,0,0,3,3,0,0,0,1,0,0,3,109,105.6,35.7,13.0,15.5,25,30,14,39,5,0.04,0.16,0.20,6.94,,,,,,,[],,66,30,169,49,231,77,132,44,0.01,0.0,0.03,0.04,1.39,0.6,425,81,34,14,46,17,80,32,1.0,0.6,7.8
True,False,0.0,0.0,243571,0,0,0,0,0.0,0,"[{'offset': 0, 'projected_percent': '0.0', 'likelihood': 0}, {'offset': 1, 'projected_percent': '0.0', 'likelihood': 0}, {'offset': 2, 'projected_percent': '0.0', 'likelihood': 0}]",,False,0,2,0.0,0.0,0,Nathan,0.0,234,False,Has joined Torino permanently,2026-09-02T16:05:23.326971Z,45,243571.jpg,0.0,False,Patterson,0.0,False,,u,9,11,0,371,0,2422,109,0.0,0.0,Patterson,,243.0,2022-01-04,2001-10-16,False,p243571,0,0,0,0,0,0,0,0,0,0,0,0,0,0.0,0.0,0.0,0.0,0,0,0,0,0,0.00,0.00,0.00,0.00,,,,,,,[],,497,191,493,190,444,180,502,191,0.0,0.0,0.0,0.0,0.0,0.0,466,107,494,187,511,191,592,201,0.0,0.0,0.0
True,False,0.0,0.0,499300,0,0,0,0,0.0,0,"[{'offset': 0, 'projected_percent': '0.0', 'likelihood': 0}, {'offset': 1, 'projected_percent': '0.0', 'likelihood': 0}, {'offset': 2, 'projected_percent': '0.0', 'likelihood': 0}]",,False,0,2,0.0,0.0,0,Adam,0.0,235,False,Has joined Malaga on loan for the rest of the season,2026-09-01T13:23:16.934847Z,40,499300.jpg,0.0,False,Aznou,0.1,False,,u,9,11,0,1728,0,11094,500,0.0,0.0,Aznou,,145.0,2025-07-29,2006-06-02,False,p499300,0,0,0,0,0,0,0,0,0,0,0,0,0,0.0,0.0,0.0,0.0,0,0,0,0,0,0.00,0.00,0.00,0.00,,,,,,,[],,442,160,433,159,377,144,447,160,0.0,0.0,0.0,0.0,0.0,0.0,633,185,435,153,456,160,428,155,0.0,0.0,0.0
True,True,,,215413,1,-1,1,-1,-14.2,-9,"[{'offset': 0, 'projected_percent': '-14.3', 'likelihood': -1}, {'offset': 1, 'projected_percent': '-14.5', 'likelihood': -1}, {'offset': 2, 'projected_percent': '-14.8', 'likelihood': -1}]",,False,0,3,2.2,2.2,3,Kiernan,2.2,236,False,,,66,215413.jpg,4.0,False,Dewsbury-Hall,6.0,False,,a,9,11,20,583335,32571,320495,41131,0.3,3.0,Dewsbury-Hall,,241.0,2025-08-06,1998-09-06,False,p215413,450,1,0,3,3,0,0,0,1,0,0,3,110,102.8,160.8,125.0,38.9,5,26,11,42,5,0.99,0.83,1.82,6.74,2.0,,,,,,[],,77,24,13,12,20,11,13,11,0.2,0.0,0.17,0.37,1.35,0.6,33,22,184,80,98,38,64,20,1.0,0.6,8.4
True,True,100.0,100.0,114283,0,0,0,0,8.1,1,"[{'offset': 0, 'projected_percent': '8.1', 'likelihood': 1}, {'offset': 1, 'projected_percent': '8.2', 'likelihood': 1}, {'offset': 2, 'projected_percent': '8.2', 'likelihood': 1}]",,False,0,3,1.2,1.2,3,Jack,1.2,238,False,,2026-07-29T10:00:10.492904Z,65,114283.jpg,1.5,False,Grealish,0.5,False,,a,9,11,6,40279,3235,22989,2705,0.2,0.9,Grealish,,241.0,2026-09-01,1995-09-10,False,p114283,135,0,0,1,1,0,0,0,0,0,0,0,36,21.6,71.7,20.0,11.4,2,8,3,13,1,0.02,0.44,0.46,1.67,,,,,,,"[{'property': 'loan_ineligible', 'notes': 'This player will not be available to face their parent club in Gameweek 18 as part of their loan conditions.', 'gameweek': 18, 'url': None}, {'property': 'loan_ineligible', 'notes': 'This player will not be available to face their parent club in Gameweek 28 as part of their loan conditions.', 'gameweek': 28, 'url': None}]",,281,121,70,56,190,103,195,92,0.01,0.0,0.29,0.3,1.11,0.67,35,23,254,116,276,123,255,84,0.67,0.67,8.67
True,True,100.0,100.0,232928,0,0,0,0,3.3,2,"[{'offset': 0, 'projected_percent': '3.3', 'likelihood': 1}, {'offset': 1, 'projected_percent': '3.3', 'likelihood': 1}, {'offset': 2, 'projected_percent': '3.4', 'likelihood': 1}]",,False,0,3,2.5,2.5,3,James,2.5,239,False,,2026-09-06T18:00:08.301702Z,60,232928.jpg,2.2,False,Garner,0.2,False,,a,9,11,11,20947,1495,13687,1787,0.4,1.8,Garner,,241.0,2022-09-01,2001-03-13,False,p232928,328,0,0,2,2,0,0,0,2,0,0,0,71,51.4,68.3,13.0,13.4,9,25,11,45,4,0.20,0.17,0.37,3.45,1.0,,1.0,,2.0,,[],,190,78,80,59,236,123,166,85,0.05,0.0,0.05,0.1,0.95,0.55,68,47,163,69,220,97,322,115,1.1,0.55,12.35
True,True,,,550615,0,0,0,0,28.8,-2,"[{'offset': 0, 'projected_percent': '28.8', 'likelihood': 2}, {'offset': 1, 'projected_percent': '28.8', 'likelihood': 2}, {'offset': 2, 'projected_percent': '28.7', 'likelihood': 2}]",,False,0,3,4.0,4.0,1,Tyrique,4.0,242,False,,,55,550615.jpg,3.8,False,George,0.9,False,,a,9,11,19,106858,2193,41760,10096,0.7,3.5,George,,241.0,2026-07-06,2006-02-04,False,p550615,309,1,0,2,3,0,0,0,0,0,0,3,77,64.0,86.2,75.0,22.5,5,12,1,18,4,0.35,0.32,0.67,3.71,,,,,,,[],,150,55,54,44,54,33,66,41,0.1,0.0,0.09,0.19,1.08,0.87,160,100,77,29,106,42,190,61,1.17,0.58,5.24
True,True,,,502697,0,0,-1,1,-42.4,0,"[{'offset': 0, 'projected_percent': '-42.4', 'likelihood': -3}, {'offset': 1, 'projected_percent': '-42.4', 'likelihood': -3}, {'offset': 2, 'projected_percent': '-42.4', 'likelihood': -3}]",,False,0,3,0.0,0.0,0,Carlos,0.0,243,False,,,49,502697.jpg,0.5,False,Alcaraz Durán,0.1,False,,a,9,11,1,2855,154,5805,372,0.0,0.2,Alcaraz,,10.0,2025-07-01,2002-11-30,False,p502697,5,0,0,0,0,0,0,0,1,0,0,0,5,5.0,0.8,25.0,2.7,0,2,1,3,0,0.05,0.02,0.07,0.04,,,,,,,[],,361,167,363,181,167,90,330,155,0.9,0.0,0.36,1.26,0.72,0.0,385,229,575,241,416,199,451,174,0.0,0.0,54.0
True,True,100.0,75.0,609873,0,0,0,0,8.9,0,"[{'offset': 0, 'projected_percent': '8.9', 'likelihood': 1}, {'offset': 1, 'projected_percent': '8.9', 'likelihood': 1}, {'offset': 2, 'projected_percent': '8.9', 'likelihood': 1}]",,False,0,3,2.0,1.5,2,Harrison,2.0,244,False,,2026-09-17T08:30:08.942299Z,50,609873.jpg,3.2,False,Armstrong,0.4,False,,a,9,11,16,53796,736,32476,3122,0.4,3.2,Armstrong,,241.0,2024-08-09,2007-01-19,False,p609873,446,0,1,3,3,0,0,0,2,0,0,0,61,62.6,64.5,19.0,14.7,13,19,8,40,5,0.21,0.49,0.70,6.94,,,,,,,[],,155,58,86,63,192,105,149,76,0.04,0.0,0.1,0.14,1.4,0.61,328,198,196,87,129,50,273,90,1.01,0.61,8.07
True,True,,,496661,0,0,-1,1,-83.5,0,"[{'offset': 0, 'projected_percent': '-83.5', 'likelihood': -3}, {'offset': 1, 'projected_percent': '-83.5', 'likelihood': -3}, {'offset': 2, 'projected_percent': '-83.5', 'likelihood': -3}]",,False,0,3,0.2,0.2,1,Tyler,0.2,245,False,,,54,496661.jpg,1.0,False,Dibling,0.0,False,,a,9,11,1,1165,110,2637,138,0.0,0.2,Dibling,,241.0,2025-08-25,2006-02-17,False,p496661,24,0,0,0,0,0,0,0,0,0,0,0,10,7.2,24.4,26.0,5.8,0,0,0,0,0,0.17,0.16,0.33,0.38,,,,,,,[],,346,161,201,114,163,87,274,121,0.64,0.0,0.6,1.24,1.42,0.0,201,125,389,188,382,179,547,225,0.0,0.0,0.0
True,True,0.0,0.0,513466,0,0,-1,1,-41.4,-4,"[{'offset': 0, 'projected_percent': '-44.9', 'likelihood': -3}, {'offset': 1, 'projected_percent': '-51.3', 'likelihood': -3}, {'offset': 2, 'projected_percent': '-57.7', 'likelihood': -3}]",,False,0,3,0.0,0.0,0,Merlin,0.8,246,False,Unspecified injury - Expected back 11 Oct,2026-09-16T18:00:09.541933Z,49,513466.jpg,2.0,False,Röhl,0.0,False,,i,9,11,6,1962,7,4651,551,0.2,1.2,Röhl,,80.0,2026-06-15,2002-07-05,False,p513466,249,0,0,1,2,0,0,0,1,0,0,0,35,26.6,32.1,2.0,6.1,6,13,5,24,3,0.00,0.20,0.20,4.52,,,,,,,[],,261,108,181,106,325,161,266,119,0.0,0.0,0.07,0.07,1.63,0.72,386,230,287,131,230,100,529,212,1.08,0.36,8.67
True,True,100.0,100.0,244860,-1,1,-1,1,-4.2,-1,"[{'offset': 0, 'projected_percent': '-4.5', 'likelihood': -1}, {'offset': 1, 'projected_percent': '-5.0', 'likelihood': -1}, {'offset': 2, 'projected_percent': '-5.6', 'likelihood': -1}]",,False,0,3,1.8,1.8,1,Hayden,1.8,247,False,,2026-08-26T22:00:07.797766Z,54,244860.jpg,2.0,False,Hackney,0.2,False,,a,9,11,10,3728,177,11848,1008,0.3,1.9,Hackney,,241.0,2026-07-02,2002-06-26,False,p244860,137,0,1,1,1,0,0,0,0,0,0,0,39,40.4,50.0,21.0,11.1,4,5,3,12,1,0.05,0.13,0.18,3.91,3.0,,,,,,[],,216,93,120,80,185,98,197,94,0.03,0.0,0.09,0.12,2.57,0.66,185,116,221,101,235,104,342,121,0.66,0.66,7.88
True,False,0.0,0.0,486385,0,0,-1,1,0.0,-4,"[{'offset': 0, 'projected_percent': '0.0', 'likelihood': 0}, {'offset': 1, 'projected_percent': '0.0', 'likelihood': 0}, {'offset': 2, 'projected_percent': '0.0', 'likelihood': 0}]",,False,0,4,0.0,0.0,0,Norberto Bercique,0.2,248,False,Has joined Fiorentina permanently,2026-09-02T16:05:23.357221Z,54,486385.jpg,1.0,False,Gomes Betuncal,0.6,False,,u,9,11,2,16222,0,218996,6674,0.0,0.4,Beto,Beto,90.0,2023-08-29,1998-01-31,False,p486385,31,0,0,0,0,0,0,0,0,0,0,0,5,3.0,0.3,5.0,0.8,1,0,0,1,0,0.09,0.00,0.09,1.92,,,,,,,[],,380,40,383,47,296,39,381,43,0.26,0.0,0.0,0.26,5.57,0.0,198,46,388,44,381,43,232,38,0.0,0.0,2.9
True,True,,,586309,0,0,1,-1,98.3,54,"[{'offset': 0, 'projected_percent': '98.8', 'likelihood': 4}, {'offset': 1, 'projected_percent': '99.5', 'likelihood': 4}, {'offset': 2, 'projected_percent': '100.3', 'likelihood': 5}]",,False,0,4,3.0,3.0,6,Thierno,3.0,249,False,,,56,586309.jpg,4.0,False,Barry,8.2,False,,a,9,11,20,955970,73815,352580,34404,0.5,3.6,Barry,,73.0,2025-07-09,2002-10-21,False,p586309,417,2,0,3,3,0,0,0,0,0,0,2,83,85.8,72.0,207.0,36.5,5,11,1,17,5,3.50,0.15,3.65,5.02,,,,,1.0,,[],,105,9,69,3,3,2,16,4,0.76,0.0,0.03,0.79,1.08,0.65,122,31,130,12,95,8,47,8,1.08,0.65,3.67
True,True,,,154043,0,0,0,0,16.3,22,"[{'offset': 0, 'projected_percent': '16.4', 'likelihood': 1}, {'offset': 1, 'projected_percent': '16.7', 'likelihood': 1}, {'offset': 2, 'projected_percent': '17.0', 'likelihood': 1}]",,False,0,2,7.0,7.0,8,Ainsley,7.0,649,False,,,45,154043.jpg,7.0,False,Maitland-Niles,1.4,False,,a,9,11,21,91007,17975,13846,3954,1.6,4.7,Maitland-Niles,,241.0,2026-09-01,1997-08-29,False,p154043,177,1,0,2,1,0,0,0,0,0,0,2,75,67.2,38.8,8.0,11.4,8,7,5,13,2,0.06,0.25,0.31,2.00,,,,,,,[],,139,63,161,43,267,93,192,69,0.03,0.0,0.13,0.16,1.02,0.51,440,89,9,3,10,5,158,64,1.02,1.02,6.61
True,True,,,629068,0,0,0,0,-29.6,0,"[{'offset': 0, 'projected_percent': '-29.6', 'likelihood': -2}, {'offset': 1, 'projected_percent': '-29.6', 'likelihood': -2}, {'offset': 2, 'projected_percent': '-29.6', 'likelihood': -2}]",,False,0,3,0.0,0.0,0,Braiden,0.0,654,False,,,45,629068.jpg,0.0,False,Graham,0.1,False,,a,9,11,0,11263,217,5237,932,0.0,0.0,Graham,,242.0,2025-12-29,2007-11-07,False,p629068,0,0,0,0,0,0,0,0,0,0,0,0,0,0.0,0.0,0.0,0.0,0,0,0,0,0,0.00,0.00,0.00,0.00,,,,,,,[],,539,216,535,222,495,194,544,217,0.0,0.0,0.0,0.0,0.0,0.0,531,278,537,217,552,224,412,152,0.0,0.0,0.0
True,True,,,80201,0,0,0,0,8.0,12,"[{'offset': 0, 'projected_percent': '8.1', 'likelihood': 1}, {'offset': 1, 'projected_percent': '8.2', 'likelihood': 1}, {'offset': 2, 'projected_percent': '8.4', 'likelihood': 1}]",,False,0,1,4.0,4.0,3,Bernd,4.0,250,False,,,45,80201.jpg,3.6,False,Leno,3.3,False,,a,10,54,18,145041,34144,100538,9496,0.9,4.0,Leno,,80.0,2022-08-02,1992-03-04,False,p80201,450,0,0,1,8,0,0,0,0,0,16,2,77,127.6,0.0,0.0,12.8,6,41,0,0,5,0.00,0.00,0.00,9.11,,,,,,,[],,35,6,476,38,426,33,172,6,0.0,3.2,0.0,0.0,1.82,1.6,431,25,66,7,110,11,100,16,1.0,0.2,0.0
True,True,,,86873,0,0,0,0,-22.5,2,"[{'offset': 0, 'projected_percent': '-22.4', 'likelihood': -2}, {'offset': 1, 'projected_percent': '-22.1', 'likelihood': -2}, {'offset': 2, 'projected_percent': '-21.9', 'likelihood': -2}]",,False,0,1,0.0,0.0,0,Benjamin,0.0,251,False,,,40,86873.jpg,0.0,False,Lecomte,1.1,False,,a,10,54,0,24955,2227,25687,2252,0.0,0.0,Lecomte,,73.0,2025-07-26,1991-04-26,False,p86873,0,0,0,0,0,0,0,0,0,0,0,0,0,0.0,0.0,0.0,0.0,0,0,0,0,0,0.00,0.00,0.00,0.00,,,,,,,[],,417,31,405,12,349,7,421,31,0.0,0.0,0.0,0.0,0.0,0.0,594,55,408,29,431,31,167,25,0.0,0.0,0.0
True,False,0.0,0.0,505079,0,0,0,0,0.0,0,"[{'offset': 0, 'projected_percent': '0.0', 'likelihood': 0}, {'offset': 1, 'projected_percent': '0.0', 'likelihood': 0}, {'offset': 2, 'projected_percent': '0.0', 'likelihood': 0}]",,False,0,1,0.0,0.0,0,Alfie,0.0,252,False,Has joined York City on loan for the rest of the season,2026-09-01T13:25:11.231240Z,40,505079.jpg,0.0,False,McNally,0.1,False,,u,10,54,0,2589,0,6549,553,0.0,0.0,McNally,,,,,False,p505079,0,0,0,0,0,0,0,0,0,0,0,0,0,0.0,0.0,0.0,0.0,0,0,0,0,0,0.00,0.00,0.00,0.00,,,,,,,[],,444,48,435,29,379,24,449,48,0.0,0.0,0.0,0.0,0.0,0.0,635,72,437,46,458,48,398,47,0.0,0.0,0.0
True,True,100.0,100.0,174874,0,0,0,0,0.7,1,"[{'offset': 0, 'projected_percent': '0.7', 'likelihood': 1}, {'offset': 1, 'projected_percent': '0.7', 'likelihood': 1}, {'offset': 2, 'projected_percent': '0.7', 'likelihood': 1}]",,False,0,2,0.8,0.8,1,Joachim,0.8,253,False,,2026-07-23T12:01:23.516350Z,50,174874.jpg,1.0,False,Andersen,0.2,False,,a,10,54,3,14332,2458,9102,992,0.2,0.6,Andersen,,58.0,2024-08-23,1996-05-31,False,p174874,190,0,0,0,5,0,0,0,1,0,0,0,12,52.2,35.8,8.0,9.6,18,9,2,20,2,0.00,0.10,0.10,4.35,,,,,,,[],,185,77,168,48,270,95,215,76,0.0,0.0,0.05,0.05,2.06,2.37,253,37,292,107,350,134,366,140,0.95,0.0,9.47
True,True,,,169528,0,0,0,0,-19.4,5,"[{'offset': 0, 'projected_percent': '-19.1', 'likelihood': -1}, {'offset': 1, 'projected_percent': '-18.7', 'likelihood': -1}, {'offset': 2, 'projected_percent': '-18.2', 'likelihood': -1}]",,False,0,2,2.8,2.8,2,Antonee,2.8,254,False,,,45,169528.jpg,2.4,False,Robinson,1.4,False,,a,10,54,12,56597,14112,69699,5724,0.6,2.7,Robinson,Antonee Robinson,229.0,2020-08-20,1997-08-08,False,p169528,429,0,0,1,8,0,0,0,0,0,0,0,65,93.6,106.7,18.0,21.8,18,20,13,31,5,0.26,0.30,0.56,9.08,,,,,2.0,,[],,88,40,39,7,201,59,74,16,0.05,0.0,0.06,0.11,1.9,1.68,442,91,135,51,193,77,153,62,1.05,0.21,6.5
True,True,,,246301,0,0,0,0,-68.6,0,"[{'offset': 0, 'projected_percent': '-68.6', 'likelihood': -3}, {'offset': 1, 'projected_percent': '-68.6', 'likelihood': -3}, {'offset': 2, 'projected_percent': '-68.6', 'likelihood': -3}]",,False,0,2,0.0,0.0,0,Jorge,0.0,255,False,,,45,246301.jpg,3.0,False,Cuenca Barreno,0.0,False,,a,10,54,3,1539,59,1990,97,0.0,0.7,J.Cuenca,,200.0,2024-08-03,1999-11-17,False,p246301,90,0,0,0,3,0,0,0,0,0,0,0,7,32.8,21.3,0.0,5.4,9,3,1,10,1,0.00,0.03,0.03,2.24,,,,,,,[],,243,98,217,73,446,182,282,104,0.0,0.0,0.03,0.03,2.24,3.0,470,111,496,189,136,57,553,189,1.0,0.0,10.0
True,True,100.0,0.0,167074,0,0,-1,1,-0.1,0,"[{'offset': 0, 'projected_percent': '-0.1', 'likelihood': -1}, {'offset': 1, 'projected_percent': '-0.1', 'likelihood': -1}, {'offset': 2, 'projected_percent': '-0.1', 'likelihood': -1}]",2026-09-28T19:00:09.637551Z,False,0,2,0.0,0.0,0,Kenny,0.0,256,False,,2026-09-18T12:30:09.546158Z,44,167074.jpg,0.0,False,Tete,0.2,False,,a,10,54,0,1377,46,10433,988,0.0,0.0,Tete,,152.0,2020-09-10,1995-10-09,False,p167074,27,0,0,0,0,0,0,0,1,0,0,0,-1,1.6,0.3,2.0,0.4,3,0,0,3,0,0.00,0.00,0.00,0.65,,,,,,,[],,388,143,379,141,317,117,390,140,0.0,0.0,0.0,0.0,2.17,0.0,553,138,463,176,483,182,343,129,0.0,0.0,10.0
True,True,,,232892,0,0,0,0,-2.3,6,"[{'offset': 0, 'projected_percent': '-1.5', 'likelihood': -1}, {'offset': 1, 'projected_percent': '-0.2', 'likelihood': -1}, {'offset': 2, 'projected_percent': '0.1', 'likelihood': 1}]",,False,0,2,3.8,3.8,6,Calvin,3.8,257,False,,,45,232892.jpg,3.0,False,Bassey,0.7,False,,a,10,54,15,25577,4563,29679,1533,0.8,3.3,Bassey,,157.0,2023-07-28,1999-12-31,False,p232892,450,0,1,1,8,0,0,0,1,0,0,1,69,97.0,15.3,40.0,15.2,23,22,6,29,5,0.13,0.08,0.21,9.11,,,,,,,[],,81,36,237,83,122,32,138,47,0.03,0.0,0.02,0.05,1.82,1.6,461,104,81,32,134,56,214,84,1.0,0.2,5.8
True,True,,,166477,0,0,0,0,13.3,4,"[{'offset': 0, 'projected_percent': '13.3', 'likelihood': 1}, {'offset': 1, 'projected_percent': '13.4', 'likelihood': 1}, {'offset': 2, 'projected_percent': '13.4', 'likelihood': 1}]",,False,0,2,3.5,3.5,1,Timothy,3.5,258,False,,,45,166477.jpg,4.0,False,Castagne,0.9,False,,a,10,54,20,89825,13183,42940,4211,0.8,4.4,Castagne,,21.0,2023-08-29,1995-12-05,False,p166477,408,0,2,2,7,0,0,0,2,0,0,0,64,90.4,58.6,57.0,20.6,23,18,6,29,5,0.67,0.39,1.06,6.81,,,,,,,[],,96,44,97,22,78,11,83,22,0.15,0.0,0.09,0.24,1.5,1.54,441,90,87,35,87,37,186,71,1.1,0.44,6.4
True,True,,,153133,0,0,-1,1,-57.3,4,"[{'offset': 0, 'projected_percent': '-56.8', 'likelihood': -3}, {'offset': 1, 'projected_percent': '-55.9', 'likelihood': -3}, {'offset': 2, 'projected_percent': '-55.0', 'likelihood': -3}]",,False,0,3,3.0,3.0,5,Alex,3.0,261,False,,,54,153133.jpg,2.8,False,Iwobi,0.7,False,,a,10,54,14,21872,2952,55270,2909,0.6,2.6,Iwobi,,157.0,2023-09-01,1996-05-03,False,p153133,408,0,0,2,7,0,0,0,0,0,0,2,94,60.6,167.5,49.0,27.7,5,19,5,29,5,0.39,1.22,1.61,8.16,1.0,,1.0,,3.0,,[],,163,62,9,8,97,54,42,31,0.09,0.0,0.27,0.36,1.8,1.54,169,107,126,51,170,71,222,70,1.1,0.44,6.4
True,True,,,209289,-1,1,-2,2,-0.3,0,"[{'offset': 0, 'projected_percent': '-0.3', 'likelihood': -1}, {'offset': 1, 'projected_percent': '-0.3', 'likelihood': -1}, {'offset': 2, 'projected_percent': '-0.3', 'likelihood': -1}]",,False,0,3,0.8,0.8,0,Emile,0.8,262,False,,,53,209289.jpg,1.0,False,Smith Rowe,0.2,False,,a,10,54,3,4464,266,20892,1233,0.2,0.6,Smith Rowe,,241.0,2024-08-02,2000-07-28,False,p209289,38,0,0,0,0,0,0,0,0,0,0,0,11,6.6,23.8,9.0,4.0,1,2,0,3,0,0.06,0.02,0.08,0.87,,,,,,,[],,350,163,204,115,263,135,307,139,0.14,0.0,0.05,0.19,2.06,0.0,215,134,293,134,362,163,314,111,0.0,0.0,7.11
True,True,,,560552,0,0,-2,2,-11.1,0,"[{'offset': 0, 'projected_percent': '-11.1', 'likelihood': -1}, {'offset': 1, 'projected_percent': '-11.1', 'likelihood': -1}, {'offset': 2, 'projected_percent': '-11.1', 'likelihood': -1}]",,False,0,3,0.8,0.8,1,Kevin,0.8,263,False,,,53,560552.jpg,1.0,False,Santos Lopes de Macedo,0.0,False,,a,10,54,4,1985,181,4194,257,0.2,0.8,Kevin,Kevin,30.0,2025-09-01,2003-01-04,False,p560552,61,0,0,0,1,0,0,0,0,0,0,0,14,10.6,6.8,18.0,3.5,1,4,3,8,0,0.07,0.12,0.19,1.23,4.0,,,,,,[],,322,145,289,144,204,112,316,144,0.1,0.0,0.18,0.28,1.81,1.48,233,146,294,135,369,169,510,202,0.0,0.0,11.8
True,True,,,477555,0,0,0,0,-48.8,0,"[{'offset': 0, 'projected_percent': '-48.8', 'likelihood': -3}, {'offset': 1, 'projected_percent': '-48.8', 'likelihood': -3}, {'offset': 2, 'projected_percent': '-48.8', 'likelihood': -3}]",,False,0,3,2.8,2.8,3,Oscar,2.8,264,False,,,55,477555.jpg,2.6,False,Bobb,0.3,False,,a,10,54,13,15976,1973,20722,1616,0.5,2.4,Bobb,,161.0,2026-01-30,2003-07-12,False,p477555,343,0,0,3,6,0,0,0,0,0,0,0,53,42.0,118.7,77.0,23.8,5,15,8,28,5,0.54,1.14,1.68,6.19,2.0,,,,,,[],,212,90,30,26,52,32,58,38,0.14,0.0,0.3,0.44,1.62,1.57,152,94,143,62,185,81,294,101,1.31,0.79,7.35
True,True,,,207189,0,0,-1,1,-32.1,-4,"[{'offset': 0, 'projected_percent': '-33.2', 'likelihood': -2}, {'offset': 1, 'projected_percent': '-35.3', 'likelihood': -2}, {'offset': 2, 'projected_percent': '-37.4', 'likelihood': -2}]",,False,0,3,2.2,2.2,3,Sander,2.2,265,False,,,49,207189.jpg,2.2,False,Berge,0.3,False,,a,10,54,11,6267,536,17921,1165,0.4,2.2,Berge,,161.0,2024-08-22,1998-02-14,False,p207189,349,0,0,2,5,0,0,0,0,0,0,0,67,51.4,81.0,22.0,15.4,7,8,4,19,4,0.08,0.36,0.44,7.36,,,,,,,[],,189,77,61,50,176,95,135,71,0.02,0.0,0.09,0.11,1.9,1.29,350,211,174,74,209,90,296,103,1.03,0.52,4.9
True,True,0.0,0.0,76357,0,0,-1,1,-15.4,0,"[{'offset': 0, 'projected_percent': '-15.4', 'likelihood': -1}, {'offset': 1, 'projected_percent': '-15.4', 'likelihood': -1}, {'offset': 2, 'projected_percent': '-15.4', 'likelihood': -1}]",,False,0,3,0.0,0.0,0,Tom,0.0,266,False,Knee injury - Expected back 10 Oct,2026-08-14T18:00:06.460944Z,49,76357.jpg,0.0,False,Cairney,0.0,False,,i,10,54,0,108,7,331,20,0.0,0.0,Cairney,,243.0,2015-07-07,1991-01-20,False,p76357,0,0,0,0,0,0,0,0,0,0,0,0,0,0.0,0.0,0.0,0.0,0,0,0,0,0,0.00,0.00,0.00,0.00,,,,,,,[],https://www.fulhamfc.com/news/2026/august/21/team-news-joachim-andersen-tom-cairney-absent-for-chelsea/,556,228,553,234,517,209,561,229,0.0,0.0,0.0,0.0,0.0,0.0,339,204,555,230,568,236,649,284,0.0,0.0,0.0
True,True,,,577725,0,0,0,0,81.8,30,"[{'offset': 0, 'projected_percent': '82.0', 'likelihood': 3}, {'offset': 1, 'projected_percent': '82.5', 'likelihood': 3}, {'offset': 2, 'projected_percent': '82.9', 'likelihood': 3}]",,False,0,3,4.2,4.2,2,Josh,4.2,268,False,,,55,577725.jpg,4.8,False,King,2.5,False,,a,10,54,24,320681,76546,94197,15629,0.8,4.4,King,,241.0,2024-02-02,2007-01-03,False,p577725,425,2,0,2,7,0,0,0,1,0,0,3,109,111.4,67.2,179.0,35.8,5,16,7,28,5,1.54,0.46,2.00,8.29,,,,,,,[],,55,19,84,61,5,2,18,14,0.33,0.0,0.1,0.43,1.76,1.48,163,102,63,23,67,27,114,35,1.06,0.42,5.93
True,True,100.0,75.0,184349,-1,1,-2,2,-1.2,0,"[{'offset': 0, 'projected_percent': '-1.2', 'likelihood': -1}, {'offset': 1, 'projected_percent': '-1.2', 'likelihood': -1}, {'offset': 2, 'projected_percent': '-1.2', 'likelihood': -1}]",,False,0,2,0.5,0.4,0,Ryan,0.5,269,False,,2026-09-14T11:30:07.403957Z,43,184349.jpg,1.0,False,Sessegnon,0.3,False,,a,10,54,3,2696,253,18888,1190,0.1,0.7,Sessegnon,,241.0,2024-07-26,2000-05-18,False,p184349,50,0,0,0,1,0,0,0,0,0,0,0,13,17.2,26.3,31.0,7.5,2,3,1,3,0,0.13,0.44,0.57,1.80,3.0,,,,,,[],,293,117,194,61,149,44,241,91,0.23,0.0,0.79,1.02,3.24,1.8,580,155,305,109,305,112,304,111,0.0,0.0,5.4
True,True,,,153366,0,0,-1,1,-9.7,-7,"[{'offset': 0, 'projected_percent': '-10.3', 'likelihood': -1}, {'offset': 1, 'projected_percent': '-11.2', 'likelihood': -1}, {'offset': 2, 'projected_percent': '-12.1', 'likelihood': -1}]",,False,0,3,0.0,0.0,0,Harrison,0.0,270,False,,,44,153366.jpg,0.0,False,Reed,1.1,False,,a,10,54,0,36105,2613,72530,6305,0.0,0.0,Reed,,241.0,2020-08-30,1995-01-27,False,p153366,0,0,0,0,0,0,0,0,0,0,0,0,0,0.0,0.0,0.0,0.0,0,0,0,0,0,0.00,0.00,0.00,0.00,,,,,,,[],,468,192,460,198,409,170,473,193,0.0,0.0,0.0,0.0,0.0,0.0,551,290,462,193,482,200,168,52,0.0,0.0,0.0
True,True,,,244042,0,0,-1,1,-48.8,3,"[{'offset': 0, 'projected_percent': '-48.2', 'likelihood': -3}, {'offset': 1, 'projected_percent': '-47.2', 'likelihood': -3}, {'offset': 2, 'projected_percent': '-46.2', 'likelihood': -3}]",,False,0,4,0.5,0.5,0,Rodrigo,0.5,271,False,,,54,244042.jpg,0.8,False,Muniz Carvalho,0.4,False,,a,10,54,3,15816,1487,34904,2463,0.1,0.6,Muniz,Rodrigo Muniz,30.0,2021-08-20,2001-05-04,False,p244042,38,0,0,0,1,0,0,0,1,0,0,0,14,11.4,22.2,36.0,7.0,3,0,0,3,0,0.40,0.00,0.40,0.85,,,,,,,[],,317,32,215,25,136,26,251,25,0.95,0.0,0.0,0.95,2.01,2.37,184,44,340,39,409,49,264,45,0.0,0.0,7.11
True,True,,,631786,0,0,0,0,-59.9,-18,"[{'offset': 0, 'projected_percent': '-60.2', 'likelihood': -3}, {'offset': 1, 'projected_percent': '-60.7', 'likelihood': -3}, {'offset': 2, 'projected_percent': '-61.1', 'likelihood': -3}]",,False,0,4,0.0,0.0,0,Jonah,0.0,272,False,,,45,631786.jpg,0.0,False,Kusi-Asare,5.4,False,,a,10,54,0,159179,9708,298502,30697,0.0,0.0,Kusi-Asare,,206.0,2026-06-27,2007-07-04,False,p631786,0,0,0,0,0,0,0,0,0,0,0,0,0,0.0,0.0,0.0,0.0,0,0,0,0,0,0.00,0.00,0.00,0.00,,,,,,,[],,541,57,537,61,497,56,546,61,0.0,0.0,0.0,0.0,0.0,0.0,533,78,539,58,554,62,72,10,0.0,0.0,0.0
True,True,,,551466,0,0,0,0,53.4,53,"[{'offset': 0, 'projected_percent': '53.8', 'likelihood': 3}, {'offset': 1, 'projected_percent': '54.5', 'likelihood': 3}, {'offset': 2, 'projected_percent': '55.3', 'likelihood': 3}]",,False,0,4,2.0,2.0,2,Gonzalo,2.0,569,False,,,60,551466.jpg,2.8,False,García,3.9,False,,a,10,54,14,419525,57216,308439,29054,0.3,2.3,Gonzalo,,200.0,2026-08-03,2004-03-24,False,p551466,425,1,0,2,7,0,0,0,0,0,0,0,53,53.0,46.8,125.0,22.1,7,9,2,18,5,2.33,0.58,2.91,8.29,,,,,1.0,,[],,182,14,132,12,19,9,72,14,0.49,0.0,0.12,0.61,1.76,1.48,73,17,203,20,175,17,86,11,1.06,0.42,3.81
True,True,,,571779,0,0,-1,1,-6.3,1,"[{'offset': 0, 'projected_percent': '-5.8', 'likelihood': -1}, {'offset': 1, 'projected_percent': '-4.7', 'likelihood': -1}, {'offset': 2, 'projected_percent': '-3.7', 'likelihood': -1}]",,False,0,3,2.5,2.5,1,César,2.5,570,False,,,54,571779.jpg,3.0,False,Palacios,0.2,False,,a,10,54,12,5953,664,10526,880,0.5,2.2,Palacios,,200.0,2026-08-03,2004-11-11,False,p571779,226,1,0,0,7,0,0,0,1,0,0,1,48,45.4,32.6,62.0,14.0,4,10,3,17,3,0.98,0.03,1.01,5.46,,,,,,,[],,203,88,178,104,70,42,159,82,0.39,0.0,0.01,0.4,2.17,2.79,211,133,157,66,147,60,356,128,1.19,0.0,6.77
True,True,,,463210,0,0,0,0,-79.3,0,"[{'offset': 0, 'projected_percent': '-79.3', 'likelihood': -3}, {'offset': 1, 'projected_percent': '-79.3', 'likelihood': -3}, {'offset': 2, 'projected_percent': '-79.3', 'likelihood': -3}]",,False,0,3,3.0,3.0,4,Shea,3.0,580,False,,,50,463210.jpg,2.6,False,Charles,0.1,False,,a,10,54,13,2246,516,4039,363,0.6,2.6,Charles,,242.0,2026-08-11,2003-11-05,False,p463210,303,0,0,1,5,0,0,0,0,0,0,0,60,85.4,46.1,14.0,14.5,23,19,4,46,3,0.09,0.16,0.25,6.65,,,,,,,[],,107,32,138,88,226,120,152,79,0.03,0.0,0.05,0.08,1.98,1.49,286,173,124,49,181,80,449,172,0.89,0.3,13.66
True,False,0.0,0.0,547686,0,0,0,0,0.0,0,"[{'offset': 0, 'projected_percent': '0.0', 'likelihood': 0}, {'offset': 1, 'projected_percent': '0.0', 'likelihood': 0}, {'offset': 2, 'projected_percent': '0.0', 'likelihood': 0}]",,False,0,2,0.0,0.0,0,Luc,0.0,610,False,has joined  Real Salt Lake on loan for the rest of the seaon.,2026-08-28T11:30:08.336405Z,40,547686.jpg,0.0,False,De Fougerolles,0.1,False,,u,10,54,0,5787,0,5208,462,0.0,0.0,De Fougerolles,,39.0,2023-07-19,2005-10-12,False,p547686,0,0,0,0,0,0,0,0,0,0,0,0,0,0.0,0.0,0.0,0.0,0,0,0,0,0,0.00,0.00,0.00,0.00,,,,,,,[],,449,166,440,165,384,150,454,166,0.0,0.0,0.0,0.0,0.0,0.0,641,192,442,159,463,166,465,165,0.0,0.0,0.0
True,True,,,616069,0,0,0,0,-100.0,-8,"[{'offset': 0, 'projected_percent': '-102.1', 'likelihood': -5}, {'offset': 1, 'projected_percent': '-106.1', 'likelihood': -5}, {'offset': 2, 'projected_percent': '-110.0', 'likelihood': -5}]",,False,0,3,0.0,0.0,0,Macaulay,0.0,626,False,,,45,616069.jpg,0.0,False,Zepa,0.3,False,,a,10,54,0,34286,119,18252,2038,0.0,0.0,Zepa,,38.0,2026-07-06,2008-07-07,False,p616069,0,0,0,0,0,0,0,0,0,0,0,0,0,0.0,0.0,0.0,0.0,0,0,0,0,0,0.00,0.00,0.00,0.00,,,,,,,[],,536,214,532,220,491,192,541,215,0.0,0.0,0.0,0.0,0.0,0.0,526,275,534,215,549,222,295,102,0.0,0.0,0.0
True,True,,,551050,0,0,0,0,0.0,0,"[{'offset': 0, 'projected_percent': '0.0', 'likelihood': 0}, {'offset': 1, 'projected_percent': '0.0', 'likelihood': 0}, {'offset': 2, 'projected_percent': '0.0', 'likelihood': 0}]",,False,0,3,1.0,1.0,1,Hugo,1.0,635,False,,,50,551050.jpg,1.0,False,Larsson,0.0,False,,a,10,54,3,828,83,297,64,0.2,0.6,Larsson,,206.0,2026-09-01,2004-06-27,False,p551050,37,0,0,0,1,0,0,0,0,0,0,0,9,6.8,1.9,9.0,1.8,2,3,1,6,0,0.13,0.23,0.36,0.88,,,,,,,[],,349,162,336,168,262,134,353,168,0.32,0.0,0.56,0.88,2.14,2.43,321,194,263,119,356,160,621,264,0.0,0.0,14.59
True,True,,,500033,0,0,0,0,0.0,0,"[{'offset': 0, 'projected_percent': '0.0', 'likelihood': 0}, {'offset': 1, 'projected_percent': '0.0', 'likelihood': 0}, {'offset': 2, 'projected_percent': '0.0', 'likelihood': 0}]",,False,0,3,0.0,0.0,0,Manuel Ángel,0.0,636,False,,,50,500033.jpg,0.0,False,Morán Ibáñez,0.0,False,,a,10,54,0,365,28,166,24,0.0,0.0,Ángel,Manuel Ángel,200.0,2026-09-01,2004-03-15,False,p500033,0,0,0,0,0,0,0,0,0,0,0,0,0,0.0,0.0,0.0,0.0,0,0,0,0,0,0.00,0.00,0.00,0.00,,,,,,,[],,608,260,614,265,591,251,614,262,0.0,0.0,0.0,0.0,0.0,0.0,307,184,609,262,617,265,644,279,0.0,0.0,0.0
True,True,,,442299,0,0,0,0,1.0,7,"[{'offset': 0, 'projected_percent': '1.0', 'likelihood': 1}, {'offset': 1, 'projected_percent': '1.1', 'likelihood': 1}, {'offset': 2, 'projected_percent': '1.2', 'likelihood': 1}]",,False,0,2,4.0,4.0,4,David,4.0,650,False,,,45,442299.jpg,6.0,False,Affengruber,0.1,False,,a,10,54,12,6513,3635,1383,761,0.9,2.7,Affengruber,,14.0,2026-09-01,2001-03-19,False,p442299,180,0,0,1,1,0,0,0,0,0,0,0,40,51.0,14.6,0.0,6.6,20,7,3,23,2,0.00,0.02,0.02,2.88,,,,,,,[],,193,79,244,86,450,185,260,98,0.0,0.0,0.01,0.01,1.44,0.5,474,114,69,30,26,11,490,175,1.0,0.5,11.5
True,True,100.0,100.0,490094,0,0,0,0,0.1,0,"[{'offset': 0, 'projected_percent': '0.1', 'likelihood': 1}, {'offset': 1, 'projected_percent': '0.1', 'likelihood': 1}, {'offset': 2, 'projected_percent': '0.1', 'likelihood': 1}]",,False,0,3,0.5,0.5,1,Tim,0.5,240,False,,2026-08-15T20:00:06.878792Z,50,490094.jpg,0.7,False,Iroegbunam,0.0,False,,a,11,88,2,1111,73,1143,129,0.1,0.4,Iroegbunam,,241.0,2026-09-01,2003-06-30,False,p490094,70,0,0,0,0,0,0,0,1,0,0,0,10,9.2,11.5,10.0,3.1,1,5,3,9,0,0.12,0.01,0.13,0.60,,,,,,,[],,329,150,270,137,256,132,318,146,0.15,0.0,0.01,0.16,0.77,0.0,297,178,328,153,411,196,584,241,0.0,0.0,11.57
True,True,,,167825,0,0,0,0,-26.3,-4,"[{'offset': 0, 'projected_percent': '-26.5', 'likelihood': -2}, {'offset': 1, 'projected_percent': '-26.9', 'likelihood': -2}, {'offset': 2, 'projected_percent': '-27.2', 'likelihood': -2}]",,False,0,1,0.0,0.0,0,Dillon,0.0,273,False,,,40,167825.jpg,0.0,False,Phillips,1.4,False,,a,11,88,0,28830,2705,37967,3084,0.0,0.0,Phillips,,241.0,2025-07-01,1995-06-11,False,p167825,0,0,0,0,0,0,0,0,0,0,0,0,0,0.0,0.0,0.0,0.0,0,0,0,0,0,0.00,0.00,0.00,0.00,,,,,,,[],,423,36,412,17,356,12,427,36,0.0,0.0,0.0,0.0,0.0,0.0,601,60,415,34,437,36,155,23,0.0,0.0,0.0
True,True,0.0,0.0,105666,-1,1,-1,1,-0.4,-1,"[{'offset': 0, 'projected_percent': '-0.7', 'likelihood': -1}, {'offset': 1, 'projected_percent': '-1.2', 'likelihood': -1}, {'offset': 2, 'projected_percent': '-1.7', 'likelihood': -1}]",,False,0,1,0.0,0.0,0,Jack,0.0,274,False,Arm injury - Unknown return date,2026-08-08T19:00:05.601633Z,44,105666.jpg,0.0,False,Butland,0.1,False,,i,11,88,0,631,62,4905,292,0.0,0.0,Butland,,241.0,2026-07-02,1993-03-10,False,p105666,0,0,0,0,0,0,0,0,0,0,0,0,0,0.0,0.0,0.0,0.0,0,0,0,0,0,0.00,0.00,0.00,0.00,,,,,,,[],,466,50,457,31,404,26,471,50,0.0,0.0,0.0,0.0,0.0,0.0,545,44,460,48,480,50,468,54,0.0,0.0,0.0
True,False,0.0,0.0,494950,0,0,0,0,0.0,0,"[{'offset': 0, 'projected_percent': '0.0', 'likelihood': 0}, {'offset': 1, 'projected_percent': '0.0', 'likelihood': 0}, {'offset': 2, 'projected_percent': '0.0', 'likelihood': 0}]",,False,0,1,0.0,0.0,0,Harvey,0.0,275,False,Has joined Grimsby Town on loan for the rest of the season,2026-07-29T13:00:27.959925Z,40,494950.jpg,0.0,False,Cartwright,0.0,False,,u,11,88,0,0,0,325,23,0.0,0.0,Cartwright,,241.0,2020-07-01,2002-05-09,False,p494950,0,0,0,0,0,0,0,0,0,0,0,0,0,0.0,0.0,0.0,0.0,0,0,0,0,0,0.00,0.00,0.00,0.00,,,,,,,[],,441,47,432,28,376,23,446,47,0.0,0.0,0.0,0.0,0.0,0.0,631,71,434,45,455,47,627,73,0.0,0.0,0.0
True,False,0.0,0.0,444307,0,0,0,0,0.0,0,"[{'offset': 0, 'projected_percent': '0.0', 'likelihood': 0}, {'offset': 1, 'projected_percent': '0.0', 'likelihood': 0}, {'offset': 2, 'projected_percent': '0.0', 'likelihood': 0}]",,False,0,1,0.0,0.0,0,Thimothée,0.0,276,False,Has joined Colchester United on loan for the rest of the season,2026-08-17T13:50:27.125537Z,40,444307.jpg,0.0,False,Lo-Tutala,0.0,False,,u,11,88,0,0,0,1101,107,0.0,0.0,Lo-Tutala,,73.0,2023-07-01,2003-02-13,False,p444307,0,0,0,0,0,0,0,0,0,0,0,0,0,0.0,0.0,0.0,0.0,0,0,0,0,0,0.00,0.00,0.00,0.00,,,,,,,[],,434,43,425,24,369,19,439,43,0.0,0.0,0.0,0.0,0.0,0.0,620,67,427,41,448,43,564,65,0.0,0.0,0.0
True,True,,,108416,0,0,1,-1,25.3,-7,"[{'offset': 0, 'projected_percent': '25.2', 'likelihood': 2}, {'offset': 1, 'projected_percent': '25.1', 'likelihood': 2}, {'offset': 2, 'projected_percent': '25.0', 'likelihood': 2}]",,False,0,2,4.5,4.5,1,John,4.5,277,False,,,41,108416.jpg,5.2,False,Egan,7.0,False,,a,11,88,26,748265,25106,213603,26682,1.1,6.3,Egan,,104.0,2025-02-03,1992-10-20,False,p108416,437,0,0,3,4,0,0,0,1,0,0,1,71,110.8,1.3,21.0,13.4,50,12,9,59,5,0.05,0.00,0.05,7.27,,,,,,,[],,56,23,348,127,178,54,163,57,0.01,0.0,0.0,0.01,1.5,0.82,585,160,54,25,51,20,54,21,1.03,0.62,12.15
True,True,0.0,0.0,501902,0,0,-1,1,0.5,-4,"[{'offset': 0, 'projected_percent': '0.4', 'likelihood': 1}, {'offset': 1, 'projected_percent': '0.4', 'likelihood': 1}, {'offset': 2, 'projected_percent': '0.3', 'likelihood': 1}]",,False,0,2,0.0,0.0,0,Charlie,0.0,278,False,Groin injury - Unknown return date,2026-08-02T09:00:11.030017Z,39,501902.jpg,0.0,False,Hughes,0.2,False,,i,11,88,0,16802,1013,12742,1775,0.0,0.0,Hughes,,241.0,2024-08-16,2003-10-16,False,p501902,0,0,0,0,0,0,0,0,0,0,0,0,0,0.0,0.0,0.0,0.0,0,0,0,0,0,0.00,0.00,0.00,0.00,,,,,,,[],,409,150,397,146,341,131,413,149,0.0,0.0,0.0,0.0,0.0,0.0,667,217,400,141,423,150,352,133,0.0,0.0,0.0
True,True,100.0,100.0,146426,0,0,2,-2,67.1,-36,"[{'offset': 0, 'projected_percent': '66.8', 'likelihood': 3}, {'offset': 1, 'projected_percent': '66.3', 'likelihood': 3}, {'offset': 2, 'projected_percent': '65.8', 'likelihood': 3}]",,False,1,2,3.2,3.2,1,Semi,3.2,279,False,,2026-08-22T17:30:07.668197Z,42,146426.jpg,5.4,False,Ajayi,14.0,False,,a,11,88,27,1352071,40686,304662,54160,0.8,6.4,Ajayi,,157.0,2025-07-01,1993-11-09,False,p146426,423,1,0,3,4,0,0,0,1,0,0,2,79,85.6,4.2,51.0,14.1,21,16,6,27,5,0.66,0.01,0.67,6.43,,,,,,,[],,106,48,311,109,90,16,157,54,0.14,0.0,0.0,0.14,1.37,0.85,584,159,98,39,45,16,29,10,1.06,0.64,5.74
True,True,100.0,100.0,193278,0,0,0,0,0.2,0,"[{'offset': 0, 'projected_percent': '0.2', 'likelihood': 1}, {'offset': 1, 'projected_percent': '0.2', 'likelihood': 1}, {'offset': 2, 'projected_percent': '0.2', 'likelihood': 1}]",,False,0,2,2.0,2.0,1,Lewie,2.0,280,False,,2026-08-29T16:30:08.151841Z,40,193278.jpg,2.8,False,Coyle,0.7,False,,a,11,88,14,27470,1898,25653,1845,0.5,3.5,Coyle,,241.0,2020-08-07,1995-10-15,False,p193278,348,0,0,2,4,0,0,0,1,0,0,0,49,24.0,29.9,11.0,6.5,8,11,3,11,5,0.13,0.07,0.20,6.22,,,,,,,[],,272,111,185,58,243,81,262,99,0.03,0.0,0.02,0.05,1.61,1.03,605,167,187,71,159,64,220,86,1.29,0.52,2.84
True,False,0.0,0.0,433590,0,0,0,0,0.0,0,"[{'offset': 0, 'projected_percent': '0.0', 'likelihood': 0}, {'offset': 1, 'projected_percent': '0.0', 'likelihood': 0}, {'offset': 2, 'projected_percent': '0.0', 'likelihood': 0}]",,False,0,2,0.0,0.0,0,Cody,0.2,281,False,Has joined Genoa permanently,2026-09-02T16:09:06.479140Z,40,433590.jpg,1.0,False,Drameh,0.0,False,,u,11,88,2,2118,0,4487,234,0.0,0.5,Drameh,,241.0,2024-07-23,2001-12-08,False,p433590,65,0,0,0,0,0,0,0,0,0,0,0,8,6.4,0.4,1.0,0.8,5,4,1,6,0,0.05,0.00,0.05,0.87,,,,,,,[],,351,129,376,139,335,125,379,135,0.07,0.0,0.0,0.07,1.2,0.0,617,175,355,125,301,108,508,179,0.0,0.0,8.31
True,True,,,232351,0,0,0,0,66.8,3,"[{'offset': 0, 'projected_percent': '66.9', 'likelihood': 3}, {'offset': 1, 'projected_percent': '66.9', 'likelihood': 3}, {'offset': 2, 'projected_percent': '66.9', 'likelihood': 3}]",,False,0,2,4.5,4.5,0,Ryan,4.5,282,False,,,40,232351.jpg,4.8,False,Giles,2.9,False,,a,11,88,24,276702,19885,64778,12487,1.1,6.0,Giles,,241.0,2024-06-27,2000-01-26,False,p232351,444,0,1,3,4,0,0,0,1,0,0,2,94,82.8,132.5,6.0,22.2,19,14,5,24,5,0.02,0.43,0.45,7.33,3.0,,1.0,,,,[],,112,51,24,2,282,99,70,14,0.0,0.0,0.09,0.09,1.49,0.81,613,174,53,24,61,26,106,40,1.01,0.61,4.86
True,False,0.0,0.0,449428,0,0,0,0,0.0,0,"[{'offset': 0, 'projected_percent': '0.0', 'likelihood': 0}, {'offset': 1, 'projected_percent': '0.0', 'likelihood': 0}, {'offset': 2, 'projected_percent': '0.0', 'likelihood': 0}]",,False,0,2,0.0,0.0,0,Matty,0.0,283,False,Has joined Newport County on loan until January,2026-08-02T09:00:11.038361Z,40,449428.jpg,0.0,False,Jacob,0.0,False,,u,11,88,0,114,0,690,33,0.0,0.0,Jacob,,241.0,2019-07-01,2001-06-03,False,p449428,0,0,0,0,0,0,0,0,0,0,0,0,0,0.0,0.0,0.0,0.0,0,0,0,0,0,0.00,0.00,0.00,0.00,,,,,,,[],,435,157,426,156,370,141,440,157,0.0,0.0,0.0,0.0,0.0,0.0,621,177,428,150,449,157,623,210,0.0,0.0,0.0
True,True,,,661800,0,0,0,0,0.4,1,"[{'offset': 0, 'projected_percent': '0.4', 'likelihood': 1}, {'offset': 1, 'projected_percent': '0.5', 'likelihood': 1}, {'offset': 2, 'projected_percent': '0.5', 'likelihood': 1}]",,False,0,2,0.0,0.0,0,Cathal,0.0,284,False,,,40,661800.jpg,0.0,False,McCarthy,0.1,False,,a,11,88,0,4898,364,4552,400,0.0,0.0,McCarthy,,,,,False,p661800,0,0,0,0,0,0,0,0,0,0,0,0,0,0.0,0.0,0.0,0.0,0,0,0,0,0,0.00,0.00,0.00,0.00,,,,,,,[],,465,181,456,180,401,166,470,181,0.0,0.0,0.0,0.0,0.0,0.0,661,211,458,174,479,181,425,154,0.0,0.0,0.0
True,True,100.0,100.0,160817,0,0,0,0,-39.4,0,"[{'offset': 0, 'projected_percent': '-39.4', 'likelihood': -2}, {'offset': 1, 'projected_percent': '-39.4', 'likelihood': -2}, {'offset': 2, 'projected_percent': '-39.4', 'likelihood': -2}]",,False,0,2,0.0,0.0,0,Paddy,0.0,285,False,,2026-09-09T13:30:08.327907Z,40,160817.jpg,1.0,False,McNair,0.1,False,,a,11,88,1,3128,175,4688,379,0.0,0.2,McNair,,242.0,2026-01-28,1995-04-27,False,p160817,26,0,0,0,0,0,0,0,0,0,0,0,3,4.2,0.0,0.0,0.4,2,1,0,2,0,0.00,0.00,0.00,0.96,,,,,,,[],,367,137,411,149,355,134,389,139,0.0,0.0,0.0,0.0,3.32,0.0,600,164,414,144,298,105,397,148,0.0,0.0,6.92
True,True,,,540324,0,0,1,-1,33.7,68,"[{'offset': 0, 'projected_percent': '34.3', 'likelihood': 2}, {'offset': 1, 'projected_percent': '35.2', 'likelihood': 2}, {'offset': 2, 'projected_percent': '36.2', 'likelihood': 2}]",,False,1,3,7.0,7.0,4,Mohamed,7.0,286,False,,,51,540324.jpg,6.2,False,Belloumi,5.0,False,,a,11,88,31,499454,69518,82114,22076,1.4,6.1,Belloumi,,3.0,2024-08-30,2002-06-01,False,p540324,394,2,2,3,3,0,0,0,1,0,0,2,111,157.8,67.5,100.0,32.5,14,14,16,44,5,0.72,0.43,1.15,6.44,2.0,,2.0,,,,[],,11,7,83,60,34,19,25,18,0.16,0.0,0.1,0.26,1.47,0.69,239,150,10,5,21,9,74,26,1.14,0.69,10.05
True,False,0.0,0.0,232905,0,0,0,0,0.0,0,"[{'offset': 0, 'projected_percent': '0.0', 'likelihood': 0}, {'offset': 1, 'projected_percent': '0.0', 'likelihood': 0}, {'offset': 2, 'projected_percent': '0.0', 'likelihood': 0}]",,False,0,3,0.0,0.0,0,Liam,1.5,287,False,Has joined Birmingham on loan for the rest of the season,2026-09-02T15:36:41.038103Z,50,232905.jpg,3.0,False,Millar,0.0,False,,u,11,88,6,3178,0,7491,271,0.3,1.2,Millar,,39.0,2024-08-09,1999-09-27,False,p232905,50,1,0,0,0,0,0,0,1,0,0,0,26,36.0,1.1,15.0,5.2,2,1,1,4,0,0.58,0.00,0.58,0.87,,,,,,,[],,233,100,354,177,219,118,287,129,1.04,0.0,0.0,1.04,1.57,0.0,273,168,235,104,142,57,543,222,0.0,0.0,7.2
True,True,,,171270,0,0,0,0,-89.5,0,"[{'offset': 0, 'projected_percent': '-89.5', 'likelihood': -3}, {'offset': 1, 'projected_percent': '-89.5', 'likelihood': -3}, {'offset': 2, 'projected_percent': '-89.5', 'likelihood': -3}]",,False,0,3,0.0,0.0,0,Kieran,0.0,288,False,,,45,171270.jpg,0.0,False,Dowell,0.3,False,,a,11,88,0,12291,534,21435,1852,0.0,0.0,Dowell,,241.0,2026-01-23,1997-10-10,False,p171270,0,0,0,0,0,0,0,0,0,0,0,0,0,0.0,0.0,0.0,0.0,0,0,0,0,0,0.00,0.00,0.00,0.00,,,,,,,[],,487,200,482,206,432,178,492,201,0.0,0.0,0.0,0.0,0.0,0.0,443,258,484,201,501,208,291,99,0.0,0.0,0.0
True,True,100.0,100.0,101282,-1,1,-1,1,0.6,-2,"[{'offset': 0, 'projected_percent': '0.6', 'likelihood': 1}, {'offset': 1, 'projected_percent': '0.6', 'likelihood': 1}, {'offset': 2, 'projected_percent': '0.6', 'likelihood': 1}]",,False,0,3,0.2,0.2,0,Matt,0.2,289,False,,2026-08-29T15:00:08.569326Z,44,101282.jpg,1.0,False,Crooks,0.5,False,,a,11,88,3,24024,4665,40044,3815,0.0,0.7,Crooks,,241.0,2025-01-10,1994-01-20,False,p101282,203,0,0,1,4,0,0,0,3,0,0,0,17,37.8,17.3,0.0,5.4,9,4,8,21,3,0.00,0.12,0.12,3.57,,,,,,,[],,225,96,228,124,403,168,281,127,0.0,0.0,0.05,0.05,1.58,1.77,544,288,359,168,307,136,250,81,1.33,0.44,9.31
True,True,,,243413,0,0,0,0,71.8,-24,"[{'offset': 0, 'projected_percent': '71.6', 'likelihood': 3}, {'offset': 1, 'projected_percent': '71.2', 'likelihood': 3}, {'offset': 2, 'projected_percent': '70.9', 'likelihood': 3}]",,False,0,3,2.2,2.2,2,Regan,2.2,290,False,,,45,243413.jpg,3.0,False,Slater,5.3,False,,a,11,88,15,497298,14365,275451,34452,0.5,3.3,Slater,,241.0,2022-01-27,1999-09-11,False,p243413,437,0,1,3,4,0,0,0,1,0,0,0,67,62.2,85.1,26.0,17.4,9,15,9,33,5,0.21,0.59,0.80,7.27,1.0,,,,,,[],,158,60,55,45,161,85,113,60,0.04,0.0,0.12,0.16,1.5,0.82,464,260,170,72,135,54,73,25,1.03,0.62,6.8
True,True,0.0,0.0,465525,0,0,0,0,-13.2,0,"[{'offset': 0, 'projected_percent': '-13.2', 'likelihood': -1}, {'offset': 1, 'projected_percent': '-13.2', 'likelihood': -1}, {'offset': 2, 'projected_percent': '-13.2', 'likelihood': -1}]",,False,0,3,0.0,0.0,0,Eliot,0.0,291,False,Knee injury - Unknown return date,2026-07-23T12:01:23.532635Z,45,465525.jpg,0.0,False,Matazo,0.0,False,,i,11,88,0,379,28,489,51,0.0,0.0,Matazo,,21.0,2025-01-23,2002-02-15,False,p465525,0,0,0,0,0,0,0,0,0,0,0,0,0,0.0,0.0,0.0,0.0,0,0,0,0,0,0.00,0.00,0.00,0.00,,,,,,,[],,502,202,499,208,453,180,507,203,0.0,0.0,0.0,0.0,0.0,0.0,479,261,500,203,516,210,632,270,0.0,0.0,0.0
True,True,,,208481,0,0,-1,1,-8.1,0,"[{'offset': 0, 'projected_percent': '-8.1', 'likelihood': -1}, {'offset': 1, 'projected_percent': '-8.1', 'likelihood': -1}, {'offset': 2, 'projected_percent': '-8.1', 'likelihood': -1}]",,False,0,3,0.0,0.0,0,Abdülkadir,0.0,292,False,,,49,208481.jpg,0.0,False,Ömür,0.0,False,,a,11,88,0,1201,83,1620,139,0.0,0.0,Ömür,,219.0,2024-02-01,1999-06-25,False,p208481,0,0,0,0,0,0,0,0,0,0,0,0,0,0.0,0.0,0.0,0.0,0,0,0,0,0,0.00,0.00,0.00,0.00,,,,,,,[],,564,233,560,238,526,214,569,234,0.0,0.0,0.0,0.0,0.0,0.0,351,212,562,234,575,240,580,238,0.0,0.0,0.0
True,False,0.0,0.0,490161,0,0,0,0,0.0,0,"[{'offset': 0, 'projected_percent': '0.0', 'likelihood': 0}, {'offset': 1, 'projected_percent': '0.0', 'likelihood': 0}, {'offset': 2, 'projected_percent': '0.0', 'likelihood': 0}]",,False,0,3,0.0,0.0,0,Abu,0.0,293,False,Has joined Portsmouth permanently,2026-08-12T14:08:23.542043Z,50,490161.jpg,0.0,False,Kamara,0.0,False,,u,11,88,0,0,0,374,12,0.0,0.0,Kamara,,241.0,2024-08-30,2003-07-21,False,p490161,0,0,0,0,0,0,0,0,0,0,0,0,0,0.0,0.0,0.0,0.0,0,0,0,0,0,0.00,0.00,0.00,0.00,,,,,,,[],,602,257,608,262,585,248,608,259,0.0,0.0,0.0,0.0,0.0,0.0,298,179,603,259,611,262,659,292,0.0,0.0,0.0
True,True,100.0,100.0,553783,0,0,0,0,-20.7,0,"[{'offset': 0, 'projected_percent': '-20.7', 'likelihood': -2}, {'offset': 1, 'projected_percent': '-20.7', 'likelihood': -2}, {'offset': 2, 'projected_percent': '-20.7', 'likelihood': -2}]",,False,0,3,0.0,0.0,0,Óscar,0.0,294,False,,2026-08-04T18:30:11.016909Z,45,553783.jpg,0.0,False,Zambrano,0.1,False,,a,11,88,0,3861,132,6789,460,0.0,0.0,Zambrano,,62.0,2026-07-21,2004-04-20,False,p553783,0,0,0,0,0,0,0,0,0,0,0,0,0,0.0,0.0,0.0,0.0,0,0,0,0,0,0.00,0.00,0.00,0.00,,,,,,,[],,519,206,516,212,473,184,524,207,0.0,0.0,0.0,0.0,0.0,0.0,503,265,517,207,533,214,430,162,0.0,0.0,0.0
True,True,,,169432,0,0,0,0,26.4,-17,"[{'offset': 0, 'projected_percent': '26.3', 'likelihood': 2}, {'offset': 1, 'projected_percent': '26.1', 'likelihood': 2}, {'offset': 2, 'projected_percent': '25.8', 'likelihood': 2}]",,False,0,4,2.0,2.0,1,Oli,2.0,295,False,,,55,169432.jpg,2.6,False,McBurnie,1.9,False,,a,11,88,13,187903,6917,152064,16717,0.4,2.4,McBurnie,,243.0,2025-08-06,1996-06-04,False,p169432,441,0,2,3,4,0,0,0,3,0,0,0,52,47.2,69.1,114.0,23.0,9,9,3,21,5,1.23,0.13,1.36,7.21,,,,,1.0,,[],,201,16,76,5,26,11,63,13,0.25,0.0,0.03,0.28,1.47,0.82,128,34,198,18,184,18,129,21,1.02,0.61,4.29
True,False,0.0,0.0,213292,0,0,0,0,0.0,0,"[{'offset': 0, 'projected_percent': '0.0', 'likelihood': 0}, {'offset': 1, 'projected_percent': '0.0', 'likelihood': 0}, {'offset': 2, 'projected_percent': '0.0', 'likelihood': 0}]",,False,0,3,0.0,0.0,0,David,0.0,296,False,Has joined Omonoia FC permanently,2026-09-11T14:42:38.120231Z,50,213292.jpg,0.0,False,Akintola,0.0,False,,u,11,88,0,2704,0,4862,249,0.0,0.0,Akintola,,157.0,2025-08-15,1996-01-13,False,p213292,0,0,0,0,0,0,0,0,0,0,0,0,0,0.0,0.0,0.0,0.0,0,0,0,0,0,0.00,0.00,0.00,0.00,,,,,,,[],,589,251,591,256,567,241,595,253,0.0,0.0,0.0,0.0,0.0,0.0,261,163,590,253,598,256,562,234,0.0,0.0,0.0
True,True,0.0,0.0,470294,-1,1,-1,1,-0.2,0,"[{'offset': 0, 'projected_percent': '-0.2', 'likelihood': -1}, {'offset': 1, 'projected_percent': '-0.2', 'likelihood': -1}, {'offset': 2, 'projected_percent': '-0.2', 'likelihood': -1}]",,False,0,3,0.0,0.0,0,Darko,0.0,297,False,Thigh injury - Unknown return date,2026-08-04T18:30:11.027155Z,44,470294.jpg,0.0,False,Gyabi,0.0,False,,i,11,88,0,434,45,1590,122,0.0,0.0,Gyabi,,241.0,2025-09-01,2004-02-18,False,p470294,0,0,0,0,0,0,0,0,0,0,0,0,0,0.0,0.0,0.0,0.0,0,0,0,0,0,0.00,0.00,0.00,0.00,,,,,,,[],,472,194,464,200,414,172,477,195,0.0,0.0,0.0,0.0,0.0,0.0,565,293,466,195,486,202,582,239,0.0,0.0,0.0
True,False,0.0,0.0,500957,0,0,0,0,0.0,0,"[{'offset': 0, 'projected_percent': '0.0', 'likelihood': 0}, {'offset': 1, 'projected_percent': '0.0', 'likelihood': 0}, {'offset': 2, 'projected_percent': '0.0', 'likelihood': 0}]",,False,0,4,0.0,0.0,0,Enis,0.0,298,False,Has joined Konyaspor permanently,2026-08-17T13:50:27.145733Z,45,500957.jpg,0.0,False,Destan,0.2,False,,u,11,88,0,0,0,22122,1169,0.0,0.0,Destan,,219.0,2025-08-01,2002-06-15,False,p500957,0,0,0,0,0,0,0,0,0,0,0,0,0,0.0,0.0,0.0,0.0,0,0,0,0,0,0.00,0.00,0.00,0.00,,,,,,,[],,508,47,505,52,462,46,513,51,0.0,0.0,0.0,0.0,0.0,0.0,490,68,506,48,522,53,350,55,0.0,0.0,0.0
True,False,0.0,0.0,534392,0,0,0,0,0.0,0,"[{'offset': 0, 'projected_percent': '0.0', 'likelihood': 0}, {'offset': 1, 'projected_percent': '0.0', 'likelihood': 0}, {'offset': 2, 'projected_percent': '0.0', 'likelihood': 0}]",,False,0,4,0.0,0.0,0,Mason,0.0,299,False,Has joined Sheffield Wednesday on loan for the rest of the season,2026-08-03T14:05:20.234842Z,45,534392.jpg,0.0,False,Burstow,0.0,False,,u,11,88,0,0,0,3052,202,0.0,0.0,Burstow,,241.0,2024-08-16,2003-08-04,False,p534392,0,0,0,0,0,0,0,0,0,0,0,0,0,0.0,0.0,0.0,0.0,0,0,0,0,0,0.00,0.00,0.00,0.00,,,,,,,[],,514,48,511,53,468,47,519,52,0.0,0.0,0.0,0.0,0.0,0.0,497,69,512,49,528,54,537,72,0.0,0.0,0.0
True,True,100.0,100.0,462635,0,0,0,0,0.0,0,"[{'offset': 0, 'projected_percent': '0.0', 'likelihood': 0}, {'offset': 1, 'projected_percent': '0.0', 'likelihood': 0}, {'offset': 2, 'projected_percent': '0.0', 'likelihood': 0}]",,False,0,3,0.2,0.2,1,Joe,0.2,340,False,,2026-08-17T21:30:07.799839Z,50,462635.jpg,1.0,False,Gelhardt,0.0,False,,a,11,88,1,698,88,1004,97,0.0,0.2,Gelhardt,,241.0,2026-08-15,2002-05-04,False,p462635,7,0,0,0,0,0,0,0,0,0,0,0,5,1.6,1.3,12.0,1.5,0,1,0,1,0,0.10,0.02,0.12,0.13,,,,,,,[],,389,181,353,176,238,124,362,173,1.29,0.0,0.26,1.55,1.67,0.0,285,172,375,178,353,158,601,253,0.0,0.0,12.86
True,True,75.0,75.0,169359,0,0,0,0,-69.3,-7,"[{'offset': 0, 'projected_percent': '-69.5', 'likelihood': -3}, {'offset': 1, 'projected_percent': '-69.8', 'likelihood': -3}, {'offset': 2, 'projected_percent': '-70.1', 'likelihood': -3}]",,False,0,2,0.0,0.0,0,Matt,0.0,556,False,Ankle injury - 75% chance of playing,2026-09-17T14:00:26.419938Z,40,169359.jpg,1.0,False,Targett,1.6,False,,d,11,88,1,24822,98,86333,9057,0.0,0.2,Targett,,241.0,2026-07-23,1995-09-18,False,p169359,5,0,0,0,0,0,0,0,0,0,0,0,3,0.4,0.0,0.0,0.0,0,1,0,0,0,0.00,0.00,0.00,0.07,,,,,,,[],,402,146,413,150,357,135,428,152,0.0,0.0,0.0,0.0,1.26,0.0,602,165,416,145,299,106,140,56,0.0,0.0,0.0
True,True,0.0,0.0,445028,0,0,0,0,-97.0,0,"[{'offset': 0, 'projected_percent': '-97.0', 'likelihood': -4}, {'offset': 1, 'projected_percent': '-97.0', 'likelihood': -4}, {'offset': 2, 'projected_percent': '-97.0', 'likelihood': -4}]",,False,0,3,0.0,0.0,0,Hidemasa,0.2,563,False,Calf injury - Expected back 11 Oct,2026-09-09T14:00:08.474217Z,50,445028.jpg,1.0,False,Morita,0.0,False,,i,11,88,1,719,16,1748,152,0.0,0.2,Morita,,108.0,2026-07-24,1995-05-10,False,p445028,45,0,0,0,0,0,0,0,0,0,0,0,6,11.0,13.4,0.0,2.4,2,1,0,3,1,0.00,0.00,0.00,1.09,,,,,,,[],,319,142,258,134,576,244,340,160,0.0,0.0,0.0,0.0,2.18,0.0,281,170,373,177,351,157,588,244,2.0,0.0,6.0
True,True,,,473284,1,-1,2,-2,0.3,36,"[{'offset': 0, 'projected_percent': '0.4', 'likelihood': 1}, {'offset': 1, 'projected_percent': '0.5', 'likelihood': 1}, {'offset': 2, 'projected_percent': '0.7', 'likelihood': 1}]",,False,2,1,6.0,6.0,6,Konstantinos,6.0,572,True,,,47,473284.jpg,6.8,False,Tzolakis,12.7,False,,a,11,88,34,988462,117134,214392,18742,1.3,7.2,Tzolakis,,83.0,2026-08-05,2002-11-08,False,p473284,450,0,0,3,4,0,1,0,1,0,17,6,129,150.0,0.0,0.0,15.0,2,69,1,0,5,0.00,0.00,0.00,7.40,,,,,,,[],,16,2,546,54,507,52,141,3,0.0,3.4,0.0,0.0,1.48,0.8,423,22,20,2,13,1,32,5,1.0,0.6,0.0
True,True,,,552946,0,0,-1,1,-70.2,0,"[{'offset': 0, 'projected_percent': '-70.2', 'likelihood': -3}, {'offset': 1, 'projected_percent': '-70.2', 'likelihood': -3}, {'offset': 2, 'projected_percent': '-70.2', 'likelihood': -3}]",,False,0,3,0.2,0.2,0,Jens,0.2,574,False,,,49,552946.jpg,1.0,False,Hjertø-Dahl,0.1,False,,a,11,88,1,1430,69,4421,301,0.0,0.2,Hjertø-Dahl,,161.0,2026-08-07,2005-10-31,False,p552946,8,0,0,0,0,0,0,0,0,0,0,0,4,0.0,0.0,0.0,0.0,0,1,0,1,0,0.00,0.00,0.00,0.00,,,,,,,[],,579,244,579,250,546,227,585,246,0.0,0.0,0.0,0.0,0.0,0.0,393,237,370,174,342,150,491,192,0.0,0.0,11.25
True,True,,,608227,0,0,0,0,-49.6,0,"[{'offset': 0, 'projected_percent': '-49.6', 'likelihood': -3}, {'offset': 1, 'projected_percent': '-49.6', 'likelihood': -3}, {'offset': 2, 'projected_percent': '-49.6', 'likelihood': -3}]",,False,0,3,1.0,1.0,0,Elliot,1.0,576,False,,,50,608227.jpg,1.8,False,Stroud,0.1,False,,a,11,88,7,3644,122,4650,427,0.2,1.4,Stroud,,206.0,2026-08-09,2002-06-22,False,p608227,249,0,0,2,1,0,0,0,1,0,0,0,17,8.4,22.7,12.0,3.8,3,12,5,20,4,0.06,0.05,0.11,4.32,,,,,,,[],,335,155,207,117,239,125,312,141,0.02,0.0,0.02,0.04,1.56,0.36,327,197,264,120,255,112,442,169,1.45,0.72,7.23
True,True,,,597462,0,0,0,0,-25.8,0,"[{'offset': 0, 'projected_percent': '-25.8', 'likelihood': -2}, {'offset': 1, 'projected_percent': '-25.8', 'likelihood': -2}, {'offset': 2, 'projected_percent': '-25.8', 'likelihood': -2}]",,False,0,2,1.0,1.0,1,Lucas,1.0,585,False,,,40,597462.jpg,1.0,False,Herrington,0.6,False,,a,11,88,5,12753,954,18417,1530,0.2,1.2,Herrington,,13.0,2026-08-12,2007-09-05,False,p597462,197,0,0,0,3,0,0,0,0,0,0,0,19,42.8,23.1,11.0,7.7,14,6,2,16,1,0.02,0.04,0.06,3.36,,,,,,,[],,208,84,206,68,244,82,237,87,0.01,0.0,0.02,0.03,1.54,1.37,654,204,255,91,304,111,235,91,0.46,0.0,7.31
True,True,100.0,0.0,606930,0,0,1,-1,-0.2,0,"[{'offset': 0, 'projected_percent': '-0.2', 'likelihood': -1}, {'offset': 1, 'projected_percent': '-0.2', 'likelihood': -1}, {'offset': 2, 'projected_percent': '-0.2', 'likelihood': -1}]",2026-09-27T16:30:09.400433Z,False,1,2,2.5,0.0,0,Nobel,2.5,586,False,,2026-09-12T18:00:09.334142Z,41,606930.jpg,6.2,False,Mendy,6.3,False,,a,11,88,25,682524,6232,356917,31934,0.6,6.1,Mendy,,189.0,2026-08-12,2004-09-03,False,p606930,249,1,0,2,1,0,0,0,0,0,0,1,69,108.2,1.4,54.0,16.4,32,6,7,39,4,0.32,0.00,0.32,4.02,,,,,,,[],,63,27,346,125,88,15,117,38,0.12,0.0,0.0,0.12,1.45,0.36,586,161,148,58,20,8,61,25,1.45,0.72,14.1
True,True,,,469266,0,0,0,0,-74.5,0,"[{'offset': 0, 'projected_percent': '-74.5', 'likelihood': -3}, {'offset': 1, 'projected_percent': '-74.5', 'likelihood': -3}, {'offset': 2, 'projected_percent': '-74.5', 'likelihood': -3}]",,False,0,3,1.0,1.0,1,Lucas,1.0,589,False,,,50,469266.jpg,1.3,False,Gourna-Douath,0.0,False,,a,11,88,4,700,31,1337,102,0.2,0.8,Gourna-Douath,,73.0,2026-08-15,2003-08-05,False,p469266,138,0,0,1,0,0,0,0,1,0,0,0,18,29.4,33.5,2.0,6.5,5,7,5,17,1,0.03,0.03,0.06,2.26,,,,,,,[],,257,106,174,103,327,163,263,117,0.02,0.0,0.02,0.04,1.47,0.0,290,175,262,118,284,129,559,232,0.65,0.65,11.09
True,True,,,490884,0,0,0,0,0.2,2,"[{'offset': 0, 'projected_percent': '0.2', 'likelihood': 1}, {'offset': 1, 'projected_percent': '0.2', 'likelihood': 1}, {'offset': 2, 'projected_percent': '0.3', 'likelihood': 1}]",,False,0,3,2.2,2.2,6,Mohamed-Ali,2.2,617,False,,,50,490884.jpg,2.2,False,Cho,0.0,False,,a,11,88,9,1759,323,744,132,0.4,1.8,Cho,,73.0,2026-08-27,2004-01-19,False,p490884,72,1,0,0,1,0,0,0,0,0,0,0,36,49.8,43.9,55.0,14.9,1,1,0,2,0,0.79,0.36,1.15,0.98,,,,,,,[],,196,83,142,90,85,51,144,73,0.99,0.0,0.45,1.44,1.22,1.25,300,181,176,75,216,94,585,242,0.0,0.0,2.5
True,True,0.0,0.0,626751,0,0,0,0,-59.4,0,"[{'offset': 0, 'projected_percent': '-59.4', 'likelihood': -3}, {'offset': 1, 'projected_percent': '-59.4', 'likelihood': -3}, {'offset': 2, 'projected_percent': '-59.4', 'likelihood': -3}]",,False,0,4,0.0,0.0,0,Ilyas,0.0,632,False,Back injury - Unknown return date,2026-09-09T10:00:08.919489Z,50,626751.jpg,0.0,False,Ansah,0.0,False,,i,11,88,0,5107,60,3461,381,0.0,0.0,Ansah,,80.0,2026-09-01,2004-11-08,False,p626751,0,0,0,0,0,0,0,0,0,0,0,0,0,0.0,0.0,0.0,0.0,0,0,0,0,0,0.00,0.00,0.00,0.00,,,,,,,[],,618,66,624,70,602,65,624,70,0.0,0.0,0.0,0.0,0.0,0.0,331,61,619,67,627,71,554,74,0.0,0.0,0.0
True,True,,,631000,0,0,0,0,1.1,4,"[{'offset': 0, 'projected_percent': '1.2', 'likelihood': 1}, {'offset': 1, 'projected_percent': '1.2', 'likelihood': 1}, {'offset': 2, 'projected_percent': '1.3', 'likelihood': 1}]",,False,0,4,0.7,0.7,1,Robinio,0.7,637,False,,,50,631000.jpg,1.0,False,Vaz,0.1,False,,a,11,88,2,12160,1655,3873,1052,0.1,0.4,Vaz,,73.0,2026-09-01,2007-02-17,False,p631000,20,0,0,0,0,0,0,0,0,0,0,0,8,2.4,11.7,2.0,1.6,0,2,0,2,0,0.00,0.01,0.01,0.31,,,,,,,[],,383,41,267,34,328,42,358,40,0.0,0.0,0.04,0.04,1.4,0.0,333,63,303,33,360,39,410,63,0.0,0.0,9.0
True,True,75.0,,496181,0,0,0,0,-21.4,-6,"[{'offset': 0, 'projected_percent': '-22.5', 'likelihood': -2}, {'offset': 1, 'projected_percent': '-24.5', 'likelihood': -2}, {'offset': 2, 'projected_percent': '-26.4', 'likelihood': -2}]",,False,0,2,0.2,0.3,0,Brooke,0.3,638,False,Hamstring injury - 75% chance of playing,2026-09-21T08:30:09.561308Z,40,496181.jpg,0.5,False,Norton-Cuffy,0.2,False,,d,11,88,1,26062,446,10138,2312,0.1,0.2,Norton-Cuffy,,241.0,2026-09-01,2004-01-12,False,p496181,34,0,0,0,0,0,0,0,1,0,0,0,3,2.2,0.6,9.0,1.2,1,4,0,1,0,0.05,0.00,0.05,0.30,,,,,,,[],,384,142,366,135,259,89,370,131,0.13,0.0,0.0,0.13,0.79,0.0,632,184,349,121,414,144,311,116,0.0,0.0,2.65
True,True,,,243951,0,0,0,0,0.2,0,"[{'offset': 0, 'projected_percent': '0.2', 'likelihood': 1}, {'offset': 1, 'projected_percent': '0.2', 'likelihood': 1}, {'offset': 2, 'projected_percent': '0.2', 'likelihood': 1}]",,False,0,3,1.3,1.3,2,Sorba,1.3,642,False,,,55,243951.jpg,1.3,False,Thomas,0.0,False,,a,11,88,4,3027,423,1166,317,0.2,0.7,Thomas,,244.0,2026-09-01,1999-01-25,False,p243951,119,0,0,0,3,0,0,0,0,0,0,0,13,8.8,40.9,12.0,5.8,0,7,1,8,1,0.21,0.11,0.32,2.04,,,,,,,[],,333,153,154,99,241,126,275,122,0.16,0.0,0.08,0.24,1.54,2.27,139,84,244,111,285,130,550,227,0.76,0.0,6.05
True,True,,,647839,0,0,0,0,0.0,0,"[{'offset': 0, 'projected_percent': '0.0', 'likelihood': 0}, {'offset': 1, 'projected_percent': '0.0', 'likelihood': 0}, {'offset': 2, 'projected_percent': '0.0', 'likelihood': 0}]",,False,0,3,0.0,0.0,0,Christos,0.0,645,False,,,50,647839.jpg,0.0,False,Mouzakitis,0.0,False,,a,11,88,0,775,83,312,86,0.0,0.0,Mouzakitis,,83.0,2026-09-01,2006-12-25,False,p647839,0,0,0,0,0,0,0,0,0,0,0,0,0,0.0,0.0,0.0,0.0,0,0,0,0,0,0.00,0.00,0.00,0.00,,,,,,,[],,619,267,625,272,604,259,625,269,0.0,0.0,0.0,0.0,0.0,0.0,334,200,620,269,628,272,622,265,0.0,0.0,0.0
True,True,,,219924,0,0,0,0,-50.1,-6,"[{'offset': 0, 'projected_percent': '-50.1', 'likelihood': -3}, {'offset': 1, 'projected_percent': '-50.2', 'likelihood': -3}, {'offset': 2, 'projected_percent': '-50.3', 'likelihood': -3}]",,False,0,2,2.5,2.5,4,Issa,2.5,259,False,,,40,219924.jpg,2.4,False,Diop,12.7,False,,a,12,40,12,135449,6412,503687,51065,0.6,3.0,Diop,,145.0,2026-07-22,1997-01-09,False,p219924,450,0,0,0,11,0,0,0,0,0,0,0,45,121.6,24.2,9.0,15.5,41,21,4,45,5,0.06,0.16,0.22,8.98,,,,,,,[],,41,18,202,66,258,88,131,43,0.01,0.0,0.03,0.04,1.8,2.2,610,171,147,57,192,76,31,11,1.0,0.0,9.0
True,True,,,212314,-1,1,-1,1,-4.6,-1,"[{'offset': 0, 'projected_percent': '-5.2', 'likelihood': -1}, {'offset': 1, 'projected_percent': '-6.2', 'likelihood': -1}, {'offset': 2, 'projected_percent': '-7.3', 'likelihood': -1}]",,False,0,3,1.5,1.5,2,Saša,1.5,267,False,,,49,212314.jpg,2.2,False,Lukić,0.1,False,,a,12,40,11,3406,178,6431,478,0.3,2.2,Lukić,,190.0,2026-08-08,1996-08-13,False,p212314,400,0,1,0,10,0,0,0,2,0,0,0,68,71.0,81.2,6.0,15.8,17,13,7,37,5,0.02,0.41,0.43,7.37,1.0,,,,,,[],,131,44,59,48,287,147,124,65,0.0,0.0,0.09,0.09,1.66,2.25,353,214,232,103,210,91,419,154,1.12,0.0,8.32
True,True,,,108813,0,0,-1,1,-7.3,4,"[{'offset': 0, 'projected_percent': '-6.4', 'likelihood': -1}, {'offset': 1, 'projected_percent': '-4.9', 'likelihood': -1}, {'offset': 2, 'projected_percent': '-3.4', 'likelihood': -1}]",,False,0,1,0.5,0.5,2,Christian,0.5,300,False,,,44,108813.jpg,2.0,False,Walton,0.4,False,,a,12,40,2,3186,1501,14802,889,0.1,0.5,Walton,,241.0,2022-01-19,1995-11-09,False,p108813,90,0,0,0,1,0,0,0,0,0,1,0,10,12.0,0.0,0.0,1.2,2,17,0,0,1,0.00,0.01,0.01,2.24,,,,,,,[],,311,24,458,32,406,27,371,24,0.0,1.0,0.01,0.01,2.24,1.0,547,45,307,22,223,19,271,36,1.0,0.0,0.0
True,True,,,112520,0,0,0,0,-24.1,-1,"[{'offset': 0, 'projected_percent': '-24.1', 'likelihood': -2}, {'offset': 1, 'projected_percent': '-24.1', 'likelihood': -2}, {'offset': 2, 'projected_percent': '-24.2', 'likelihood': -2}]",,False,0,1,0.0,0.0,0,Alex,0.0,301,False,,,40,112520.jpg,0.0,False,Palmer,3.9,False,,a,12,40,0,74206,3610,112125,10886,0.0,0.0,Palmer,,241.0,2025-02-03,1996-08-10,False,p112520,0,0,0,0,0,0,0,0,0,0,0,0,0,0.0,0.0,0.0,0.0,0,0,0,0,0,0.00,0.00,0.00,0.00,,,,,,,[],,420,33,408,14,352,9,424,33,0.0,0.0,0.0,0.0,0.0,0.0,597,57,411,31,434,33,87,14,0.0,0.0,0.0
True,True,,,50093,0,0,0,0,1.1,0,"[{'offset': 0, 'projected_percent': '1.1', 'likelihood': 1}, {'offset': 1, 'projected_percent': '1.1', 'likelihood': 1}, {'offset': 2, 'projected_percent': '1.1', 'likelihood': 1}]",,False,0,1,0.0,0.0,0,David,0.0,302,False,,,40,50093.jpg,0.0,False,Button,0.6,False,,a,12,40,0,31334,1324,15054,1202,0.0,0.0,Button,,241.0,2025-07-04,1989-02-27,False,p50093,0,0,0,0,0,0,0,0,0,0,0,0,0,0.0,0.0,0.0,0.0,0,0,0,0,0,0.00,0.00,0.00,0.00,,,,,,,[],,413,28,401,9,345,4,417,28,0.0,0.0,0.0,0.0,0.0,0.0,590,52,404,26,427,28,234,34,0.0,0.0,0.0
True,True,,,183015,0,0,-1,1,3.0,-2,"[{'offset': 0, 'projected_percent': '3.0', 'likelihood': 1}, {'offset': 1, 'projected_percent': '2.9', 'likelihood': 1}, {'offset': 2, 'projected_percent': '2.9', 'likelihood': 1}]",,False,0,2,0.0,0.0,0,Cédric,0.0,303,False,,,39,183015.jpg,0.0,False,Kipré,0.9,False,,a,12,40,0,48723,4102,28733,3986,0.0,0.0,Kipré,,54.0,2026-07-01,1996-12-09,False,p183015,0,0,0,0,0,0,0,0,0,0,0,0,0,0.0,0.0,0.0,0.0,0,0,0,0,0,0.00,0.00,0.00,0.00,,,,,,,[],,407,148,395,144,339,129,411,147,0.0,0.0,0.0,0.0,0.0,0.0,665,215,398,139,421,148,197,75,0.0,0.0,0.0
True,True,,,216616,0,0,0,0,-37.8,-4,"[{'offset': 0, 'projected_percent': '-37.9', 'likelihood': -2}, {'offset': 1, 'projected_percent': '-38.1', 'likelihood': -2}, {'offset': 2, 'projected_percent': '-38.3', 'likelihood': -2}]",,False,0,2,1.5,1.5,2,Dara,1.5,304,False,,,40,216616.jpg,2.0,False,O'Shea,2.7,False,,a,12,40,10,65165,1746,126924,13581,0.4,2.5,O'Shea,,104.0,2024-08-25,1999-03-04,False,p216616,450,0,0,0,11,0,0,0,0,0,0,0,24,130.0,71.0,21.0,22.1,41,18,7,48,5,0.07,0.26,0.33,8.98,,,,,,,[],,31,11,72,12,177,53,71,15,0.01,0.0,0.05,0.06,1.8,2.2,609,170,228,82,222,84,109,42,1.0,0.0,9.6
True,True,,,455084,0,0,0,0,68.7,16,"[{'offset': 0, 'projected_percent': '68.8', 'likelihood': 3}, {'offset': 1, 'projected_percent': '69.0', 'likelihood': 3}, {'offset': 2, 'projected_percent': '69.3', 'likelihood': 3}]",,False,1,2,5.8,5.8,2,Leif,5.8,305,False,,,40,455084.jpg,5.0,False,Davis,6.9,False,,a,12,40,25,365626,45423,181818,24202,1.4,6.2,Davis,,241.0,2022-07-25,1999-12-31,False,p455084,450,2,2,0,11,0,0,0,0,0,0,1,52,144.8,61.9,117.0,32.5,22,10,2,24,5,1.59,0.46,2.05,8.98,,,2.0,,,,[],,25,7,91,20,24,2,24,2,0.32,0.0,0.09,0.41,1.8,2.2,624,180,23,7,56,23,56,22,1.0,0.0,4.8
True,True,,,449429,0,0,0,0,-85.4,-2,"[{'offset': 0, 'projected_percent': '-85.6', 'likelihood': -3}, {'offset': 1, 'projected_percent': '-85.9', 'likelihood': -3}, {'offset': 2, 'projected_percent': '-86.2', 'likelihood': -3}]",,False,0,2,0.2,0.2,0,Jacob,0.2,306,False,,,40,449429.jpg,0.8,False,Greaves,1.1,False,,a,12,40,3,8165,429,37878,3137,0.0,0.8,Greaves,,241.0,2024-07-12,2000-09-12,False,p449429,357,0,0,0,10,1,0,0,1,0,0,0,12,68.6,16.9,4.0,9.0,25,12,5,30,4,0.00,0.06,0.06,6.74,,,,,,,[],,136,62,230,78,301,106,223,81,0.0,0.0,0.02,0.02,1.7,2.52,622,178,356,126,401,137,170,66,1.01,0.0,7.56
True,False,0.0,0.0,222018,0,0,0,0,0.0,0,"[{'offset': 0, 'projected_percent': '0.0', 'likelihood': 0}, {'offset': 1, 'projected_percent': '0.0', 'likelihood': 0}, {'offset': 2, 'projected_percent': '0.0', 'likelihood': 0}]",,False,0,2,0.0,0.0,0,Ben,0.0,307,False,Has joined Stoke City on loan for the rest of the season,2026-09-04T12:36:56.236331Z,40,222018.jpg,0.0,False,Johnson,0.1,False,,u,12,40,0,1137,0,6274,327,0.0,0.0,Johnson,,241.0,2024-07-01,2000-01-24,False,p222018,0,0,0,0,0,0,0,0,0,0,0,0,0,0.0,0.0,0.0,0.0,0,0,0,0,0,0.00,0.00,0.00,0.00,,,,,,,[],,428,155,419,154,363,139,433,155,0.0,0.0,0.0,0.0,0.0,0.0,612,173,421,148,442,155,481,172,0.0,0.0,0.0
True,True,,,176420,0,0,-1,1,1.9,-1,"[{'offset': 0, 'projected_percent': '1.9', 'likelihood': 1}, {'offset': 1, 'projected_percent': '1.9', 'likelihood': 1}, {'offset': 2, 'projected_percent': '1.9', 'likelihood': 1}]",,False,0,2,0.2,0.2,0,Darnell,0.2,308,False,,,39,176420.jpg,1.0,False,Furlong,0.6,False,,a,12,40,1,18530,5893,19326,2549,0.1,0.3,Furlong,,241.0,2025-08-28,1995-10-31,False,p176420,17,0,0,0,1,0,0,0,0,0,0,0,-1,5.0,0.5,0.0,0.6,2,0,1,3,0,0.00,0.00,0.00,0.86,,,,,,,[],,359,134,370,138,338,128,386,138,0.0,0.0,0.0,0.0,4.55,5.29,664,214,353,123,297,104,230,88,0.0,0.0,15.88
True,True,,,501390,0,0,-1,1,-31.6,0,"[{'offset': 0, 'projected_percent': '-31.6', 'likelihood': -2}, {'offset': 1, 'projected_percent': '-31.6', 'likelihood': -2}, {'offset': 2, 'projected_percent': '-31.6', 'likelihood': -2}]",,False,0,3,0.5,0.5,0,Marcelino,0.5,309,False,,,49,501390.jpg,3.0,False,Núñez,0.1,False,,a,12,40,6,3102,85,7581,574,0.1,1.2,Núñez,,44.0,2025-08-29,2000-03-01,False,p501390,140,0,0,0,4,0,0,0,0,0,0,0,32,24.6,19.4,6.0,5.0,8,10,3,21,2,0.03,0.05,0.08,3.48,3.0,,1.0,,,,[],,269,113,220,120,288,148,291,130,0.02,0.0,0.03,0.05,2.24,2.57,384,228,324,150,139,55,408,149,1.29,0.0,13.5
True,True,100.0,100.0,241117,0,0,-1,1,0.0,0,"[{'offset': 0, 'projected_percent': '0.0', 'likelihood': 0}, {'offset': 1, 'projected_percent': '0.0', 'likelihood': 0}, {'offset': 2, 'projected_percent': '0.0', 'likelihood': 0}]",,False,0,3,0.0,0.0,0,Azor,0.0,310,False,,2026-07-29T18:00:10.305484Z,49,241117.jpg,0.0,False,Matusiwa,0.0,False,,a,12,40,0,125,14,277,16,0.0,0.0,Matusiwa,,152.0,2025-07-13,1998-04-28,False,p241117,0,0,0,0,0,0,0,0,0,0,0,0,0,0.0,0.0,0.0,0.0,0,0,0,0,0,0.00,0.00,0.00,0.00,,,,,,,[],,566,235,563,240,529,216,571,236,0.0,0.0,0.0,0.0,0.0,0.0,362,217,565,236,577,242,648,283,0.0,0.0,0.0
True,False,0.0,0.0,149929,0,0,0,0,0.0,0,"[{'offset': 0, 'projected_percent': '0.0', 'likelihood': 0}, {'offset': 1, 'projected_percent': '0.0', 'likelihood': 0}, {'offset': 2, 'projected_percent': '0.0', 'likelihood': 0}]",,False,0,3,0.0,0.0,0,Wes,0.0,311,False,Has joined Leicester City permanently,2026-08-10T14:02:47.597478Z,50,149929.jpg,0.0,False,Burns,0.0,False,,u,12,40,0,0,0,347,8,0.0,0.0,Burns,,244.0,2021-06-09,1994-11-23,False,p149929,0,0,0,0,0,0,0,0,0,0,0,0,0,0.0,0.0,0.0,0.0,0,0,0,0,0,0.00,0.00,0.00,0.00,,,,,,,[],,585,248,585,253,560,237,591,250,0.0,0.0,0.0,0.0,0.0,0.0,247,153,586,250,594,253,654,288,0.0,0.0,0.0
True,True,0.0,0.0,231899,-1,1,-1,1,0.1,0,"[{'offset': 0, 'projected_percent': '0.1', 'likelihood': 1}, {'offset': 1, 'projected_percent': '0.1', 'likelihood': 1}, {'offset': 2, 'projected_percent': '0.1', 'likelihood': 1}]",,False,0,3,0.0,0.0,0,Jack,0.0,312,False,Knee injury - Unknown return date,2026-07-29T18:00:10.319370Z,44,231899.jpg,0.0,False,Taylor,0.0,False,,i,12,40,0,928,352,2618,237,0.0,0.0,Taylor,,104.0,2023-06-26,1998-06-23,False,p231899,0,0,0,0,0,0,0,0,0,0,0,0,0,0.0,0.0,0.0,0.0,0,0,0,0,0,0.00,0.00,0.00,0.00,,,,,,,[],https://www.itfc.co.uk/news/2026/may/12/midfield-duo-undergo-surgery/,470,193,462,199,411,171,475,194,0.0,0.0,0.0,0.0,0.0,0.0,559,291,464,194,484,201,538,218,0.0,0.0,0.0
True,True,,,443261,0,0,-1,1,-80.1,0,"[{'offset': 0, 'projected_percent': '-80.1', 'likelihood': -3}, {'offset': 1, 'projected_percent': '-80.1', 'likelihood': -3}, {'offset': 2, 'projected_percent': '-80.1', 'likelihood': -3}]",,False,0,3,1.0,1.0,2,Jack,1.0,313,False,,,54,443261.jpg,2.8,False,Clarke,0.2,False,,a,12,40,11,5470,119,15654,860,0.2,2.0,Clarke,Jack Clarke,241.0,2024-08-24,2000-11-23,False,p443261,170,1,0,0,2,0,0,0,1,0,0,1,48,52.0,55.4,45.0,15.2,3,5,2,10,2,0.30,0.37,0.67,1.97,4.0,,3.0,,1.0,,[],,187,76,104,70,106,60,139,72,0.16,0.0,0.2,0.36,1.04,1.06,191,119,268,123,171,72,344,122,1.06,0.0,5.29
True,False,0.0,0.0,229164,0,0,-1,1,0.0,0,"[{'offset': 0, 'projected_percent': '0.0', 'likelihood': 0}, {'offset': 1, 'projected_percent': '0.0', 'likelihood': 0}, {'offset': 2, 'projected_percent': '0.0', 'likelihood': 0}]",,False,0,3,0.0,0.0,0,Chiedozie,0.0,314,False,Has joined Lincoln City on loan until January,2026-09-02T16:04:17.497385Z,49,229164.jpg,0.0,False,Ogbene,0.0,False,,u,12,40,0,104,0,1204,62,0.0,0.0,Ogbene,,104.0,2024-08-28,1997-05-01,False,p229164,0,0,0,0,0,0,0,0,0,0,0,0,0,0.0,0.0,0.0,0.0,0,0,0,0,0,0.00,0.00,0.00,0.00,,,,,,,[],,565,234,562,239,528,215,570,235,0.0,0.0,0.0,0.0,0.0,0.0,360,215,564,235,576,241,629,267,0.0,0.0,0.0
True,True,0.0,,531442,0,0,-1,1,-29.6,-2,"[{'offset': 0, 'projected_percent': '-30.0', 'likelihood': -2}, {'offset': 1, 'projected_percent': '-30.6', 'likelihood': -2}, {'offset': 2, 'projected_percent': '-31.3', 'likelihood': -2}]",,False,0,3,0.0,1.5,-1,Abdul,1.5,315,False,Suspended until 17 Oct,2026-09-19T15:30:10.126897Z,54,531442.jpg,1.6,False,Fatawu,0.2,False,,s,12,40,8,5354,52,13152,2308,0.3,1.5,Fatawu,Abdul Fatawu,81.0,2026-07-21,2004-03-08,False,p531442,352,0,1,0,10,0,0,0,2,1,0,0,71,64.8,133.7,41.0,24.0,8,11,9,28,5,0.17,1.11,1.28,7.79,2.0,,,,,,[],,148,53,23,22,120,67,56,37,0.04,0.0,0.28,0.32,1.99,2.56,206,130,240,108,268,120,362,130,1.28,0.0,7.16
True,True,100.0,100.0,543968,0,0,0,0,79.2,10,"[{'offset': 0, 'projected_percent': '79.3', 'likelihood': 3}, {'offset': 1, 'projected_percent': '79.5', 'likelihood': 3}, {'offset': 2, 'projected_percent': '79.6', 'likelihood': 3}]",,False,1,4,4.2,4.2,2,Emersonn,4.2,316,False,,2026-08-31T09:30:08.306145Z,55,543968.jpg,5.2,False,Correia da Silva,3.5,False,,a,12,40,26,314002,30304,140491,21217,0.8,4.7,Emersonn,Emersonn,30.0,2026-07-08,2004-07-16,False,p543968,317,2,1,0,6,0,0,0,0,0,0,6,110,98.8,50.4,104.0,25.3,3,4,3,10,5,1.61,0.12,1.73,4.29,,,,,2.0,,[],,80,6,117,10,32,13,52,9,0.46,0.0,0.03,0.49,1.22,1.7,157,39,62,7,54,5,96,14,1.42,0.0,2.84
True,False,0.0,0.0,222625,0,0,0,0,0.0,-1,"[{'offset': 0, 'projected_percent': '0.0', 'likelihood': 0}, {'offset': 1, 'projected_percent': '0.0', 'likelihood': 0}, {'offset': 2, 'projected_percent': '0.0', 'likelihood': 0}]",,False,0,4,0.0,0.0,0,George,0.0,317,False,Has joined Stoke City permanently,2026-08-21T13:06:08.606019Z,50,222625.jpg,0.0,False,Hirst,0.1,False,,u,12,40,0,0,0,17061,431,0.0,0.0,Hirst,,243.0,2023-07-13,1999-02-15,False,p222625,0,0,0,0,0,0,0,0,0,0,0,0,0,0.0,0.0,0.0,0.0,0,0,0,0,0,0.00,0.00,0.00,0.00,,,,,,,[],,592,59,594,63,570,58,598,63,0.0,0.0,0.0,0.0,0.0,0.0,268,52,593,60,601,64,447,65,0.0,0.0,0.0
True,True,100.0,100.0,481624,0,0,-1,1,-7.0,0,"[{'offset': 0, 'projected_percent': '-7.0', 'likelihood': -1}, {'offset': 1, 'projected_percent': '-7.0', 'likelihood': -1}, {'offset': 2, 'projected_percent': '-7.0', 'likelihood': -1}]",,False,0,3,0.5,0.5,1,Jaden,0.5,318,False,,2026-08-25T11:30:07.532993Z,54,481624.jpg,1.0,False,Philogene,0.1,False,,a,12,40,2,299,31,9267,143,0.1,0.4,Philogene,,241.0,2025-01-15,2002-02-08,False,p481624,52,0,0,0,1,0,0,0,0,0,0,0,11,4.8,4.6,13.0,2.2,0,4,0,4,0,0.08,0.01,0.08,0.97,5.0,,,,3.0,,[],,362,168,309,159,235,122,344,162,0.14,0.0,0.02,0.16,1.68,1.73,196,122,341,160,379,177,453,176,0.0,0.0,6.92
True,False,0.0,0.0,172453,0,0,0,0,0.0,0,"[{'offset': 0, 'projected_percent': '0.0', 'likelihood': 0}, {'offset': 1, 'projected_percent': '0.0', 'likelihood': 0}, {'offset': 2, 'projected_percent': '0.0', 'likelihood': 0}]",,False,0,3,0.0,0.0,0,Sam,0.0,319,False,Has joined Derby County on loan for the rest of the season,2026-08-17T13:51:41.713979Z,50,172453.jpg,0.0,False,Szmodics,0.0,False,,u,12,40,0,0,0,755,8,0.0,0.0,Szmodics,,104.0,2024-08-16,1995-09-24,False,p172453,0,0,0,0,0,0,0,0,0,0,0,0,0,0.0,0.0,0.0,0.0,0,0,0,0,0,0.00,0.00,0.00,0.00,,,,,,,[],,587,250,587,255,563,240,593,252,0.0,0.0,0.0,0.0,0.0,0.0,251,157,588,252,596,255,651,286,0.0,0.0,0.0
True,True,,,147675,0,0,0,0,23.0,-4,"[{'offset': 0, 'projected_percent': '23.0', 'likelihood': 2}, {'offset': 1, 'projected_percent': '22.9', 'likelihood': 2}, {'offset': 2, 'projected_percent': '22.9', 'likelihood': 2}]",,False,0,4,1.5,1.5,1,Chuba,1.5,320,False,,,50,147675.jpg,2.3,False,Akpom,1.2,False,,a,12,40,7,130591,4635,73416,8983,0.3,1.4,Akpom,,241.0,2026-07-01,1995-10-09,False,p147675,78,1,0,0,4,0,0,0,0,0,0,0,36,34.6,2.5,24.0,6.1,0,2,1,3,0,1.14,0.00,1.14,4.20,,,,,,,[],,238,20,326,42,170,29,267,28,1.32,0.0,0.0,1.32,4.85,4.62,246,51,233,26,203,21,165,26,0.0,0.0,3.46
True,True,,,557012,0,0,0,0,37.2,-4,"[{'offset': 0, 'projected_percent': '37.2', 'likelihood': 2}, {'offset': 1, 'projected_percent': '37.2', 'likelihood': 2}, {'offset': 2, 'projected_percent': '37.1', 'likelihood': 2}]",,False,0,4,0.0,0.0,0,Sindre,0.0,321,False,,,45,557012.jpg,1.0,False,Walle Egeli,3.5,False,,a,12,40,1,328851,16230,208991,24504,0.0,0.2,Walle Egeli,,161.0,2025-08-29,2006-06-21,False,p557012,10,0,0,0,0,0,0,0,0,0,0,0,3,0.0,0.1,0.0,0.0,0,0,0,0,0,0.00,0.00,0.00,0.03,,,,,,,[],,521,50,390,49,475,49,526,54,0.0,0.0,0.0,0.0,0.27,0.0,505,71,519,51,321,36,95,13,0.0,0.0,0.0
True,False,0.0,0.0,462387,0,0,0,0,0.0,-1,"[{'offset': 0, 'projected_percent': '0.0', 'likelihood': 0}, {'offset': 1, 'projected_percent': '0.0', 'likelihood': 0}, {'offset': 2, 'projected_percent': '0.0', 'likelihood': 0}]",,False,0,4,0.0,0.0,0,Ali,0.0,322,False,Has joined Sheffield Wednesday on loan for the rest of the season,2026-08-27T14:54:10.215357Z,50,462387.jpg,0.0,False,Al-Hamadi,0.1,False,,u,12,40,0,755,0,9886,341,0.0,0.0,Al-Hamadi,Ali Al Hamadi,103.0,2024-01-29,2002-03-01,False,p462387,0,0,0,0,0,0,0,0,0,0,0,0,0,0.0,0.0,0.0,0.0,0,0,0,0,0,0.00,0.00,0.00,0.00,,,,,,,[],,596,61,601,65,578,60,602,65,0.0,0.0,0.0,0.0,0.0,0.0,284,55,597,62,605,66,497,71,0.0,0.0,0.0
True,True,,,461587,-1,1,-1,1,-0.6,1,"[{'offset': 0, 'projected_percent': '-0.6', 'likelihood': -1}, {'offset': 1, 'projected_percent': '-0.5', 'likelihood': -1}, {'offset': 2, 'projected_percent': '-0.4', 'likelihood': -1}]",,False,0,3,0.5,0.5,0,Kasey,0.5,323,False,,,44,461587.jpg,1.0,False,McAteer,1.0,False,,a,12,40,3,27922,1178,61763,5916,0.1,0.7,McAteer,,104.0,2025-08-22,2001-11-22,False,p461587,42,0,0,0,0,0,0,0,0,0,0,0,12,4.6,1.8,7.0,1.4,0,4,1,5,0,0.05,0.00,0.05,0.21,,,,,,,[],,363,169,337,169,275,141,366,175,0.11,0.0,0.0,0.11,0.45,0.0,564,292,311,144,313,138,173,55,0.0,0.0,10.71
True,True,,,232457,-1,1,-2,2,-1.9,0,"[{'offset': 0, 'projected_percent': '-1.9', 'likelihood': -1}, {'offset': 1, 'projected_percent': '-1.9', 'likelihood': -1}, {'offset': 2, 'projected_percent': '-1.9', 'likelihood': -1}]",,False,0,3,0.0,0.0,0,Anis,0.0,324,False,,,48,232457.jpg,0.0,False,Mehmeti,0.0,False,,a,12,40,0,389,63,2460,129,0.0,0.0,Mehmeti,,2.0,2026-01-23,2001-01-09,False,p232457,0,0,0,0,0,0,0,0,0,0,0,0,0,0.0,0.0,0.0,0.0,0,0,0,0,0,0.00,0.00,0.00,0.00,,,,,,,[],,553,225,549,231,511,204,558,226,0.0,0.0,0.0,0.0,0.0,0.0,411,250,551,226,565,233,532,214,0.0,0.0,0.0
True,False,0.0,0.0,546600,0,0,0,0,0.0,0,"[{'offset': 0, 'projected_percent': '0.0', 'likelihood': 0}, {'offset': 1, 'projected_percent': '0.0', 'likelihood': 0}, {'offset': 2, 'projected_percent': '0.0', 'likelihood': 0}]",,False,0,1,0.0,0.0,0,Kayne,0.0,554,False,Has joined Valencia on loan for the rest of the season,2026-08-25T14:04:09.529320Z,45,546600.jpg,0.0,False,van Oevelen,0.0,False,,u,12,40,0,54,0,1947,73,0.0,0.0,Van Oevelen,,152.0,2026-07-21,2003-08-07,False,p546600,0,0,0,0,0,0,0,0,0,0,0,0,0,0.0,0.0,0.0,0.0,0,0,0,0,0,0.00,0.00,0.00,0.00,,,,,,,[],,515,66,512,53,469,51,520,66,0.0,0.0,0.0,0.0,0.0,0.0,498,43,513,65,529,66,581,70,0.0,0.0,0.0
True,True,,,442967,-1,1,-2,2,-8.8,0,"[{'offset': 0, 'projected_percent': '-8.8', 'likelihood': -1}, {'offset': 1, 'projected_percent': '-8.8', 'likelihood': -1}, {'offset': 2, 'projected_percent': '-8.8', 'likelihood': -1}]",,False,0,3,1.5,1.5,1,Daizen,1.5,562,False,,,53,442967.jpg,1.6,False,Maeda,0.2,False,,a,12,40,8,2843,115,20132,1362,0.3,1.5,Maeda,,108.0,2026-07-25,1997-10-20,False,p442967,259,0,0,0,8,0,0,0,0,0,0,0,32,31.0,5.5,47.0,8.1,8,4,8,20,3,0.71,0.02,0.73,6.05,,,,,,,[],,251,103,300,151,102,57,236,107,0.25,0.0,0.01,0.26,2.1,2.78,223,141,237,106,267,119,320,113,1.04,0.0,6.95
True,True,,,240514,0,0,0,0,-29.8,-1,"[{'offset': 0, 'projected_percent': '-30.0', 'likelihood': -2}, {'offset': 1, 'projected_percent': '-30.3', 'likelihood': -2}, {'offset': 2, 'projected_percent': '-30.6', 'likelihood': -2}]",,False,0,1,1.2,1.2,0,Kjell,1.2,564,False,,,45,240514.jpg,1.8,False,Scherpen,0.6,False,,a,12,40,7,15094,527,23198,2621,0.3,1.6,Scherpen,,152.0,2026-07-28,2000-01-23,False,p240514,360,0,0,0,10,0,0,0,0,0,15,0,40,103.6,0.0,0.0,10.3,8,39,0,0,4,0.00,0.01,0.01,6.74,,,,,,,[],,75,14,491,47,442,42,205,14,0.0,3.75,0.0,0.0,1.68,2.5,462,34,248,20,249,21,238,35,1.0,0.0,0.0
True,True,100.0,100.0,216055,-1,1,-2,2,-2.1,0,"[{'offset': 0, 'projected_percent': '-2.1', 'likelihood': -1}, {'offset': 1, 'projected_percent': '-2.1', 'likelihood': -1}, {'offset': 2, 'projected_percent': '-2.1', 'likelihood': -1}]",,False,0,3,0.5,0.5,1,Florentino Ibrain,0.5,571,False,,2026-08-25T11:30:07.678802Z,48,216055.jpg,1.0,False,Morris Luís,0.1,False,,a,12,40,2,1046,101,7042,311,0.1,0.4,Florentino,Florentino,173.0,2026-08-04,1999-08-19,False,p216055,30,0,0,0,0,0,0,0,0,0,0,0,9,9.0,22.3,2.0,3.2,1,0,1,2,0,0.00,0.01,0.01,0.75,,,,,,,[],,331,151,213,118,323,160,317,145,0.0,0.0,0.03,0.03,2.25,0.0,410,249,316,146,327,141,444,170,0.0,0.0,6.0
True,True,100.0,100.0,474120,0,0,0,0,8.2,1,"[{'offset': 0, 'projected_percent': '8.2', 'likelihood': 1}, {'offset': 1, 'projected_percent': '8.2', 'likelihood': 1}, {'offset': 2, 'projected_percent': '8.3', 'likelihood': 1}]",,False,0,3,2.5,2.5,2,Julio,2.5,591,False,,2026-08-22T18:00:07.551930Z,55,474120.jpg,3.0,False,Enciso,0.8,False,,a,12,40,15,93482,1919,51964,5675,0.5,2.7,Enciso,,168.0,2026-08-17,2004-01-23,False,p474120,413,0,2,0,11,0,0,0,1,0,0,0,83,60.2,75.6,100.0,23.6,5,24,2,31,5,1.26,0.89,2.15,8.47,,,,,,,[],,164,63,66,54,35,20,59,39,0.27,0.0,0.19,0.46,1.85,2.4,150,92,159,67,152,63,201,63,1.09,0.0,6.76
True,True,,,572584,0,0,0,0,-29.9,-4,"[{'offset': 0, 'projected_percent': '-30.3', 'likelihood': -2}, {'offset': 1, 'projected_percent': '-31.0', 'likelihood': -2}, {'offset': 2, 'projected_percent': '-31.7', 'likelihood': -2}]",,False,0,2,1.2,1.2,2,Abdoul,1.2,592,False,,,40,572584.jpg,1.2,False,Ouattara,0.9,False,,a,12,40,6,13412,627,26029,1893,0.3,1.5,Ouattara,,54.0,2026-08-17,2005-10-22,False,p572584,131,0,0,0,2,0,0,0,0,0,0,0,29,31.6,36.2,9.0,7.6,7,14,4,11,1,0.02,0.03,0.05,3.13,,,,,,,[],,249,104,167,47,260,90,240,90,0.01,0.0,0.02,0.03,2.15,1.37,647,198,247,89,289,100,198,76,0.69,0.0,7.56
True,False,0.0,0.0,524180,0,0,0,0,0.0,0,"[{'offset': 0, 'projected_percent': '0.0', 'likelihood': 0}, {'offset': 1, 'projected_percent': '0.0', 'likelihood': 0}, {'offset': 2, 'projected_percent': '0.0', 'likelihood': 0}]",,False,0,3,0.0,0.0,0,Cameron,0.0,602,False,Has joined Huddersfield Town on loan for the rest of the season,2026-09-02T16:04:17.524642Z,45,524180.jpg,0.0,False,Humphreys,0.0,False,,u,12,40,0,2861,0,3216,222,0.0,0.0,Humphreys,,241.0,2021-08-09,2003-10-30,False,p524180,0,0,0,0,0,0,0,0,0,0,0,0,0,0.0,0.0,0.0,0.0,0,0,0,0,0,0.00,0.00,0.00,0.00,,,,,,,[],,513,205,510,211,467,183,518,206,0.0,0.0,0.0,0.0,0.0,0.0,496,264,511,206,527,213,565,235,0.0,0.0,0.0
True,True,,,218543,0,0,0,0,1.0,0,"[{'offset': 0, 'projected_percent': '1.0', 'likelihood': 1}, {'offset': 1, 'projected_percent': '1.0', 'likelihood': 1}, {'offset': 2, 'projected_percent': '1.0', 'likelihood': 1}]",,False,0,3,2.8,2.8,2,Exequiel,2.8,619,False,,,50,218543.jpg,2.8,False,Palacios,0.1,False,,a,12,40,11,8945,457,3378,768,0.6,2.2,Palacios,,10.0,2026-08-27,1998-10-05,False,p218543,275,0,0,0,7,0,0,0,0,0,0,0,64,55.4,46.6,4.0,10.6,12,23,9,44,3,0.00,0.09,0.09,5.30,,,,,,,[],,175,70,133,85,307,157,201,97,0.0,0.0,0.03,0.03,1.73,2.29,263,164,137,60,164,68,473,183,0.98,0.0,14.4
True,True,,,431639,0,0,0,0,0.4,0,"[{'offset': 0, 'projected_percent': '0.4', 'likelihood': 1}, {'offset': 1, 'projected_percent': '0.4', 'likelihood': 1}, {'offset': 2, 'projected_percent': '0.4', 'likelihood': 1}]",,False,0,4,2.0,2.0,0,Zian,2.0,640,False,,,55,431639.jpg,2.0,False,Flemming,0.1,False,,a,12,40,6,9154,792,3132,910,0.4,1.1,Flemming,,152.0,2026-09-01,1998-08-01,False,p431639,60,1,0,0,1,0,0,0,1,0,0,0,34,38.2,12.1,55.0,10.5,1,3,1,5,0,0.64,0.01,0.65,0.63,,,,,,,[],,224,19,264,32,86,21,203,22,0.96,0.0,0.02,0.98,0.94,1.5,141,37,199,19,238,24,458,66,0.0,0.0,7.5
True,True,0.0,0.0,153682,0,0,-3,3,-54.2,-56,"[{'offset': 0, 'projected_percent': '-55.2', 'likelihood': -3}, {'offset': 1, 'projected_percent': '-56.9', 'likelihood': -3}, {'offset': 2, 'projected_percent': '-58.7', 'likelihood': -3}]",,False,0,3,0.0,0.0,0,Harry,0.5,260,False,Thigh injury - Unknown return date,2026-09-18T13:30:09.626858Z,62,153682.jpg,1.2,False,Wilson,1.7,False,,i,13,2,5,29037,66,454350,37648,0.1,0.8,Wilson,,244.0,2026-07-08,1997-03-22,False,p153682,145,0,0,1,1,0,0,0,1,0,0,0,19,19.2,52.4,12.0,8.5,3,4,4,11,1,0.01,0.09,0.10,3.28,2.0,,2.0,,,,[],,287,123,111,73,242,127,229,106,0.01,0.0,0.06,0.07,2.04,0.62,53,37,346,164,295,135,136,42,0.62,0.62,6.83
True,False,0.0,0.0,201595,0,0,0,0,0.0,-2,"[{'offset': 0, 'projected_percent': '0.0', 'likelihood': 0}, {'offset': 1, 'projected_percent': '0.0', 'likelihood': 0}, {'offset': 2, 'projected_percent': '0.0', 'likelihood': 0}]",,False,0,1,0.0,0.0,0,Lucas Estella,0.0,326,False,Has joined Torino on loan for the rest of the season,2026-09-01T13:12:39.210133Z,45,201595.jpg,0.0,False,Perri,0.3,False,,u,13,2,0,532,0,26341,1141,0.0,0.0,Perri,Lucas Perri,30.0,2025-07-26,1997-12-10,False,p201595,0,0,0,0,0,0,0,0,0,0,0,0,0,0.0,0.0,0.0,0.0,0,0,0,0,0,0.00,0.00,0.00,0.00,,,,,,,[],,489,59,484,44,434,39,494,59,0.0,0.0,0.0,0.0,0.0,0.0,449,31,486,58,503,59,283,38,0.0,0.0,0.0
True,True,,,434752,0,0,0,0,4.9,-6,"[{'offset': 0, 'projected_percent': '4.8', 'likelihood': 1}, {'offset': 1, 'projected_percent': '4.8', 'likelihood': 1}, {'offset': 2, 'projected_percent': '4.7', 'likelihood': 1}]",,False,0,2,0.5,0.5,0,Jaka,0.5,327,False,,,50,434752.jpg,4.0,False,Bijol,0.7,False,,a,13,2,12,69036,734,58731,5116,0.1,2.4,Bijol,,195.0,2025-06-23,1999-02-05,False,p434752,164,0,0,1,2,0,0,0,0,0,0,2,29,38.2,0.6,15.0,5.4,18,7,3,21,2,0.11,0.00,0.11,3.16,,,,,,,[],,223,90,369,137,220,71,285,107,0.06,0.0,0.0,0.06,1.73,1.1,279,44,327,119,92,39,216,85,1.1,0.55,11.52
True,True,0.0,0.0,214225,-1,1,-2,2,-5.6,-6,"[{'offset': 0, 'projected_percent': '-5.7', 'likelihood': -1}, {'offset': 1, 'projected_percent': '-5.9', 'likelihood': -1}, {'offset': 2, 'projected_percent': '-6.1', 'likelihood': -1}]",,False,0,2,0.0,0.0,0,Joe,0.2,329,False,Hamstring injury - Expected back 21 Nov,2026-08-30T16:00:08.564382Z,43,214225.jpg,3.5,False,Rodon,0.8,False,,i,13,2,7,26935,41,296225,8220,0.0,1.6,Rodon,,244.0,2024-07-02,1997-10-22,False,p214225,123,0,0,1,0,0,0,0,0,0,0,0,25,23.0,14.7,7.0,4.5,10,2,1,11,2,0.03,0.06,0.09,1.01,,,,,,,[],https://www.leedsunited.com/en/news/daniel-farke-provides-fitness-update-ahead-of-brighton-clash-a,274,112,241,84,274,96,299,112,0.02,0.0,0.04,0.06,0.74,0.0,581,156,358,128,116,46,202,78,1.46,0.73,8.05
True,True,,,226182,0,0,1,-1,51.4,72,"[{'offset': 0, 'projected_percent': '52.0', 'likelihood': 3}, {'offset': 1, 'projected_percent': '53.0', 'likelihood': 3}, {'offset': 2, 'projected_percent': '54.0', 'likelihood': 3}]",,False,2,2,9.0,9.0,5,Jayden,9.0,330,True,,,46,226182.jpg,8.4,False,Bogle,7.0,False,,a,13,2,42,639611,113038,81437,22229,2.0,9.1,Bogle,,241.0,2024-07-20,2000-07-27,False,p226182,365,2,0,4,1,0,0,0,2,0,0,6,122,108.8,34.6,119.0,26.2,11,11,5,16,5,1.38,0.08,1.46,2.89,,,,,,,[],,59,25,171,51,23,1,46,5,0.34,0.0,0.02,0.36,0.71,0.25,426,82,4,2,4,2,53,20,1.23,0.99,3.95
True,True,100.0,100.0,243526,0,0,0,0,0.9,0,"[{'offset': 0, 'projected_percent': '0.9', 'likelihood': 1}, {'offset': 1, 'projected_percent': '0.9', 'likelihood': 1}, {'offset': 2, 'projected_percent': '0.9', 'likelihood': 1}]",,False,0,2,3.5,3.5,6,Gabriel,3.5,331,False,,2026-08-08T20:00:07.546568Z,45,243526.jpg,4.7,False,Gudmundsson,0.1,False,,a,13,2,14,4057,459,2722,292,0.8,3.1,Gudmundsson,,206.0,2025-07-08,1999-04-29,False,p243526,252,0,0,2,1,0,0,0,0,0,0,0,62,38.6,29.5,8.0,7.7,5,12,9,14,3,0.00,0.21,0.21,3.83,,,,,,,[],,222,89,188,59,268,94,238,88,0.0,0.0,0.08,0.08,1.37,0.36,465,106,89,37,69,31,464,164,1.07,0.71,5.0
True,True,,,220627,0,0,0,0,17.1,0,"[{'offset': 0, 'projected_percent': '17.1', 'likelihood': 1}, {'offset': 1, 'projected_percent': '17.1', 'likelihood': 1}, {'offset': 2, 'projected_percent': '17.1', 'likelihood': 1}]",,False,0,2,4.0,4.0,8,James,4.0,332,False,,,45,220627.jpg,5.2,False,Justin,1.5,False,,a,13,2,26,120923,3651,70135,5222,0.9,5.8,Justin,,241.0,2025-08-25,1998-02-23,False,p220627,450,0,0,2,3,0,0,0,0,0,0,4,91,103.6,56.1,41.0,20.0,28,14,16,44,5,0.22,0.42,0.64,6.46,,,,,,,[],,74,34,102,25,118,29,88,27,0.04,0.0,0.08,0.12,1.29,0.6,455,100,68,29,52,21,152,61,1.0,0.4,8.8
True,False,0.0,0.0,437738,0,0,0,0,0.0,0,"[{'offset': 0, 'projected_percent': '0.0', 'likelihood': 0}, {'offset': 1, 'projected_percent': '0.0', 'likelihood': 0}, {'offset': 2, 'projected_percent': '0.0', 'likelihood': 0}]",,False,0,2,0.0,0.0,0,Sebastiaan,0.0,333,False,Has joined Hamburg SV on loan for the rest of the season,2026-08-19T13:56:14.645970Z,45,437738.jpg,0.0,False,Bornauw,0.0,False,,u,13,2,0,0,0,299,5,0.0,0.0,Bornauw,,21.0,2025-07-01,1999-03-22,False,p437738,0,0,0,0,0,0,0,0,0,0,0,0,0,0.0,0.0,0.0,0.0,0,0,0,0,0,0.00,0.00,0.00,0.00,,,,,,,[],,500,193,496,192,449,184,505,193,0.0,0.0,0.0,0.0,0.0,0.0,473,113,498,190,514,193,656,216,0.0,0.0,0.0
True,True,,,522047,0,0,0,0,36.6,-8,"[{'offset': 0, 'projected_percent': '36.5', 'likelihood': 2}, {'offset': 1, 'projected_percent': '36.4', 'likelihood': 2}, {'offset': 2, 'projected_percent': '36.3', 'likelihood': 2}]",,False,0,2,5.2,5.2,6,Tarik,5.2,334,False,,,50,522047.jpg,5.4,False,Muharemović,4.3,False,,a,13,2,27,295703,24418,169315,20431,1.0,5.4,Muharemović,,27.0,2026-07-17,2003-02-28,False,p522047,450,0,1,2,3,0,0,0,0,0,0,0,101,147.4,13.6,41.0,20.2,53,16,5,58,5,0.49,0.05,0.54,6.46,,,,,,,[],,19,4,255,92,119,30,86,25,0.1,0.0,0.01,0.11,1.29,0.6,314,54,36,16,47,18,79,31,1.0,0.4,11.6
True,True,,,466525,0,0,0,0,15.5,-16,"[{'offset': 0, 'projected_percent': '15.4', 'likelihood': 1}, {'offset': 1, 'projected_percent': '15.1', 'likelihood': 1}, {'offset': 2, 'projected_percent': '14.9', 'likelihood': 1}]",,False,1,3,3.5,3.5,5,Anton,3.5,335,False,,,60,466525.jpg,5.4,False,Stach,2.5,False,,a,13,2,27,201634,4291,162820,18087,0.6,4.5,Stach,,80.0,2025-07-22,1998-11-15,False,p466525,447,1,0,3,2,0,0,0,0,0,0,3,86,116.4,93.3,55.0,26.5,27,21,13,61,5,0.97,0.31,1.28,6.17,1.0,,1.0,,,,[],,47,17,45,38,87,52,45,34,0.2,0.0,0.06,0.26,1.24,0.4,72,49,97,39,50,23,116,36,1.01,0.6,12.28
True,True,,,435997,0,0,-2,2,1.4,-1,"[{'offset': 0, 'projected_percent': '1.4', 'likelihood': 1}, {'offset': 1, 'projected_percent': '1.4', 'likelihood': 1}, {'offset': 2, 'projected_percent': '1.3', 'likelihood': 1}]",,False,0,3,4.2,4.2,3,Noah,4.2,336,False,,,58,435997.jpg,3.6,False,Okafor,0.4,False,,a,13,2,18,26681,1574,34884,3098,0.7,3.1,Okafor,,207.0,2025-08-21,2000-05-24,False,p435997,299,1,0,3,1,0,0,0,0,0,0,1,82,67.0,41.4,40.0,14.8,3,8,7,18,4,0.17,0.27,0.44,2.37,,,,,,,[],,140,47,152,97,124,69,148,75,0.05,0.0,0.08,0.13,0.71,0.3,102,65,64,24,113,45,270,89,1.2,0.9,5.42
True,True,,,427637,-1,1,-2,2,-6.2,-4,"[{'offset': 0, 'projected_percent': '-6.6', 'likelihood': -1}, {'offset': 1, 'projected_percent': '-7.2', 'likelihood': -1}, {'offset': 2, 'projected_percent': '-7.8', 'likelihood': -1}]",,False,0,3,1.0,1.0,1,Brenden,1.0,337,False,,,53,427637.jpg,1.4,False,Aaronson,0.5,False,,a,13,2,7,6756,193,47856,3127,0.2,1.3,Aaronson,,229.0,2022-07-01,2000-10-22,False,p427637,194,0,0,1,3,0,0,0,0,0,0,0,36,11.8,3.7,9.0,2.5,1,11,3,15,2,0.01,0.02,0.03,3.78,,,4.0,,,,[],,313,139,318,161,264,136,337,158,0.0,0.0,0.01,0.01,1.75,1.39,221,139,265,121,277,124,253,82,0.93,0.46,6.96
True,True,,,199598,0,0,-1,1,-26.2,-2,"[{'offset': 0, 'projected_percent': '-26.3', 'likelihood': -2}, {'offset': 1, 'projected_percent': '-26.7', 'likelihood': -2}, {'offset': 2, 'projected_percent': '-27.0', 'likelihood': -2}]",,False,0,3,4.0,4.0,5,Ethan,4.0,338,False,,,54,199598.jpg,4.2,False,Ampadu,0.9,False,,a,13,2,21,17854,1421,60166,4487,0.7,3.9,Ampadu,,244.0,2023-07-19,2000-09-14,False,p199598,450,0,1,2,3,0,0,0,0,0,0,0,87,88.6,67.1,5.0,16.1,24,24,12,60,5,0.08,0.26,0.34,6.46,,,,,,,[],,100,28,85,62,295,153,122,64,0.02,0.0,0.05,0.07,1.29,0.6,175,111,75,28,82,34,188,59,1.0,0.4,12.0
True,True,,,180135,0,0,-1,1,-89.9,0,"[{'offset': 0, 'projected_percent': '-89.9', 'likelihood': -3}, {'offset': 1, 'projected_percent': '-89.9', 'likelihood': -3}, {'offset': 2, 'projected_percent': '-89.9', 'likelihood': -3}]",,False,0,3,0.2,0.2,0,Sean,0.2,339,False,,,49,180135.jpg,1.0,False,Longstaff,0.1,False,,a,13,2,2,2490,117,8060,576,0.0,0.4,Longstaff,,241.0,2025-07-18,1997-10-30,False,p180135,10,0,0,0,1,0,0,0,0,0,0,0,7,0.0,0.2,0.0,0.0,0,0,0,0,0,0.00,0.00,0.00,0.35,3.0,,3.0,,,,[],,562,231,387,194,524,212,567,232,0.0,0.0,0.0,0.0,3.15,9.0,347,208,367,171,333,144,438,165,0.0,0.0,0.0
True,False,0.0,0.0,492859,0,0,0,0,0.0,0,"[{'offset': 0, 'projected_percent': '0.0', 'likelihood': 0}, {'offset': 1, 'projected_percent': '0.0', 'likelihood': 0}, {'offset': 2, 'projected_percent': '0.0', 'likelihood': 0}]",,False,0,3,0.0,0.0,0,Wilfried,0.0,341,False,Has joined ACF Fiorentina on loan for the rest of the season,2026-09-02T16:04:47.189648Z,50,492859.jpg,0.0,False,Gnonto,0.0,False,,u,13,2,0,244,0,1805,47,0.0,0.0,Gnonto,,106.0,2022-09-01,2003-11-05,False,p492859,0,0,0,0,0,0,0,0,0,0,0,0,0,0.0,0.0,0.0,0.0,0,0,0,0,0,0.00,0.00,0.00,0.00,,,,,,,[],,605,259,611,264,588,250,611,261,0.0,0.0,0.0,0.0,0.0,0.0,303,182,606,261,614,264,624,266,0.0,0.0,0.0
True,False,0.0,0.0,221399,0,0,0,0,0.0,0,"[{'offset': 0, 'projected_percent': '0.0', 'likelihood': 0}, {'offset': 1, 'projected_percent': '0.0', 'likelihood': 0}, {'offset': 2, 'projected_percent': '0.0', 'likelihood': 0}]",,False,0,3,0.0,0.0,0,Jack,0.0,342,False,Has joined New England Revolution permanently,2026-07-28T12:59:09.492431Z,50,221399.jpg,0.0,False,Harrison,0.0,False,,u,13,2,0,0,0,79,5,0.0,0.0,Harrison,,241.0,2021-07-02,1996-11-20,False,p221399,0,0,0,0,0,0,0,0,0,0,0,0,0,0.0,0.0,0.0,0.0,0,0,0,0,0,0.00,0.00,0.00,0.00,,,,,,,[],,590,252,592,257,568,242,596,254,0.0,0.0,0.0,0.0,0.0,0.0,265,165,591,254,599,257,665,297,0.0,0.0,0.0
True,True,,,200617,0,0,-1,1,-25.3,0,"[{'offset': 0, 'projected_percent': '-25.3', 'likelihood': -2}, {'offset': 1, 'projected_percent': '-25.3', 'likelihood': -2}, {'offset': 2, 'projected_percent': '-25.3', 'likelihood': -2}]",,False,0,3,0.8,0.8,1,Daniel,0.8,343,False,,,49,200617.jpg,1.0,False,James,0.1,False,,a,13,2,3,4142,173,7967,517,0.2,0.6,James,,244.0,2021-08-31,1997-11-10,False,p200617,52,0,0,0,1,0,0,0,0,0,0,0,9,1.2,1.3,19.0,1.9,1,4,0,5,0,0.35,0.01,0.36,1.61,,,,,,,[],,394,184,352,175,191,104,350,166,0.61,0.0,0.02,0.63,2.79,1.73,349,210,284,129,334,145,427,160,0.0,0.0,8.65
True,True,100.0,100.0,486520,0,0,0,0,0.0,0,"[{'offset': 0, 'projected_percent': '0.0', 'likelihood': 0}, {'offset': 1, 'projected_percent': '0.0', 'likelihood': 0}, {'offset': 2, 'projected_percent': '0.0', 'likelihood': 0}]",,False,0,3,0.0,0.0,0,Ilia,0.0,344,False,,2026-08-14T23:00:06.272027Z,50,486520.jpg,0.0,False,Gruev,0.0,False,,a,13,2,0,122,43,310,15,0.0,0.0,Gruev,,34.0,2023-08-31,2000-05-06,False,p486520,0,0,0,0,0,0,0,0,0,0,0,0,0,0.0,0.0,0.0,0.0,0,0,0,0,0,0.00,0.00,0.00,0.00,,,,,,,[],,599,255,605,260,582,246,605,257,0.0,0.0,0.0,0.0,0.0,0.0,294,176,600,257,608,260,645,280,0.0,0.0,0.0
True,True,,,248056,0,0,-1,1,4.5,0,"[{'offset': 0, 'projected_percent': '4.5', 'likelihood': 1}, {'offset': 1, 'projected_percent': '4.5', 'likelihood': 1}, {'offset': 2, 'projected_percent': '4.5', 'likelihood': 1}]",,False,0,3,3.5,3.5,2,Tanaka,3.5,345,False,,,49,248056.jpg,3.5,False,Ao,0.3,False,,a,13,2,14,22491,1973,17286,2051,0.7,2.9,Tanaka,,108.0,2024-08-30,1998-09-10,False,p248056,255,0,2,2,1,0,0,0,1,0,0,0,48,50.0,18.3,20.0,8.6,11,10,8,29,3,0.73,0.05,0.78,3.24,4.0,,,,,,[],,195,82,222,121,189,102,227,104,0.26,0.0,0.02,0.28,1.14,0.35,364,218,91,35,118,47,287,97,1.06,0.71,10.24
True,True,,,177815,0,0,0,0,64.0,-19,"[{'offset': 0, 'projected_percent': '63.8', 'likelihood': 3}, {'offset': 1, 'projected_percent': '63.6', 'likelihood': 3}, {'offset': 2, 'projected_percent': '63.3', 'likelihood': 3}]",,False,0,4,5.2,5.2,2,Dominic,5.2,346,False,,,60,177815.jpg,4.4,False,Calvert-Lewin,24.8,False,,a,13,2,22,1000077,83448,1309463,156521,0.9,3.7,Calvert-Lewin,,241.0,2025-08-15,1997-03-16,False,p177815,419,2,1,3,2,0,0,0,3,0,0,4,73,104.0,29.6,153.0,28.2,9,13,0,22,5,3.00,0.08,3.08,4.85,,,,,1.0,,[],,73,5,187,21,10,5,38,7,0.64,0.0,0.02,0.66,1.04,0.43,65,14,40,6,79,7,13,3,1.07,0.64,4.73
True,True,,,174594,0,0,-1,1,-24.9,-4,"[{'offset': 0, 'projected_percent': '-25.5', 'likelihood': -2}, {'offset': 1, 'projected_percent': '-26.7', 'likelihood': -2}, {'offset': 2, 'projected_percent': '-27.8', 'likelihood': -2}]",,False,0,4,1.8,1.8,1,Lukas,1.8,347,False,,,54,174594.jpg,1.8,False,Nmecha,0.5,False,,a,13,2,7,21944,1750,36861,3440,0.3,1.3,Nmecha,,80.0,2025-07-01,1998-12-14,False,p174594,64,0,1,0,1,0,0,0,0,0,0,0,28,20.4,22.4,15.0,5.7,0,3,1,4,0,0.27,0.15,0.42,2.90,,,,,2.0,,[],,284,26,210,24,222,32,278,31,0.38,0.0,0.21,0.59,4.08,1.41,170,41,220,23,256,31,258,44,0.0,0.0,5.62
True,False,0.0,0.0,235826,0,0,0,0,0.0,-1,"[{'offset': 0, 'projected_percent': '0.0', 'likelihood': 0}, {'offset': 1, 'projected_percent': '0.0', 'likelihood': 0}, {'offset': 2, 'projected_percent': '0.0', 'likelihood': 0}]",,False,0,4,0.0,0.0,0,Joël,0.0,348,False,Has joined West Ham United on loan for the rest of the season,2026-08-19T13:56:14.666726Z,50,235826.jpg,0.0,False,Piroe,0.1,False,,u,13,2,0,0,0,11181,386,0.0,0.0,Piroe,,203.0,2023-08-24,1999-08-02,False,p235826,0,0,0,0,0,0,0,0,0,0,0,0,0,0.0,0.0,0.0,0.0,0,0,0,0,0,0.00,0.00,0.00,0.00,,,,,3.0,,[],,595,60,597,64,573,59,601,64,0.0,0.0,0.0,0.0,0.0,0.0,274,54,596,61,604,65,486,68,0.0,0.0,0.0
True,True,0.0,0.0,565297,0,0,0,0,-38.4,0,"[{'offset': 0, 'projected_percent': '-38.4', 'likelihood': -2}, {'offset': 1, 'projected_percent': '-38.4', 'likelihood': -2}, {'offset': 2, 'projected_percent': '-38.4', 'likelihood': -2}]",,False,0,4,0.0,0.0,0,Mateo,0.0,349,False,Knee injury - Unknown return date,2026-07-29T18:00:10.338170Z,45,565297.jpg,0.0,False,Joseph Fernández-Regatillo,0.1,False,,i,13,2,0,3071,285,4406,432,0.0,0.0,Mateo Joseph,,200.0,2022-11-04,2003-10-19,False,p565297,0,0,0,0,0,0,0,0,0,0,0,0,0,0.0,0.0,0.0,0.0,0,0,0,0,0,0.00,0.00,0.00,0.00,,,,,,,[],,522,51,518,55,476,50,527,55,0.0,0.0,0.0,0.0,0.0,0.0,506,72,520,52,535,56,495,69,0.0,0.0,0.0
True,True,,,432720,0,0,0,0,31.5,12,"[{'offset': 0, 'projected_percent': '31.6', 'likelihood': 2}, {'offset': 1, 'projected_percent': '31.7', 'likelihood': 2}, {'offset': 2, 'projected_percent': '31.9', 'likelihood': 2}]",,False,0,1,4.8,4.8,10,James,4.8,385,False,,,50,432720.jpg,5.6,False,Trafford,5.5,False,,a,13,2,28,261106,19135,157474,13129,1.0,5.6,Trafford,,241.0,2026-08-06,2002-10-10,False,p432720,450,0,0,2,3,0,0,0,0,0,20,5,117,148.6,0.0,0.0,14.9,6,55,0,0,5,0.00,0.00,0.00,6.46,,,,,,,[],,18,3,598,67,574,66,143,4,0.0,4.0,0.0,0.0,1.29,0.6,277,11,50,4,39,3,71,10,1.0,0.4,0.0
True,True,,,173774,0,0,0,0,0.6,-1,"[{'offset': 0, 'projected_percent': '0.6', 'likelihood': 1}, {'offset': 1, 'projected_percent': '0.6', 'likelihood': 1}, {'offset': 2, 'projected_percent': '0.6', 'likelihood': 1}]",,False,0,2,3.2,3.2,6,Nico,3.2,598,False,,,45,173774.jpg,3.2,False,Elvedi,0.1,False,,a,13,2,13,5313,198,2770,211,0.7,2.9,Elvedi,,207.0,2026-08-19,1996-09-30,False,p173774,326,0,0,1,3,0,0,0,0,0,0,0,56,83.0,25.4,39.0,14.8,27,8,2,29,3,0.12,0.58,0.70,5.45,,,,,,,[],,110,49,196,63,126,34,145,50,0.03,0.0,0.16,0.19,1.5,0.83,445,93,101,42,125,53,492,176,0.83,0.28,8.01
True,True,,,643970,0,0,0,0,0.1,0,"[{'offset': 0, 'projected_percent': '0.1', 'likelihood': 1}, {'offset': 1, 'projected_percent': '0.1', 'likelihood': 1}, {'offset': 2, 'projected_percent': '0.1', 'likelihood': 1}]",,False,0,2,0.0,0.0,0,Jayden,0.0,603,False,,,40,643970.jpg,0.0,False,Lienou,0.1,False,,a,13,2,0,6897,224,3940,473,0.0,0.0,Lienou,,244.0,2026-05-10,2008-04-08,False,p643970,0,0,0,0,0,0,0,0,0,0,0,0,0,0.0,0.0,0.0,0.0,0,0,0,0,0,0.00,0.00,0.00,0.00,,,,,,,[],,463,179,454,178,399,164,468,179,0.0,0.0,0.0,0.0,0.0,0.0,659,209,456,172,477,179,413,151,0.0,0.0,0.0
True,True,,,592740,0,0,0,0,-10.2,0,"[{'offset': 0, 'projected_percent': '-10.2', 'likelihood': -1}, {'offset': 1, 'projected_percent': '-10.2', 'likelihood': -1}, {'offset': 2, 'projected_percent': '-10.2', 'likelihood': -1}]",,False,0,3,0.0,0.0,0,Alfie,0.0,604,False,,,45,592740.jpg,0.0,False,Cresswell,0.1,False,,a,13,2,0,14032,276,7859,831,0.0,0.0,Cresswell,,241.0,2026-05-16,2007-07-15,False,p592740,0,0,0,0,0,0,0,0,0,0,0,0,0,0.0,0.0,0.0,0.0,0,0,0,0,0,0.00,0.00,0.00,0.00,,,,,,,[],,528,210,524,216,482,188,533,211,0.0,0.0,0.0,0.0,0.0,0.0,515,270,526,211,541,218,376,137,0.0,0.0,0.0
True,True,,,97846,0,0,0,0,0.4,-2,"[{'offset': 0, 'projected_percent': '0.3', 'likelihood': 1}, {'offset': 1, 'projected_percent': '0.3', 'likelihood': 1}, {'offset': 2, 'projected_percent': '0.3', 'likelihood': 1}]",,False,0,1,0.0,0.0,0,Alex,0.0,625,False,,,40,97846.jpg,0.0,False,Cairns,0.2,False,,a,13,2,0,19730,771,5870,712,0.0,0.0,Cairns,,241.0,2024-07-08,1993-01-04,False,p97846,0,0,0,0,0,0,0,0,0,0,0,0,0,0.0,0.0,0.0,0.0,0,0,0,0,0,0.00,0.00,0.00,0.00,,,,,,,[],,418,32,406,13,350,8,422,32,0.0,0.0,0.0,0.0,0.0,0.0,595,56,409,30,432,32,328,39,0.0,0.0,0.0
True,True,,,155465,0,0,0,0,2.1,-6,"[{'offset': 0, 'projected_percent': '2.1', 'likelihood': 1}, {'offset': 1, 'projected_percent': '2.0', 'likelihood': 1}, {'offset': 2, 'projected_percent': '1.9', 'likelihood': 1}]",,False,0,1,0.0,0.0,0,Michael,0.0,629,False,,,40,155465.jpg,0.0,False,Zetterer,0.7,False,,a,13,2,0,58228,2788,13896,2521,0.0,0.0,Zetterer,,80.0,2026-08-29,1995-07-12,False,p155465,0,0,0,0,0,0,0,0,0,0,0,0,0,0.0,0.0,0.0,0.0,0,0,0,0,0,0.00,0.00,0.00,0.00,,,,,,,[],,421,34,409,15,353,10,425,34,0.0,0.0,0.0,0.0,0.0,0.0,598,58,412,32,435,34,219,32,0.0,0.0,0.0
True,True,,,437497,0,0,0,0,0.0,0,"[{'offset': 0, 'projected_percent': '0.0', 'likelihood': 0}, {'offset': 1, 'projected_percent': '0.0', 'likelihood': 0}, {'offset': 2, 'projected_percent': '0.0', 'likelihood': 0}]",,False,0,2,0.3,0.3,0,Melvin,0.3,641,False,,,45,437497.jpg,1.0,False,Bard,0.0,False,,a,13,2,1,951,89,346,70,0.1,0.2,Bard,,73.0,2026-09-01,2000-11-06,False,p437497,18,0,0,0,1,0,0,0,0,0,0,0,1,4.4,10.3,0.0,1.5,1,2,1,2,0,0.00,0.00,0.00,0.30,,,,,,,[],,365,136,279,100,448,183,361,126,0.0,0.0,0.0,0.0,1.5,5.0,472,112,350,122,319,122,616,208,0.0,0.0,10.0
True,True,,,587982,0,0,0,0,-49.1,0,"[{'offset': 0, 'projected_percent': '-49.1', 'likelihood': -3}, {'offset': 1, 'projected_percent': '-49.1', 'likelihood': -3}, {'offset': 2, 'projected_percent': '-49.1', 'likelihood': -3}]",,False,0,3,0.3,0.3,1,Jean-Mattéo,0.3,648,False,,,50,587982.jpg,1.0,False,Bahoya,0.0,False,,a,13,2,1,2233,101,1134,166,0.1,0.2,Bahoya,,73.0,2026-09-01,2005-05-07,False,p587982,1,0,0,0,0,0,0,0,0,0,0,0,5,1.0,0.3,0.0,0.1,0,0,0,0,0,0.00,0.00,0.00,0.00,,,,,,,[],,397,186,382,191,600,257,405,190,0.0,0.0,0.0,0.0,0.0,0.0,324,195,351,166,357,161,595,248,0.0,0.0,0.0
True,True,,,116535,0,0,0,0,1.3,-12,"[{'offset': 0, 'projected_percent': '1.2', 'likelihood': 1}, {'offset': 1, 'projected_percent': '1.0', 'likelihood': 1}, {'offset': 2, 'projected_percent': '0.9', 'likelihood': 1}]",,False,0,1,6.2,6.2,8,Alisson,6.2,350,False,,,55,116535.jpg,5.4,False,Becker,4.0,False,,a,14,14,27,144359,11041,143978,10454,1.1,4.9,A.Becker,Alisson Becker,30.0,2018-07-19,1992-10-02,False,p116535,450,0,0,3,4,0,0,0,1,0,14,5,96,99.2,0.0,0.0,9.9,10,47,0,0,5,0.00,0.00,0.00,6.12,,,,,,,[],,79,15,641,72,628,71,211,16,0.0,2.8,0.0,0.0,1.22,0.8,126,3,19,1,48,4,82,13,1.0,0.6,0.0
True,True,,,449027,0,0,-1,1,-91.4,0,"[{'offset': 0, 'projected_percent': '-91.4', 'likelihood': -3}, {'offset': 1, 'projected_percent': '-91.4', 'likelihood': -3}, {'offset': 2, 'projected_percent': '-91.4', 'likelihood': -3}]",,False,0,1,0.0,0.0,0,Giorgi,0.0,351,False,,,49,449027.jpg,0.0,False,Mamardashvili,0.1,False,,a,14,14,0,2835,223,8575,557,0.0,0.0,Mamardashvili,,79.0,2024-08-27,2000-09-29,False,p449027,0,0,0,0,0,0,0,0,0,0,0,0,0,0.0,0.0,0.0,0.0,0,0,0,0,0,0.00,0.00,0.00,0.00,,,,,,,[],,570,70,568,59,534,57,576,70,0.0,0.0,0.0,0.0,0.0,0.0,370,19,569,70,581,70,378,41,0.0,0.0,0.0
True,True,,,155503,0,0,0,0,-29.5,-4,"[{'offset': 0, 'projected_percent': '-29.8', 'likelihood': -2}, {'offset': 1, 'projected_percent': '-30.4', 'likelihood': -2}, {'offset': 2, 'projected_percent': '-31.0', 'likelihood': -2}]",,False,0,1,0.0,0.0,0,Freddie,0.0,352,False,,,40,155503.jpg,0.0,False,Woodman,1.0,False,,a,14,14,0,18198,704,27004,2146,0.0,0.0,Woodman,,241.0,2025-07-01,1997-03-04,False,p155503,0,0,0,0,0,0,0,0,0,0,0,0,0,0.0,0.0,0.0,0.0,0,0,0,0,0,0.00,0.00,0.00,0.00,,,,,,,[],,422,35,410,16,354,11,426,35,0.0,0.0,0.0,0.0,0.0,0.0,599,59,413,33,436,35,176,26,0.0,0.0,0.0
True,False,0.0,0.0,586268,0,0,0,0,0.0,0,"[{'offset': 0, 'projected_percent': '0.0', 'likelihood': 0}, {'offset': 1, 'projected_percent': '0.0', 'likelihood': 0}, {'offset': 2, 'projected_percent': '0.0', 'likelihood': 0}]",,False,0,1,0.0,0.0,0,Armin,0.0,353,False,Has joined TSV Hartberg on loan for the rest of the season,2026-08-18T14:11:18.638344Z,40,586268.jpg,0.0,False,Pecsi,0.0,False,,u,14,14,0,0,0,1080,53,0.0,0.0,Pecsi,,,,,False,p586268,0,0,0,0,0,0,0,0,0,0,0,0,0,0.0,0.0,0.0,0.0,0,0,0,0,0,0.00,0.00,0.00,0.00,,,,,,,[],,458,49,449,30,394,25,463,49,0.0,0.0,0.0,0.0,0.0,0.0,653,73,451,47,472,49,578,69,0.0,0.0,0.0
True,True,0.0,0.0,432987,0,0,0,0,0.0,0,"[{'offset': 0, 'projected_percent': '0.0', 'likelihood': 0}, {'offset': 1, 'projected_percent': '0.0', 'likelihood': 0}, {'offset': 2, 'projected_percent': '0.0', 'likelihood': 0}]",,False,0,1,0.0,0.0,0,Vitezslav,0.0,354,False,Knee injury - Unknown return date,2026-07-29T18:00:10.351066Z,40,432987.jpg,0.0,False,Jaros,0.0,False,,i,14,14,0,1734,187,1232,146,0.0,0.0,Jaros,,57.0,2019-07-10,2001-07-23,False,p432987,0,0,0,0,0,0,0,0,0,0,0,0,0,0.0,0.0,0.0,0.0,0,0,0,0,0,0.00,0.00,0.00,0.00,,,,,,,[],https://www.liverpoolfc.com/news/ajax-issue-vitezslav-jaros-injury-update,431,41,422,22,366,17,436,41,0.0,0.0,0.0,0.0,0.0,0.0,616,65,424,39,445,41,573,68,0.0,0.0,0.0
True,True,,,464353,0,0,0,0,0.1,0,"[{'offset': 0, 'projected_percent': '0.1', 'likelihood': 1}, {'offset': 1, 'projected_percent': '0.1', 'likelihood': 1}, {'offset': 2, 'projected_percent': '0.1', 'likelihood': 1}]",,False,0,1,0.0,0.0,0,Harvey,0.0,355,False,,,40,464353.jpg,0.0,False,Davies,0.2,False,,a,14,14,0,4714,262,4205,425,0.0,0.0,Davies,,241.0,2021-03-09,2003-09-03,False,p464353,0,0,0,0,0,0,0,0,0,0,0,0,0,0.0,0.0,0.0,0.0,0,0,0,0,0,0.00,0.00,0.00,0.00,,,,,,,[],,436,44,427,25,371,20,441,44,0.0,0.0,0.0,0.0,0.0,0.0,626,68,429,42,450,44,363,40,0.0,0.0,0.0
True,True,,,97032,0,0,0,0,-56.7,-3,"[{'offset': 0, 'projected_percent': '-56.7', 'likelihood': -3}, {'offset': 1, 'projected_percent': '-56.7', 'likelihood': -3}, {'offset': 2, 'projected_percent': '-56.7', 'likelihood': -3}]",,False,0,2,5.8,5.8,8,Virgil,5.8,356,False,,,65,97032.jpg,5.0,False,van Dijk,16.2,False,,a,14,14,25,275640,18624,612496,39863,0.9,3.8,Virgil,,152.0,2018-01-01,1991-07-08,False,p97032,450,0,0,3,4,0,0,0,1,0,0,0,96,125.0,22.3,26.0,17.4,43,18,5,48,5,0.25,0.08,0.33,6.12,,,,,,,[],,36,15,214,71,164,49,114,37,0.05,0.0,0.02,0.07,1.22,0.8,34,2,27,11,58,24,26,9,1.0,0.6,9.6
True,True,,,216094,0,0,-2,2,-33.8,-9,"[{'offset': 0, 'projected_percent': '-34.2', 'likelihood': -2}, {'offset': 1, 'projected_percent': '-34.9', 'likelihood': -2}, {'offset': 2, 'projected_percent': '-35.7', 'likelihood': -2}]",,False,0,2,0.5,0.5,0,Jeremie,0.5,357,False,,,53,216094.jpg,0.7,False,Frimpong,1.8,False,,a,14,14,2,58779,1436,245164,11779,0.1,0.4,Frimpong,,152.0,2025-06-01,2000-12-10,False,p216094,178,0,0,0,4,0,0,0,1,0,0,0,24,39.4,76.5,16.0,13.2,8,7,4,12,2,0.01,0.23,0.24,3.91,,,,,,,[],,219,87,65,10,211,65,168,59,0.01,0.0,0.12,0.13,1.98,2.02,216,30,332,120,412,143,134,54,1.01,0.0,6.07
True,True,,,544877,0,0,-1,1,-96.1,-14,"[{'offset': 0, 'projected_percent': '-96.6', 'likelihood': -4}, {'offset': 1, 'projected_percent': '-97.5', 'likelihood': -4}, {'offset': 2, 'projected_percent': '-98.3', 'likelihood': -4}]",,False,0,2,3.2,3.2,6,Milos,3.2,358,False,,,54,544877.jpg,2.6,False,Kerkez,2.2,False,,a,14,14,13,47339,2322,186594,9222,0.6,2.4,Kerkez,,98.0,2025-06-26,2003-11-07,False,p544877,385,0,0,2,4,0,0,0,2,0,0,0,63,75.4,47.3,14.0,13.7,22,10,8,30,4,0.07,0.08,0.15,5.65,,,,,,,[],,122,55,129,34,227,74,160,56,0.02,0.0,0.02,0.04,1.32,0.94,208,27,109,46,183,71,121,48,0.94,0.47,7.01
True,True,100.0,100.0,171287,0,0,-1,1,0.0,-1,"[{'offset': 0, 'projected_percent': '0.0', 'likelihood': 0}, {'offset': 1, 'projected_percent': '-3.1', 'likelihood': -1}, {'offset': 2, 'projected_percent': '-11.4', 'likelihood': -1}]",,False,0,2,0.0,0.0,0,Joe,0.0,359,False,,2026-07-26T08:30:10.078473Z,49,171287.jpg,0.0,False,Gomez,0.0,False,,a,14,14,0,708,288,1169,105,0.0,0.0,Gomez,,241.0,2015-06-20,1997-05-23,False,p171287,0,0,0,0,0,0,0,0,0,0,0,0,0,0.0,0.0,0.0,0.0,0,0,0,0,0,0.00,0.00,0.00,0.00,,,,,,,[],,561,205,558,204,523,201,566,205,0.0,0.0,0.0,0.0,0.0,0.0,346,59,560,202,573,204,569,192,0.0,0.0,0.0
True,True,0.0,0.0,492777,0,0,0,0,-81.8,0,"[{'offset': 0, 'projected_percent': '-81.8', 'likelihood': -3}, {'offset': 1, 'projected_percent': '-81.8', 'likelihood': -3}, {'offset': 2, 'projected_percent': '-81.8', 'likelihood': -3}]",,False,0,2,0.0,0.0,0,Conor,0.0,360,False,Knee injury - Unknown return date,2026-07-23T12:01:23.565711Z,50,492777.jpg,0.0,False,Bradley,0.0,False,,i,14,14,0,364,47,781,69,0.0,0.0,Bradley,,242.0,2023-09-25,2003-07-09,False,p492777,0,0,0,0,0,0,0,0,0,0,0,0,0,0.0,0.0,0.0,0.0,0,0,0,0,0,0.00,0.00,0.00,0.00,,,,,,,[],https://www.liverpoolfc.com/news/fitness-latest-joe-gomez-return-update-conor-bradley,604,212,610,212,587,209,610,212,0.0,0.0,0.0,0.0,0.0,0.0,302,52,605,210,613,211,610,205,0.0,0.0,0.0
True,True,,,519440,0,0,0,0,-49.3,0,"[{'offset': 0, 'projected_percent': '-49.3', 'likelihood': -3}, {'offset': 1, 'projected_percent': '-49.3', 'likelihood': -3}, {'offset': 2, 'projected_percent': '-49.3', 'likelihood': -3}]",,False,0,2,0.0,0.0,0,Wellity,0.0,361,False,,,40,519440.jpg,0.0,False,Lucky,0.1,False,,a,14,14,0,3832,255,5726,501,0.0,0.0,Lucky,,,,,False,p519440,0,0,0,0,0,0,0,0,0,0,0,0,0,0.0,0.0,0.0,0.0,0,0,0,0,0,0.00,0.00,0.00,0.00,,,,,,,[],,445,162,436,161,380,146,450,162,0.0,0.0,0.0,0.0,0.0,0.0,636,187,438,155,459,162,390,147,0.0,0.0,0.0
True,True,100.0,100.0,606702,0,0,0,0,52.2,11,"[{'offset': 0, 'projected_percent': '52.3', 'likelihood': 3}, {'offset': 1, 'projected_percent': '52.4', 'likelihood': 3}, {'offset': 2, 'projected_percent': '52.6', 'likelihood': 3}]",,False,0,2,5.8,5.8,6,Jeremy,5.8,362,False,,2026-07-23T12:01:23.581126Z,50,606702.jpg,4.8,False,Jacquet,3.5,False,,a,14,14,24,227885,30003,121771,11738,1.2,4.8,Jacquet,,73.0,2026-07-01,2005-07-13,False,p606702,415,0,0,3,4,0,0,0,1,0,0,3,112,106.2,44.5,4.0,15.5,25,21,11,36,5,0.00,0.14,0.14,5.51,,,,,,,[],,65,29,139,37,310,114,134,45,0.0,0.0,0.03,0.03,1.19,0.87,325,56,26,10,66,30,98,37,1.08,0.65,7.81
True,True,0.0,0.0,647681,0,0,0,0,-56.7,-1,"[{'offset': 0, 'projected_percent': '-57.8', 'likelihood': -3}, {'offset': 1, 'projected_percent': '-59.8', 'likelihood': -3}, {'offset': 2, 'projected_percent': '-61.8', 'likelihood': -3}]",,False,0,2,0.0,0.0,0,Giovanni,0.0,363,False,Knee injury - Unknown return date,2026-07-23T12:01:23.596909Z,40,647681.jpg,0.0,False,Leoni,0.0,False,,i,14,14,0,860,59,2091,160,0.0,0.0,Leoni,,106.0,2025-08-15,2006-12-21,False,p647681,0,0,0,0,0,0,0,0,0,0,0,0,0,0.0,0.0,0.0,0.0,0,0,0,0,0,0.00,0.00,0.00,0.00,,,,,,,[],https://www.liverpoolfc.com/news/liverpools-injury-list-suspensions-and-availability?utm_source=premier-league-web&utm_medium=referral&utm_campaign=pl-referral-always-on&utm_term=injuries&utm_content=club-injury-article,464,180,455,179,400,165,469,180,0.0,0.0,0.0,0.0,0.0,0.0,660,210,457,173,478,180,536,186,0.0,0.0,0.0
True,True,,,214285,0,0,-1,1,-51.5,0,"[{'offset': 0, 'projected_percent': '-51.5', 'likelihood': -3}, {'offset': 1, 'projected_percent': '-51.5', 'likelihood': -3}, {'offset': 2, 'projected_percent': '-51.5', 'likelihood': -3}]",,False,0,2,0.5,0.5,0,Kostas,0.5,364,False,,,49,214285.jpg,1.0,False,Tsimikas,0.1,False,,a,14,14,2,1565,78,4392,366,0.1,0.4,Tsimikas,,83.0,2020-08-10,1996-05-12,False,p214285,64,0,0,0,0,0,0,0,0,0,0,0,6,6.4,2.9,9.0,1.8,2,3,1,3,1,0.04,0.02,0.06,0.47,,,,,,,[],,352,130,322,115,261,91,352,123,0.06,0.0,0.03,0.09,0.66,0.0,354,60,322,118,335,130,456,162,1.41,0.0,4.22
True,False,0.0,0.0,489580,0,0,0,0,0.0,0,"[{'offset': 0, 'projected_percent': '0.0', 'likelihood': 0}, {'offset': 1, 'projected_percent': '0.0', 'likelihood': 0}, {'offset': 2, 'projected_percent': '0.0', 'likelihood': 0}]",,False,0,2,0.0,0.0,0,Calvin,0.0,365,False,Has joined St Mirren on loan for the rest of the season,2026-08-26T14:05:26.748768Z,40,489580.jpg,0.0,False,Ramsay,0.1,False,,u,14,14,0,638,0,12645,416,0.0,0.0,Ramsay,,243.0,2022-06-19,2003-07-31,False,p489580,0,0,0,0,0,0,0,0,0,0,0,0,0,0.0,0.0,0.0,0.0,0,0,0,0,0,0.00,0.00,0.00,0.00,,,,,,,[],,440,159,431,158,375,143,445,159,0.0,0.0,0.0,0.0,0.0,0.0,630,183,433,152,454,159,434,158,0.0,0.0,0.0
True,True,,,494595,0,0,-2,2,-34.1,-20,"[{'offset': 0, 'projected_percent': '-34.3', 'likelihood': -2}, {'offset': 1, 'projected_percent': '-34.8', 'likelihood': -2}, {'offset': 2, 'projected_percent': '-35.3', 'likelihood': -2}]",,False,0,3,4.0,4.0,6,Florian,4.0,366,False,,,73,494595.jpg,3.6,False,Wirtz,5.7,False,,a,14,14,18,132879,2611,762634,39237,0.5,2.5,Wirtz,,80.0,2025-06-20,2003-05-03,False,p494595,402,0,2,3,4,0,0,0,1,0,0,0,92,65.0,147.3,101.0,31.4,3,25,8,36,5,1.00,0.40,1.40,4.82,3.0,,2.0,,4.0,,[],,147,52,16,15,33,18,29,20,0.22,0.0,0.09,0.31,1.08,0.9,22,14,80,32,115,46,68,23,1.12,0.67,8.06
True,True,100.0,100.0,243298,0,0,2,-2,5.1,-11,"[{'offset': 0, 'projected_percent': '5.0', 'likelihood': 1}, {'offset': 1, 'projected_percent': '4.8', 'likelihood': 1}, {'offset': 2, 'projected_percent': '4.6', 'likelihood': 1}]",,False,2,3,5.0,5.0,3,Cody,5.0,367,False,,2026-09-09T18:30:08.772955Z,72,243298.jpg,6.4,False,Gakpo,12.6,False,,a,14,14,32,1334602,48190,700606,73009,0.7,4.4,Gakpo,,152.0,2023-01-01,1999-05-07,False,p243298,370,1,3,2,4,0,0,0,0,0,0,5,113,133.4,148.8,70.0,35.2,9,15,8,32,4,0.64,1.71,2.35,5.51,2.0,,,,3.0,,[],,28,12,14,13,63,38,20,16,0.16,0.0,0.42,0.58,1.34,0.97,23,15,45,16,18,7,33,12,0.97,0.49,7.78
True,True,,,424876,0,0,0,0,-90.9,-143,"[{'offset': 0, 'projected_percent': '-91.3', 'likelihood': -3}, {'offset': 1, 'projected_percent': '-91.9', 'likelihood': -3}, {'offset': 2, 'projected_percent': '-92.6', 'likelihood': -3}]",,False,0,3,3.0,3.0,2,Dominik,3.0,368,False,,,70,424876.jpg,4.0,False,Szoboszlai,32.9,False,,a,14,14,20,924002,31643,1664945,196787,0.4,2.9,Szoboszlai,,98.0,2023-07-02,2000-10-25,False,p424876,440,1,0,3,4,0,0,0,1,0,0,1,103,108.8,178.0,57.0,34.4,13,22,6,41,5,1.42,0.82,2.24,5.99,1.0,,1.0,,1.0,,[],,60,21,6,6,80,48,21,17,0.29,0.0,0.17,0.46,1.23,0.82,26,17,134,58,99,39,7,3,1.02,0.61,8.39
True,True,,,611922,-1,1,-3,3,-20.6,-5,"[{'offset': 0, 'projected_percent': '-21.1', 'likelihood': -2}, {'offset': 1, 'projected_percent': '-21.9', 'likelihood': -2}, {'offset': 2, 'projected_percent': '-22.8', 'likelihood': -2}]",,False,0,3,0.5,0.5,0,Rio,0.5,369,False,,,57,611922.jpg,1.3,False,Ngumoha,0.5,False,,a,14,14,4,14449,671,88947,3921,0.1,0.7,Ngumoha,,241.0,2024-12-17,2008-08-29,False,p611922,99,0,0,0,2,0,0,0,0,0,0,0,13,4.4,8.1,11.0,2.1,1,2,1,4,1,0.15,0.05,0.20,0.68,,,,,,,[],,366,171,284,142,251,131,347,164,0.14,0.0,0.05,0.19,0.62,1.82,119,77,343,162,286,131,256,85,0.91,0.0,3.64
True,True,0.0,0.0,223541,-1,1,-2,2,-4.9,-1,"[{'offset': 0, 'projected_percent': '-5.3', 'likelihood': -1}, {'offset': 1, 'projected_percent': '-6.1', 'likelihood': -1}, {'offset': 2, 'projected_percent': '-6.9', 'likelihood': -1}]",,False,0,3,0.0,0.0,0,Federico,0.0,370,False,Back injury - Unknown return date,2026-08-27T13:30:07.598926Z,53,223541.jpg,0.0,False,Chiesa,0.0,False,,i,14,14,0,679,14,10048,215,0.0,0.0,Chiesa,,106.0,2024-08-29,1997-10-25,False,p223541,0,0,0,0,0,0,0,0,0,0,0,0,0,0.0,0.0,0.0,0.0,0,0,0,0,0,0.00,0.00,0.00,0.00,,,,,,,[],https://www.liverpoolfc.com/news/federico-chiesa-injury-update-0,622,269,628,274,607,261,628,271,0.0,0.0,0.0,0.0,0.0,0.0,217,135,623,271,631,274,501,197,0.0,0.0,0.0
True,True,,,441266,-1,1,-2,2,-19.8,-12,"[{'offset': 0, 'projected_percent': '-20.3', 'likelihood': -2}, {'offset': 1, 'projected_percent': '-21.3', 'likelihood': -2}, {'offset': 2, 'projected_percent': '-22.2', 'likelihood': -2}]",,False,0,3,1.0,1.0,1,Ryan,1.0,371,False,,,58,441266.jpg,1.8,False,Gravenberch,1.1,False,,a,14,14,9,35634,1096,129793,8440,0.2,1.6,Gravenberch,,152.0,2023-09-01,2002-05-16,False,p441266,190,0,1,0,2,0,0,0,0,0,0,0,51,50.6,42.7,6.0,9.9,10,11,4,25,2,0.10,0.08,0.18,2.02,,,,,,,[],,194,81,145,92,292,150,212,100,0.05,0.0,0.04,0.09,0.96,0.95,104,67,273,127,257,113,171,53,0.95,0.0,11.84
True,True,,,243016,0,0,-1,1,-40.1,-7,"[{'offset': 0, 'projected_percent': '-40.5', 'likelihood': -3}, {'offset': 1, 'projected_percent': '-41.3', 'likelihood': -3}, {'offset': 2, 'projected_percent': '-42.1', 'likelihood': -3}]",,False,0,3,2.5,2.5,5,Alexis,2.5,372,False,,,54,243016.jpg,2.2,False,Mac Allister,1.3,False,,a,14,14,11,45099,3479,96026,6312,0.5,2.0,Mac Allister,,10.0,2023-06-14,1998-12-24,False,p243016,306,0,0,2,2,0,0,0,1,0,0,0,59,58.2,50.8,26.0,13.5,11,19,11,41,3,0.10,0.49,0.59,4.85,,,,,5.0,,[],,169,65,114,76,162,86,162,83,0.03,0.0,0.14,0.17,1.43,0.59,183,115,156,65,217,95,160,49,0.88,0.59,12.06
True,False,0.0,0.0,206915,0,0,0,0,0.0,0,"[{'offset': 0, 'projected_percent': '0.0', 'likelihood': 0}, {'offset': 1, 'projected_percent': '0.0', 'likelihood': 0}, {'offset': 2, 'projected_percent': '0.0', 'likelihood': 0}]",,False,0,3,0.0,0.0,0,Curtis,0.0,373,False,Has joined Internazionale permanently,2026-08-16T18:30:07.426408Z,55,206915.jpg,0.0,False,Jones,0.0,False,,u,14,14,0,34,0,2640,53,0.0,0.0,C.Jones,,241.0,2018-04-06,2001-01-30,False,p206915,0,0,0,0,0,0,0,0,0,0,0,0,0,0.0,0.0,0.0,0.0,0,0,0,0,0,0.00,0.00,0.00,0.00,,,,,,,[],,640,279,646,281,633,274,645,280,0.0,0.0,0.0,0.0,0.0,0.0,137,82,640,280,645,281,566,236,0.0,0.0,0.0
True,True,100.0,100.0,158983,0,0,-1,1,-57.4,0,"[{'offset': 0, 'projected_percent': '-57.4', 'likelihood': -3}, {'offset': 1, 'projected_percent': '-57.4', 'likelihood': -3}, {'offset': 2, 'projected_percent': '-57.4', 'likelihood': -3}]",,False,0,3,0.0,0.0,0,Endo,0.0,374,False,,2026-07-23T12:01:23.612529Z,49,158983.jpg,0.0,False,Wataru,0.1,False,,a,14,14,0,2308,145,4759,393,0.0,0.0,Endo,,108.0,2023-08-18,1993-02-09,False,p158983,0,0,0,0,0,0,0,0,0,0,0,0,0,0.0,0.0,0.0,0.0,0,0,0,0,0,0.00,0.00,0.00,0.00,,,,,,,[],,560,230,557,236,522,211,565,231,0.0,0.0,0.0,0.0,0.0,0.0,344,206,559,232,572,238,477,186,0.0,0.0,0.0
True,True,,,591386,0,0,-1,1,-80.5,0,"[{'offset': 0, 'projected_percent': '-80.5', 'likelihood': -3}, {'offset': 1, 'projected_percent': '-80.5', 'likelihood': -3}, {'offset': 2, 'projected_percent': '-80.5', 'likelihood': -3}]",,False,0,3,0.8,0.8,1,Trey,0.8,375,False,,,49,591386.jpg,1.0,False,Nyoni,0.0,False,,a,14,14,3,1334,77,3027,282,0.2,0.6,Nyoni,,241.0,2023-11-11,2007-06-30,False,p591386,38,0,0,0,0,0,0,0,0,0,0,0,9,16.2,2.9,0.0,1.9,6,2,2,10,0,0.00,0.00,0.00,0.36,,,,,,,[],,296,126,324,164,551,232,351,167,0.0,0.0,0.0,0.0,0.85,0.0,399,243,288,132,346,154,514,204,0.0,0.0,23.68
True,False,0.0,0.0,535928,0,0,0,0,0.0,0,"[{'offset': 0, 'projected_percent': '0.0', 'likelihood': 0}, {'offset': 1, 'projected_percent': '0.0', 'likelihood': 0}, {'offset': 2, 'projected_percent': '0.0', 'likelihood': 0}]",,False,0,3,0.0,0.0,0,Stefan,0.0,376,False,Has joined Celta Vigo permanently,2026-07-23T12:01:23.628373Z,50,535928.jpg,0.0,False,Bajčetić Maquieira,0.0,False,,u,14,14,0,19,0,105,1,0.0,0.0,Bajcetic,,200.0,2022-07-11,2004-10-22,False,p535928,0,0,0,0,0,0,0,0,0,0,0,0,0,0.0,0.0,0.0,0.0,0,0,0,0,0,0.00,0.00,0.00,0.00,,,,,,,[],https://www.liverpoolfc.com/news/liverpools-injury-list-suspensions-and-availability?utm_source=premier-league-web&utm_medium=referral&utm_campaign=pl-referral-always-on&utm_term=injuries&utm_content=club-injury-article,612,262,618,267,595,253,618,264,0.0,0.0,0.0,0.0,0.0,0.0,316,189,613,264,621,267,663,295,0.0,0.0,0.0
True,True,,,551499,0,0,0,0,6.3,-15,"[{'offset': 0, 'projected_percent': '6.2', 'likelihood': 1}, {'offset': 1, 'projected_percent': '6.0', 'likelihood': 1}, {'offset': 2, 'projected_percent': '5.7', 'likelihood': 1}]",,False,0,3,2.8,2.8,1,Victor,2.8,377,False,,,65,551499.jpg,3.0,False,Munoz,0.9,False,,a,14,14,15,117226,1243,101087,10745,0.4,2.3,Munoz,,200.0,2026-06-18,2003-07-13,False,p551499,257,1,1,1,2,0,0,0,1,0,0,0,60,56.2,42.4,86.0,18.5,5,8,3,16,3,0.52,0.31,0.83,4.63,,,,,,,[],,173,68,147,93,42,25,103,55,0.18,0.0,0.11,0.29,1.62,0.7,43,29,145,63,157,66,189,60,1.05,0.35,5.6
True,True,,,491501,0,0,-1,1,-2.4,-4,"[{'offset': 0, 'projected_percent': '-3.8', 'likelihood': -1}, {'offset': 1, 'projected_percent': '-6.3', 'likelihood': -1}, {'offset': 2, 'projected_percent': '-8.8', 'likelihood': -1}]",,False,0,3,0.0,0.0,0,James,0.0,378,False,,,44,491501.jpg,0.0,False,McConnell,0.2,False,,a,14,14,0,6869,994,12816,1359,0.0,0.0,McConnell,,241.0,2023-07-18,2004-09-13,False,p491501,0,0,0,0,0,0,0,0,0,0,0,0,0,0.0,0.0,0.0,0.0,0,0,0,0,0,0.00,0.00,0.00,0.00,,,,,,,[],,473,195,465,201,415,173,478,196,0.0,0.0,0.0,0.0,0.0,0.0,569,294,468,196,487,203,313,110,0.0,0.0,0.0
True,True,,,219168,0,0,1,-1,11.6,136,"[{'offset': 0, 'projected_percent': '12.7', 'likelihood': 1}, {'offset': 1, 'projected_percent': '14.6', 'likelihood': 1}, {'offset': 2, 'projected_percent': '16.5', 'likelihood': 1}]",,False,1,4,7.8,7.8,8,Alexander,7.8,379,False,,,91,219168.jpg,6.6,False,Isak,22.5,False,,a,14,14,33,1235057,107895,723266,63297,0.9,3.6,Isak,,206.0,2025-09-01,1999-09-21,False,p219168,413,4,0,3,4,0,0,0,1,0,0,8,133,146.2,47.5,207.0,40.0,3,3,1,7,5,3.54,0.08,3.62,5.82,,,,,2.0,,[],,21,3,128,11,4,3,12,2,0.77,0.0,0.02,0.79,1.27,0.87,5,2,7,2,16,3,15,4,1.09,0.65,1.53
True,True,0.0,0.0,510663,0,0,-1,1,-25.3,0,"[{'offset': 0, 'projected_percent': '-25.3', 'likelihood': -2}, {'offset': 1, 'projected_percent': '-25.3', 'likelihood': -2}, {'offset': 2, 'projected_percent': '-25.3', 'likelihood': -2}]",,False,0,4,0.0,0.0,0,Hugo,0.0,380,False,Achilles injury - Unknown return date,2026-07-23T12:01:23.643771Z,74,510663.jpg,0.0,False,Ekitiké,0.1,False,,i,14,14,0,2592,320,11190,727,0.0,0.0,Ekitiké,,73.0,2025-07-23,2002-06-20,False,p510663,0,0,0,0,0,0,0,0,0,0,0,0,0,0.0,0.0,0.0,0.0,0,0,0,0,0,0.00,0.00,0.00,0.00,,,,,,,[],https://www.liverpoolfc.com/news/lfc-fitness-update-bajcetic-bradley-ekitike-endo-and-leoni?utm_source=premier-league-web&utm_medium=referral&utm_campaign=pl-referral-always-on&utm_content=injuries-flag&utm_term=injury-news,665,78,665,78,665,78,665,78,0.0,0.0,0.0,0.0,0.0,0.0,20,7,664,78,664,78,404,60,0.0,0.0,0.0
True,True,,,514514,0,0,0,0,-90.2,-2,"[{'offset': 0, 'projected_percent': '-95.9', 'likelihood': -4}, {'offset': 1, 'projected_percent': '-106.2', 'likelihood': -5}, {'offset': 2, 'projected_percent': '-116.5', 'likelihood': -5}]",,False,0,3,0.5,0.5,1,Lewis,0.5,381,False,,,50,514514.jpg,1.0,False,Koumas,0.0,False,,a,14,14,3,812,133,1368,167,0.1,0.6,Koumas,,244.0,2026-08-22,2005-09-19,False,p514514,22,0,0,0,0,0,0,0,0,0,0,0,14,4.2,0.5,24.0,2.9,0,1,0,1,0,0.28,0.00,0.28,0.72,,,,,,,[],,368,172,373,186,172,93,323,150,1.15,0.0,0.0,1.15,2.95,0.0,312,187,329,154,354,159,545,224,0.0,0.0,4.09
True,True,100.0,100.0,500058,0,0,0,0,3.4,1,"[{'offset': 0, 'projected_percent': '3.4', 'likelihood': 1}, {'offset': 1, 'projected_percent': '3.4', 'likelihood': 1}, {'offset': 2, 'projected_percent': '3.4', 'likelihood': 1}]",,False,0,4,0.0,0.0,0,Jayden,0.0,382,False,,2026-07-23T12:01:23.659279Z,45,500058.jpg,0.0,False,Danns,0.2,False,,a,14,14,0,22931,3124,9438,2159,0.0,0.0,Danns,,241.0,2024-02-20,2006-01-16,False,p500058,0,0,0,0,0,0,0,0,0,0,0,0,0,0.0,0.0,0.0,0.0,0,0,0,0,0,0.00,0.00,0.00,0.00,,,,,,,[],,506,46,503,51,460,45,511,50,0.0,0.0,0.0,0.0,0.0,0.0,488,67,504,47,520,52,319,50,0.0,0.0,0.0
True,False,0.0,0.0,444884,0,0,-1,1,0.0,0,"[{'offset': 0, 'projected_percent': '0.0', 'likelihood': 0}, {'offset': 1, 'projected_percent': '0.0', 'likelihood': 0}, {'offset': 2, 'projected_percent': '0.0', 'likelihood': 0}]",,False,0,3,0.0,0.0,0,Harvey,0.0,383,False,Has joined Valencia on loan for the rest of the season,2026-09-02T16:05:49.104326Z,54,444884.jpg,0.0,False,Elliott,0.0,False,,u,14,14,0,907,0,6122,202,0.0,0.0,Elliott,,241.0,2019-07-28,2003-04-04,False,p444884,0,0,0,0,0,0,0,0,0,0,0,0,0,0.0,0.0,0.0,0.0,0,0,0,0,0,0.00,0.00,0.00,0.00,,,,,,,[],,631,275,634,277,621,270,636,276,0.0,0.0,0.0,0.0,0.0,0.0,192,120,631,276,637,277,535,217,0.0,0.0,0.0
True,True,,,445087,0,0,-1,1,31.9,8,"[{'offset': 0, 'projected_percent': '32.0', 'likelihood': 2}, {'offset': 1, 'projected_percent': '32.1', 'likelihood': 2}, {'offset': 2, 'projected_percent': '32.2', 'likelihood': 2}]",,False,0,2,5.2,5.2,7,Ronald,5.2,579,False,,,54,445087.jpg,4.4,False,Araujo,3.0,False,,a,14,14,22,146934,15018,159175,9486,1.0,4.1,Araujo,,230.0,2026-08-10,1999-03-07,False,p445087,284,0,0,3,0,0,0,0,1,0,0,1,81,60.8,10.5,6.0,7.7,19,15,5,24,3,0.00,0.06,0.06,2.75,,,,,,,[],,162,69,275,99,290,103,239,89,0.0,0.0,0.02,0.02,0.87,0.0,193,25,37,17,74,34,104,39,0.95,0.95,7.61
True,True,,,482616,0,0,0,0,-66.3,-4,"[{'offset': 0, 'projected_percent': '-66.4', 'likelihood': -3}, {'offset': 1, 'projected_percent': '-66.7', 'likelihood': -3}, {'offset': 2, 'projected_percent': '-67.0', 'likelihood': -3}]",,False,0,3,2.3,2.3,3,Bradley,2.3,627,False,,,80,482616.jpg,2.3,False,Barcola,1.8,False,,a,14,14,7,285913,8451,128575,17329,0.3,0.9,Barcola,,73.0,2026-08-31,2002-09-02,False,p482616,168,0,0,2,0,0,0,0,0,0,0,0,22,10.8,27.4,31.0,7.0,0,5,3,8,2,0.26,0.13,0.39,1.43,,,,,,,[],,321,144,192,110,153,81,254,113,0.14,0.0,0.07,0.21,0.77,0.0,9,6,167,71,205,88,131,39,1.07,1.07,4.29
True,True,,,448047,0,0,-1,1,0.7,11,"[{'offset': 0, 'projected_percent': '0.8', 'likelihood': 1}, {'offset': 1, 'projected_percent': '1.0', 'likelihood': 1}, {'offset': 2, 'projected_percent': '1.1', 'likelihood': 1}]",,False,0,3,3.0,3.0,7,Enzo,3.0,155,False,,,69,448047.jpg,3.2,False,Fernández,3.6,False,,a,15,43,13,169590,27923,319685,12776,0.4,1.9,Enzo,,10.0,2026-09-01,2001-01-17,False,p448047,271,1,0,2,3,0,0,0,1,0,0,0,73,63.8,72.8,42.0,17.8,6,12,3,21,3,0.35,0.53,0.88,5.35,,,,,,,[],,152,56,68,55,116,66,110,59,0.12,0.0,0.18,0.3,1.78,1.0,30,19,133,57,133,53,92,32,1.0,0.66,6.97
True,True,,,440993,-1,1,-2,2,-17.8,-58,"[{'offset': 0, 'projected_percent': '-18.2', 'likelihood': -1}, {'offset': 1, 'projected_percent': '-19.0', 'likelihood': -1}, {'offset': 2, 'projected_percent': '-19.7', 'likelihood': -1}]",,False,0,3,3.2,3.2,5,Iliman,3.2,237,False,,,58,440993.jpg,4.4,False,Ndiaye,6.7,False,,a,15,43,22,297168,6299,1132350,64347,0.6,3.8,Ndiaye,Iliman Ndiaye,189.0,2026-09-01,2000-03-06,False,p440993,385,0,2,2,4,0,0,0,0,0,0,1,110,77.8,102.6,80.0,26.1,10,26,8,44,4,0.38,0.58,0.96,9.42,,,,,,,[],,116,37,41,34,48,30,48,35,0.09,0.0,0.14,0.23,2.2,0.94,103,66,111,43,78,32,58,18,0.94,0.47,10.29
True,True,,,204936,0,0,0,0,-48.0,-15,"[{'offset': 0, 'projected_percent': '-48.1', 'likelihood': -3}, {'offset': 1, 'projected_percent': '-48.4', 'likelihood': -3}, {'offset': 2, 'projected_percent': '-48.7', 'likelihood': -3}]",,False,0,1,4.0,4.0,2,Gianluigi,4.0,384,False,,,55,204936.jpg,3.8,False,Donnarumma,7.6,False,,a,15,43,19,205955,9764,313578,27662,0.7,3.5,Donnarumma,,106.0,2025-09-01,1999-02-25,False,p204936,450,0,0,2,5,1,0,0,0,0,14,0,84,112.6,0.0,0.0,11.4,4,32,0,0,5,0.00,0.00,0.00,7.25,,,,,,,[],,54,11,645,73,632,72,194,12,0.0,2.8,0.0,0.0,1.45,1.0,135,4,76,10,105,10,51,8,1.0,0.4,0.0
True,True,,,122074,0,0,0,0,-81.8,0,"[{'offset': 0, 'projected_percent': '-81.8', 'likelihood': -3}, {'offset': 1, 'projected_percent': '-81.8', 'likelihood': -3}, {'offset': 2, 'projected_percent': '-81.8', 'likelihood': -3}]",,False,0,1,0.0,0.0,0,Marcus,0.0,386,False,,,45,122074.jpg,0.0,False,Bettinelli,0.0,False,,a,15,43,0,561,46,1114,78,0.0,0.0,Bettinelli,,241.0,2025-06-10,1992-05-24,False,p122074,0,0,0,0,0,0,0,0,0,0,0,0,0,0.0,0.0,0.0,0.0,0,0,0,0,0,0.00,0.00,0.00,0.00,,,,,,,[],,485,56,480,41,430,36,490,56,0.0,0.0,0.0,0.0,0.0,0.0,437,28,482,55,499,56,552,64,0.0,0.0,0.0
True,True,100.0,100.0,472769,-1,1,-2,2,-2.8,-64,"[{'offset': 0, 'projected_percent': '-3.1', 'likelihood': -1}, {'offset': 1, 'projected_percent': '-3.6', 'likelihood': -1}, {'offset': 2, 'projected_percent': '-4.1', 'likelihood': -1}]",,False,0,2,1.0,1.0,1,Nico,1.0,387,False,,2026-09-05T18:00:06.379802Z,63,472769.jpg,1.5,False,O'Reilly,11.0,False,,a,15,43,6,191991,4647,1202144,65633,0.2,1.0,O'Reilly,,241.0,2022-12-16,2005-03-21,False,p472769,163,0,0,0,2,0,0,0,0,0,0,0,22,17.8,39.5,33.0,9.0,2,9,3,5,2,0.87,0.43,1.30,2.10,,,,,,,[],,290,115,158,42,145,40,224,82,0.48,0.0,0.24,0.72,1.16,1.1,49,4,276,98,275,99,37,12,1.1,0.0,2.76
True,True,,,209036,0,0,0,0,62.6,-29,"[{'offset': 0, 'projected_percent': '62.4', 'likelihood': 3}, {'offset': 1, 'projected_percent': '62.0', 'likelihood': 3}, {'offset': 2, 'projected_percent': '61.6', 'likelihood': 3}]",,False,0,2,5.0,5.0,4,Marc,5.0,388,False,,,60,209036.jpg,6.0,False,Guéhi,18.2,False,,a,15,43,30,503653,21733,457717,45741,0.8,5.0,Guéhi,,241.0,2026-01-19,2000-07-13,False,p209036,450,1,1,2,5,0,0,0,0,0,0,4,114,146.0,56.6,41.0,24.3,26,19,3,29,5,0.95,0.39,1.34,7.25,,,,,,,[],,22,5,101,24,121,31,55,9,0.19,0.0,0.08,0.27,1.45,1.0,66,6,44,20,31,13,21,6,1.0,0.4,5.8
True,True,100.0,100.0,465351,0,0,-1,1,-31.5,-3,"[{'offset': 0, 'projected_percent': '-31.8', 'likelihood': -2}, {'offset': 1, 'projected_percent': '-32.2', 'likelihood': -2}, {'offset': 2, 'projected_percent': '-32.6', 'likelihood': -2}]",,False,0,2,2.5,2.5,1,Matheus,2.5,389,False,,2026-08-27T11:30:08.171622Z,59,465351.jpg,3.7,False,Nunes,1.0,False,,a,15,43,11,14648,1493,73778,2637,0.4,1.9,Matheus N.,Matheus Nunes,173.0,2023-09-01,1998-08-27,False,p465351,213,0,0,1,3,0,0,0,0,0,0,1,38,60.0,6.3,4.0,7.0,18,10,3,21,2,0.00,0.06,0.06,4.67,,,,,4.0,,[],,165,70,293,106,312,116,253,96,0.0,0.0,0.03,0.03,1.97,1.27,89,9,162,64,109,45,182,68,0.85,0.42,8.87
True,True,,,171314,0,0,0,0,3.7,0,"[{'offset': 0, 'projected_percent': '3.7', 'likelihood': 1}, {'offset': 1, 'projected_percent': '3.7', 'likelihood': 1}, {'offset': 2, 'projected_percent': '3.7', 'likelihood': 1}]",,False,0,2,3.8,3.8,1,Rúben,3.8,390,False,,,55,171314.jpg,3.4,False,dos Santos Gato Alves Dias,1.9,False,,a,15,43,17,66786,4198,73111,8309,0.7,3.1,Rúben,Rúben Dias,173.0,2020-09-29,1997-05-14,False,p171314,450,0,0,2,5,0,0,0,0,0,0,0,72,94.2,47.3,46.0,18.7,25,16,1,26,5,0.29,0.74,1.03,7.25,,,,,,,[],,87,39,130,35,104,23,101,32,0.06,0.0,0.15,0.21,1.45,1.0,129,13,84,33,122,50,128,52,1.0,0.4,5.2
True,True,,,477424,0,0,2,-2,74.2,55,"[{'offset': 0, 'projected_percent': '74.6', 'likelihood': 3}, {'offset': 1, 'projected_percent': '75.4', 'likelihood': 3}, {'offset': 2, 'projected_percent': '76.2', 'likelihood': 3}]",,False,0,2,7.0,7.0,4,Joško,7.0,391,True,,,57,477424.jpg,7.4,False,Gvardiol,26.7,False,,a,15,43,37,1817278,135246,407392,47176,1.2,6.5,Gvardiol,,97.0,2023-08-05,2002-01-23,False,p477424,434,1,3,2,5,0,0,0,1,0,0,6,135,144.4,63.5,32.0,24.0,20,21,11,31,5,0.22,0.74,0.96,7.25,,,,,,,[],,26,8,88,17,148,43,57,10,0.05,0.0,0.15,0.2,1.5,1.04,114,12,12,5,9,4,11,3,1.04,0.41,6.43
True,True,,,448514,0,0,-2,2,-91.6,-4,"[{'offset': 0, 'projected_percent': '-92.4', 'likelihood': -3}, {'offset': 1, 'projected_percent': '-93.9', 'likelihood': -3}, {'offset': 2, 'projected_percent': '-95.3', 'likelihood': -4}]",,False,0,2,0.0,0.0,0,Rayan,0.0,392,False,,,53,448514.jpg,0.0,False,Aït-Nouri,0.4,False,,a,15,43,0,7824,472,61410,2001,0.0,0.0,Aït-Nouri,,3.0,2025-06-09,2001-06-06,False,p448514,0,0,0,0,0,0,0,0,0,0,0,0,0,0.0,0.0,0.0,0.0,0,0,0,0,0,0.00,0.00,0.00,0.00,,,,,,,[],,623,214,629,214,609,211,629,214,0.0,0.0,0.0,0.0,0.0,0.0,224,31,624,212,632,213,263,97,0.0,0.0,0.0
True,True,,,578153,0,0,-1,1,-31.4,-9,"[{'offset': 0, 'projected_percent': '-32.0', 'likelihood': -2}, {'offset': 1, 'projected_percent': '-33.0', 'likelihood': -2}, {'offset': 2, 'projected_percent': '-33.9', 'likelihood': -2}]",,False,0,2,1.8,1.8,0,Abdukodir,1.8,393,False,,,54,578153.jpg,3.0,False,Khusanov,1.4,False,,a,15,43,9,26708,1272,80054,8408,0.3,1.7,Khusanov,,231.0,2025-01-20,2004-02-29,False,p578153,268,0,0,1,2,0,0,0,1,0,0,0,53,51.6,12.6,4.0,6.8,9,13,8,17,3,0.00,0.06,0.06,2.68,,,,,,,[],,188,78,260,95,311,115,256,97,0.0,0.0,0.02,0.02,0.9,0.67,212,29,223,80,148,62,157,63,1.01,0.34,5.71
True,False,0.0,0.0,494307,0,0,0,0,0.0,0,"[{'offset': 0, 'projected_percent': '0.0', 'likelihood': 0}, {'offset': 1, 'projected_percent': '0.0', 'likelihood': 0}, {'offset': 2, 'projected_percent': '0.0', 'likelihood': 0}]",,False,0,2,0.0,0.0,0,Max,0.0,394,False,Has joined Burnley on loan for the rest of the season,2026-08-18T14:11:56.324656Z,50,494307.jpg,0.0,False,Alleyne,0.0,False,,u,15,43,0,0,0,615,17,0.0,0.0,Alleyne,,241.0,2022-12-16,2005-07-21,False,p494307,0,0,0,0,0,0,0,0,0,0,0,0,0,0.0,0.0,0.0,0.0,0,0,0,0,0,0.00,0.00,0.00,0.00,,,,,,,[],,606,213,612,213,589,210,612,213,0.0,0.0,0.0,0.0,0.0,0.0,304,53,607,211,615,212,642,214,0.0,0.0,0.0
True,True,,,477064,0,0,-1,1,-60.5,-4,"[{'offset': 0, 'projected_percent': '-62.2', 'likelihood': -3}, {'offset': 1, 'projected_percent': '-65.2', 'likelihood': -3}, {'offset': 2, 'projected_percent': '-68.2', 'likelihood': -3}]",,False,0,2,0.0,0.0,0,Rico,0.0,395,False,,,44,477064.jpg,1.0,False,Lewis,0.2,False,,a,15,43,1,8225,269,16166,1100,0.0,0.2,Lewis,,241.0,2022-07-16,2004-11-21,False,p477064,56,0,0,0,1,0,0,0,0,0,0,0,-1,3.8,3.8,39.0,4.7,2,0,0,2,1,0.17,0.02,0.19,0.55,,,,,,,[],,371,138,316,113,125,33,297,110,0.27,0.0,0.03,0.3,0.88,1.61,567,149,467,178,315,119,332,124,1.61,0.0,3.21
True,True,,,616222,0,0,0,0,-76.9,0,"[{'offset': 0, 'projected_percent': '-76.9', 'likelihood': -3}, {'offset': 1, 'projected_percent': '-76.9', 'likelihood': -3}, {'offset': 2, 'projected_percent': '-76.9', 'likelihood': -3}]",,False,0,2,0.2,0.2,0,Vitor,0.2,396,False,,,45,616222.jpg,1.0,False,de Oliveira Nunes dos Reis,0.0,False,,a,15,43,1,546,66,1156,133,0.0,0.2,Vitor Reis,Vitor Reis,30.0,2025-01-21,2006-01-12,False,p616222,1,0,0,0,0,0,0,0,0,0,0,0,3,1.2,0.9,0.0,0.2,0,0,0,0,0,0.00,0.00,0.00,0.00,,,,,,,[],,393,144,359,132,492,194,398,143,0.0,0.0,0.0,0.0,0.0,0.0,527,132,363,132,323,125,525,185,0.0,0.0,0.0
True,True,75.0,,437730,0,0,-1,1,-17.7,-114,"[{'offset': 0, 'projected_percent': '-18.0', 'likelihood': -1}, {'offset': 1, 'projected_percent': '-18.6', 'likelihood': -1}, {'offset': 2, 'projected_percent': '-19.2', 'likelihood': -1}]",,False,1,3,5.8,7.8,17,Antoine,7.8,397,True,Ankle injury - 75% chance of playing,2026-09-24T12:00:09.848000Z,84,437730.jpg,6.6,False,Semenyo,15.4,False,,d,15,43,33,311482,120579,1194549,51849,0.9,3.9,Semenyo,,81.0,2026-01-09,2000-01-07,False,p437730,450,2,3,2,5,0,0,0,0,0,0,2,147,155.4,148.1,130.0,43.4,2,14,6,22,5,0.33,1.16,1.49,7.25,,,,,2.0,,[],,14,9,15,14,16,9,10,9,0.07,0.0,0.23,0.3,1.45,1.0,6,4,6,3,15,6,28,10,1.0,0.4,4.4
True,True,0.0,0.0,209244,0,0,-1,1,-43.2,-31,"[{'offset': 0, 'projected_percent': '-43.7', 'likelihood': -3}, {'offset': 1, 'projected_percent': '-44.6', 'likelihood': -3}, {'offset': 2, 'projected_percent': '-45.5', 'likelihood': -3}]",,False,0,3,0.0,0.0,0,Phil,2.0,398,False,Suspended until 17 Oct,2026-09-13T17:00:09.433455Z,69,209244.jpg,2.2,False,Foden,1.8,False,,s,15,43,9,303417,171,563874,26152,0.3,1.3,Foden,,241.0,2016-12-05,2000-05-28,False,p209244,217,0,2,0,2,0,0,0,1,1,0,1,52,57.6,122.3,45.0,22.3,2,8,4,14,3,1.61,0.88,2.49,1.91,2.0,,2.0,,,,[],,170,66,29,25,107,61,69,43,0.67,0.0,0.36,1.03,0.79,0.83,29,18,206,94,221,98,133,40,1.24,0.0,5.81
True,True,,,466052,0,0,3,-3,-56.1,86,"[{'offset': 0, 'projected_percent': '-55.4', 'likelihood': -3}, {'offset': 1, 'projected_percent': '-54.2', 'likelihood': -3}, {'offset': 2, 'projected_percent': '-53.0', 'likelihood': -3}]",,False,1,3,6.5,6.5,8,Rayan,6.5,399,True,,,78,466052.jpg,6.8,False,Cherki,28.3,False,,a,15,43,34,2655697,108536,948127,81182,0.8,4.4,Cherki,,73.0,2025-06-10,2003-08-17,False,p466052,302,3,2,1,4,0,0,0,1,0,0,5,150,165.8,199.0,108.0,47.3,3,9,0,12,4,0.72,1.54,2.26,5.00,1.0,,1.0,,,,[],,6,3,4,4,30,17,4,4,0.21,0.0,0.46,0.67,1.49,1.19,13,9,17,8,14,5,9,5,1.19,0.3,3.58
True,True,100.0,75.0,248875,0,0,-1,1,-0.1,0,"[{'offset': 0, 'projected_percent': '-0.1', 'likelihood': -1}, {'offset': 1, 'projected_percent': '-0.1', 'likelihood': -1}, {'offset': 2, 'projected_percent': '-0.1', 'likelihood': -1}]",2026-09-26T13:30:09.795433Z,False,0,3,0.2,0.2,1,Jérémy,0.2,400,False,,2026-08-18T17:00:08.385597Z,74,248875.jpg,1.0,False,Doku,0.7,False,,a,15,43,1,5008,3541,127849,1763,0.0,0.1,Doku,,21.0,2023-08-24,2002-05-27,False,p248875,15,0,0,0,0,0,0,0,0,0,0,0,7,3.6,13.8,5.0,2.2,1,1,0,2,0,0.23,0.32,0.55,0.42,,,,,3.0,,[],,373,175,252,132,299,156,345,163,1.38,0.0,1.92,3.3,2.52,0.0,19,12,395,192,400,193,217,67,0.0,0.0,12.0
True,False,0.0,0.0,220566,0,0,0,0,0.0,0,"[{'offset': 0, 'projected_percent': '0.0', 'likelihood': 0}, {'offset': 1, 'projected_percent': '0.0', 'likelihood': 0}, {'offset': 2, 'projected_percent': '0.0', 'likelihood': 0}]",,False,0,3,0.0,0.0,0,Rodrigo 'Rodri',0.0,402,False,Has joined Barcelona permanently,2026-07-23T12:01:23.675537Z,65,220566.jpg,0.0,False,Hernandez Cascante,0.0,False,,u,15,43,0,0,0,1226,22,0.0,0.0,Rodrigo,Rodri,200.0,2019-07-04,1996-06-22,False,p220566,0,0,0,0,0,0,0,0,0,0,0,0,0,0.0,0.0,0.0,0.0,0,0,0,0,0,0.00,0.00,0.00,0.00,,,,,,,[],,662,296,663,296,661,296,663,296,0.0,0.0,0.0,0.0,0.0,0.0,36,24,662,296,662,296,608,257,0.0,0.0,0.0
True,False,0.0,0.0,433036,0,0,0,0,0.0,0,"[{'offset': 0, 'projected_percent': '0.0', 'likelihood': 0}, {'offset': 1, 'projected_percent': '0.0', 'likelihood': 0}, {'offset': 2, 'projected_percent': '0.0', 'likelihood': 0}]",,False,0,3,0.0,0.0,0,Tijjani,0.0,404,False,Has joined Al Qadsiah permanently,2026-08-20T14:02:58.154273Z,60,433036.jpg,0.0,False,Reijnders,0.0,False,,u,15,43,0,0,0,8171,86,0.0,0.0,Reijnders,,152.0,2025-06-10,1998-07-29,False,p433036,0,0,0,0,0,0,0,0,0,0,0,0,0,0.0,0.0,0.0,0.0,0,0,0,0,0,0.00,0.00,0.00,0.00,,,,,,,[],,657,292,660,293,654,291,660,293,0.0,0.0,0.0,0.0,0.0,0.0,70,48,658,293,659,293,528,211,0.0,0.0,0.0
True,True,,,91651,0,0,-1,1,-89.6,0,"[{'offset': 0, 'projected_percent': '-89.6', 'likelihood': -3}, {'offset': 1, 'projected_percent': '-89.6', 'likelihood': -3}, {'offset': 2, 'projected_percent': '-89.6', 'likelihood': -3}]",,False,0,3,0.2,0.2,0,Mateo,0.2,406,False,,,54,91651.jpg,1.0,False,Kovačić,0.1,False,,a,15,43,2,2236,94,6248,419,0.0,0.4,Kovačić,,97.0,2023-06-27,1994-05-06,False,p91651,42,0,0,0,0,0,0,0,0,0,0,0,12,4.2,5.2,0.0,0.9,0,2,0,2,0,0.00,0.02,0.02,0.10,,,,,,,[],,369,173,302,153,616,266,378,178,0.0,0.0,0.04,0.04,0.21,0.0,167,105,384,184,374,173,448,171,0.0,0.0,4.29
True,False,0.0,0.0,575204,0,0,-1,1,0.0,0,"[{'offset': 0, 'projected_percent': '0.0', 'likelihood': 0}, {'offset': 1, 'projected_percent': '0.0', 'likelihood': 0}, {'offset': 2, 'projected_percent': '0.0', 'likelihood': 0}]",,False,0,3,0.0,0.0,0,Claudio,0.0,407,False,Has joined Benfica on loan for the rest of the season,2026-09-03T15:41:24.710479Z,49,575204.jpg,0.0,False,Echeverri,0.0,False,,u,15,43,0,250,0,1339,50,0.0,0.0,Echeverri,,10.0,2024-01-25,2006-01-02,False,p575204,0,0,0,0,0,0,0,0,0,0,0,0,0,0.0,0.0,0.0,0.0,0,0,0,0,0,0.00,0.00,0.00,0.00,,,,,,,[],,581,246,580,251,549,230,587,248,0.0,0.0,0.0,0.0,0.0,0.0,396,240,581,247,590,251,615,261,0.0,0.0,0.0
True,False,0.0,0.0,155405,0,0,0,0,0.0,0,"[{'offset': 0, 'projected_percent': '0.0', 'likelihood': 0}, {'offset': 1, 'projected_percent': '0.0', 'likelihood': 0}, {'offset': 2, 'projected_percent': '0.0', 'likelihood': 0}]",,False,0,3,0.0,0.0,0,Kalvin,0.0,408,False,Has joined Sheffield United on loan for the rest of the season,2026-08-18T14:11:56.348781Z,50,155405.jpg,0.0,False,Phillips,0.0,False,,u,15,43,0,0,0,570,11,0.0,0.0,Phillips,,241.0,2022-07-04,1995-12-02,False,p155405,0,0,0,0,0,0,0,0,0,0,0,0,0,0.0,0.0,0.0,0.0,0,0,0,0,0,0.00,0.00,0.00,0.00,,,,,,,[],,586,249,586,254,561,238,592,251,0.0,0.0,0.0,0.0,0.0,0.0,248,154,587,251,595,254,640,276,0.0,0.0,0.0
True,False,0.0,0.0,590039,0,0,0,0,0.0,0,"[{'offset': 0, 'projected_percent': '0.0', 'likelihood': 0}, {'offset': 1, 'projected_percent': '0.0', 'likelihood': 0}, {'offset': 2, 'projected_percent': '0.0', 'likelihood': 0}]",,False,0,3,0.0,0.0,0,Divine,0.0,409,False,has joined West Ham on loan for the rest of the seaon.,2026-09-03T10:34:10.733520Z,45,590039.jpg,0.0,False,Mukasa,0.1,False,,u,15,43,0,1621,0,12104,537,0.0,0.0,Mukasa,,241.0,2025-08-07,2007-08-22,False,p590039,0,0,0,0,0,0,0,0,0,0,0,0,0,0.0,0.0,0.0,0.0,0,0,0,0,0,0.00,0.00,0.00,0.00,,,,,,,[],,527,209,523,215,481,187,532,210,0.0,0.0,0.0,0.0,0.0,0.0,514,269,525,210,540,217,436,164,0.0,0.0,0.0
True,False,0.0,0.0,649208,0,0,-1,1,0.0,0,"[{'offset': 0, 'projected_percent': '0.0', 'likelihood': 0}, {'offset': 1, 'projected_percent': '0.0', 'likelihood': 0}, {'offset': 2, 'projected_percent': '0.0', 'likelihood': 0}]",,False,0,3,0.0,0.0,0,Jeremy,0.0,410,False,Has joined Swansea City on loan for the rest of the season,2026-09-02T16:02:01.136760Z,49,649208.jpg,0.0,False,Monga,0.0,False,,u,15,43,0,219,0,1266,46,0.0,0.0,Monga,,241.0,2026-07-11,2009-07-10,False,p649208,0,0,0,0,0,0,0,0,0,0,0,0,0,0.0,0.0,0.0,0.0,0,0,0,0,0,0.00,0.00,0.00,0.00,,,,,,,[],,583,247,582,252,556,236,589,249,0.0,0.0,0.0,0.0,0.0,0.0,404,247,584,249,592,252,620,263,0.0,0.0,0.0
True,True,,,223094,0,0,1,-1,20.1,35,"[{'offset': 0, 'projected_percent': '20.3', 'likelihood': 2}, {'offset': 1, 'projected_percent': '20.8', 'likelihood': 2}, {'offset': 2, 'projected_percent': '21.3', 'likelihood': 2}]",,False,2,4,9.2,9.2,6,Erling,9.2,411,True,,,156,223094.jpg,7.8,False,Haaland,73.8,False,,a,15,43,39,915282,70005,318932,17274,0.6,2.5,Haaland,,161.0,2022-07-01,2000-07-21,False,p223094,450,5,0,2,5,0,0,0,0,0,0,9,167,184.2,22.5,258.0,46.5,10,10,0,20,5,4.42,0.53,4.95,7.25,,,,,1.0,,[],,3,1,209,23,1,1,5,1,0.88,0.0,0.11,0.99,1.45,1.0,1,1,3,1,7,2,1,1,1.0,0.4,4.0
True,True,100.0,100.0,215379,0,0,-2,2,-38.2,-24,"[{'offset': 0, 'projected_percent': '-38.7', 'likelihood': -2}, {'offset': 1, 'projected_percent': '-39.6', 'likelihood': -2}, {'offset': 2, 'projected_percent': '-40.5', 'likelihood': -3}]",,False,0,3,3.2,3.2,2,Elliot,3.2,481,False,,2026-08-23T17:00:07.952697Z,63,215379.jpg,3.0,False,Anderson,4.0,False,,a,15,43,15,104452,7013,443565,25725,0.5,2.4,Anderson,,241.0,2026-07-02,2002-11-06,False,p215379,413,0,0,2,5,0,0,0,1,0,0,0,95,87.4,77.1,19.0,18.4,18,23,13,54,5,0.11,0.67,0.78,7.15,3.0,,,,,,[],,102,30,64,53,199,110,105,56,0.02,0.0,0.15,0.17,1.56,1.09,45,31,113,44,156,65,83,28,1.09,0.44,11.77
True,True,,,106921,0,0,0,0,-85.0,0,"[{'offset': 0, 'projected_percent': '-85.0', 'likelihood': -3}, {'offset': 1, 'projected_percent': '-85.0', 'likelihood': -3}, {'offset': 2, 'projected_percent': '-85.0', 'likelihood': -3}]",,False,0,1,0.0,0.0,0,Gerónimo,0.0,587,False,,,50,106921.jpg,0.0,False,Rulli,0.0,False,,a,15,43,0,594,62,1104,93,0.0,0.0,Rulli,,10.0,2026-08-12,1992-05-20,False,p106921,0,0,0,0,0,0,0,0,0,0,0,0,0,0.0,0.0,0.0,0.0,0,0,0,0,0,0.00,0.00,0.00,0.00,,,,,,,[],,584,71,584,63,559,62,590,71,0.0,0.0,0.0,0.0,0.0,0.0,243,7,585,71,593,71,568,66,0.0,0.0,0.0
True,True,,,637238,0,0,0,0,-28.6,-1,"[{'offset': 0, 'projected_percent': '-29.2', 'likelihood': -2}, {'offset': 1, 'projected_percent': '-30.2', 'likelihood': -2}, {'offset': 2, 'projected_percent': '-31.2', 'likelihood': -2}]",,False,0,3,0.5,0.5,0,Ayyoub,0.5,616,False,,,55,637238.jpg,1.0,False,Bouaddi,0.2,False,,a,15,43,2,20968,769,13407,1968,0.1,0.4,Bouaddi,,145.0,2026-08-26,2007-10-02,False,p637238,22,0,0,0,0,0,0,0,0,0,0,0,8,13.0,4.8,0.0,1.8,3,3,0,6,0,0.00,0.12,0.12,0.37,,,,,,,[],,305,133,306,157,641,282,354,169,0.0,0.0,0.49,0.49,1.51,0.0,165,104,342,161,388,184,353,126,0.0,0.0,24.55
True,True,,,616288,0,0,0,0,-80.6,0,"[{'offset': 0, 'projected_percent': '-80.6', 'likelihood': -3}, {'offset': 1, 'projected_percent': '-80.6', 'likelihood': -3}, {'offset': 2, 'projected_percent': '-80.6', 'likelihood': -3}]",,False,0,3,0.5,0.5,0,Ryan,0.5,621,False,,,45,616288.jpg,1.0,False,McAidoo,0.1,False,,a,15,43,2,11348,179,7018,995,0.1,0.4,McAidoo,,241.0,2025-09-26,2008-06-24,False,p616288,11,0,0,0,0,0,0,0,0,0,0,0,8,5.2,0.5,3.0,0.8,0,2,2,4,0,0.10,0.00,0.10,0.02,,,,,,,[],,358,166,371,184,314,158,380,179,0.82,0.0,0.0,0.82,0.16,0.0,528,276,315,145,324,139,407,148,0.0,0.0,32.73
True,True,,,554054,0,0,0,0,-33.8,0,"[{'offset': 0, 'projected_percent': '-33.8', 'likelihood': -2}, {'offset': 1, 'projected_percent': '-33.8', 'likelihood': -2}, {'offset': 2, 'projected_percent': '-33.8', 'likelihood': -2}]",,False,0,2,0.2,0.2,0,Kaden,0.2,622,False,,,40,554054.jpg,1.0,False,Braithwaite,0.2,False,,a,15,43,1,16736,529,9064,1513,0.0,0.2,Braithwaite,,241.0,2024-09-23,2008-02-08,False,p554054,1,0,0,0,0,0,0,0,0,0,0,0,3,0.6,0.8,0.0,0.1,0,1,0,0,0,0.00,0.00,0.00,0.00,,,,,,,[],,399,145,361,133,387,153,403,145,0.0,0.0,0.0,0.0,0.0,0.0,644,195,357,127,303,110,355,134,0.0,0.0,0.0
True,True,,,624777,0,0,0,0,0.1,0,"[{'offset': 0, 'projected_percent': '0.1', 'likelihood': 1}, {'offset': 1, 'projected_percent': '0.1', 'likelihood': 1}, {'offset': 2, 'projected_percent': '0.1', 'likelihood': 1}]",,False,0,3,0.0,0.0,0,Allan,0.0,628,False,,,60,624777.jpg,0.0,False,Andrade Elias,0.0,False,,a,15,43,0,1167,204,671,150,0.0,0.0,Allan,Allan,30.0,2026-08-31,2004-04-19,False,p624777,0,0,0,0,0,0,0,0,0,0,0,0,0,0.0,0.0,0.0,0.0,0,0,0,0,0,0.00,0.00,0.00,0.00,,,,,,,[],,659,293,661,294,656,292,661,294,0.0,0.0,0.0,0.0,0.0,0.0,76,50,659,294,660,294,607,256,0.0,0.0,0.0
True,True,,,595480,0,0,0,0,-33.3,-2,"[{'offset': 0, 'projected_percent': '-38.7', 'likelihood': -2}, {'offset': 1, 'projected_percent': '-48.4', 'likelihood': -3}, {'offset': 2, 'projected_percent': '-58.1', 'likelihood': -3}]",,False,0,3,0.0,0.0,0,Floyd,0.0,653,False,,,45,595480.jpg,0.0,False,Samba,0.0,False,,a,15,43,0,3875,226,2126,443,0.0,0.0,Samba,Floyd Samba,241.0,2026-02-13,2009-01-15,False,p595480,0,0,0,0,0,0,0,0,0,0,0,0,0,0.0,0.0,0.0,0.0,0,0,0,0,0,0.00,0.00,0.00,0.00,,,,,,,[],,530,211,526,217,484,189,535,212,0.0,0.0,0.0,0.0,0.0,0.0,517,271,528,212,543,219,519,207,0.0,0.0,0.0
True,True,100.0,100.0,166989,0,0,-2,2,-33.8,-7,"[{'offset': 0, 'projected_percent': '-34.2', 'likelihood': -2}, {'offset': 1, 'projected_percent': '-34.9', 'likelihood': -2}, {'offset': 2, 'projected_percent': '-35.6', 'likelihood': -2}]",,False,0,3,3.0,3.0,4,Youri,3.0,43,False,,2026-07-23T12:01:23.321726Z,58,166989.jpg,2.8,False,Tielemans,1.5,False,,a,16,1,14,44195,2748,160534,9910,0.5,2.4,Tielemans,,21.0,2026-07-14,1997-05-07,False,p166989,402,0,0,0,8,0,0,0,0,0,0,0,93,87.2,112.6,43.0,24.4,11,25,7,43,5,0.65,0.52,1.17,6.16,,,,,3.0,,[],,103,31,34,29,112,63,54,36,0.15,0.0,0.12,0.27,1.38,1.79,98,62,131,55,173,74,151,47,1.12,0.0,9.63
True,True,100.0,50.0,535301,0,0,-1,1,0.0,0,"[{'offset': 0, 'projected_percent': '0.0', 'likelihood': 0}, {'offset': 1, 'projected_percent': '0.0', 'likelihood': 0}, {'offset': 2, 'projected_percent': '0.0', 'likelihood': 0}]",2026-09-26T13:30:09.440487Z,False,0,3,0.0,0.0,0,Carlos,0.0,131,False,,2026-08-06T16:00:10.997714Z,49,535301.jpg,0.0,False,Baleba,0.1,False,,a,16,1,0,6530,1091,14293,652,0.0,0.0,Baleba,,38.0,2026-08-25,2004-01-03,False,p535301,0,0,0,0,0,0,0,0,0,0,0,0,0,0.0,0.0,0.0,0.0,0,0,0,0,0,0.00,0.00,0.00,0.00,,,,,,,[],,575,240,575,246,542,223,581,242,0.0,0.0,0.0,0.0,0.0,0.0,388,232,577,243,586,247,385,142,0.0,0.0,0.0
True,True,,,532605,0,0,-2,2,-44.6,-8,"[{'offset': 0, 'projected_percent': '-45.7', 'likelihood': -3}, {'offset': 1, 'projected_percent': '-47.8', 'likelihood': -3}, {'offset': 2, 'projected_percent': '-49.9', 'likelihood': -3}]",,False,0,3,0.5,0.5,0,Andrey,0.5,162,False,,,48,532605.jpg,1.3,False,Nascimento dos Santos,0.6,False,,a,16,1,4,22131,934,73179,4560,0.1,0.8,Andrey Santos,Andrey Santos,30.0,2026-07-13,2004-05-03,False,p532605,82,0,0,0,4,0,0,0,0,0,0,0,23,24.8,5.5,8.0,3.9,7,7,4,18,1,0.00,0.24,0.24,2.03,,,,,,,[],,267,112,299,150,269,138,309,140,0.0,0.0,0.26,0.26,2.23,4.39,418,255,318,147,281,127,237,74,1.1,0.0,19.76
True,True,75.0,100.0,59735,0,0,0,0,-19.9,0,"[{'offset': 0, 'projected_percent': '-19.9', 'likelihood': -1}, {'offset': 1, 'projected_percent': '-19.9', 'likelihood': -1}, {'offset': 2, 'projected_percent': '-19.9', 'likelihood': -1}]",,False,0,1,0.0,0.0,0,Karl,0.0,325,False,Unspecified injury - 75% chance of playing,2026-09-21T13:30:08.885505Z,45,59735.jpg,0.0,False,Darlow,0.0,False,,d,16,1,0,1064,57,1568,187,0.0,0.0,Darlow,,244.0,2026-06-14,1990-10-08,False,p59735,0,0,0,0,0,0,0,0,0,0,0,0,0,0.0,0.0,0.0,0.0,0,0,0,0,0,0.00,0.00,0.00,0.00,,,,,,,[],https://www.manutd.com/en/news/darlow-mainoo-rashford-withdraw-from-international-duty,482,54,474,36,424,31,487,54,0.0,0.0,0.0,0.0,0.0,0.0,429,23,478,52,496,54,512,58,0.0,0.0,0.0
True,True,,,465247,0,0,-1,1,-15.5,-21,"[{'offset': 0, 'projected_percent': '-15.7', 'likelihood': -1}, {'offset': 1, 'projected_percent': '-16.0', 'likelihood': -1}, {'offset': 2, 'projected_percent': '-16.3', 'likelihood': -1}]",,False,0,1,2.5,2.5,4,Senne,2.5,412,False,,,49,465247.jpg,2.2,False,Lammens,9.9,False,,a,16,1,11,98170,5962,683601,45170,0.5,2.2,Lammens,,21.0,2025-09-01,2002-07-07,False,p465247,450,0,0,0,8,0,0,0,0,0,16,0,58,132.8,0.0,0.0,13.3,5,38,0,0,5,0.00,0.00,0.00,6.80,,,,,,,[],,29,5,571,60,537,58,167,5,0.0,3.2,0.0,0.0,1.36,1.6,374,20,152,15,212,16,39,6,1.0,0.0,0.0
True,False,0.0,0.0,451302,0,0,0,0,0.0,0,"[{'offset': 0, 'projected_percent': '0.0', 'likelihood': 0}, {'offset': 1, 'projected_percent': '0.0', 'likelihood': 0}, {'offset': 2, 'projected_percent': '0.0', 'likelihood': 0}]",,False,0,1,0.0,0.0,0,Altay,0.0,413,False,Has joined Celta Vigo on loan for the rest of the season,2026-08-10T14:02:28.608415Z,45,451302.jpg,0.0,False,Bayındır,0.0,False,,u,16,1,0,0,0,1143,33,0.0,0.0,Bayindir,,219.0,2023-09-01,1998-04-14,False,p451302,0,0,0,0,0,0,0,0,0,0,0,0,0,0.0,0.0,0.0,0.0,0,0,0,0,0,0.00,0.00,0.00,0.00,,,,,,,[],,501,63,497,49,451,44,506,63,0.0,0.0,0.0,0.0,0.0,0.0,475,36,499,62,515,63,604,71,0.0,0.0,0.0
True,True,0.0,0.0,21205,0,0,0,0,-33.6,0,"[{'offset': 0, 'projected_percent': '-33.6', 'likelihood': -2}, {'offset': 1, 'projected_percent': '-33.6', 'likelihood': -2}, {'offset': 2, 'projected_percent': '-33.6', 'likelihood': -2}]",,False,0,1,0.0,0.0,0,Tom,0.0,414,False,Hamstring injury - Unknown return date,2026-08-15T16:00:07.854151Z,40,21205.jpg,0.0,False,Heaton,0.1,False,,i,16,1,0,2098,180,3526,239,0.0,0.0,Heaton,,241.0,2021-07-02,1986-04-15,False,p21205,0,0,0,0,0,0,0,0,0,0,0,0,0,0.0,0.0,0.0,0.0,0,0,0,0,0,0.00,0.00,0.00,0.00,,,,,,,[],,410,25,398,6,342,1,414,25,0.0,0.0,0.0,0.0,0.0,0.0,587,49,401,23,424,25,443,50,0.0,0.0,0.0
True,True,,,596777,0,0,-2,2,-96.9,-1,"[{'offset': 0, 'projected_percent': '-97.1', 'likelihood': -4}, {'offset': 1, 'projected_percent': '-97.5', 'likelihood': -4}, {'offset': 2, 'projected_percent': '-97.8', 'likelihood': -4}]",,False,0,3,2.5,2.5,4,Patrick,2.5,415,False,,,58,596777.jpg,2.0,False,Dorgu,0.5,False,,a,16,1,10,13936,966,97058,3521,0.4,1.7,Dorgu,,58.0,2025-02-02,2004-10-26,False,p596777,171,0,1,0,6,0,0,0,1,0,0,0,27,49.2,44.1,72.0,15.6,8,4,8,20,2,0.78,0.09,0.87,3.38,,,,,,,[],,197,84,141,89,60,37,129,69,0.41,0.0,0.05,0.46,1.78,3.16,111,71,161,68,240,106,245,80,1.05,0.0,10.53
True,True,0.0,0.0,209365,0,0,0,0,-91.0,0,"[{'offset': 0, 'projected_percent': '-91.0', 'likelihood': -3}, {'offset': 1, 'projected_percent': '-91.0', 'likelihood': -3}, {'offset': 2, 'projected_percent': '-91.0', 'likelihood': -3}]",,False,0,2,0.0,0.0,0,Matthijs,0.0,416,False,Back injury - Unknown return date,2026-07-23T12:01:23.690880Z,50,209365.jpg,0.0,False,de Ligt,0.0,False,,i,16,1,0,442,63,1536,113,0.0,0.0,De Ligt,,152.0,2024-08-13,1999-08-12,False,p209365,0,0,0,0,0,0,0,0,0,0,0,0,0,0.0,0.0,0.0,0.0,0,0,0,0,0,0.00,0.00,0.00,0.00,,,,,,,[],https://www.manutd.com/en/news/team-news-for-man-utd-hull-opener-aug-2026,588,209,590,208,566,205,594,209,0.0,0.0,0.0,0.0,0.0,0.0,259,38,589,207,597,208,563,190,0.0,0.0,0.0
True,True,,,216051,0,0,-1,1,-72.0,-4,"[{'offset': 0, 'projected_percent': '-72.2', 'likelihood': -3}, {'offset': 1, 'projected_percent': '-72.6', 'likelihood': -3}, {'offset': 2, 'projected_percent': '-72.9', 'likelihood': -3}]",,False,0,2,1.8,1.8,2,Diogo,1.8,417,False,,,49,216051.jpg,1.6,False,Dalot Teixeira,1.6,False,,a,16,1,8,25865,1086,135374,6879,0.4,1.6,Dalot,Diogo Dalot,173.0,2018-06-08,1999-03-18,False,p216051,346,0,0,0,4,0,0,0,1,0,0,0,46,43.6,107.7,49.0,20.2,10,21,6,16,4,0.24,0.23,0.47,4.70,,,,,,,[],,206,82,38,6,95,20,85,24,0.06,0.0,0.06,0.12,1.22,1.04,356,61,212,77,264,94,142,57,1.04,0.0,4.16
True,True,,,95658,-1,1,-2,2,-1.2,-36,"[{'offset': 0, 'projected_percent': '-1.4', 'likelihood': -1}, {'offset': 1, 'projected_percent': '-1.8', 'likelihood': -1}, {'offset': 2, 'projected_percent': '-2.2', 'likelihood': -1}]",,False,0,2,2.2,2.2,2,Harry,2.2,418,False,,,48,95658.jpg,2.0,False,Maguire,8.7,False,,a,16,1,10,137734,3776,1000528,70837,0.5,2.1,Maguire,,241.0,2019-08-05,1993-03-05,False,p95658,450,0,1,0,8,0,0,0,2,0,0,0,50,86.0,50.1,50.0,18.6,28,21,3,31,5,0.20,0.46,0.66,6.80,,,,,,,[],,104,47,119,30,92,18,102,33,0.04,0.0,0.09,0.13,1.36,1.6,406,73,171,67,226,87,44,15,1.0,0.0,6.2
True,True,100.0,100.0,221820,0,0,0,0,-91.0,4,"[{'offset': 0, 'projected_percent': '-90.8', 'likelihood': -3}, {'offset': 1, 'projected_percent': '-90.3', 'likelihood': -3}, {'offset': 2, 'projected_percent': '-89.9', 'likelihood': -3}]",,False,0,2,1.5,1.5,0,Lisandro,1.5,419,False,,2026-07-24T20:00:10.337107Z,50,221820.jpg,1.5,False,Martínez,1.3,False,,a,16,1,6,36278,3352,66751,5898,0.3,1.2,Martinez,Lisandro Martínez,10.0,2022-07-17,1998-01-18,False,p221820,360,0,0,0,6,1,0,0,0,0,0,0,29,66.4,18.8,32.0,11.8,17,14,3,20,4,0.21,0.16,0.37,5.79,,,,,,,[],,142,64,221,75,147,42,184,66,0.05,0.0,0.04,0.09,1.45,1.5,267,42,234,86,272,98,162,65,1.0,0.0,5.0
True,True,,,550864,-1,1,-2,2,-9.5,0,"[{'offset': 0, 'projected_percent': '-9.5', 'likelihood': -1}, {'offset': 1, 'projected_percent': '-9.5', 'likelihood': -1}, {'offset': 2, 'projected_percent': '-9.5', 'likelihood': -1}]",,False,0,2,0.5,0.5,0,Leny,0.5,420,False,,,48,550864.jpg,1.0,False,Yoro,0.5,False,,a,16,1,2,5214,432,35862,2020,0.1,0.4,Yoro,,73.0,2024-07-19,2005-11-13,False,p550864,22,0,0,0,2,0,0,0,0,0,0,0,-1,7.8,2.4,2.0,1.3,3,1,2,5,0,0.00,0.02,0.02,1.09,,,,,,,[],,341,126,327,117,324,123,368,129,0.0,0.0,0.08,0.08,4.46,8.18,419,78,319,117,330,128,259,95,0.0,0.0,20.45
True,True,,,606745,0,0,-1,1,-94.4,-4,"[{'offset': 0, 'projected_percent': '-95.7', 'likelihood': -4}, {'offset': 1, 'projected_percent': '-97.9', 'likelihood': -4}, {'offset': 2, 'projected_percent': '-100.2', 'likelihood': -5}]",,False,0,2,0.0,0.0,0,Ayden,0.0,421,False,,,44,606745.jpg,1.0,False,Heaven,0.3,False,,a,16,1,1,5973,203,23916,1330,0.0,0.2,Heaven,,241.0,2025-02-01,2006-09-22,False,p606745,90,0,0,0,2,0,0,0,0,0,0,0,5,6.8,2.6,11.0,2.0,1,4,1,2,1,0.12,0.04,0.16,1.01,,,,,,,[],,348,128,325,116,246,84,348,122,0.12,0.0,0.04,0.16,1.01,2.0,577,153,476,181,316,120,305,112,1.0,0.0,2.0
True,True,,,230001,0,0,-1,1,-68.4,-2,"[{'offset': 0, 'projected_percent': '-68.7', 'likelihood': -3}, {'offset': 1, 'projected_percent': '-69.3', 'likelihood': -3}, {'offset': 2, 'projected_percent': '-69.9', 'likelihood': -3}]",,False,0,2,0.5,0.5,0,Noussair,0.5,422,False,,,44,230001.jpg,1.0,False,Mazraoui,0.5,False,,a,16,1,3,14311,527,40755,2668,0.1,0.7,Mazraoui,,145.0,2024-08-13,1997-11-14,False,p230001,97,0,0,0,4,0,0,0,0,0,0,0,6,21.0,31.2,11.0,6.4,4,3,2,6,1,0.22,0.06,0.28,2.08,,,,,,,[],,283,114,183,57,245,83,264,100,0.2,0.0,0.06,0.26,1.93,3.71,557,142,309,111,311,116,249,94,0.93,0.0,5.57
True,True,100.0,50.0,106760,-1,1,-2,2,-4.0,-22,"[{'offset': 0, 'projected_percent': '-4.1', 'likelihood': -1}, {'offset': 1, 'projected_percent': '-4.3', 'likelihood': -1}, {'offset': 2, 'projected_percent': '-4.6', 'likelihood': -1}]",,False,0,2,2.0,1.0,2,Luke,2.0,423,False,,2026-09-11T13:00:09.030120Z,43,106760.jpg,2.2,False,Shaw,7.7,False,,a,16,1,9,100576,3092,1304572,72643,0.5,2.1,Shaw,,241.0,2014-07-01,1995-07-12,False,p106760,335,0,1,0,5,0,0,0,1,0,0,0,54,92.6,91.6,17.0,20.1,17,7,6,23,4,0.03,0.58,0.61,4.63,3.0,,,,,,[],,90,41,48,8,206,62,87,26,0.01,0.0,0.16,0.17,1.24,1.34,579,154,188,72,206,82,48,17,1.07,0.0,6.18
True,True,,,577974,0,0,0,0,-42.3,0,"[{'offset': 0, 'projected_percent': '-42.3', 'likelihood': -3}, {'offset': 1, 'projected_percent': '-42.3', 'likelihood': -3}, {'offset': 2, 'projected_percent': '-42.3', 'likelihood': -3}]",,False,0,2,0.0,0.0,0,Harry,0.0,424,False,,,40,577974.jpg,0.0,False,Amass,0.2,False,,a,16,1,0,6283,381,8735,705,0.0,0.0,Amass,,241.0,2024-04-06,2007-03-16,False,p577974,0,0,0,0,0,0,0,0,0,0,0,0,0,0.0,0.0,0.0,0.0,0,0,0,0,0,0.00,0.00,0.00,0.00,,,,,,,[],,455,172,446,171,391,157,460,172,0.0,0.0,0.0,0.0,0.0,0.0,650,201,448,165,469,172,333,125,0.0,0.0,0.0
True,False,0.0,0.0,547676,0,0,0,0,0.0,0,"[{'offset': 0, 'projected_percent': '0.0', 'likelihood': 0}, {'offset': 1, 'projected_percent': '0.0', 'likelihood': 0}, {'offset': 2, 'projected_percent': '0.0', 'likelihood': 0}]",,False,0,2,0.0,0.0,0,Tyler,0.0,425,False,Has joined Lausanne-Sport permanently,2026-08-18T14:12:31.904433Z,40,547676.jpg,0.0,False,Fredricson,0.0,False,,u,16,1,0,0,0,1310,42,0.0,0.0,Fredricson,,241.0,2022-09-07,2005-02-23,False,p547676,0,0,0,0,0,0,0,0,0,0,0,0,0,0.0,0.0,0.0,0.0,0,0,0,0,0,0.00,0.00,0.00,0.00,,,,,,,[],,448,165,439,164,383,149,453,165,0.0,0.0,0.0,0.0,0.0,0.0,640,191,441,158,462,165,602,203,0.0,0.0,0.0
True,True,,,141746,-1,1,-1,1,-0.9,-51,"[{'offset': 0, 'projected_percent': '-1.0', 'likelihood': -1}, {'offset': 1, 'projected_percent': '-1.1', 'likelihood': -1}, {'offset': 2, 'projected_percent': '-1.2', 'likelihood': -1}]",,False,1,3,7.2,7.2,2,Bruno,7.2,426,False,,,119,141746.jpg,6.2,False,Borges Fernandes,38.6,False,,a,16,1,31,648467,36867,1837048,184098,0.6,2.6,B.Fernandes,Bruno Fernandes,173.0,2020-01-30,1994-09-08,False,p141746,450,3,1,0,8,0,0,0,0,0,0,3,148,187.0,241.7,117.0,54.6,3,21,5,29,5,2.56,1.32,3.88,6.80,1.0,,1.0,,1.0,,[],,2,2,1,1,25,13,1,1,0.51,0.0,0.26,0.77,1.36,1.6,2,1,8,4,24,11,6,2,1.0,0.0,5.8
True,True,,,446008,0,0,-1,1,-71.0,-43,"[{'offset': 0, 'projected_percent': '-71.2', 'likelihood': -3}, {'offset': 1, 'projected_percent': '-71.5', 'likelihood': -3}, {'offset': 2, 'projected_percent': '-71.8', 'likelihood': -3}]",,False,0,3,5.8,5.8,2,Bryan,5.8,427,False,,,79,446008.jpg,5.0,False,Mbeumo,20.6,False,,a,16,1,25,458302,31323,2007436,120937,0.7,3.2,Mbeumo,,38.0,2025-07-21,1999-08-07,False,p446008,450,2,1,0,8,0,0,0,1,0,0,3,110,120.8,164.2,156.0,44.2,7,14,5,26,5,3.07,0.80,3.87,6.80,2.0,,2.0,,2.0,,[],,42,15,11,10,9,5,7,6,0.61,0.0,0.16,0.77,1.36,1.6,11,8,28,11,59,25,17,7,1.0,0.0,5.2
True,True,,,430871,0,0,-1,1,-91.4,32,"[{'offset': 0, 'projected_percent': '-90.9', 'likelihood': -3}, {'offset': 1, 'projected_percent': '-90.1', 'likelihood': -3}, {'offset': 2, 'projected_percent': '-89.3', 'likelihood': -3}]",,False,0,3,6.0,6.0,10,Matheus,6.0,428,False,,,79,430871.jpg,5.2,False,Santos Carneiro da Cunha,5.8,False,,a,16,1,26,92080,18334,507804,19773,0.8,3.3,Cunha,Matheus Cunha,30.0,2025-06-01,1999-05-27,False,p430871,407,1,2,1,5,0,0,0,0,0,0,4,95,73.0,111.5,114.0,30.0,1,9,3,13,5,0.63,0.83,1.46,5.44,,,,,,,[],,126,41,35,30,27,14,34,24,0.14,0.0,0.18,0.32,1.2,1.11,10,7,22,10,55,24,66,21,1.11,0.22,2.87
True,True,75.0,,176297,0,0,0,0,-74.1,-24,"[{'offset': 0, 'projected_percent': '-74.8', 'likelihood': -3}, {'offset': 1, 'projected_percent': '-76.1', 'likelihood': -3}, {'offset': 2, 'projected_percent': '-77.4', 'likelihood': -3}]",,False,0,3,1.7,2.2,2,Marcus,2.2,429,False,Unspecified injury - 75% chance of playing,2026-09-21T10:30:09.221479Z,70,176297.jpg,2.0,False,Rashford,1.5,False,,d,16,1,10,85026,3997,126785,15704,0.3,1.4,Rashford,,241.0,2015-07-01,1997-10-31,False,p176297,351,0,0,1,3,0,0,0,0,0,0,0,58,53.4,163.2,157.0,37.3,4,10,4,18,4,0.78,0.43,1.21,4.50,,,3.0,,,,[],https://www.manutd.com/en/news/carrick-reveals-rashford-picked-up-an-issue,179,71,12,11,8,4,14,12,0.2,0.0,0.11,0.31,1.15,0.77,25,16,186,82,244,108,150,46,1.03,0.26,4.62
True,True,100.0,100.0,184341,0,0,-1,1,0.1,0,"[{'offset': 0, 'projected_percent': '0.1', 'likelihood': 1}, {'offset': 1, 'projected_percent': '0.1', 'likelihood': 1}, {'offset': 2, 'projected_percent': '0.1', 'likelihood': 1}]",,False,0,3,0.2,0.2,1,Mason,0.2,430,False,,2026-08-15T16:00:07.879135Z,54,184341.jpg,1.0,False,Mount,0.0,False,,a,16,1,1,885,157,1951,175,0.0,0.2,Mount,,241.0,2023-07-05,1999-01-10,False,p184341,10,0,0,0,0,0,0,0,0,0,0,0,3,0.6,1.1,5.0,0.7,0,1,0,1,0,0.09,0.01,0.10,0.00,,,4.0,,,,[],,400,187,355,178,294,152,384,180,0.81,0.0,0.09,0.9,0.0,0.0,173,109,385,185,375,174,534,216,0.0,0.0,9.0
True,True,0.0,0.0,493250,0,0,-3,3,-15.0,-6,"[{'offset': 0, 'projected_percent': '-15.6', 'likelihood': -1}, {'offset': 1, 'projected_percent': '-16.7', 'likelihood': -1}, {'offset': 2, 'projected_percent': '-17.7', 'likelihood': -1}]",,False,0,3,0.0,0.0,0,Amad,0.0,431,False,Unspecified injury - Unknown return date,2026-08-22T11:00:08.617283Z,57,493250.jpg,0.0,False,Diallo,0.3,False,,i,16,1,0,2151,109,123354,1633,0.0,0.0,Amad,,54.0,2021-01-07,2002-07-11,False,p493250,0,0,0,0,0,0,0,0,0,0,0,0,0,0.0,0.0,0.0,0.0,0,0,0,0,0,0.00,0.00,0.00,0.00,4.0,,,,,,[],https://www.manutd.com/en/news/team-news-for-ipswich-visit-30-august,646,285,652,287,642,283,651,286,0.0,0.0,0.0,0.0,0.0,0.0,116,74,646,286,651,287,293,100,0.0,0.0,0.0
True,True,75.0,,516895,0,0,0,0,13.8,-21,"[{'offset': 0, 'projected_percent': '13.7', 'likelihood': 1}, {'offset': 1, 'projected_percent': '13.4', 'likelihood': 1}, {'offset': 2, 'projected_percent': '13.1', 'likelihood': 1}]",,False,0,3,3.9,5.2,4,Kobbie,5.2,432,False,Unspecified injury - 75% chance of playing,2026-09-21T13:00:09.169862Z,55,516895.jpg,4.4,False,Mainoo,1.6,False,,d,16,1,22,94340,7246,65545,13268,0.9,4.0,Mainoo,,241.0,2022-10-15,2005-04-19,False,p516895,354,0,1,0,4,0,0,0,0,0,0,2,102,83.2,88.8,21.0,19.3,10,40,6,56,4,0.30,0.52,0.82,4.77,,,,,,,[],https://www.manutd.com/en/news/darlow-mainoo-rashford-withdraw-from-international-duty,109,34,53,43,186,99,95,51,0.08,0.0,0.13,0.21,1.21,1.02,155,96,39,13,76,30,143,44,1.02,0.0,14.24
True,True,0.0,0.0,232112,0,0,0,0,-66.1,0,"[{'offset': 0, 'projected_percent': '-66.1', 'likelihood': -3}, {'offset': 1, 'projected_percent': '-66.1', 'likelihood': -3}, {'offset': 2, 'projected_percent': '-66.1', 'likelihood': -3}]",,False,0,3,0.0,0.0,0,Manuel,0.0,433,False,Knee injury - Unknown return date,2026-07-23T12:01:23.706702Z,50,232112.jpg,0.0,False,Ugarte Ribeiro,0.0,False,,i,16,1,0,116,20,263,23,0.0,0.0,Ugarte,,230.0,2024-08-30,2001-04-11,False,p232112,0,0,0,0,0,0,0,0,0,0,0,0,0,0.0,0.0,0.0,0.0,0,0,0,0,0,0.00,0.00,0.00,0.00,,,,,,,[],https://www.manutd.com/en/news/an-official-update-on-manuel-ugarte,594,253,596,258,572,243,600,255,0.0,0.0,0.0,0.0,0.0,0.0,272,167,595,255,603,258,643,278,0.0,0.0,0.0
True,True,,,547037,0,0,-1,1,-38.4,0,"[{'offset': 0, 'projected_percent': '-38.4', 'likelihood': -2}, {'offset': 1, 'projected_percent': '-38.4', 'likelihood': -2}, {'offset': 2, 'projected_percent': '-38.4', 'likelihood': -2}]",,False,0,3,0.0,0.0,0,Jack,0.0,434,False,,,49,547037.jpg,0.0,False,Fletcher,0.0,False,,a,16,1,0,320,40,704,56,0.0,0.0,J.Fletcher,Jack Fletcher,241.0,2024-07-12,2007-03-19,False,p547037,0,0,0,0,0,0,0,0,0,0,0,0,0,0.0,0.0,0.0,0.0,0,0,0,0,0,0.00,0.00,0.00,0.00,,,,,,,[],,578,243,578,249,545,226,584,245,0.0,0.0,0.0,0.0,0.0,0.0,391,235,580,246,589,250,605,254,0.0,0.0,0.0
True,True,,,576628,0,0,-1,1,-6.1,0,"[{'offset': 0, 'projected_percent': '-6.1', 'likelihood': -1}, {'offset': 1, 'projected_percent': '-6.1', 'likelihood': -1}, {'offset': 2, 'projected_percent': '-6.1', 'likelihood': -1}]",,False,0,3,0.0,0.0,0,Shea,0.0,435,False,,,49,576628.jpg,1.0,False,Lacey,0.1,False,,a,16,1,1,1698,345,3289,324,0.0,0.2,Lacey,,241.0,2025-05-26,2007-04-14,False,p576628,10,0,0,0,0,0,0,0,0,0,0,0,3,0.2,0.6,0.0,0.1,0,1,0,1,0,0.00,0.00,0.00,0.00,,,,,,,[],,405,191,368,183,550,231,404,189,0.0,0.0,0.0,0.0,0.0,0.0,397,241,582,248,345,153,487,190,0.0,0.0,9.0
True,False,0.0,0.0,490881,0,0,0,0,0.0,0,"[{'offset': 0, 'projected_percent': '0.0', 'likelihood': 0}, {'offset': 1, 'projected_percent': '0.0', 'likelihood': 0}, {'offset': 2, 'projected_percent': '0.0', 'likelihood': 0}]",,False,0,3,0.0,0.0,0,Toby,0.0,436,False,Has joined West Brom permanently,2026-09-01T13:16:48.584385Z,50,490881.jpg,0.0,False,Collyer,0.0,False,,u,16,1,0,150,0,1049,42,0.0,0.0,Collyer,,241.0,2023-07-01,2004-01-03,False,p490881,0,0,0,0,0,0,0,0,0,0,0,0,0,0.0,0.0,0.0,0.0,0,0,0,0,0,0.00,0.00,0.00,0.00,,,,,,,[],,603,258,609,263,586,249,609,260,0.0,0.0,0.0,0.0,0.0,0.0,299,180,604,260,612,263,609,258,0.0,0.0,0.0
True,True,,,576620,-1,1,-1,1,0.0,0,"[{'offset': 0, 'projected_percent': '0.0', 'likelihood': 0}, {'offset': 1, 'projected_percent': '0.0', 'likelihood': 0}, {'offset': 2, 'projected_percent': '0.0', 'likelihood': 0}]",,False,0,3,0.0,0.0,0,Bendito,0.0,437,False,,,44,576620.jpg,0.0,False,Mantato,0.2,False,,a,16,1,0,4999,335,9549,768,0.0,0.0,Bendito Mantato,,,,,False,p576620,0,0,0,0,0,0,0,0,0,0,0,0,0,0.0,0.0,0.0,0.0,0,0,0,0,0,0.00,0.00,0.00,0.00,,,,,,,[],,480,198,472,204,422,176,485,199,0.0,0.0,0.0,0.0,0.0,0.0,576,297,475,199,494,206,357,129,0.0,0.0,0.0
True,True,,,519913,0,0,-1,1,0.4,1,"[{'offset': 0, 'projected_percent': '0.4', 'likelihood': 1}, {'offset': 1, 'projected_percent': '0.4', 'likelihood': 1}, {'offset': 2, 'projected_percent': '0.4', 'likelihood': 1}]",,False,0,3,0.0,0.0,0,Tyler,0.0,438,False,,,44,519913.jpg,0.0,False,Fletcher,0.3,False,,a,16,1,0,10437,2368,16669,1900,0.0,0.0,Fletcher,Tyler Fletcher,243.0,2025-05-26,2007-03-19,False,p519913,0,0,0,0,0,0,0,0,0,0,0,0,0,0.0,0.0,0.0,0.0,0,0,0,0,0,0.00,0.00,0.00,0.00,,,,,,,[],,476,197,468,203,418,175,481,198,0.0,0.0,0.0,0.0,0.0,0.0,572,296,471,198,490,205,282,95,0.0,0.0,0.0
True,True,75.0,100.0,485711,0,0,0,0,-35.2,-28,"[{'offset': 0, 'projected_percent': '-36.0', 'likelihood': -2}, {'offset': 1, 'projected_percent': '-37.3', 'likelihood': -2}, {'offset': 2, 'projected_percent': '-38.6', 'likelihood': -2}]",,False,0,4,1.4,1.8,0,Benjamin,1.8,439,False,Shin injury - 75% chance of playing,2026-09-20T19:30:08.505755Z,70,485711.jpg,2.0,False,Sesko,1.6,False,,d,16,1,8,103876,6437,131563,21890,0.3,1.1,Šeško,,195.0,2025-08-09,2003-05-31,False,p485711,76,1,0,0,3,0,0,0,0,0,0,0,39,34.6,11.9,36.0,8.2,0,5,0,5,0,0.39,0.01,0.40,2.00,,,,,,,[],https://www.manutd.com/en/news/sesko-withdraws-from-slovenia-squad,239,21,266,33,137,27,235,24,0.46,0.0,0.01,0.47,2.37,3.55,28,10,227,25,246,28,141,22,0.0,0.0,5.92
True,True,,,458249,-1,1,-2,2,-7.9,-3,"[{'offset': 0, 'projected_percent': '-8.2', 'likelihood': -1}, {'offset': 1, 'projected_percent': '-8.8', 'likelihood': -1}, {'offset': 2, 'projected_percent': '-9.4', 'likelihood': -1}]",,False,0,4,0.5,0.5,1,Joshua,0.5,440,False,,,53,458249.jpg,1.0,False,Zirkzee,0.4,False,,a,16,1,2,15549,1669,43422,2869,0.1,0.4,Zirkzee,,152.0,2024-07-17,2001-05-22,False,p458249,20,0,0,0,0,0,0,0,0,0,0,0,8,7.6,14.9,0.0,2.2,2,2,0,4,0,0.00,0.01,0.01,0.02,,,,,,,[],,343,35,239,27,610,68,343,39,0.0,0.0,0.04,0.04,0.09,0.0,225,49,334,36,364,40,266,46,0.0,0.0,18.0
True,False,0.0,0.0,596047,0,0,0,0,0.0,-9,"[{'offset': 0, 'projected_percent': '0.0', 'likelihood': 0}, {'offset': 1, 'projected_percent': '0.0', 'likelihood': 0}, {'offset': 2, 'projected_percent': '0.0', 'likelihood': 0}]",,False,0,4,0.0,0.0,0,Chido,0.0,441,False,Has joined Willem II on loan for the rest of the season,2026-09-14T16:12:42.090874Z,45,596047.jpg,0.0,False,Obi,0.9,False,,u,16,1,0,45543,0,73356,10414,0.0,0.0,Obi,,58.0,2025-02-15,2007-11-29,False,p596047,0,0,0,0,0,0,0,0,0,0,0,0,0,0.0,0.0,0.0,0.0,0,0,0,0,0,0.00,0.00,0.00,0.00,,,,,,,[],,531,54,527,58,485,53,536,58,0.0,0.0,0.0,0.0,0.0,0.0,518,75,529,55,544,59,187,29,0.0,0.0,0.0
True,True,100.0,0.0,465694,0,0,0,0,0.8,0,"[{'offset': 0, 'projected_percent': '0.8', 'likelihood': 1}, {'offset': 1, 'projected_percent': '0.8', 'likelihood': 1}, {'offset': 2, 'projected_percent': '0.8', 'likelihood': 1}]",2026-09-27T16:30:09.285267Z,False,0,3,1.2,0.0,0,Nico,1.2,405,False,,2026-09-14T21:30:07.343728Z,55,465694.jpg,1.7,False,González Iglesias,0.2,False,,a,17,4,5,17982,519,16920,1751,0.2,0.9,N.Gonzalez,,200.0,2026-08-26,2002-01-03,False,p465694,164,0,0,1,2,0,0,0,1,0,0,0,23,13.4,42.0,2.0,5.8,3,9,0,12,3,0.00,0.21,0.21,2.34,,,,,,,[],,304,132,149,95,334,167,276,123,0.0,0.0,0.12,0.12,1.28,1.1,148,90,253,115,262,116,335,118,1.65,0.55,6.59
True,True,,,98747,0,0,-1,1,-41.1,0,"[{'offset': 0, 'projected_percent': '-41.1', 'likelihood': -3}, {'offset': 1, 'projected_percent': '-41.1', 'likelihood': -3}, {'offset': 2, 'projected_percent': '-41.1', 'likelihood': -3}]",,False,0,1,0.0,0.0,0,Nick,0.0,442,False,,,49,98747.jpg,0.0,False,Pope,0.9,False,,a,17,4,0,13285,792,53599,2876,0.0,0.0,Pope,,241.0,2022-06-23,1992-04-19,False,p98747,0,0,0,0,0,0,0,0,0,0,0,0,0,0.0,0.0,0.0,0.0,0,0,0,0,0,0.00,0.00,0.00,0.00,,,,,,,[],,557,67,554,55,518,53,562,67,0.0,0.0,0.0,0.0,0.0,0.0,340,15,556,66,569,67,185,29,0.0,0.0,0.0
True,True,,,81441,0,0,0,0,-36.4,0,"[{'offset': 0, 'projected_percent': '-36.4', 'likelihood': -2}, {'offset': 1, 'projected_percent': '-36.4', 'likelihood': -2}, {'offset': 2, 'projected_percent': '-36.4', 'likelihood': -2}]",,False,0,1,0.0,0.0,0,Mark,0.0,443,False,,,45,81441.jpg,0.0,False,Gillespie,0.0,False,,a,17,4,0,764,39,1199,79,0.0,0.0,Gillespie,,241.0,2020-07-27,1992-03-27,False,p81441,0,0,0,0,0,0,0,0,0,0,0,0,0,0.0,0.0,0.0,0.0,0,0,0,0,0,0.00,0.00,0.00,0.00,,,,,,,[],,483,55,477,39,427,34,488,55,0.0,0.0,0.0,0.0,0.0,0.0,432,26,480,54,497,55,530,62,0.0,0.0,0.0
True,True,50.0,50.0,554578,-1,1,-1,1,-5.8,-1,"[{'offset': 0, 'projected_percent': '-7.3', 'likelihood': -1}, {'offset': 1, 'projected_percent': '-10.0', 'likelihood': -1}, {'offset': 2, 'projected_percent': '-12.7', 'likelihood': -1}]",,False,0,1,0.0,0.0,0,Ewen,0.0,444,False,Ankle injury - 50% chance of playing,2026-09-10T16:00:09.127466Z,44,554578.jpg,0.0,False,Jaouen,0.0,False,,d,17,4,0,451,18,1515,110,0.0,0.0,Jaouen,,73.0,2026-06-15,2005-12-29,False,p554578,0,0,0,0,0,0,0,0,0,0,0,0,0,0.0,0.0,0.0,0.0,0,0,0,0,0,0.00,0.00,0.00,0.00,,,,,,,[],https://www.newcastleunited.com/en/video/1001979?utm_source=premier-league-web&utm_medium=referral&utm_campaign=pl-referral-always-on&utm_term=injury-news,478,53,470,35,420,30,483,53,0.0,0.0,0.0,0.0,0.0,0.0,574,48,473,51,492,53,570,67,0.0,0.0,0.0
True,True,,,465642,0,0,0,0,16.9,4,"[{'offset': 0, 'projected_percent': '16.9', 'likelihood': 1}, {'offset': 1, 'projected_percent': '17.0', 'likelihood': 1}, {'offset': 2, 'projected_percent': '17.0', 'likelihood': 1}]",,False,0,2,2.8,2.8,4,Malick,2.8,445,False,,,50,465642.jpg,2.8,False,Thiaw,2.2,False,,a,17,4,14,177023,7722,121978,8967,0.6,2.8,Thiaw,,80.0,2025-08-12,2001-08-08,False,p465642,450,0,0,1,9,1,0,0,0,0,0,0,32,106.2,16.3,4.0,12.7,45,10,0,45,5,0.00,0.08,0.08,9.14,,,,,,,[],,64,28,233,81,309,113,174,62,0.0,0.0,0.02,0.02,1.83,1.8,287,47,139,53,166,69,123,49,1.0,0.2,9.0
True,True,100.0,100.0,119471,0,0,-1,1,-10.9,0,"[{'offset': 0, 'projected_percent': '-10.9', 'likelihood': -1}, {'offset': 1, 'projected_percent': '-10.9', 'likelihood': -1}, {'offset': 2, 'projected_percent': '-10.9', 'likelihood': -1}]",,False,0,2,0.2,0.2,1,Fabian,0.2,446,False,,2026-08-15T16:30:07.209742Z,49,119471.jpg,1.0,False,Schär,0.2,False,,a,17,4,2,7011,500,13795,849,0.0,0.4,Schär,,207.0,2018-07-26,1991-12-20,False,p119471,25,0,0,0,2,0,0,0,0,0,0,0,0,25.0,10.5,0.0,3.6,7,0,0,7,0,0.00,0.01,0.01,1.87,,,2.0,,,,[],,266,108,273,98,520,200,314,117,0.0,0.0,0.04,0.04,6.73,7.2,342,58,366,133,332,129,326,121,0.0,0.0,25.2
True,True,,,220237,0,0,0,0,9.2,4,"[{'offset': 0, 'projected_percent': '9.2', 'likelihood': 1}, {'offset': 1, 'projected_percent': '9.3', 'likelihood': 1}, {'offset': 2, 'projected_percent': '9.3', 'likelihood': 1}]",,False,0,2,3.0,3.0,4,Sven,3.0,447,False,,,50,220237.jpg,3.0,False,Botman,0.7,False,,a,17,4,15,46968,4294,27937,2643,0.6,3.0,Botman,,152.0,2022-06-28,2000-01-12,False,p220237,450,0,0,1,9,0,0,0,1,0,0,0,43,136.0,4.1,23.0,16.4,54,14,5,59,5,0.06,0.17,0.23,9.14,,,,,,,[],,27,9,315,112,174,52,118,39,0.01,0.0,0.03,0.04,1.83,1.8,264,40,122,50,140,60,211,82,1.0,0.2,11.8
True,True,0.0,0.0,78916,-1,1,-2,2,-3.0,-6,"[{'offset': 0, 'projected_percent': '-3.1', 'likelihood': -1}, {'offset': 1, 'projected_percent': '-3.3', 'likelihood': -1}, {'offset': 2, 'projected_percent': '-3.6', 'likelihood': -1}]",,False,0,2,0.0,0.0,0,Dan,0.0,448,False,Ankle injury - Expected back 12 Oct,2026-08-23T18:00:08.367241Z,48,78916.jpg,0.0,False,Burn,0.7,False,,i,17,4,0,7302,87,160204,5296,0.0,0.0,Burn,,241.0,2022-01-31,1992-05-09,False,p78916,0,0,0,0,0,0,0,0,0,0,0,0,0,0.0,0.0,0.0,0.0,0,0,0,0,0,0.00,0.00,0.00,0.00,,,,,,,[],https://www.newcastleunited.com/en/news/confimed-line-up-opening-day-debuts-for-hornicek-dedic-and-steur-against-liverpool,550,202,547,201,508,196,555,202,0.0,0.0,0.0,0.0,0.0,0.0,405,72,548,199,563,202,209,81,0.0,0.0,0.0
True,True,,,487838,1,-1,3,-3,5.2,144,"[{'offset': 0, 'projected_percent': '5.7', 'likelihood': 1}, {'offset': 1, 'projected_percent': '6.4', 'likelihood': 1}, {'offset': 2, 'projected_percent': '7.2', 'likelihood': 1}]",,False,2,2,7.0,7.0,13,Lewis,7.0,449,False,,,53,487838.jpg,6.2,False,Hall,17.2,False,,a,17,4,31,1642982,229480,344792,16959,1.3,5.8,Hall,,241.0,2024-07-01,2004-09-08,False,p487838,449,1,1,1,9,0,0,0,0,0,0,6,127,175.6,89.0,38.0,30.2,33,38,13,46,5,0.25,0.79,1.04,9.12,1.0,,1.0,,,,[],,4,1,52,9,129,36,33,4,0.05,0.0,0.16,0.21,1.83,1.8,230,32,11,4,22,9,23,7,1.0,0.2,9.22
True,True,75.0,100.0,441191,0,0,-1,1,1.5,0,"[{'offset': 0, 'projected_percent': '1.5', 'likelihood': 1}, {'offset': 1, 'projected_percent': '1.5', 'likelihood': 1}, {'offset': 2, 'projected_percent': '1.5', 'likelihood': 1}]",,False,0,2,0.8,1.0,0,Tino,1.0,450,False,Unspecified injury - 75% chance of playing,2026-09-19T14:00:09.046677Z,49,441191.jpg,2.0,False,Livramento,0.1,False,,d,17,4,4,10214,418,5831,1391,0.2,0.8,Livramento,,241.0,2023-08-08,2002-11-12,False,p441191,33,0,1,0,1,0,0,0,1,0,0,0,12,5.0,3.8,4.0,1.3,1,4,2,3,0,0.00,0.01,0.01,0.18,,,,,,,[],,360,135,317,114,306,111,369,130,0.0,0.0,0.03,0.03,0.49,2.73,368,65,260,95,229,88,414,152,0.0,0.0,8.18
True,False,0.0,0.0,545477,0,0,0,0,0.0,0,"[{'offset': 0, 'projected_percent': '0.0', 'likelihood': 0}, {'offset': 1, 'projected_percent': '0.0', 'likelihood': 0}, {'offset': 2, 'projected_percent': '0.0', 'likelihood': 0}]",,False,0,2,0.0,0.0,0,Alex,0.0,451,False,Has joined FC Kaiserslautern on loan for the rest of the season,2026-08-12T14:05:29.224600Z,40,545477.jpg,0.0,False,Murphy,0.1,False,,u,17,4,0,0,0,6914,263,0.0,0.0,A.Murphy,,104.0,2023-07-19,2004-06-25,False,p545477,0,0,0,0,0,0,0,0,0,0,0,0,0,0.0,0.0,0.0,0.0,0,0,0,0,0,0.00,0.00,0.00,0.00,,,,,,,[],,447,164,438,163,382,148,452,164,0.0,0.0,0.0,0.0,0.0,0.0,639,190,440,157,461,164,489,174,0.0,0.0,0.0
True,True,,,201666,1,-1,1,-1,14.0,87,"[{'offset': 0, 'projected_percent': '14.2', 'likelihood': 1}, {'offset': 1, 'projected_percent': '14.7', 'likelihood': 1}, {'offset': 2, 'projected_percent': '15.1', 'likelihood': 1}]",,False,1,3,6.5,6.5,9,Harvey,6.5,453,False,,,61,201666.jpg,5.6,False,Barnes,5.6,False,,a,17,4,28,617215,146112,146563,14655,1.1,4.6,Barnes,,241.0,2023-07-23,1997-12-09,False,p201666,450,1,3,1,9,0,0,0,0,0,0,3,105,105.2,80.9,96.0,28.2,14,16,3,33,5,0.62,0.48,1.10,9.14,3.0,,,,,,[],,67,22,62,51,39,22,39,28,0.12,0.0,0.1,0.22,1.83,1.8,62,43,16,7,41,20,70,24,1.0,0.2,6.6
True,True,0.0,0.0,449434,-1,1,1,-1,-35.6,-124,"[{'offset': 0, 'projected_percent': '-36.0', 'likelihood': -2}, {'offset': 1, 'projected_percent': '-36.9', 'likelihood': -2}, {'offset': 2, 'projected_percent': '-37.7', 'likelihood': -2}]",,False,0,3,0.0,0.0,0,Anthony,2.2,454,False,Unspecified injury - Unknown return date,2026-09-14T20:00:09.505598Z,61,449434.jpg,6.0,False,Elanga,4.6,False,,i,17,4,18,1286124,287,1078657,158696,0.4,3.0,Elanga,,206.0,2025-07-11,2002-04-27,False,p449434,232,2,0,1,3,0,0,0,1,0,0,2,71,82.6,50.6,61.0,19.4,2,3,4,9,3,0.42,0.34,0.76,4.01,2.0,,,,,,[],https://www.newcastleunited.com/en/news/matthias-jaissles-team-news-update-elanga-latest-ahead-of-hull-visit,113,35,115,77,71,43,94,50,0.16,0.0,0.13,0.29,1.56,1.16,63,44,183,79,33,15,78,27,1.16,0.39,3.49
True,True,0.0,0.0,232653,0,0,-1,1,-84.0,-7,"[{'offset': 0, 'projected_percent': '-84.9', 'likelihood': -3}, {'offset': 1, 'projected_percent': '-86.4', 'likelihood': -3}, {'offset': 2, 'projected_percent': '-87.9', 'likelihood': -3}]",,False,0,3,0.0,0.0,0,Jacob,1.8,456,False,Thigh injury - Unknown return date,2026-09-15T09:00:08.191022Z,49,232653.jpg,2.3,False,Ramsey,0.2,False,,i,17,4,7,16591,45,30628,4425,0.4,1.4,J.Ramsey,,241.0,2025-08-17,2001-05-28,False,p232653,69,1,0,0,1,0,0,0,1,0,0,0,26,40.4,6.3,21.0,6.7,3,6,2,11,0,0.17,0.16,0.33,1.92,,,,,,,[],https://www.newcastleunited.com/en/news/matthias-jaissles-team-news-update-elanga-latest-ahead-of-hull-visit,215,92,291,146,181,96,257,114,0.22,0.0,0.21,0.43,2.5,1.3,361,216,214,96,202,87,310,108,0.0,0.0,14.35
True,True,,,114243,0,0,-1,1,-20.4,0,"[{'offset': 0, 'projected_percent': '-20.4', 'likelihood': -2}, {'offset': 1, 'projected_percent': '-20.4', 'likelihood': -2}, {'offset': 2, 'projected_percent': '-20.4', 'likelihood': -2}]",,False,0,3,0.8,0.8,1,Jacob,0.8,457,False,,,59,114243.jpg,0.6,False,Murphy,0.1,False,,a,17,4,3,5947,844,10875,696,0.1,0.5,J.Murphy,Jacob Murphy,241.0,2017-07-19,1995-02-24,False,p114243,181,0,0,0,5,0,0,0,3,0,0,0,21,13.0,26.9,10.0,4.9,4,10,4,18,2,0.03,0.41,0.44,4.96,4.0,,,,,,[],,306,134,193,111,257,133,294,132,0.01,0.0,0.2,0.21,2.47,2.49,79,52,300,139,413,197,375,136,0.99,0.0,8.95
True,True,0.0,0.0,180974,0,0,-1,1,-58.7,0,"[{'offset': 0, 'projected_percent': '-58.7', 'likelihood': -3}, {'offset': 1, 'projected_percent': '-58.7', 'likelihood': -3}, {'offset': 2, 'projected_percent': '-58.7', 'likelihood': -3}]",,False,0,3,0.0,0.0,0,Joelinton Cássio,0.0,458,False,Unspecified injury - Unknown return date,2026-08-16T08:00:08.074045Z,54,180974.jpg,0.0,False,Apolinário de Lira,0.0,False,,i,17,4,0,222,11,2231,69,0.0,0.0,Joelinton,Joelinton,30.0,2019-07-24,1996-08-14,False,p180974,0,0,0,0,0,0,0,0,0,0,0,0,0,0.0,0.0,0.0,0.0,0,0,0,0,0,0.00,0.00,0.00,0.00,,,,,,,[],https://www.newcastleunited.com/en/news/matthias-jaissles-team-news-update-livramento-and-joelinton-latest-ahead-of-premier-league-opener,629,273,632,275,618,267,634,274,0.0,0.0,0.0,0.0,0.0,0.0,172,108,628,273,635,275,576,237,0.0,0.0,0.0
True,True,100.0,100.0,547719,0,0,0,0,0.6,0,"[{'offset': 0, 'projected_percent': '0.6', 'likelihood': 1}, {'offset': 1, 'projected_percent': '0.6', 'likelihood': 1}, {'offset': 2, 'projected_percent': '0.6', 'likelihood': 1}]",,False,0,3,2.2,2.2,4,Lewis,2.2,459,False,,2026-07-23T12:01:23.785456Z,55,547719.jpg,2.4,False,Miley,0.1,False,,a,17,4,12,6294,430,5407,400,0.4,2.2,L.Miley,,241.0,2023-02-01,2006-05-01,False,p547719,396,0,0,1,8,1,0,0,1,0,0,0,68,58.4,57.3,5.0,12.0,20,26,6,52,5,0.05,0.14,0.19,7.95,5.0,,,,,,[],,167,64,100,69,297,154,182,89,0.01,0.0,0.03,0.04,1.81,1.82,158,98,181,78,198,86,441,168,1.14,0.23,11.82
True,True,,,200089,0,0,0,0,14.4,6,"[{'offset': 0, 'projected_percent': '14.4', 'likelihood': 1}, {'offset': 1, 'projected_percent': '14.5', 'likelihood': 1}, {'offset': 2, 'projected_percent': '14.6', 'likelihood': 1}]",,False,0,3,4.0,4.0,10,Joe,4.0,460,False,,,50,200089.jpg,4.4,False,Willock,0.5,False,,a,17,4,22,63778,8958,30333,2348,0.8,4.4,Willock,,241.0,2021-08-13,1999-08-20,False,p200089,284,2,0,1,5,0,0,0,0,0,0,3,80,92.2,41.0,68.0,19.4,4,9,5,18,3,0.81,0.30,1.11,5.19,,,,,,,[],,93,27,153,98,64,39,93,49,0.26,0.0,0.1,0.36,1.64,1.58,254,158,71,26,73,28,242,78,0.95,0.32,5.7
True,True,,,611665,0,0,-2,2,-9.0,-1,"[{'offset': 0, 'projected_percent': '-9.7', 'likelihood': -1}, {'offset': 1, 'projected_percent': '-11.1', 'likelihood': -1}, {'offset': 2, 'projected_percent': '-12.4', 'likelihood': -1}]",,False,0,3,2.0,2.0,1,Bazoumana,2.0,461,False,,,58,611665.jpg,2.7,False,Touré,0.1,False,,a,17,4,8,3679,296,16390,783,0.3,1.4,Touré,,54.0,2026-07-05,2006-03-02,False,p611665,50,1,0,0,1,0,0,0,0,0,0,0,29,37.6,5.3,21.0,6.4,1,3,0,4,0,0.28,0.01,0.29,0.76,,,,,,,[],,227,98,301,152,187,100,265,118,0.5,0.0,0.02,0.52,1.37,1.8,112,72,201,90,177,76,380,138,0.0,0.0,7.2
True,True,,,636852,0,0,-1,1,-48.7,0,"[{'offset': 0, 'projected_percent': '-48.7', 'likelihood': -3}, {'offset': 1, 'projected_percent': '-48.7', 'likelihood': -3}, {'offset': 2, 'projected_percent': '-48.7', 'likelihood': -3}]",,False,0,3,1.8,1.8,3,Sean,1.8,462,False,,,49,636852.jpg,1.6,False,Steur,0.1,False,,a,17,4,8,2401,245,6143,346,0.4,1.6,Steur,,152.0,2026-07-09,2008-01-11,False,p636852,223,0,0,1,5,0,0,0,0,0,0,0,42,35.4,52.2,0.0,8.8,9,8,4,21,2,0.00,0.06,0.06,4.23,,,,,,,[],,235,101,112,74,555,235,225,103,0.0,0.0,0.02,0.02,1.71,2.02,403,246,217,99,265,117,454,177,0.81,0.4,8.48
True,False,0.0,0.0,470313,0,0,-1,1,0.0,-6,"[{'offset': 0, 'projected_percent': '0.0', 'likelihood': 0}, {'offset': 1, 'projected_percent': '0.0', 'likelihood': 0}, {'offset': 2, 'projected_percent': '0.0', 'likelihood': 0}]",,False,0,4,0.0,0.0,0,Nick,1.0,463,False,Has joined Juventus on loan for the rest of the season,2026-09-02T16:07:16.549304Z,59,470313.jpg,4.0,False,Woltemade,0.5,False,,u,17,4,4,14520,0,141761,3326,0.2,0.7,Woltemade,,80.0,2025-08-30,2002-02-14,False,p470313,19,0,1,0,0,0,0,0,0,0,0,0,18,18.2,10.5,11.0,4.0,0,0,0,0,0,0.02,0.01,0.03,0.38,,,,,,,[],,288,28,276,36,252,36,308,34,0.09,0.0,0.05,0.14,1.8,0.0,90,23,275,31,97,10,252,42,0.0,0.0,0.0
True,True,,,216646,0,0,2,-2,58.0,26,"[{'offset': 0, 'projected_percent': '58.2', 'likelihood': 3}, {'offset': 1, 'projected_percent': '58.6', 'likelihood': 3}, {'offset': 2, 'projected_percent': '59.0', 'likelihood': 3}]",,False,0,4,2.8,2.8,0,Yoane,2.8,464,False,,,62,216646.jpg,3.0,False,Wissa,18.7,False,,a,17,4,15,2272520,77008,719183,132173,0.5,2.4,Wissa,,50.0,2025-09-01,1996-09-03,False,p216646,441,1,1,1,8,0,0,1,2,0,0,2,54,66.6,60.6,106.0,23.3,6,15,6,27,5,2.35,0.06,2.41,7.97,,,,,2.0,,[],,141,11,92,8,31,12,62,12,0.48,0.0,0.01,0.49,1.63,1.63,54,13,144,13,155,15,20,5,1.02,0.2,5.51
True,True,0.0,0.0,538207,-1,1,-2,2,-7.0,-1,"[{'offset': 0, 'projected_percent': '-7.0', 'likelihood': -1}, {'offset': 1, 'projected_percent': '-7.2', 'likelihood': -1}, {'offset': 2, 'projected_percent': '-7.3', 'likelihood': -1}]",,False,0,4,0.0,0.0,0,William,0.0,465,False,Foot injury - Unknown return date,2026-08-25T19:00:08.004915Z,58,538207.jpg,4.0,False,Osula,0.3,False,,i,17,4,4,21432,109,86463,2158,0.0,0.7,Osula,,58.0,2024-08-08,2003-08-04,False,p538207,55,0,1,0,1,0,0,0,0,0,0,0,18,28.2,13.7,8.0,5.0,2,2,1,5,1,0.06,0.14,0.20,1.48,,,4.0,,1.0,,[],,260,25,254,29,273,38,292,33,0.1,0.0,0.23,0.33,2.42,1.64,109,28,649,74,96,9,288,48,1.64,0.0,8.18
True,False,0.0,0.0,599303,0,0,0,0,0.0,-6,"[{'offset': 0, 'projected_percent': '0.0', 'likelihood': 0}, {'offset': 1, 'projected_percent': '0.0', 'likelihood': 0}, {'offset': 2, 'projected_percent': '0.0', 'likelihood': 0}]",,False,0,4,0.0,0.0,0,Sean,0.0,466,False,Has joined Wolves on loan for the rest of the season,2026-09-04T12:37:43.515176Z,45,599303.jpg,0.0,False,Neave,0.5,False,,u,17,4,0,23805,0,52189,3567,0.0,0.0,Neave,,241.0,2025-02-07,2007-05-27,False,p599303,0,0,0,0,0,0,0,0,0,0,0,0,0,0.0,0.0,0.0,0.0,0,0,0,0,0,0.00,0.00,0.00,0.00,,,,,,,[],,533,55,529,59,487,54,538,59,0.0,0.0,0.0,0.0,0.0,0.0,520,76,531,56,546,60,247,40,0.0,0.0,0.0
True,True,,,632794,0,0,-1,1,-64.4,-2,"[{'offset': 0, 'projected_percent': '-66.1', 'likelihood': -3}, {'offset': 1, 'projected_percent': '-69.3', 'likelihood': -3}, {'offset': 2, 'projected_percent': '-72.4', 'likelihood': -3}]",,False,0,3,0.5,0.5,1,Aladji,0.5,559,False,,,49,632794.jpg,1.0,False,Bamba,0.1,False,,a,17,4,3,2559,119,7533,449,0.1,0.6,Bamba,,73.0,2026-07-24,2006-07-14,False,p632794,27,0,0,0,1,0,0,0,0,0,0,0,12,11.6,0.4,0.0,1.2,3,2,3,8,0,0.00,0.00,0.00,1.29,,,,,,,[],,314,140,378,188,554,234,373,176,0.0,0.0,0.0,0.0,4.3,3.33,402,245,326,152,348,156,423,157,0.0,0.0,26.67
True,True,,,470551,0,0,0,0,22.6,2,"[{'offset': 0, 'projected_percent': '22.6', 'likelihood': 2}, {'offset': 1, 'projected_percent': '22.6', 'likelihood': 2}, {'offset': 2, 'projected_percent': '22.6', 'likelihood': 2}]",,False,0,1,3.2,3.2,3,Lukás,3.2,567,False,,,50,470551.jpg,2.8,False,Hornícek,1.5,False,,a,17,4,14,151179,6529,70930,4377,0.6,2.8,Horníček,,57.0,2026-08-03,2002-07-13,False,p470551,450,0,0,1,9,0,0,0,1,0,19,0,72,155.6,0.0,0.0,15.5,11,31,0,0,5,0.00,0.00,0.00,9.14,,,,,,,[],,12,1,603,69,580,68,133,2,0.0,3.8,0.0,0.0,1.83,1.8,291,13,106,13,167,15,149,22,1.0,0.2,0.0
True,True,0.0,0.0,463726,0,0,0,0,-8.2,-25,"[{'offset': 0, 'projected_percent': '-8.6', 'likelihood': -1}, {'offset': 1, 'projected_percent': '-9.3', 'likelihood': -1}, {'offset': 2, 'projected_percent': '-10.0', 'likelihood': -1}]",,False,1,2,0.0,0.0,0,Amar,3.0,593,False,Unspecified injury - Unknown return date,2026-09-17T14:30:09.823731Z,45,463726.jpg,3.2,False,Dedic,1.8,False,,i,17,4,13,447848,226,305408,35358,0.7,2.9,Dedić,,27.0,2026-08-18,2002-08-18,False,p463726,327,0,1,1,7,0,0,0,0,0,0,2,36,70.0,40.7,15.0,12.6,16,15,8,24,4,0.14,0.08,0.22,7.38,,,3.0,,,,[],https://www.newcastleunited.com/en/news/matthias-jaissles-team-news-update-elanga-latest-ahead-of-hull-visit,133,59,155,41,217,69,175,63,0.04,0.0,0.02,0.06,2.03,1.93,478,116,117,48,126,54,132,53,1.1,0.28,6.61
True,False,0.0,0.0,553746,0,0,0,0,0.0,-2,"[{'offset': 0, 'projected_percent': '0.0', 'likelihood': 0}, {'offset': 1, 'projected_percent': '0.0', 'likelihood': 0}, {'offset': 2, 'projected_percent': '0.0', 'likelihood': 0}]",,False,0,2,0.0,0.0,0,Leo,0.0,609,False,has joined Arouca on loan for the rest of the seaon.,2026-09-11T14:41:57.406766Z,40,553746.jpg,0.0,False,Shahar,0.2,False,,u,17,4,0,18236,0,15621,1723,0.0,0.0,Shahar,,241.0,2024-08-08,2007-03-18,False,p553746,0,0,0,0,0,0,0,0,0,0,0,0,0,0.0,0.0,0.0,0.0,0,0,0,0,0,0.00,0.00,0.00,0.00,,,,,,,[],,451,168,442,167,386,152,456,168,0.0,0.0,0.0,0.0,0.0,0.0,643,194,444,161,465,168,351,132,0.0,0.0,0.0
True,True,,,613221,0,0,0,0,0.6,0,"[{'offset': 0, 'projected_percent': '0.6', 'likelihood': 1}, {'offset': 1, 'projected_percent': '0.6', 'likelihood': 1}, {'offset': 2, 'projected_percent': '0.6', 'likelihood': 1}]",,False,0,4,1.3,1.3,2,Matias,1.3,634,False,,,60,613221.jpg,1.3,False,Fernandez-Pardo,0.1,False,,a,17,4,4,16747,1676,6180,1280,0.2,0.7,Fernandez-Pardo,,21.0,2026-09-01,2005-02-03,False,p613221,157,0,0,0,4,0,0,0,0,0,0,0,16,3.4,12.5,15.0,3.1,0,3,2,5,2,0.05,0.01,0.06,2.94,,,,,,,[],,374,37,261,30,223,33,319,35,0.03,0.0,0.01,0.04,1.69,2.29,75,19,245,28,288,35,387,57,1.15,0.0,2.87
True,True,,,665243,0,0,0,0,0.0,0,"[{'offset': 0, 'projected_percent': '0.0', 'likelihood': 0}, {'offset': 1, 'projected_percent': '0.0', 'likelihood': 0}, {'offset': 2, 'projected_percent': '0.0', 'likelihood': 0}]",2026-09-27T21:39:41.033165Z,False,0,3,0.0,0.0,0,Mason,0.0,659,False,,,45,665243.jpg,0.0,False,Miley,0.0,False,,a,17,4,0,4731,1293,1191,589,0.0,0.0,Miley,,241.0,2026-07-24,2008-09-29,False,p665243,0,0,0,0,0,0,0,0,0,0,0,0,0,0.0,0.0,0.0,0.0,0,0,0,0,0,0.00,0.00,0.00,0.00,,,,,,,[],,546,221,542,227,503,200,551,222,0.0,0.0,0.0,0.0,0.0,0.0,540,284,544,222,559,229,506,200,0.0,0.0,0.0
True,True,,,578512,0,0,0,0,0.0,0,"[{'offset': 0, 'projected_percent': '0.0', 'likelihood': 0}, {'offset': 1, 'projected_percent': '0.0', 'likelihood': 0}, {'offset': 2, 'projected_percent': '0.0', 'likelihood': 0}]",2026-10-02T19:10:51.639791Z,False,0,2,1.1,1.1,0,Miodrag,0.0,663,False,,,40,578512.jpg,0.0,False,Pivas,0.0,False,,a,17,4,0,349,349,45,45,0.0,0.0,Pivas,,190.0,2026-07-24,2005-05-17,False,p578512,0,0,0,0,0,0,0,0,0,0,0,0,0,0.0,0.0,0.0,0.0,0,0,0,0,0,0.00,0.00,0.00,0.00,,,,,,,[],,456,173,447,172,392,158,461,173,0.0,0.0,0.0,0.0,0.0,0.0,651,202,449,166,470,173,638,213,0.0,0.0,0.0
True,True,,,601767,0,0,0,0,0.0,0,"[{'offset': 0, 'projected_percent': '0.0', 'likelihood': 0}, {'offset': 1, 'projected_percent': '0.0', 'likelihood': 0}, {'offset': 2, 'projected_percent': '0.0', 'likelihood': 0}]",2026-10-02T19:11:17.402697Z,False,0,4,1.0,1.0,0,Vakhtang,0.0,664,False,,,45,601767.jpg,0.0,False,Salia,0.1,False,,a,17,4,0,8455,8455,1267,1267,0.0,0.0,Salia,,79.0,2026-07-24,2007-08-30,False,p601767,0,0,0,0,0,0,0,0,0,0,0,0,0,0.0,0.0,0.0,0.0,0,0,0,0,0,0.00,0.00,0.00,0.00,,,,,,,[],,534,56,530,60,488,55,539,60,0.0,0.0,0.0,0.0,0.0,0.0,521,77,532,57,547,61,406,62,0.0,0.0,0.0
True,True,,,655585,0,0,0,0,0.0,0,"[{'offset': 0, 'projected_percent': '0.0', 'likelihood': 0}, {'offset': 1, 'projected_percent': '0.0', 'likelihood': 0}, {'offset': 2, 'projected_percent': '0.0', 'likelihood': 0}]",2026-10-02T19:11:39.931907Z,False,0,3,1.1,1.1,0,Michael,0.0,665,False,,,45,655585.jpg,0.0,False,Mills,0.0,False,,a,17,4,0,145,145,23,23,0.0,0.0,Mills,,241.0,2026-09-18,2009-02-18,False,p655585,0,0,0,0,0,0,0,0,0,0,0,0,0,0.0,0.0,0.0,0.0,0,0,0,0,0,0.00,0.00,0.00,0.00,,,,,,,[],,543,219,539,225,500,198,548,220,0.0,0.0,0.0,0.0,0.0,0.0,537,282,541,220,556,227,653,287,0.0,0.0,0.0
True,True,,,671875,0,0,0,0,0.0,0,"[{'offset': 0, 'projected_percent': '0.0', 'likelihood': 0}, {'offset': 1, 'projected_percent': '0.0', 'likelihood': 0}, {'offset': 2, 'projected_percent': '0.0', 'likelihood': 0}]",2026-10-02T19:12:09.032926Z,False,0,3,1.1,1.1,0,Kyran,0.0,666,False,,,45,671875.jpg,0.0,False,Thompson,0.0,False,,a,17,4,0,212,212,27,27,0.0,0.0,Thompson,,241.0,2026-09-18,2009-09-06,False,p671875,0,0,0,0,0,0,0,0,0,0,0,0,0,0.0,0.0,0.0,0.0,0,0,0,0,0,0.00,0.00,0.00,0.00,,,,,,,[],,547,222,543,228,504,201,552,223,0.0,0.0,0.0,0.0,0.0,0.0,541,285,545,223,560,230,647,282,0.0,0.0,0.0
True,True,,,463034,1,-1,1,-1,-21.9,-4,"[{'offset': 0, 'projected_percent': '-22.0', 'likelihood': -2}, {'offset': 1, 'projected_percent': '-22.2', 'likelihood': -2}, {'offset': 2, 'projected_percent': '-22.5', 'likelihood': -2}]",,False,0,4,2.2,2.2,1,Liam,2.2,167,False,,,56,463034.jpg,2.2,False,Delap,2.7,False,,a,18,17,9,310930,23754,80204,26632,0.4,1.6,Delap,,241.0,2026-08-27,2003-02-08,False,p463034,277,1,0,1,3,0,0,0,2,0,0,0,49,40.0,68.6,71.0,17.9,5,10,2,17,3,0.89,0.35,1.24,2.62,,,,,3.0,,[],,217,18,79,7,61,18,109,16,0.29,0.0,0.11,0.4,0.85,0.97,120,30,182,17,219,22,108,17,0.97,0.32,5.52
True,True,,,247348,0,0,-1,1,-43.7,-15,"[{'offset': 0, 'projected_percent': '-44.0', 'likelihood': -3}, {'offset': 1, 'projected_percent': '-44.3', 'likelihood': -3}, {'offset': 2, 'projected_percent': '-44.7', 'likelihood': -3}]",,False,0,2,1.2,1.2,2,Daniel,1.2,201,False,,,54,247348.jpg,1.2,False,Muñoz Mejía,5.7,False,,a,18,17,5,157781,7223,481871,27695,0.2,0.9,Muñoz,,48.0,2026-08-31,1996-05-26,False,p247348,257,0,0,0,4,0,0,0,0,0,0,0,29,39.2,62.3,79.0,18.1,8,8,7,15,3,0.60,0.21,0.81,2.59,,,,,,,[],,220,88,90,19,49,4,106,35,0.21,0.0,0.07,0.28,0.91,1.4,186,22,252,90,293,102,69,28,1.05,0.0,5.25
True,True,,,85633,0,0,0,0,4.3,-6,"[{'offset': 0, 'projected_percent': '4.3', 'likelihood': 1}, {'offset': 1, 'projected_percent': '4.2', 'likelihood': 1}, {'offset': 2, 'projected_percent': '4.1', 'likelihood': 1}]",,False,0,1,3.0,3.0,2,Matz,3.0,467,False,,,50,85633.jpg,2.8,False,Sels,1.6,False,,a,18,17,14,68035,1782,61657,5595,0.6,2.8,Sels,,21.0,2024-02-01,1992-02-26,False,p85633,450,0,0,1,5,0,0,0,0,0,11,0,67,82.0,0.0,0.0,8.2,6,46,0,0,5,0.00,0.01,0.01,4.77,,,,,,,[],,114,19,583,62,557,60,234,19,0.0,2.2,0.0,0.0,0.95,1.0,240,5,120,14,163,14,144,21,1.0,0.2,0.0
True,True,,,221389,0,0,0,0,-69.6,0,"[{'offset': 0, 'projected_percent': '-69.6', 'likelihood': -3}, {'offset': 1, 'projected_percent': '-69.6', 'likelihood': -3}, {'offset': 2, 'projected_percent': '-69.6', 'likelihood': -3}]",,False,0,1,0.0,0.0,0,John Victor,0.0,468,False,,,45,221389.jpg,0.0,False,Maciel Furtado,0.1,False,,a,18,17,0,860,53,1995,135,0.0,0.0,John,John Victor,30.0,2025-08-31,1996-02-13,False,p221389,0,0,0,0,0,0,0,0,0,0,0,0,0,0.0,0.0,0.0,0.0,0,0,0,0,0,0.00,0.00,0.00,0.00,,,,,,,[],,492,60,487,45,438,40,497,60,0.0,0.0,0.0,0.0,0.0,0.0,456,32,489,59,506,60,483,56,0.0,0.0,0.0
True,True,,,215136,0,0,0,0,23.5,-25,"[{'offset': 0, 'projected_percent': '23.3', 'likelihood': 2}, {'offset': 1, 'projected_percent': '22.9', 'likelihood': 2}, {'offset': 2, 'projected_percent': '22.6', 'likelihood': 2}]",,False,0,2,4.2,4.2,2,Neco,4.2,469,False,,,50,215136.jpg,3.8,False,Williams,8.8,False,,a,18,17,19,324683,10197,347330,42072,0.8,3.8,N.Williams,,244.0,2022-07-11,2001-04-13,False,p215136,450,0,1,1,5,0,0,0,0,0,0,1,85,90.4,123.7,42.0,25.6,15,28,14,29,5,0.41,0.61,1.02,4.77,2.0,,3.0,,,,[],,97,45,28,4,114,27,50,7,0.08,0.0,0.12,0.2,0.95,1.0,262,39,61,27,102,43,43,14,1.0,0.2,5.8
True,False,0.0,0.0,485047,0,0,0,0,0.0,0,"[{'offset': 0, 'projected_percent': '0.0', 'likelihood': 0}, {'offset': 1, 'projected_percent': '0.0', 'likelihood': 0}, {'offset': 2, 'projected_percent': '0.0', 'likelihood': 0}]",,False,0,2,0.0,0.0,0,Felipe,0.0,470,False,Has joined West Ham on loan for the rest of the season,2026-09-02T16:19:54.503286Z,50,485047.jpg,0.0,False,Rodrigues da Silva,0.0,False,,u,18,17,0,424,0,3684,104,0.0,0.0,Morato,Morato,30.0,2024-08-30,2001-06-30,False,p485047,0,0,0,0,0,0,0,0,0,0,0,0,0,0.0,0.0,0.0,0.0,0,0,0,0,0,0.00,0.00,0.00,0.00,,,,,,,[],,598,211,604,211,581,208,604,211,0.0,0.0,0.0,0.0,0.0,0.0,293,50,599,209,607,210,575,196,0.0,0.0,0.0
True,True,0.0,0.0,227444,-1,1,-1,1,-11.5,-16,"[{'offset': 0, 'projected_percent': '-11.8', 'likelihood': -1}, {'offset': 1, 'projected_percent': '-12.3', 'likelihood': -1}, {'offset': 2, 'projected_percent': '-12.7', 'likelihood': -1}]",,False,0,2,0.0,0.0,0,Nikola,2.5,471,False,Hamstring injury - Expected back 11 Oct,2026-09-12T14:00:09.705107Z,54,227444.jpg,4.0,False,Milenković,1.0,False,,i,18,17,12,17986,54,106402,11245,0.5,2.2,Milenković,,190.0,2024-07-18,1997-10-12,False,p227444,270,0,0,1,3,0,0,0,1,0,0,0,34,53.2,1.4,16.0,7.0,26,12,5,31,3,0.11,0.03,0.14,3.28,,,,,,,[],https://www.nottinghamforest.co.uk/news/2026/september/14/glasner-s-update-on-milenkovi----jair-cunha/,180,76,347,126,212,66,250,95,0.04,0.0,0.01,0.05,1.09,1.0,182,21,155,62,94,41,175,67,1.0,0.33,10.33
True,True,100.0,100.0,575476,0,0,0,0,22.8,-4,"[{'offset': 0, 'projected_percent': '22.7', 'likelihood': 2}, {'offset': 1, 'projected_percent': '22.7', 'likelihood': 2}, {'offset': 2, 'projected_percent': '22.6', 'likelihood': 2}]",,False,0,2,4.8,4.8,4,Murillo,4.8,472,False,,2026-07-23T12:01:23.801183Z,55,575476.jpg,4.6,False,Costa dos Santos,2.1,False,,a,18,17,23,102878,7381,60568,7307,0.9,4.2,Murillo,Murillo,30.0,2023-08-31,2002-07-04,False,p575476,449,0,1,1,5,0,0,0,1,0,0,0,76,124.2,62.6,27.0,21.4,44,18,9,53,5,0.42,0.37,0.79,4.77,,,2.0,,,,[],,38,17,89,18,160,48,80,21,0.08,0.0,0.07,0.15,0.96,1.0,162,18,51,23,72,33,125,50,1.0,0.2,10.62
True,True,,,159506,-1,1,-1,1,-2.1,-9,"[{'offset': 0, 'projected_percent': '-2.3', 'likelihood': -1}, {'offset': 1, 'projected_percent': '-2.6', 'likelihood': -1}, {'offset': 2, 'projected_percent': '-2.9', 'likelihood': -1}]",,False,0,2,0.8,0.8,0,Ola,0.8,473,False,,,44,159506.jpg,2.0,False,Aina,2.4,False,,a,18,17,8,69090,977,168959,19172,0.2,1.8,Aina,,157.0,2023-07-22,1996-10-08,False,p159506,306,0,0,1,3,0,0,0,2,0,0,0,45,58.2,53.3,15.0,12.7,12,14,10,22,4,0.04,0.53,0.57,3.72,,,,,,,[],,168,72,105,26,216,68,173,61,0.01,0.0,0.16,0.17,1.09,0.88,552,137,279,100,224,85,120,47,1.18,0.29,6.47
True,True,100.0,75.0,575458,0,0,0,0,-45.1,0,"[{'offset': 0, 'projected_percent': '-45.1', 'likelihood': -3}, {'offset': 1, 'projected_percent': '-45.1', 'likelihood': -3}, {'offset': 2, 'projected_percent': '-45.1', 'likelihood': -3}]",,False,0,2,2.5,1.9,1,Jair,2.5,474,False,,2026-09-12T14:00:09.724349Z,45,575458.jpg,2.8,False,Paula da Cunha Filho,0.2,False,,a,18,17,11,9721,215,13119,593,0.6,2.4,Jair Cunha,Jair Cunha,30.0,2025-07-11,2005-03-07,False,p575458,360,0,0,1,4,0,0,0,2,0,0,0,40,69.6,14.2,2.0,8.6,29,8,7,36,4,0.05,0.02,0.07,3.95,,,,,,,[],,134,60,248,88,321,121,226,83,0.01,0.0,0.0,0.01,0.99,1.0,510,127,150,60,161,66,340,128,1.0,0.25,9.0
True,True,0.0,0.0,500151,0,0,0,0,-17.5,0,"[{'offset': 0, 'projected_percent': '-17.5', 'likelihood': -1}, {'offset': 1, 'projected_percent': '-17.5', 'likelihood': -1}, {'offset': 2, 'projected_percent': '-17.5', 'likelihood': -1}]",,False,0,2,0.0,0.0,0,Nicolò,0.0,475,False,Knee injury - Unknown return date,2026-07-23T12:01:23.816304Z,45,500151.jpg,0.0,False,Savona,0.0,False,,i,18,17,0,239,19,275,17,0.0,0.0,Savona,,106.0,2025-08-30,2003-03-19,False,p500151,0,0,0,0,0,0,0,0,0,0,0,0,0,0.0,0.0,0.0,0.0,0,0,0,0,0,0.00,0.00,0.00,0.00,,,,,,,[],https://www.nottinghamforest.co.uk/news/2026/september/10/live-blog---pre-aston-villa-press-conference/,507,194,504,193,461,186,512,194,0.0,0.0,0.0,0.0,0.0,0.0,489,119,505,191,521,194,652,215,0.0,0.0,0.0
True,True,,,204822,0,0,0,0,-63.4,0,"[{'offset': 0, 'projected_percent': '-63.4', 'likelihood': -3}, {'offset': 1, 'projected_percent': '-63.4', 'likelihood': -3}, {'offset': 2, 'projected_percent': '-63.4', 'likelihood': -3}]",,False,0,2,0.0,0.0,0,Omar,0.0,476,False,,,40,204822.jpg,0.0,False,Richards,0.2,False,,a,18,17,0,3962,262,8210,659,0.0,0.0,O.Richards,,241.0,2022-07-10,1998-02-15,False,p204822,0,0,0,0,0,0,0,0,0,0,0,0,0,0.0,0.0,0.0,0.0,0,0,0,0,0,0.00,0.00,0.00,0.00,,,,,,,[],,425,153,416,152,360,137,430,153,0.0,0.0,0.0,0.0,0.0,0.0,607,169,418,146,439,153,325,120,0.0,0.0,0.0
True,False,0.0,0.0,549067,0,0,0,0,0.0,0,"[{'offset': 0, 'projected_percent': '0.0', 'likelihood': 0}, {'offset': 1, 'projected_percent': '0.0', 'likelihood': 0}, {'offset': 2, 'projected_percent': '0.0', 'likelihood': 0}]",,False,0,2,0.0,0.0,0,Zach,0.0,477,False,Has joined Southampton on loan for the rest of the season,2026-09-02T16:19:54.536676Z,40,549067.jpg,0.0,False,Abbott,0.1,False,,u,18,17,0,2459,0,13810,737,0.0,0.0,Abbott,,241.0,2022-08-22,2006-05-13,False,p549067,0,0,0,0,0,0,0,0,0,0,0,0,0,0.0,0.0,0.0,0.0,0,0,0,0,0,0.00,0.00,0.00,0.00,,,,,,,[],,450,167,441,166,385,151,455,167,0.0,0.0,0.0,0.0,0.0,0.0,642,193,443,160,464,167,373,143,0.0,0.0,0.0
True,True,,,470315,0,0,-1,1,-5.9,0,"[{'offset': 0, 'projected_percent': '-5.9', 'likelihood': -1}, {'offset': 1, 'projected_percent': '-5.9', 'likelihood': -1}, {'offset': 2, 'projected_percent': '-5.9', 'likelihood': -1}]",,False,0,2,0.5,0.5,1,Luca,0.5,478,False,,,44,470315.jpg,1.0,False,Netz,0.0,False,,a,18,17,3,681,51,1575,104,0.1,0.7,Netz,,80.0,2026-02-02,2003-05-15,False,p470315,27,0,0,0,1,0,0,0,0,0,0,0,8,6.0,17.5,2.0,2.6,0,1,1,1,0,0.00,0.02,0.02,0.13,,,,,,,[],,355,132,226,77,318,118,333,120,0.0,0.0,0.07,0.07,0.43,3.33,566,148,312,113,314,118,540,187,0.0,0.0,3.33
True,False,0.0,0.0,538638,0,0,0,0,0.0,0,"[{'offset': 0, 'projected_percent': '0.0', 'likelihood': 0}, {'offset': 1, 'projected_percent': '0.0', 'likelihood': 0}, {'offset': 2, 'projected_percent': '0.0', 'likelihood': 0}]",,False,0,2,0.0,0.0,0,Tyler,0.0,479,False,Has joined Charlton Athletic on loan for the rest of the season,2026-09-01T13:16:05.383880Z,40,538638.jpg,0.0,False,Bindon,0.1,False,,u,18,17,0,799,0,8613,483,0.0,0.0,Bindon,,154.0,2025-02-03,2005-01-27,False,p538638,0,0,0,0,0,0,0,0,0,0,0,0,0,0.0,0.0,0.0,0.0,0,0,0,0,0,0.00,0.00,0.00,0.00,,,,,,,[],,446,163,437,162,381,147,451,163,0.0,0.0,0.0,0.0,0.0,0.0,637,188,439,156,460,163,403,150,0.0,0.0,0.0
True,True,100.0,100.0,222531,0,0,0,0,48.1,15,"[{'offset': 0, 'projected_percent': '48.2', 'likelihood': 3}, {'offset': 1, 'projected_percent': '48.4', 'likelihood': 3}, {'offset': 2, 'projected_percent': '48.6', 'likelihood': 3}]",,False,1,3,6.5,6.5,2,Morgan,6.5,480,False,,2026-08-24T15:30:08.350159Z,80,222531.jpg,5.6,False,Gibbs-White,15.7,False,,a,18,17,28,1201912,58230,658028,75334,0.8,3.5,Gibbs-White,,241.0,2022-08-19,2000-01-27,False,p222531,450,1,2,1,5,0,0,0,0,0,0,6,116,123.4,204.7,78.0,40.6,2,14,5,21,5,1.56,1.42,2.98,4.77,,,1.0,,1.0,,[],,39,13,3,3,51,31,11,10,0.31,0.0,0.28,0.59,0.95,1.0,7,5,18,9,42,21,27,9,1.0,0.2,4.2
True,True,100.0,100.0,209046,0,0,-2,2,-34.7,0,"[{'offset': 0, 'projected_percent': '-34.7', 'likelihood': -2}, {'offset': 1, 'projected_percent': '-34.7', 'likelihood': -2}, {'offset': 2, 'projected_percent': '-34.7', 'likelihood': -2}]",,False,0,3,0.2,0.2,0,Callum,0.2,482,False,,2026-07-23T12:01:23.832709Z,58,209046.jpg,1.0,False,Hudson-Odoi,0.1,False,,a,18,17,1,5246,235,17485,1085,0.0,0.2,Hudson-Odoi,,241.0,2023-09-01,2000-11-07,False,p209046,1,0,0,0,0,0,0,0,0,0,0,0,2,0.0,0.3,0.0,0.0,0,0,0,0,0,0.00,0.00,0.00,0.00,,,4.0,,,,[],,647,286,385,193,643,284,652,287,0.0,0.0,0.0,0.0,0.0,0.0,100,64,390,189,390,185,369,132,0.0,0.0,0.0
True,True,,,456512,0,0,0,0,12.8,-6,"[{'offset': 0, 'projected_percent': '12.7', 'likelihood': 1}, {'offset': 1, 'projected_percent': '12.7', 'likelihood': 1}, {'offset': 2, 'projected_percent': '12.6', 'likelihood': 1}]",,False,0,3,3.0,3.0,1,Dan,3.0,483,False,,,55,456512.jpg,3.0,False,Ndoye,0.7,False,,a,18,17,15,72275,679,48791,7628,0.5,2.7,Ndoye,,207.0,2025-07-31,2000-10-25,False,p456512,316,1,0,1,3,0,0,0,1,0,0,2,44,39.0,63.6,90.0,19.0,3,15,2,20,5,1.25,0.93,2.18,3.84,,,,,,,[],,221,95,87,64,41,24,98,53,0.36,0.0,0.26,0.62,1.09,0.85,146,89,129,54,151,62,213,66,1.42,0.28,5.7
True,False,0.0,0.0,503301,0,0,-1,1,0.0,0,"[{'offset': 0, 'projected_percent': '0.0', 'likelihood': 0}, {'offset': 1, 'projected_percent': '0.0', 'likelihood': 0}, {'offset': 2, 'projected_percent': '0.0', 'likelihood': 0}]",,False,0,3,0.0,0.0,0,Omari,0.0,484,False,Has joined AC Milan on loan for the rest of the season,2026-09-01T13:23:52.340206Z,54,503301.jpg,0.0,False,Hutchinson,0.1,False,,u,18,17,0,427,0,10942,314,0.0,0.0,Hutchinson,,241.0,2025-08-16,2003-10-30,False,p503301,0,0,0,0,0,0,0,0,0,0,0,0,0,0.0,0.0,0.0,0.0,0,0,0,0,0,0.00,0.00,0.00,0.00,,,,,,,[],,634,277,637,279,624,272,639,278,0.0,0.0,0.0,0.0,0.0,0.0,204,128,634,278,639,279,457,179,0.0,0.0,0.0
True,False,0.0,0.0,476887,0,0,0,0,0.0,0,"[{'offset': 0, 'projected_percent': '0.0', 'likelihood': 0}, {'offset': 1, 'projected_percent': '0.0', 'likelihood': 0}, {'offset': 2, 'projected_percent': '0.0', 'likelihood': 0}]",,False,0,3,0.0,0.0,0,Dilane,0.0,485,False,Has joined Lille on loan for the rest of the season,2026-08-27T14:53:03.381941Z,55,476887.jpg,0.0,False,Bakwa,0.0,False,,u,18,17,0,107,0,1174,32,0.0,0.0,Bakwa,,73.0,2025-09-01,2002-08-26,False,p476887,0,0,0,0,0,0,0,0,0,0,0,0,0,0.0,0.0,0.0,0.0,0,0,0,0,0,0.00,0.00,0.00,0.00,,,,,,,[],,644,283,650,285,638,279,649,284,0.0,0.0,0.0,0.0,0.0,0.0,151,93,644,284,649,285,637,274,0.0,0.0,0.0
True,True,,,432714,0,0,0,0,2.1,0,"[{'offset': 0, 'projected_percent': '2.1', 'likelihood': 1}, {'offset': 1, 'projected_percent': '2.1', 'likelihood': 1}, {'offset': 2, 'projected_percent': '2.1', 'likelihood': 1}]",,False,0,3,2.2,2.2,2,James,2.2,486,False,,,55,432714.jpg,2.4,False,McAtee,0.1,False,,a,18,17,12,9958,313,5900,854,0.4,2.2,McAtee,,241.0,2025-08-16,2002-10-18,False,p432714,416,0,0,2,4,0,0,0,2,0,0,0,91,62.4,174.8,38.0,27.6,9,21,9,39,5,0.37,0.96,1.33,4.55,1.0,,,,,,[],,157,59,7,7,130,71,43,32,0.08,0.0,0.21,0.29,0.98,0.87,142,86,180,77,196,85,409,150,1.08,0.43,8.44
True,True,,,250199,0,0,-1,1,-62.4,0,"[{'offset': 0, 'projected_percent': '-62.4', 'likelihood': -3}, {'offset': 1, 'projected_percent': '-62.4', 'likelihood': -3}, {'offset': 2, 'projected_percent': '-62.4', 'likelihood': -3}]",,False,0,3,0.2,0.2,0,Nicolás,0.2,487,False,,,49,250199.jpg,1.0,False,Domínguez,0.1,False,,a,18,17,1,1196,58,4077,275,0.0,0.2,Dominguez,,10.0,2023-09-01,1998-06-28,False,p250199,1,0,0,0,0,0,0,0,0,0,0,0,3,0.2,0.0,0.0,0.0,0,0,0,0,0,0.00,0.00,0.00,0.00,,,,,,,[],,404,190,565,241,531,217,573,237,0.0,0.0,0.0,0.0,0.0,0.0,365,219,368,172,336,146,485,189,0.0,0.0,0.0
True,True,100.0,100.0,210462,0,0,-1,1,-90.8,-2,"[{'offset': 0, 'projected_percent': '-91.2', 'likelihood': -3}, {'offset': 1, 'projected_percent': '-91.9', 'likelihood': -3}, {'offset': 2, 'projected_percent': '-92.6', 'likelihood': -3}]",,False,0,3,0.5,0.5,1,Ibrahim,0.5,488,False,,2026-08-28T09:30:07.471668Z,49,210462.jpg,1.3,False,Sangaré,0.4,False,,a,18,17,4,9174,275,68377,2798,0.1,0.8,I.Sangaré,,54.0,2023-09-01,1997-12-02,False,p210462,105,0,0,0,1,0,0,0,0,0,0,0,15,21.6,13.7,5.0,4.1,4,3,1,8,1,0.09,0.02,0.11,0.56,,,,,,,[],,278,118,253,133,293,151,305,138,0.08,0.0,0.02,0.1,0.48,0.86,352,213,321,149,282,128,261,86,0.86,0.0,6.86
True,True,100.0,100.0,204968,0,0,0,0,-81.7,-1,"[{'offset': 0, 'projected_percent': '-81.8', 'likelihood': -3}, {'offset': 1, 'projected_percent': '-81.9', 'likelihood': -3}, {'offset': 2, 'projected_percent': '-82.1', 'likelihood': -3}]",,False,0,3,0.0,0.0,0,Ryan,0.0,489,False,,2026-08-17T20:30:08.195072Z,45,204968.jpg,0.0,False,Yates,1.2,False,,a,18,17,0,30186,540,93161,6806,0.0,0.0,Yates,,241.0,2018-08-01,1997-11-21,False,p204968,0,0,0,0,0,0,0,0,0,0,0,0,0,0.0,0.0,0.0,0.0,0,0,0,0,0,0.00,0.00,0.00,0.00,,,,,,,[],,490,201,485,207,435,179,495,202,0.0,0.0,0.0,0.0,0.0,0.0,451,259,487,202,504,209,166,51,0.0,0.0,0.0
True,True,,,60689,0,0,-2,2,-36.6,-8,"[{'offset': 0, 'projected_percent': '-37.3', 'likelihood': -2}, {'offset': 1, 'projected_percent': '-38.6', 'likelihood': -2}, {'offset': 2, 'projected_percent': '-40.0', 'likelihood': -3}]",,False,0,4,0.8,0.8,1,Chris,0.8,490,False,,,58,60689.jpg,1.0,False,Wood,0.9,False,,a,18,17,4,24276,1697,115823,5976,0.1,0.7,Wood,,154.0,2023-07-01,1991-12-07,False,p60689,62,0,0,0,1,0,0,0,0,0,0,0,13,1.2,4.8,3.0,0.7,0,1,0,1,0,0.12,0.01,0.13,0.53,,,,,2.0,,[],,395,43,307,39,316,41,385,44,0.17,0.0,0.01,0.18,0.77,1.45,96,25,298,32,389,45,191,30,0.0,0.0,1.45
True,True,,,482973,0,0,-2,2,0.2,-11,"[{'offset': 0, 'projected_percent': '0.1', 'likelihood': 1}, {'offset': 1, 'projected_percent': '-0.2', 'likelihood': -1}, {'offset': 2, 'projected_percent': '-0.8', 'likelihood': -1}]",,False,0,4,2.5,2.5,1,Igor Jesus,2.5,491,False,,,58,482973.jpg,2.4,False,Maciel da Cruz,2.6,False,,a,18,17,12,125351,6351,268934,21589,0.4,2.1,Igor Jesus,Igor Jesus,30.0,2025-07-05,2001-02-25,False,p482973,257,1,0,0,3,0,0,0,1,0,0,2,53,54.8,40.7,100.0,19.6,5,8,2,15,2,1.25,0.08,1.33,2.61,,,,,4.0,,[],,177,13,156,16,36,14,90,15,0.44,0.0,0.03,0.47,0.91,1.05,107,27,160,14,199,20,110,18,0.7,0.0,5.25
True,True,,,465680,0,0,-1,1,0.0,0,"[{'offset': 0, 'projected_percent': '0.0', 'likelihood': 0}, {'offset': 1, 'projected_percent': '0.0', 'likelihood': 0}, {'offset': 2, 'projected_percent': '0.0', 'likelihood': 0}]",,False,0,4,0.0,0.0,0,Arnaud,0.0,493,False,,,54,465680.jpg,1.0,False,Kalimuendo,0.1,False,,a,18,17,1,3009,199,4080,380,0.0,0.2,Kalimuendo,,73.0,2025-08-18,2002-01-20,False,p465680,1,0,0,0,0,0,0,0,0,0,0,0,3,0.0,0.0,0.0,0.0,0,0,0,0,0,0.00,0.00,0.00,0.00,,,,,,,[],,632,69,635,73,622,70,637,73,0.0,0.0,0.0,0.0,0.0,0.0,194,45,632,70,378,42,496,70,0.0,0.0,0.0
True,True,,,204561,0,0,0,0,0.4,-1,"[{'offset': 0, 'projected_percent': '0.4', 'likelihood': 1}, {'offset': 1, 'projected_percent': '0.4', 'likelihood': 1}, {'offset': 2, 'projected_percent': '0.4', 'likelihood': 1}]",,False,0,3,3.0,3.0,2,Xaver,3.0,558,False,,,50,204561.jpg,2.6,False,Schlager,0.1,False,,a,18,17,13,5869,189,5722,705,0.6,2.6,Schlager,Xaver Schlager,14.0,2026-07-23,1997-09-28,False,p204561,376,0,0,1,5,0,0,0,1,0,0,0,70,68.4,25.0,31.0,12.5,11,21,17,49,4,0.19,0.18,0.37,4.43,3.0,,,,,,[],,137,45,198,112,152,80,177,87,0.05,0.0,0.04,0.09,1.06,1.2,257,160,121,47,180,79,402,147,0.96,0.24,11.73
True,True,,,568420,0,0,-1,1,-47.5,0,"[{'offset': 0, 'projected_percent': '-47.5', 'likelihood': -3}, {'offset': 1, 'projected_percent': '-47.5', 'likelihood': -3}, {'offset': 2, 'projected_percent': '-47.5', 'likelihood': -3}]",,False,0,2,1.8,1.8,2,Ousmane,1.8,581,False,,,54,568420.jpg,2.3,False,Diomande,0.5,False,,a,18,17,7,13495,1373,41532,2067,0.3,1.3,Diomande,,54.0,2026-08-11,2003-12-04,False,p568420,163,0,0,0,2,0,0,0,0,0,0,0,17,32.4,1.0,19.0,5.2,18,10,1,19,2,0.16,0.01,0.17,1.45,,,,,,,[],,245,100,357,131,196,58,288,108,0.09,0.0,0.01,0.1,0.8,1.1,210,28,222,79,204,81,243,92,1.1,0.0,10.49
True,True,,,428971,0,0,0,0,0.0,0,"[{'offset': 0, 'projected_percent': '0.0', 'likelihood': 0}, {'offset': 1, 'projected_percent': '0.0', 'likelihood': 0}, {'offset': 2, 'projected_percent': '0.0', 'likelihood': 0}]",,False,0,1,0.0,0.0,0,Steven,0.0,590,False,,,45,428971.jpg,0.0,False,Benda,0.1,False,,a,18,17,0,2653,113,2813,212,0.0,0.0,Benda,,80.0,2026-08-15,1998-10-01,False,p428971,0,0,0,0,0,0,0,0,0,0,0,0,0,0.0,0.0,0.0,0.0,0,0,0,0,0,0.00,0.00,0.00,0.00,,,,,,,[],,499,62,495,48,447,43,504,62,0.0,0.0,0.0,0.0,0.0,0.0,471,35,497,61,513,62,462,52,0.0,0.0,0.0
True,True,,,469142,0,0,-1,1,-25.7,-8,"[{'offset': 0, 'projected_percent': '-25.9', 'likelihood': -2}, {'offset': 1, 'projected_percent': '-26.0', 'likelihood': -2}, {'offset': 2, 'projected_percent': '-26.2', 'likelihood': -2}]",,False,0,2,5.8,5.8,6,Jan Paul,5.8,112,False,,,49,469142.jpg,4.8,False,van Hecke,6.6,False,,a,19,6,24,152315,16146,470463,25068,1.2,4.9,Van Hecke,,152.0,2026-06-18,2000-06-08,False,p469142,450,1,0,2,8,0,0,0,1,0,0,2,85,171.8,74.9,70.0,31.6,33,17,10,43,5,0.69,0.42,1.11,7.78,,,,,,,[],,5,2,67,11,62,7,27,3,0.14,0.0,0.08,0.22,1.56,1.6,376,68,25,9,64,29,60,24,1.0,0.4,8.6
True,True,,,109646,0,0,-1,1,-36.4,0,"[{'offset': 0, 'projected_percent': '-36.4', 'likelihood': -2}, {'offset': 1, 'projected_percent': '-36.4', 'likelihood': -2}, {'offset': 2, 'projected_percent': '-36.4', 'likelihood': -2}]",,False,0,2,0.2,0.2,0,Tosin,0.2,147,False,,,44,109646.jpg,1.0,False,Adarabioyo,0.1,False,,a,19,6,1,1979,87,7866,514,0.0,0.2,Tosin,,241.0,2026-09-01,1997-09-24,False,p109646,5,0,0,0,0,0,0,0,0,0,0,0,5,9.0,0.2,0.0,0.9,2,1,2,4,0,0.00,0.00,0.00,0.03,,,,,,,[],,330,124,386,142,407,168,377,134,0.0,0.0,0.0,0.0,0.54,0.0,548,135,360,129,309,114,368,142,0.0,0.0,72.0
True,True,,,438234,0,0,0,0,35.6,3,"[{'offset': 0, 'projected_percent': '35.6', 'likelihood': 2}, {'offset': 1, 'projected_percent': '35.6', 'likelihood': 2}, {'offset': 2, 'projected_percent': '35.7', 'likelihood': 2}]",,False,0,4,2.0,2.0,2,Omar,2.0,401,False,,,70,438234.jpg,2.0,False,Marmoush,2.1,False,,a,19,6,8,231680,9201,161044,19911,0.3,1.1,Marmoush,Omar Marmoush,63.0,2026-08-27,1999-02-07,False,p438234,339,0,0,2,5,0,0,0,0,0,0,0,37,18.0,55.5,58.0,12.9,0,11,2,13,4,0.38,0.15,0.53,3.84,,,5.0,,2.0,,"[{'property': 'loan_ineligible', 'notes': 'This player will not be available to face their parent club in Gameweek 25 as part of their loan conditions.', 'gameweek': 25, 'url': None}, {'property': 'loan_ineligible', 'notes': 'This player will not be available to face their parent club in Gameweek 19 as part of their loan conditions.', 'gameweek': 19, 'url': None}]",,289,29,103,9,77,20,170,21,0.1,0.0,0.04,0.14,1.02,1.33,27,9,207,21,245,27,124,20,1.06,0.53,3.45
True,True,100.0,100.0,510281,0,0,0,0,10.3,0,"[{'offset': 0, 'projected_percent': '10.3', 'likelihood': 1}, {'offset': 1, 'projected_percent': '10.3', 'likelihood': 1}, {'offset': 2, 'projected_percent': '10.3', 'likelihood': 1}]",,False,0,3,2.0,2.0,2,Sávio,2.0,403,False,,2026-08-29T16:30:08.380416Z,65,510281.jpg,2.7,False,Moreira de Oliveira,0.7,False,,a,19,6,8,99440,2528,78937,6174,0.3,1.2,Sávio,Sávio,30.0,2026-08-25,2004-04-10,False,p510281,240,0,0,2,3,0,0,0,0,0,0,0,66,51.4,130.0,96.0,27.8,3,8,0,11,3,0.41,0.70,1.11,2.76,4.0,,,,,,[],,191,79,25,23,40,23,41,30,0.15,0.0,0.26,0.41,1.04,1.12,41,28,205,93,178,77,221,69,1.12,0.75,4.12
True,True,100.0,100.0,432422,-1,1,-2,2,-17.1,-9,"[{'offset': 0, 'projected_percent': '-17.4', 'likelihood': -1}, {'offset': 1, 'projected_percent': '-17.8', 'likelihood': -1}, {'offset': 2, 'projected_percent': '-18.2', 'likelihood': -1}]",,False,0,3,3.0,3.0,2,Sandro,3.0,455,False,,2026-09-14T14:30:07.387706Z,53,432422.jpg,2.8,False,Tonali,1.9,False,,a,19,6,14,47631,2042,268573,13966,0.6,2.6,Tonali,,106.0,2026-07-06,2000-05-08,False,p432422,427,0,0,2,8,0,0,0,0,0,0,0,86,63.0,89.0,28.0,18.0,11,20,11,42,5,0.24,0.61,0.85,7.72,,,,,,,[],,153,57,51,42,157,83,107,57,0.05,0.0,0.13,0.18,1.63,1.69,222,140,125,50,169,70,130,38,1.05,0.42,8.85
True,False,0.0,0.0,184254,0,0,0,0,0.0,0,"[{'offset': 0, 'projected_percent': '0.0', 'likelihood': 0}, {'offset': 1, 'projected_percent': '0.0', 'likelihood': 0}, {'offset': 2, 'projected_percent': '0.0', 'likelihood': 0}]",,False,0,1,0.0,0.0,0,Guglielmo,0.0,494,False,Has joined Juventus on loan for the rest of the season,2026-08-19T13:55:33.193962Z,45,184254.jpg,0.0,False,Vicario,0.1,False,,u,19,6,0,0,0,22043,660,0.0,0.0,Vicario,,106.0,2023-07-01,1996-10-07,False,p184254,0,0,0,0,0,0,0,0,0,0,0,0,0,0.0,0.0,0.0,0.0,0,0,0,0,0,0.00,0.00,0.00,0.00,,,,,,,[],,488,58,483,43,433,38,493,58,0.0,0.0,0.0,0.0,0.0,0.0,446,30,485,57,502,58,381,42,0.0,0.0,0.0
True,True,,,214572,0,0,0,0,2.1,0,"[{'offset': 0, 'projected_percent': '2.1', 'likelihood': 1}, {'offset': 1, 'projected_percent': '2.1', 'likelihood': 1}, {'offset': 2, 'projected_percent': '2.1', 'likelihood': 1}]",,False,0,1,0.0,0.0,0,Brandon,0.0,495,False,,,40,214572.jpg,0.0,False,Austin,1.0,False,,a,19,6,0,29396,1745,21675,1990,0.0,0.0,Austin,,241.0,2017-07-22,1999-01-08,False,p214572,0,0,0,0,0,0,0,0,0,0,0,0,0,0.0,0.0,0.0,0.0,0,0,0,0,0,0.00,0.00,0.00,0.00,,,,,,,[],,426,38,417,19,361,14,431,38,0.0,0.0,0.0,0.0,0.0,0.0,608,62,419,36,440,38,178,28,0.0,0.0,0.0
True,True,,,485055,0,0,0,0,-47.5,-28,"[{'offset': 0, 'projected_percent': '-47.7', 'likelihood': -3}, {'offset': 1, 'projected_percent': '-47.9', 'likelihood': -3}, {'offset': 2, 'projected_percent': '-48.1', 'likelihood': -3}]",,False,0,1,4.0,4.0,2,Antonín,4.0,496,False,,,45,485055.jpg,3.6,False,Kinský,17.3,False,,a,19,6,18,344594,15440,785951,103724,0.9,4.0,Kinsky,,57.0,2025-01-05,2003-03-13,False,p485055,450,0,0,2,8,0,0,0,0,0,12,0,77,104.8,10.0,0.0,11.5,10,34,0,0,5,0.00,0.00,0.00,7.78,,,,,,,[],,68,12,282,3,455,47,190,11,0.0,2.4,0.0,0.0,1.56,1.6,482,39,70,8,111,12,22,3,1.0,0.4,0.0
True,True,,,67089,0,0,0,0,-22.9,-8,"[{'offset': 0, 'projected_percent': '-22.9', 'likelihood': -2}, {'offset': 1, 'projected_percent': '-23.0', 'likelihood': -2}, {'offset': 2, 'projected_percent': '-23.0', 'likelihood': -2}]",,False,0,1,0.0,0.0,0,Martin,0.0,497,False,,,40,67089.jpg,0.0,False,Dubravka,17.1,False,,a,19,6,0,394369,23730,436487,43837,0.0,0.0,Dubravka,,194.0,2026-07-01,1989-01-15,False,p67089,0,0,0,0,0,0,0,0,0,0,0,0,0,0.0,0.0,0.0,0.0,0,0,0,0,0,0.00,0.00,0.00,0.00,,,,,,,[],,414,29,402,10,346,5,418,29,0.0,0.0,0.0,0.0,0.0,0.0,591,53,405,27,428,29,24,4,0.0,0.0,0.0
True,True,,,221466,0,0,-2,2,-49.9,-13,"[{'offset': 0, 'projected_percent': '-50.2', 'likelihood': -3}, {'offset': 1, 'projected_percent': '-50.7', 'likelihood': -3}, {'offset': 2, 'projected_percent': '-51.3', 'likelihood': -3}]",,False,0,2,0.0,0.0,0,Marcos,0.0,498,False,,,58,221466.jpg,3.0,False,Senesi Barón,3.5,False,,a,19,6,3,29195,1051,456319,19856,0.0,0.5,Senesi,,10.0,2026-07-01,1997-05-10,False,p221466,90,0,0,0,3,0,0,0,0,0,0,0,10,36.6,2.2,0.0,3.9,11,2,5,16,1,0.00,0.02,0.02,3.87,,,,,,,[],,231,92,328,118,644,215,310,116,0.0,0.0,0.02,0.02,3.87,3.0,101,10,647,215,153,63,94,36,1.0,0.0,16.0
True,True,75.0,100.0,441164,0,0,-1,1,-26.8,-85,"[{'offset': 0, 'projected_percent': '-27.3', 'likelihood': -2}, {'offset': 1, 'projected_percent': '-28.2', 'likelihood': -2}, {'offset': 2, 'projected_percent': '-29.1', 'likelihood': -2}]",,False,0,2,1.7,2.2,1,Pedro,2.2,499,False,Hamstring injury - 75% chance of playing,2026-09-19T12:00:08.823872Z,54,441164.jpg,3.0,False,Porro Sauceda,7.7,False,,d,19,6,9,124367,1593,986741,68993,0.4,1.7,Pedro Porro,,200.0,2023-07-01,1999-09-13,False,p441164,198,0,0,1,2,0,0,0,0,0,0,1,33,22.6,47.6,28.0,9.8,6,5,3,9,3,0.37,0.16,0.53,1.68,3.0,,1.0,,,,[],,276,113,127,33,158,47,213,75,0.17,0.0,0.07,0.24,0.76,0.91,190,24,178,69,146,61,49,18,1.36,0.45,4.09
True,False,0.0,0.0,221632,0,0,0,0,0.0,0,"[{'offset': 0, 'projected_percent': '0.0', 'likelihood': 0}, {'offset': 1, 'projected_percent': '0.0', 'likelihood': 0}, {'offset': 2, 'projected_percent': '0.0', 'likelihood': 0}]",,False,0,2,0.0,0.0,0,Cristian,0.0,500,False,Has joined Atletico Madrid permanently,2026-08-17T13:49:05.465401Z,50,221632.jpg,0.0,False,Romero,0.1,False,,u,19,6,0,0,0,16770,256,0.0,0.0,Romero,,10.0,2022-08-30,1998-04-27,False,p221632,0,0,0,0,0,0,0,0,0,0,0,0,0,0.0,0.0,0.0,0.0,0,0,0,0,0,0.00,0.00,0.00,0.00,,,,,,,[],,591,210,593,209,569,206,597,210,0.0,0.0,0.0,0.0,0.0,0.0,266,41,592,208,600,209,437,160,0.0,0.0,0.0
True,True,,,122798,0,0,-1,1,0.4,-8,"[{'offset': 0, 'projected_percent': '0.3', 'likelihood': 1}, {'offset': 1, 'projected_percent': '0.2', 'likelihood': 1}, {'offset': 2, 'projected_percent': '0.1', 'likelihood': 1}]",,False,0,2,3.5,3.5,4,Andrew,3.5,502,False,,,44,122798.jpg,3.4,False,Robertson,2.5,False,,a,19,6,17,66570,4898,182251,11575,0.8,3.9,Robertson,,243.0,2026-07-01,1994-03-11,False,p122798,366,0,1,1,7,0,0,0,0,0,0,1,68,89.6,123.9,41.0,25.4,15,15,5,20,4,0.13,0.43,0.56,7.05,1.0,,,,,,[],,98,46,27,3,117,28,51,8,0.03,0.0,0.11,0.14,1.73,1.72,550,136,86,34,120,49,111,43,0.98,0.25,4.92
True,True,100.0,100.0,491279,0,0,0,0,-19.8,-12,"[{'offset': 0, 'projected_percent': '-20.1', 'likelihood': -2}, {'offset': 1, 'projected_percent': '-20.5', 'likelihood': -2}, {'offset': 2, 'projected_percent': '-21.0', 'likelihood': -2}]",,False,0,2,4.0,4.0,1,Micky,4.0,503,False,,2026-08-21T15:00:07.610517Z,50,491279.jpg,4.0,False,van de Ven,3.8,False,,a,19,6,16,93532,5076,265460,18219,0.8,3.2,Van de Ven,,152.0,2023-08-08,2001-04-19,False,p491279,360,0,0,2,5,0,0,0,1,0,0,3,69,75.8,8.7,18.0,10.3,24,17,5,29,4,0.59,0.05,0.64,3.91,,,,,,,[],,121,54,283,102,203,61,206,73,0.15,0.0,0.01,0.16,0.98,1.25,301,51,73,31,93,40,90,34,1.0,0.5,7.25
True,False,0.0,0.0,232859,0,0,0,0,0.0,-1,"[{'offset': 0, 'projected_percent': '0.0', 'likelihood': 0}, {'offset': 1, 'projected_percent': '0.0', 'likelihood': 0}, {'offset': 2, 'projected_percent': '0.0', 'likelihood': 0}]",,False,0,2,0.0,0.0,0,Djed,0.0,505,False,Has joined Internazionale permanently,2026-08-18T14:13:08.454214Z,45,232859.jpg,0.0,False,Spence,0.2,False,,u,19,6,0,0,0,69150,1064,0.0,0.0,Spence,,241.0,2022-07-19,2000-08-09,False,p232859,0,0,0,0,0,0,0,0,0,0,0,0,0,0.0,0.0,0.0,0.0,0,0,0,0,0,0.00,0.00,0.00,0.00,,,,,,,[],,495,189,490,188,441,178,500,189,0.0,0.0,0.0,0.0,0.0,0.0,460,103,492,185,509,189,317,118,0.0,0.0,0.0
True,True,100.0,100.0,487053,0,0,-1,1,-18.7,0,"[{'offset': 0, 'projected_percent': '-18.7', 'likelihood': -1}, {'offset': 1, 'projected_percent': '-18.7', 'likelihood': -1}, {'offset': 2, 'projected_percent': '-18.7', 'likelihood': -1}]",,False,0,2,1.5,1.5,0,Destiny,1.5,506,False,,2026-09-11T18:00:09.092110Z,44,487053.jpg,2.3,False,Udogie,0.3,False,,a,19,6,7,5548,309,22324,1494,0.3,1.6,Udogie,,106.0,2022-08-16,2002-11-28,False,p487053,86,0,0,1,1,0,0,0,1,0,0,0,21,9.8,13.5,4.0,2.7,3,4,1,4,1,0.00,0.23,0.23,1.17,,,,,,,[],,326,123,256,93,303,108,328,118,0.0,0.0,0.24,0.24,1.22,1.05,568,150,230,84,200,79,281,103,1.05,1.05,4.19
True,False,0.0,0.0,548308,0,0,0,0,0.0,0,"[{'offset': 0, 'projected_percent': '0.0', 'likelihood': 0}, {'offset': 1, 'projected_percent': '0.0', 'likelihood': 0}, {'offset': 2, 'projected_percent': '0.0', 'likelihood': 0}]",,False,0,2,0.0,0.0,0,Ashley,0.0,507,False,Has joined Middlesbrough permanently,2026-08-18T14:13:08.474144Z,45,548308.jpg,0.0,False,Phillips,0.0,False,,u,19,6,0,0,0,1267,52,0.0,0.0,Phillips,,241.0,2023-08-05,2005-06-26,False,p548308,0,0,0,0,0,0,0,0,0,0,0,0,0,0.0,0.0,0.0,0.0,0,0,0,0,0,0.00,0.00,0.00,0.00,,,,,,,[],,516,197,513,196,470,189,521,197,0.0,0.0,0.0,0.0,0.0,0.0,499,123,514,194,530,197,599,202,0.0,0.0,0.0
True,True,,,115556,-1,1,-1,1,1.3,0,"[{'offset': 0, 'projected_percent': '1.3', 'likelihood': 1}, {'offset': 1, 'projected_percent': '1.3', 'likelihood': 1}, {'offset': 2, 'projected_percent': '1.3', 'likelihood': 1}]",,False,0,2,0.0,0.0,0,Ben,0.0,508,False,,,39,115556.jpg,0.0,False,Davies,0.9,False,,a,19,6,0,18478,6682,40890,3447,0.0,0.0,Davies,,244.0,2014-07-23,1993-04-24,False,p115556,0,0,0,0,0,0,0,0,0,0,0,0,0,0.0,0.0,0.0,0.0,0,0,0,0,0,0.00,0.00,0.00,0.00,,,,,,,[],,406,147,394,143,337,127,410,146,0.0,0.0,0.0,0.0,0.0,0.0,662,212,396,137,420,147,193,72,0.0,0.0,0.0
True,True,,,640419,0,0,0,0,-2.7,0,"[{'offset': 0, 'projected_percent': '-2.7', 'likelihood': -1}, {'offset': 1, 'projected_percent': '-2.7', 'likelihood': -1}, {'offset': 2, 'projected_percent': '-2.7', 'likelihood': -1}]",,False,0,2,0.0,0.0,0,Jun'ai,0.0,509,False,,,40,640419.jpg,0.0,False,Byfield,0.1,False,,a,19,6,0,2330,115,2565,221,0.0,0.0,Byfield,,,,,False,p640419,0,0,0,0,0,0,0,0,0,0,0,0,0,0.0,0.0,0.0,0.0,0,0,0,0,0,0.00,0.00,0.00,0.00,,,,,,,[],,462,178,453,177,398,163,467,178,0.0,0.0,0.0,0.0,0.0,0.0,658,208,455,171,476,178,480,171,0.0,0.0,0.0
True,True,,,499716,0,0,0,0,-15.2,2,"[{'offset': 0, 'projected_percent': '-13.6', 'likelihood': -1}, {'offset': 1, 'projected_percent': '-10.8', 'likelihood': -1}, {'offset': 2, 'projected_percent': '-7.9', 'likelihood': -1}]",,False,0,2,0.0,0.0,0,James,0.0,510,False,,,40,499716.jpg,0.0,False,Rowswell,0.1,False,,a,19,6,0,2866,137,3442,314,0.0,0.0,Rowswell,,,,,False,p499716,0,0,0,0,0,0,0,0,0,0,0,0,0,0.0,0.0,0.0,0.0,0,0,0,0,0,0.00,0.00,0.00,0.00,,,,,,,[],,443,161,434,160,378,145,448,161,0.0,0.0,0.0,0.0,0.0,0.0,634,186,436,154,457,161,435,159,0.0,0.0,0.0
True,False,0.0,0.0,616221,0,0,0,0,0.0,0,"[{'offset': 0, 'projected_percent': '0.0', 'likelihood': 0}, {'offset': 1, 'projected_percent': '0.0', 'likelihood': 0}, {'offset': 2, 'projected_percent': '0.0', 'likelihood': 0}]",,False,0,2,0.0,0.0,0,João Victor,0.0,511,False,Has joined FC Porto on loan for the rest of the season,2026-09-01T13:24:26.858636Z,40,616221.jpg,0.0,False,de Souza Menezes,0.2,False,,u,19,6,0,2555,0,16799,813,0.0,0.0,Souza,Souza,30.0,2026-01-22,2006-06-16,False,p616221,0,0,0,0,0,0,0,0,0,0,0,0,0,0.0,0.0,0.0,0.0,0,0,0,0,0,0.00,0.00,0.00,0.00,,,,,,,[],,461,177,452,176,397,162,466,177,0.0,0.0,0.0,0.0,0.0,0.0,657,207,454,170,475,177,361,138,0.0,0.0,0.0
True,True,100.0,100.0,460842,0,0,0,0,2.0,-1,"[{'offset': 0, 'projected_percent': '1.9', 'likelihood': 1}, {'offset': 1, 'projected_percent': '1.9', 'likelihood': 1}, {'offset': 2, 'projected_percent': '1.9', 'likelihood': 1}]",,False,0,3,1.8,1.8,4,Mohammed,1.8,512,False,,2026-07-23T12:01:23.848657Z,65,460842.jpg,1.8,False,Kudus,0.2,False,,a,19,6,7,12787,1993,10955,1000,0.3,1.1,Kudus,,81.0,2025-07-10,2000-08-02,False,p460842,123,0,1,0,3,0,0,0,0,0,0,0,49,37.2,48.7,26.0,11.2,0,11,3,14,0,0.11,0.42,0.53,1.46,6.0,,3.0,,3.0,,[],,229,99,123,82,165,88,196,93,0.08,0.0,0.31,0.39,1.07,2.2,40,27,226,102,259,115,365,131,0.0,0.0,10.24
True,True,0.0,0.0,493362,0,0,-1,1,-16.6,0,"[{'offset': 0, 'projected_percent': '-16.6', 'likelihood': -1}, {'offset': 1, 'projected_percent': '-16.6', 'likelihood': -1}, {'offset': 2, 'projected_percent': '-16.6', 'likelihood': -1}]",,False,0,3,0.0,0.0,0,Xavi,0.0,513,False,Knee injury - Unknown return date,2026-07-23T12:01:23.864304Z,59,493362.jpg,0.0,False,Simons,0.0,False,,i,19,6,0,336,44,1115,74,0.0,0.0,Xavi,,152.0,2025-08-29,2003-04-21,False,p493362,0,0,0,0,0,0,0,0,0,0,0,0,0,0.0,0.0,0.0,0.0,0,0,0,0,0,0.00,0.00,0.00,0.00,,,2.0,,4.0,,[],,655,291,659,292,653,290,659,292,0.0,0.0,0.0,0.0,0.0,0.0,91,58,656,291,658,292,598,251,0.0,0.0,0.0
True,True,,,511499,-1,1,-3,3,-23.4,-4,"[{'offset': 0, 'projected_percent': '-24.5', 'likelihood': -2}, {'offset': 1, 'projected_percent': '-26.4', 'likelihood': -2}, {'offset': 2, 'projected_percent': '-28.3', 'likelihood': -2}]",,False,0,3,1.5,1.5,0,Mathys,1.5,514,False,,,57,511499.jpg,2.0,False,Tel,0.2,False,,a,19,6,8,9110,178,46632,1815,0.3,1.4,Tel,,73.0,2025-07-01,2005-04-27,False,p511499,257,0,0,1,4,0,0,0,0,0,0,0,41,21.6,52.7,72.0,14.6,1,11,1,13,3,0.21,0.23,0.44,5.55,5.0,,4.0,,,,[],,280,120,109,72,59,36,150,77,0.07,0.0,0.08,0.15,1.94,1.4,117,75,241,109,239,105,341,120,1.05,0.35,4.55
True,True,100.0,100.0,172780,0,0,-2,2,-66.4,3,"[{'offset': 0, 'projected_percent': '-65.9', 'likelihood': -3}, {'offset': 1, 'projected_percent': '-64.9', 'likelihood': -3}, {'offset': 2, 'projected_percent': '-63.9', 'likelihood': -3}]",,False,0,3,0.5,0.5,1,James,0.5,515,False,,2026-08-25T14:30:07.623508Z,63,172780.jpg,1.0,False,Maddison,0.4,False,,a,19,6,3,5713,664,96086,1833,0.1,0.5,Maddison,,241.0,2023-06-28,1996-11-23,False,p172780,59,0,0,0,2,0,0,0,0,0,0,0,18,21.8,14.5,19.0,5.6,3,4,4,11,0,0.06,0.04,0.10,1.03,,,,,,,[],,277,117,247,131,198,109,280,126,0.09,0.0,0.06,0.15,1.57,3.05,44,30,347,165,397,191,269,88,0.0,0.0,16.78
True,True,,,202993,0,0,0,0,-68.6,-1,"[{'offset': 0, 'projected_percent': '-69.1', 'likelihood': -3}, {'offset': 1, 'projected_percent': '-70.1', 'likelihood': -3}, {'offset': 2, 'projected_percent': '-71.1', 'likelihood': -3}]",,False,0,3,3.5,3.5,4,Rodrigo,3.5,516,False,,,55,202993.jpg,3.0,False,Bentancur,0.2,False,,a,19,6,15,5085,321,8265,608,0.6,2.7,Bentancur,,230.0,2022-01-31,1997-06-25,False,p202993,370,0,0,2,6,0,0,0,0,0,0,0,69,77.4,39.3,8.0,12.6,22,23,15,60,4,0.02,0.12,0.14,5.59,,,,,,,[],,117,38,159,101,272,140,176,86,0.0,0.0,0.03,0.03,1.36,1.46,134,81,92,36,149,61,346,124,0.97,0.49,14.59
True,True,0.0,0.0,550839,0,0,0,0,0.0,0,"[{'offset': 0, 'projected_percent': '0.0', 'likelihood': 0}, {'offset': 1, 'projected_percent': '0.0', 'likelihood': 0}, {'offset': 2, 'projected_percent': '0.0', 'likelihood': 0}]",,False,0,3,0.0,0.0,0,Wilson,0.0,517,False,Knee injury - Unknown return date,2026-07-23T12:01:23.879434Z,55,550839.jpg,0.0,False,Odobert,0.0,False,,i,19,6,0,118,16,106,11,0.0,0.0,Odobert,,73.0,2024-08-16,2004-11-28,False,p550839,0,0,0,0,0,0,0,0,0,0,0,0,0,0.0,0.0,0.0,0.0,0,0,0,0,0,0.00,0.00,0.00,0.00,,,,,,,[],https://www.tottenhamhotspur.com/news/1008505/odobert-suffers-acl-injury,645,284,651,286,640,281,650,285,0.0,0.0,0.0,0.0,0.0,0.0,161,101,645,285,650,286,660,293,0.0,0.0,0.0
True,False,0.0,0.0,482442,0,0,-1,1,0.0,0,"[{'offset': 0, 'projected_percent': '0.0', 'likelihood': 0}, {'offset': 1, 'projected_percent': '0.0', 'likelihood': 0}, {'offset': 2, 'projected_percent': '0.0', 'likelihood': 0}]",,False,0,3,0.0,0.0,0,Pape Matar,0.0,518,False,Has joined Juventus on loan for the rest of the season,2026-09-02T16:02:43.386849Z,49,482442.jpg,0.0,False,Sarr,0.1,False,,u,19,6,0,4138,0,23678,611,0.0,0.0,P.M.Sarr,Pape Matar Sarr,189.0,2021-08-27,2002-09-14,False,p482442,0,0,0,0,0,0,0,0,0,0,0,0,0,0.0,0.0,0.0,0.0,0,0,0,0,0,0.00,0.00,0.00,0.00,,,,,,,[],,573,238,572,244,538,220,579,240,0.0,0.0,0.0,0.0,0.0,0.0,378,225,573,239,584,245,452,175,0.0,0.0,0.0
True,True,,,232787,0,0,-2,2,0.1,0,"[{'offset': 0, 'projected_percent': '0.1', 'likelihood': 1}, {'offset': 1, 'projected_percent': '0.1', 'likelihood': 1}, {'offset': 2, 'projected_percent': '0.1', 'likelihood': 1}]",,False,0,3,2.2,2.2,6,Conor,2.2,519,False,,,53,232787.jpg,3.0,False,Gallagher,0.2,False,,a,19,6,9,4592,736,16975,587,0.4,1.7,Gallagher,,241.0,2026-01-14,2000-02-06,False,p232787,134,1,0,1,2,0,0,0,1,0,0,0,48,48.6,12.2,36.0,9.6,1,9,8,18,2,0.37,0.12,0.49,2.65,,,,,,,[],,199,85,263,136,135,73,216,101,0.25,0.0,0.08,0.33,1.78,1.34,219,137,177,76,144,59,337,119,1.34,0.67,12.09
True,True,,,570526,-1,1,-2,2,-2.2,0,"[{'offset': 0, 'projected_percent': '-2.2', 'likelihood': -1}, {'offset': 1, 'projected_percent': '-2.2', 'likelihood': -1}, {'offset': 2, 'projected_percent': '-2.2', 'likelihood': -1}]",,False,0,3,0.5,0.5,1,Lucas,0.5,520,False,,,53,570526.jpg,1.0,False,Bergvall,0.1,False,,a,19,6,3,1869,89,9500,567,0.1,0.6,Bergvall,,206.0,2024-07-01,2006-02-02,False,p570526,78,0,0,0,2,0,0,0,0,0,0,0,13,11.0,10.8,11.0,2.9,1,9,3,13,1,0.06,0.27,0.33,2.21,,,,,,,[],,320,143,272,139,249,129,324,151,0.07,0.0,0.31,0.38,2.55,2.31,234,147,335,157,370,170,374,135,1.15,0.0,15.0
True,True,0.0,0.0,445044,0,0,0,0,-83.2,0,"[{'offset': 0, 'projected_percent': '-83.2', 'likelihood': -3}, {'offset': 1, 'projected_percent': '-83.2', 'likelihood': -3}, {'offset': 2, 'projected_percent': '-83.2', 'likelihood': -3}]",,False,0,3,0.0,0.0,0,Dejan,0.0,521,False,Knee injury - Unknown return date,2026-07-23T12:01:23.895175Z,65,445044.jpg,0.0,False,Kulusevski,0.0,False,,i,19,6,0,368,62,723,58,0.0,0.0,Kulusevski,,206.0,2023-07-01,2000-04-25,False,p445044,0,0,0,0,0,0,0,0,0,0,0,0,0,0.0,0.0,0.0,0.0,0,0,0,0,0,0.00,0.00,0.00,0.00,,,,,,,[],https://www.tottenhamhotspur.com/news/1089549/team-news-mudryk-injured-kulusevski-still-out,663,297,664,297,662,297,664,297,0.0,0.0,0.0,0.0,0.0,0.0,38,26,663,297,663,297,614,260,0.0,0.0,0.0
True,True,,,547701,0,0,-1,1,-21.2,-4,"[{'offset': 0, 'projected_percent': '-22.9', 'likelihood': -2}, {'offset': 1, 'projected_percent': '-25.8', 'likelihood': -2}, {'offset': 2, 'projected_percent': '-28.7', 'likelihood': -2}]",,False,0,3,1.8,1.8,2,Archie,1.8,522,False,,,49,547701.jpg,2.2,False,Gray,0.2,False,,a,19,6,9,6807,430,13269,1098,0.4,1.8,Gray,,241.0,2024-07-02,2006-03-12,False,p547701,307,0,0,1,7,0,0,0,0,0,0,0,51,28.4,14.6,27.0,7.0,10,12,5,27,3,0.23,0.05,0.28,6.11,,,,,,,[],,258,107,245,130,159,84,248,110,0.07,0.0,0.01,0.08,1.79,2.05,392,236,216,98,214,93,345,123,0.88,0.29,7.92
True,False,0.0,0.0,499721,0,0,0,0,0.0,0,"[{'offset': 0, 'projected_percent': '0.0', 'likelihood': 0}, {'offset': 1, 'projected_percent': '0.0', 'likelihood': 0}, {'offset': 2, 'projected_percent': '0.0', 'likelihood': 0}]",,False,0,3,0.0,0.0,0,Mikey,0.2,523,False,Has joined FC Köln on loan for the rest of the season,2026-09-04T12:39:48.098158Z,50,499721.jpg,1.5,False,Moore,0.1,False,,u,19,6,3,3258,0,16984,499,0.0,0.6,Moore,,241.0,2024-05-01,2007-08-11,False,p499721,89,0,0,0,4,0,0,0,0,0,0,0,11,14.2,6.3,56.0,7.5,0,2,1,3,1,0.40,0.02,0.42,3.26,,,,,,,[],,301,130,292,147,83,49,243,108,0.4,0.0,0.02,0.42,3.3,4.04,306,183,376,179,273,121,488,191,1.01,0.0,3.03
True,True,,,499726,0,0,-1,1,7.6,-4,"[{'offset': 0, 'projected_percent': '7.5', 'likelihood': 1}, {'offset': 1, 'projected_percent': '7.5', 'likelihood': 1}, {'offset': 2, 'projected_percent': '7.4', 'likelihood': 1}]",,False,0,3,0.0,0.0,0,Callum,0.0,524,False,,,44,499726.jpg,0.0,False,Olusesi,1.0,False,,a,19,6,0,55419,5803,48910,7065,0.0,0.0,Olusesi,,,,,False,p499726,0,0,0,0,0,0,0,0,0,0,0,0,0,0.0,0.0,0.0,0.0,0,0,0,0,0,0.00,0.00,0.00,0.00,,,,,,,[],,475,196,467,202,417,174,480,197,0.0,0.0,0.0,0.0,0.0,0.0,571,295,470,197,489,204,180,57,0.0,0.0,0.0
True,True,,,551226,-1,1,-3,3,-8.0,-5,"[{'offset': 0, 'projected_percent': '-8.3', 'likelihood': -1}, {'offset': 1, 'projected_percent': '-8.9', 'likelihood': -1}, {'offset': 2, 'projected_percent': '-9.5', 'likelihood': -1}]",,False,0,3,1.5,1.5,1,Mateus,1.5,525,False,,,57,551226.jpg,1.4,False,Fernandes,0.8,False,,a,19,6,7,14396,415,124244,6157,0.3,1.2,Fernandes,Mateus Fernandes,173.0,2026-07-02,2004-07-10,False,p551226,249,0,0,1,4,0,0,0,1,0,0,0,50,24.2,92.6,34.0,14.6,2,12,7,21,3,0.19,0.28,0.47,4.43,2.0,,,,,,[],,271,114,46,39,142,75,151,78,0.07,0.0,0.1,0.17,1.6,1.45,118,76,242,110,278,125,204,64,1.08,0.36,7.59
True,True,,,154566,0,0,-2,2,-27.8,1,"[{'offset': 0, 'projected_percent': '-27.7', 'likelihood': -2}, {'offset': 1, 'projected_percent': '-27.6', 'likelihood': -2}, {'offset': 2, 'projected_percent': '-27.5', 'likelihood': -2}]",,False,0,4,1.5,1.5,2,Dominic,1.5,526,False,,,58,154566.jpg,1.4,False,Solanke-Mitchell,0.8,False,,a,19,6,7,29148,1601,94250,5199,0.3,1.2,Solanke,,241.0,2024-08-10,1997-09-14,False,p154566,170,0,0,1,1,0,0,0,0,0,0,0,21,8.4,17.5,37.0,6.1,2,5,2,9,2,0.56,0.01,0.57,2.57,,,,,1.0,,[],,336,33,227,26,134,25,268,29,0.3,0.0,0.01,0.31,1.36,0.53,97,26,243,27,279,32,200,32,1.06,0.53,4.76
True,False,0.0,0.0,212319,0,0,-1,1,0.0,-9,"[{'offset': 0, 'projected_percent': '0.0', 'likelihood': 0}, {'offset': 1, 'projected_percent': '0.0', 'likelihood': 0}, {'offset': 2, 'projected_percent': '0.0', 'likelihood': 0}]",,False,0,4,0.0,0.0,0,Richarlison,0.0,527,False,not included in squad.,2026-09-04T12:32:39.183614Z,59,212319.jpg,2.0,False,de Andrade,0.6,False,,u,19,6,2,21439,0,267723,5240,0.0,0.3,Richarlison,Richarlison,30.0,2022-07-01,1997-05-10,False,p212319,67,0,0,0,3,0,0,0,0,0,0,0,6,0.0,2.2,0.0,0.2,1,0,0,1,1,0.00,0.00,0.00,3.02,,,,,,,[],,652,74,329,43,650,75,402,46,0.0,0.0,0.0,0.0,4.06,4.03,83,22,653,76,241,25,226,37,1.34,0.0,1.34
True,False,0.0,0.0,490145,0,0,0,0,0.0,-10,"[{'offset': 0, 'projected_percent': '0.0', 'likelihood': 0}, {'offset': 1, 'projected_percent': '0.0', 'likelihood': 0}, {'offset': 2, 'projected_percent': '0.0', 'likelihood': 0}]",,False,0,4,0.0,0.0,0,Dane,0.0,528,False,Has joined Leyton Orient permanently,2026-09-02T16:02:43.413625Z,45,490145.jpg,0.0,False,Scarlett,1.1,False,,u,19,6,0,42525,0,109006,7439,0.0,0.0,Scarlett,,241.0,2020-08-21,2004-03-24,False,p490145,0,0,0,0,0,0,0,0,0,0,0,0,0,0.0,0.0,0.0,0.0,0,0,0,0,0,0.00,0.00,0.00,0.00,,,,,,,[],,503,45,500,50,457,44,508,49,0.0,0.0,0.0,0.0,0.0,0.0,485,66,501,46,517,51,169,27,0.0,0.0,0.0
True,True,0.0,0.0,465920,-1,1,-2,2,-9.9,0,"[{'offset': 0, 'projected_percent': '-9.9', 'likelihood': -1}, {'offset': 1, 'projected_percent': '-9.9', 'likelihood': -1}, {'offset': 2, 'projected_percent': '-9.9', 'likelihood': -1}]",,False,0,3,0.0,0.0,0,Mykhailo,0.2,578,False,Ankle injury - Unknown return date,2026-09-11T18:00:09.154412Z,53,465920.jpg,1.0,False,Mudryk,0.0,False,,i,19,6,1,5439,19,7569,521,0.0,0.2,Mudryk,,225.0,2026-09-01,2001-01-05,False,p465920,16,0,0,0,0,0,0,0,0,0,0,0,3,0.0,0.1,2.0,0.1,0,0,0,0,0,0.00,0.00,0.00,0.16,,,,,,,"[{'property': 'loan_ineligible', 'notes': 'This player will not be available to face their parent club in Gameweek 35 as part of their loan conditions.', 'gameweek': 35, 'url': None}, {'property': 'loan_ineligible', 'notes': 'This player will not be available to face their parent club in Gameweek 8 as part of their loan conditions.', 'gameweek': 8, 'url': None}]",https://www.tottenhamhotspur.com/news/1089549/team-news-mudryk-injured-kulusevski-still-out,624,270,392,196,330,164,407,191,0.0,0.0,0.0,0.0,0.9,0.0,227,142,380,180,365,165,511,203,0.0,0.0,0.0
True,True,,,611917,0,0,0,0,-48.2,1,"[{'offset': 0, 'projected_percent': '-47.4', 'likelihood': -3}, {'offset': 1, 'projected_percent': '-46.0', 'likelihood': -3}, {'offset': 2, 'projected_percent': '-44.6', 'likelihood': -3}]",,False,0,3,0.0,0.0,0,Luca,0.0,601,False,,,45,611917.jpg,0.0,False,Williams-Barnett,0.1,False,,a,19,6,0,10238,156,6991,708,0.0,0.0,Williams-Barnett,,241.0,2025-07-25,2008-10-01,False,p611917,0,0,0,0,0,0,0,0,0,0,0,0,0,0.0,0.0,0.0,0.0,0,0,0,0,0,0.00,0.00,0.00,0.00,,,,,,,[],,535,213,531,219,489,191,540,214,0.0,0.0,0.0,0.0,0.0,0.0,524,274,533,214,548,221,384,141,0.0,0.0,0.0
True,True,,,135720,0,0,0,0,-78.9,0,"[{'offset': 0, 'projected_percent': '-78.9', 'likelihood': -3}, {'offset': 1, 'projected_percent': '-78.9', 'likelihood': -3}, {'offset': 2, 'projected_percent': '-78.9', 'likelihood': -3}]",,False,0,2,0.8,0.8,0,Kevin,0.8,501,False,,,50,135720.jpg,1.0,False,Danso,0.2,False,,a,20,56,3,6498,1073,9804,767,0.2,0.6,Danso,,14.0,2026-09-01,1998-09-19,False,p135720,270,0,0,0,8,0,0,0,0,0,0,0,7,55.2,32.9,21.0,11.0,19,11,1,20,3,0.07,0.17,0.24,5.91,,,,,,,"[{'property': 'loan_ineligible', 'notes': 'This player will not be available to face their parent club in Gameweek 23 as part of their loan conditions.', 'gameweek': 23, 'url': None}, {'property': 'loan_ineligible', 'notes': 'This player will not be available to face their parent club in Gameweek 12 as part of their loan conditions.', 'gameweek': 12, 'url': None}]",,176,74,176,55,183,57,198,71,0.02,0.0,0.06,0.08,1.97,2.67,245,36,290,106,349,133,359,136,1.0,0.0,6.67
True,True,,,498016,0,0,-1,1,-14.9,-6,"[{'offset': 0, 'projected_percent': '-15.1', 'likelihood': -1}, {'offset': 1, 'projected_percent': '-15.4', 'likelihood': -1}, {'offset': 2, 'projected_percent': '-15.8', 'likelihood': -1}]",,False,0,1,2.5,2.5,0,Robin,2.5,529,False,,,49,498016.jpg,2.2,False,Roefs,2.5,False,,a,20,56,11,21764,1915,176825,10700,0.5,2.2,Roefs,,152.0,2025-08-01,2003-01-17,False,p498016,450,0,0,1,10,0,0,0,0,0,6,0,41,73.4,0.0,0.0,7.3,7,35,0,0,5,0.00,0.01,0.01,8.66,,,,,,,[],,124,20,574,61,540,59,245,20,0.0,1.2,0.0,0.0,1.73,2.0,382,21,153,16,213,17,118,18,1.0,0.2,0.0
True,False,0.0,0.0,232571,0,0,0,0,0.0,0,"[{'offset': 0, 'projected_percent': '0.0', 'likelihood': 0}, {'offset': 1, 'projected_percent': '0.0', 'likelihood': 0}, {'offset': 2, 'projected_percent': '0.0', 'likelihood': 0}]",,False,0,1,0.0,0.0,0,Anthony,0.0,530,False,Has joined Wrexham permanently,2026-08-12T14:08:03.064533Z,40,232571.jpg,0.0,False,Patterson,0.1,False,,u,20,56,0,0,0,5971,319,0.0,0.0,Patterson,,241.0,2018-10-09,2000-05-10,False,p232571,0,0,0,0,0,0,0,0,0,0,0,0,0,0.0,0.0,0.0,0.0,0,0,0,0,0,0.00,0.00,0.00,0.00,,,,,,,[],,429,39,420,20,364,15,434,39,0.0,0.0,0.0,0.0,0.0,0.0,614,63,422,37,443,39,395,45,0.0,0.0,0.0
True,True,,,515046,0,0,0,0,-97.2,0,"[{'offset': 0, 'projected_percent': '-97.2', 'likelihood': -4}, {'offset': 1, 'projected_percent': '-97.2', 'likelihood': -4}, {'offset': 2, 'projected_percent': '-97.2', 'likelihood': -4}]",,False,0,1,0.0,0.0,0,Melker,0.0,531,False,,,45,515046.jpg,0.0,False,Ellborg,0.1,False,,a,20,56,0,1161,122,3307,226,0.0,0.0,Ellborg,,206.0,2026-02-01,2003-05-22,False,p515046,0,0,0,0,0,0,0,0,0,0,0,0,0,0.0,0.0,0.0,0.0,0,0,0,0,0,0.00,0.00,0.00,0.00,,,,,,,[],,511,65,508,52,465,50,516,65,0.0,0.0,0.0,0.0,0.0,0.0,494,42,509,64,525,65,445,51,0.0,0.0,0.0
True,True,75.0,,223827,0,0,-1,1,-48.2,-37,"[{'offset': 0, 'projected_percent': '-48.9', 'likelihood': -3}, {'offset': 1, 'projected_percent': '-50.0', 'likelihood': -3}, {'offset': 2, 'projected_percent': '-51.2', 'likelihood': -3}]",,False,0,2,2.6,3.5,2,Daniel,3.5,532,False,Hamstring injury - 75% chance of playing,2026-09-25T21:30:10.370384Z,49,223827.jpg,2.8,False,Ballard,2.5,False,,d,20,56,14,45435,3536,314934,14366,0.7,2.9,Ballard,,242.0,2022-07-01,1999-09-22,False,p223827,450,0,0,1,10,0,0,0,2,0,0,0,31,104.2,23.8,35.0,16.3,39,12,10,49,5,0.31,0.16,0.47,8.66,,,,,,,[],,72,33,203,67,139,39,119,40,0.06,0.0,0.03,0.09,1.73,2.0,359,63,90,38,162,67,113,44,1.0,0.2,9.8
True,True,100.0,100.0,200834,0,0,-1,1,-15.6,-7,"[{'offset': 0, 'projected_percent': '-15.9', 'likelihood': -1}, {'offset': 1, 'projected_percent': '-16.4', 'likelihood': -1}, {'offset': 2, 'projected_percent': '-16.9', 'likelihood': -1}]",,False,0,2,3.2,3.2,0,Nordi,3.2,533,False,,2026-08-09T08:30:05.954750Z,54,200834.jpg,3.2,False,Mukiele,1.9,False,,a,20,56,13,44078,4747,129225,8120,0.6,2.4,Mukiele,,73.0,2025-08-17,1997-11-01,False,p200834,360,0,0,1,8,0,0,0,1,0,0,1,44,115.6,48.4,59.0,22.3,35,16,13,48,4,0.75,0.28,1.03,6.86,,,,,,,[],,51,22,124,32,73,10,68,13,0.19,0.0,0.07,0.26,1.72,2.0,176,19,107,45,130,55,126,51,1.0,0.25,12.0
True,True,,,487676,-1,1,-2,2,-6.9,-9,"[{'offset': 0, 'projected_percent': '-7.0', 'likelihood': -1}, {'offset': 1, 'projected_percent': '-7.3', 'likelihood': -1}, {'offset': 2, 'projected_percent': '-7.6', 'likelihood': -1}]",,False,0,2,2.0,2.0,1,Trai,2.0,534,False,,,43,487676.jpg,2.5,False,Hume,2.8,False,,a,20,56,10,37761,1135,395588,27913,0.5,2.3,Hume,,242.0,2022-01-04,2002-03-18,False,p487676,206,0,0,1,2,0,0,0,0,0,0,0,44,32.2,59.0,23.0,11.5,3,12,10,13,2,0.14,0.29,0.43,4.57,3.0,,,,,,[],,246,101,96,21,173,51,189,67,0.06,0.0,0.13,0.19,2.0,0.87,582,157,189,73,187,73,107,41,0.87,0.44,5.68
True,True,100.0,100.0,201895,-1,1,-2,2,-5.8,-2,"[{'offset': 0, 'projected_percent': '-6.2', 'likelihood': -1}, {'offset': 1, 'projected_percent': '-7.0', 'likelihood': -1}, {'offset': 2, 'projected_percent': '-7.7', 'likelihood': -1}]",,False,0,2,0.0,0.0,0,Omar,0.0,535,False,,2026-08-09T08:30:05.962393Z,48,201895.jpg,1.0,False,Alderete,0.2,False,,a,20,56,1,4960,206,27270,994,0.0,0.2,Alderete,,168.0,2025-08-12,1996-12-26,False,p201895,23,0,0,0,1,0,0,0,0,0,0,0,2,0.0,0.6,0.0,0.0,0,2,0,0,0,0.00,0.01,0.01,0.10,,,,,,,[],,552,204,367,136,510,198,557,204,0.0,0.0,0.04,0.04,0.39,3.91,409,75,550,201,326,126,315,117,0.0,0.0,0.0
True,True,100.0,0.0,434399,-1,1,-1,1,-0.0,0,"[{'offset': 0, 'projected_percent': '-0.0', 'likelihood': 0}, {'offset': 1, 'projected_percent': '-0.0', 'likelihood': 0}, {'offset': 2, 'projected_percent': '-0.0', 'likelihood': 0}]",2026-09-28T16:00:10.163369Z,False,0,2,1.5,0.0,0,Reinildo,1.5,536,False,,2026-09-12T21:30:09.421687Z,44,434399.jpg,1.8,False,Mandava,0.3,False,,a,20,56,7,4030,167,24296,1496,0.3,1.6,Reinildo,Reinildo Mandava,146.0,2025-07-08,1994-01-21,False,p434399,360,0,0,1,5,0,0,0,0,1,0,0,37,53.8,36.4,6.0,9.5,21,18,8,29,4,0.00,0.32,0.32,5.05,,,,,,,[],,178,75,166,46,283,100,217,77,0.0,0.0,0.08,0.08,1.26,1.25,561,145,229,83,248,91,308,115,1.0,0.25,7.25
True,False,0.0,0.0,519634,0,0,0,0,0.0,0,"[{'offset': 0, 'projected_percent': '0.0', 'likelihood': 0}, {'offset': 1, 'projected_percent': '0.0', 'likelihood': 0}, {'offset': 2, 'projected_percent': '0.0', 'likelihood': 0}]",,False,0,2,0.0,0.0,0,Jenson,0.0,537,False,Has joined Swansea City on loan for the rest of the season,2026-08-29T00:34:52.425076Z,45,519634.jpg,0.0,False,Seelt,0.0,False,,u,20,56,0,61,0,661,19,0.0,0.0,Seelt,,152.0,2023-07-01,2003-05-23,False,p519634,0,0,0,0,0,0,0,0,0,0,0,0,0,0.0,0.0,0.0,0.0,0,0,0,0,0,0.00,0.00,0.00,0.00,,,,,,,[],,512,196,509,195,466,188,517,196,0.0,0.0,0.0,0.0,0.0,0.0,495,122,510,193,526,196,635,212,0.0,0.0,0.0
True,False,0.0,0.0,477547,0,0,0,0,0.0,0,"[{'offset': 0, 'projected_percent': '0.0', 'likelihood': 0}, {'offset': 1, 'projected_percent': '0.0', 'likelihood': 0}, {'offset': 2, 'projected_percent': '0.0', 'likelihood': 0}]",,False,0,2,0.0,0.0,0,Leo Fuhr,0.0,538,False,Has joined KV Mechelen on loan for the rest of the season,2026-08-12T14:08:03.081789Z,40,477547.jpg,0.0,False,Hjelde,0.0,False,,u,20,56,0,0,0,2511,140,0.0,0.0,Hjelde,,161.0,2024-01-30,2003-08-26,False,p477547,0,0,0,0,0,0,0,0,0,0,0,0,0,0.0,0.0,0.0,0.0,0,0,0,0,0,0.00,0.00,0.00,0.00,,,,,,,[],,437,158,428,157,372,142,442,158,0.0,0.0,0.0,0.0,0.0,0.0,627,182,430,151,451,158,523,184,0.0,0.0,0.0
True,True,,,167512,-1,1,-1,1,3.6,17,"[{'offset': 0, 'projected_percent': '3.7', 'likelihood': 1}, {'offset': 1, 'projected_percent': '4.0', 'likelihood': 1}, {'offset': 2, 'projected_percent': '4.2', 'likelihood': 1}]",,False,0,2,0.0,0.0,0,Luke,0.0,539,False,,,39,167512.jpg,1.0,False,O'Nien,2.5,False,,a,20,56,1,30935,16192,120420,10520,0.0,0.3,O'Nien,,241.0,2018-07-30,1994-11-21,False,p167512,66,0,0,0,1,0,0,0,1,0,0,0,1,11.4,1.4,4.0,1.7,4,4,1,5,1,0.01,0.01,0.02,1.69,,,,,,,[],,316,120,345,124,300,105,355,124,0.01,0.0,0.01,0.02,2.3,1.36,663,213,397,138,296,103,115,45,1.36,0.0,6.82
True,False,0.0,0.0,105717,0,0,0,0,0.0,0,"[{'offset': 0, 'projected_percent': '0.0', 'likelihood': 0}, {'offset': 1, 'projected_percent': '0.0', 'likelihood': 0}, {'offset': 2, 'projected_percent': '0.0', 'likelihood': 0}]",,False,0,2,0.0,0.0,0,Arthur,0.0,540,False,Has joined Konyaspor permanently,2026-08-12T14:08:03.097784Z,40,105717.jpg,0.0,False,Masuaku,0.1,False,,u,20,56,0,0,0,11514,581,0.0,0.0,Masuaku,,50.0,2025-08-10,1993-11-07,False,p105717,0,0,0,0,0,0,0,0,0,0,0,0,0,0.0,0.0,0.0,0.0,0,0,0,0,0,0.00,0.00,0.00,0.00,,,,,,,[],,419,152,407,148,351,133,423,151,0.0,0.0,0.0,0.0,0.0,0.0,596,163,410,143,433,152,377,144,0.0,0.0,0.0
True,True,100.0,100.0,93605,0,0,0,0,-31.4,2,"[{'offset': 0, 'projected_percent': '-30.7', 'likelihood': -2}, {'offset': 1, 'projected_percent': '-29.4', 'likelihood': -2}, {'offset': 2, 'projected_percent': '-28.1', 'likelihood': -2}]",,False,0,2,3.2,3.2,3,Thomas,3.2,541,False,,2026-08-16T08:30:07.830062Z,45,93605.jpg,2.8,False,Meunier,0.3,False,,a,20,56,14,6897,1496,9520,768,0.7,3.1,Meunier,,21.0,2026-07-15,1991-09-12,False,p93605,396,0,1,1,8,0,0,0,0,0,0,0,42,70.2,41.4,43.0,15.6,16,15,4,20,5,0.34,0.58,0.92,5.94,,,,,,,[],,132,58,151,40,110,25,127,42,0.08,0.0,0.13,0.21,1.35,1.82,434,86,100,41,160,65,300,109,1.14,0.23,4.55
True,True,,,484420,-1,1,-3,3,-4.0,-4,"[{'offset': 0, 'projected_percent': '-4.0', 'likelihood': -1}, {'offset': 1, 'projected_percent': '-4.1', 'likelihood': -1}, {'offset': 2, 'projected_percent': '-4.2', 'likelihood': -1}]",,False,0,3,4.0,4.0,5,Enzo,4.0,542,False,,,57,484420.jpg,3.6,False,Le Fée,3.4,False,,a,20,56,18,43954,10382,648703,22128,0.7,3.2,E.Le Fée,,73.0,2025-07-01,2000-02-03,False,p484420,438,1,1,1,9,0,0,1,0,0,0,1,90,88.6,137.3,82.0,31.0,3,11,7,21,5,2.06,1.34,3.40,8.46,1.0,,3.0,,2.0,,[],,101,29,22,21,45,27,30,21,0.42,0.0,0.28,0.7,1.74,1.85,115,73,79,31,112,44,99,33,1.03,0.21,4.32
True,True,0.0,0.0,547027,0,0,-1,1,-96.9,0,"[{'offset': 0, 'projected_percent': '-96.9', 'likelihood': -4}, {'offset': 1, 'projected_percent': '-96.9', 'likelihood': -4}, {'offset': 2, 'projected_percent': '-96.9', 'likelihood': -4}]",,False,0,3,0.0,0.0,0,Habib,1.0,543,False,Hamstring injury - Unknown return date,2026-08-30T16:30:08.428960Z,54,547027.jpg,2.5,False,Diarra,0.0,False,,i,20,56,5,552,14,5880,197,0.2,0.9,Diarra,,189.0,2025-07-01,2004-01-03,False,p547027,28,0,1,0,1,0,0,0,0,0,0,0,18,15.6,10.9,2.0,2.9,0,0,0,0,0,0.03,0.16,0.19,0.12,,,,,1.0,,[],https://www.safc.com/news/2026/september/10/le-bris-on-mundle-and-diarra-injuries/,297,127,271,138,332,166,325,152,0.1,0.0,0.51,0.61,0.39,3.21,209,132,269,124,190,82,560,233,0.0,0.0,0.0
True,True,,,84450,0,0,0,0,-68.7,-11,"[{'offset': 0, 'projected_percent': '-68.9', 'likelihood': -3}, {'offset': 1, 'projected_percent': '-69.4', 'likelihood': -3}, {'offset': 2, 'projected_percent': '-69.8', 'likelihood': -3}]",,False,0,3,3.0,3.0,2,Granit,3.0,544,False,,,55,84450.jpg,4.2,False,Xhaka,3.6,False,,a,20,56,21,130213,5681,206815,21726,0.5,3.8,Xhaka,,207.0,2025-07-30,1992-09-27,False,p84450,450,0,1,1,10,0,0,0,2,0,0,5,116,93.6,191.1,3.0,28.8,12,33,9,54,5,0.06,1.32,1.38,8.66,2.0,,2.0,,,,[],,89,26,5,5,315,159,37,27,0.01,0.0,0.26,0.27,1.73,2.0,124,79,127,52,83,35,91,31,1.0,0.2,10.8
True,True,,,577669,0,0,-1,1,-68.3,-1,"[{'offset': 0, 'projected_percent': '-68.8', 'likelihood': -3}, {'offset': 1, 'projected_percent': '-69.6', 'likelihood': -3}, {'offset': 2, 'projected_percent': '-70.4', 'likelihood': -3}]",,False,0,3,2.0,2.0,2,Noah,2.0,545,False,,,49,577669.jpg,2.0,False,Sadiki,0.2,False,,a,20,56,10,5691,378,18263,1238,0.4,2.0,Sadiki,,50.0,2025-07-04,2004-12-17,False,p577669,410,0,0,1,9,0,0,0,1,0,0,0,75,52.8,59.5,81.0,19.2,11,12,6,29,5,0.44,0.24,0.68,6.47,,,,,,,[],,183,73,94,66,46,28,96,52,0.1,0.0,0.05,0.15,1.42,1.98,398,242,193,85,231,101,321,114,1.1,0.22,6.37
True,False,0.0,0.0,535818,0,0,-1,1,0.0,0,"[{'offset': 0, 'projected_percent': '0.0', 'likelihood': 0}, {'offset': 1, 'projected_percent': '0.0', 'likelihood': 0}, {'offset': 2, 'projected_percent': '0.0', 'likelihood': 0}]",,False,0,3,0.0,0.0,0,Simon,0.0,546,False,Has joined Ajax on loan for the rest of the season,2026-08-20T14:00:08.416985Z,49,535818.jpg,0.0,False,Adingra,0.0,False,,u,20,56,0,240,0,7407,179,0.0,0.0,Adingra,,54.0,2025-07-10,2002-01-01,False,p535818,0,0,0,0,0,0,0,0,0,0,0,0,0,0.0,0.0,0.0,0.0,0,0,0,0,0,0.00,0.00,0.00,0.00,,,,,,,[],https://www.safc.com/news/2026/august/20/le-bris-provides-latest-team-news-ahead-of-ipswich/,576,241,576,247,543,224,582,243,0.0,0.0,0.0,0.0,0.0,0.0,389,233,578,244,587,248,558,231,0.0,0.0,0.0
True,True,0.0,0.0,461199,0,0,-1,1,-73.1,0,"[{'offset': 0, 'projected_percent': '-73.1', 'likelihood': -3}, {'offset': 1, 'projected_percent': '-73.1', 'likelihood': -3}, {'offset': 2, 'projected_percent': '-73.1', 'likelihood': -3}]",,False,0,3,0.0,0.0,0,Romaine,0.2,547,False,Knee injury - Unknown return date,2026-09-09T14:00:08.462705Z,49,461199.jpg,1.0,False,Mundle,0.0,False,,i,20,56,1,201,10,669,51,0.0,0.2,Mundle,,241.0,2024-02-01,2003-04-24,False,p461199,1,0,0,0,0,0,0,0,0,0,0,0,2,8.0,0.1,17.0,2.5,1,0,0,1,0,0.17,0.00,0.17,0.09,,,,,,,[],https://www.safc.com/news/2026/september/10/le-bris-on-mundle-and-diarra-injuries/,340,158,391,195,208,114,336,157,15.3,0.0,0.0,15.3,8.1,0.0,373,223,369,173,337,147,636,273,0.0,0.0,90.0
True,True,,,554197,0,0,-1,1,-72.4,-1,"[{'offset': 0, 'projected_percent': '-74.5', 'likelihood': -3}, {'offset': 1, 'projected_percent': '-78.4', 'likelihood': -3}, {'offset': 2, 'projected_percent': '-82.3', 'likelihood': -3}]",,False,0,3,0.2,0.2,0,Chris,0.2,548,False,,,49,554197.jpg,1.0,False,Rigg,0.0,False,,a,20,56,2,463,26,2834,214,0.0,0.4,Rigg,,241.0,2022-12-31,2007-06-18,False,p554197,17,0,0,0,1,0,0,0,0,0,0,0,6,0.0,0.3,0.0,0.0,0,1,0,1,0,0.00,0.00,0.00,0.44,,,,,,,[],,580,245,380,189,547,228,586,247,0.0,0.0,0.0,0.0,2.33,5.29,394,238,371,175,343,151,502,198,0.0,0.0,5.29
True,True,,,549912,0,0,-2,2,-26.6,-2,"[{'offset': 0, 'projected_percent': '-27.9', 'likelihood': -2}, {'offset': 1, 'projected_percent': '-30.3', 'likelihood': -2}, {'offset': 2, 'projected_percent': '-32.6', 'likelihood': -2}]",,False,0,3,0.0,0.0,0,Chemsdine,0.0,549,False,,,53,549912.jpg,1.0,False,Talbi,0.1,False,,a,20,56,1,1335,102,11747,527,0.0,0.2,Talbi,,145.0,2025-07-09,2005-05-09,False,p549912,31,0,0,0,1,0,0,0,0,0,0,0,1,0.0,0.9,0.0,0.0,0,2,0,2,0,0.00,0.00,0.00,0.14,,,,,,,[],,626,272,360,179,613,264,631,273,0.0,0.0,0.0,0.0,0.41,2.9,232,145,625,272,368,168,382,139,0.0,0.0,5.81
True,True,,,699989,0,0,0,0,-88.4,0,"[{'offset': 0, 'projected_percent': '-88.4', 'likelihood': -3}, {'offset': 1, 'projected_percent': '-88.4', 'likelihood': -3}, {'offset': 2, 'projected_percent': '-88.4', 'likelihood': -3}]",,False,0,3,0.0,0.0,0,Djiamgone Jocelin Ta,0.0,550,False,,,50,699989.jpg,0.0,False,Bi,0.0,False,,a,20,56,0,301,27,417,36,0.0,0.0,Jocelin.T,,54.0,2026-01-16,2005-02-09,False,p699989,0,0,0,0,0,0,0,0,0,0,0,0,0,0.0,0.0,0.0,0.0,0,0,0,0,0,0.00,0.00,0.00,0.00,,,,,,,[],,621,268,627,273,606,260,627,270,0.0,0.0,0.0,0.0,0.0,0.0,337,202,622,270,630,273,630,268,0.0,0.0,0.0
True,True,,,536661,0,0,0,0,1.3,-1,"[{'offset': 0, 'projected_percent': '1.3', 'likelihood': 1}, {'offset': 1, 'projected_percent': '1.2', 'likelihood': 1}, {'offset': 2, 'projected_percent': '1.2', 'likelihood': 1}]",,False,0,3,2.8,2.8,4,Nilson,2.8,551,False,,,50,536661.jpg,3.2,False,Angulo,0.1,False,,a,20,56,16,12752,473,10506,718,0.6,3.2,N.Angulo,,62.0,2026-02-02,2003-06-19,False,p536661,313,1,1,1,7,0,0,0,1,0,0,0,67,72.2,38.3,47.0,15.7,5,14,5,24,5,0.60,0.13,0.73,4.56,,,1.0,,,,[],,128,43,162,102,101,56,126,67,0.17,0.0,0.04,0.21,1.31,2.01,317,190,141,61,128,49,392,144,1.44,0.29,6.9
True,True,75.0,,441264,-1,1,-3,3,78.1,-31,"[{'offset': 0, 'projected_percent': '77.8', 'likelihood': 3}, {'offset': 1, 'projected_percent': '77.4', 'likelihood': 3}, {'offset': 2, 'projected_percent': '77.0', 'likelihood': 3}]",,False,1,4,4.1,5.5,17,Brian,5.5,552,False,Hamstring injury - 75% chance of playing,2026-09-24T21:30:10.382142Z,57,441264.jpg,4.8,False,Brobbey,7.0,False,,d,20,56,24,281623,190165,921354,35182,1.0,4.2,Brobbey,,152.0,2025-09-01,2002-02-01,False,p441264,399,3,0,1,9,0,0,0,1,0,0,3,113,108.4,69.0,142.0,31.7,1,10,0,11,5,2.94,0.11,3.05,8.18,,,,,,,[],https://www.safc.com/news/2026/september/24/international-round-up--thursday/,62,4,77,6,14,7,26,6,0.66,0.0,0.02,0.68,1.85,2.03,113,29,30,4,68,6,55,9,1.13,0.23,2.48
True,True,,,437505,0,0,0,0,3.0,2,"[{'offset': 0, 'projected_percent': '3.0', 'likelihood': 1}, {'offset': 1, 'projected_percent': '3.1', 'likelihood': 1}, {'offset': 2, 'projected_percent': '3.1', 'likelihood': 1}]",,False,0,4,3.5,3.5,1,Wilson,3.5,553,False,,,55,437505.jpg,3.0,False,Isidor,1.3,False,,a,20,56,15,94945,2643,85982,10828,0.6,2.7,Isidor,,92.0,2025-02-01,2000-08-27,False,p437505,117,1,1,0,3,0,0,0,0,0,0,3,51,30.8,1.0,35.0,6.7,0,3,2,5,0,1.49,0.01,1.50,3.78,,,,,,,[],,253,23,358,45,140,28,259,27,1.15,0.0,0.01,1.16,2.91,2.31,143,38,93,8,150,14,163,25,0.0,0.0,3.85
True,True,100.0,100.0,638411,0,0,0,0,0.0,0,"[{'offset': 0, 'projected_percent': '0.0', 'likelihood': 0}, {'offset': 1, 'projected_percent': '0.0', 'likelihood': 0}, {'offset': 2, 'projected_percent': '0.0', 'likelihood': 0}]",,False,0,2,-0.2,-0.2,-1,Dayann,-0.2,612,False,,2026-08-28T13:00:08.950445Z,45,638411.jpg,-1.0,False,Méthalie,0.0,False,,a,20,56,-1,889,100,486,60,0.0,-0.2,Methalie,,73.0,2026-08-21,2006-02-15,False,p638411,90,0,0,0,5,0,0,0,1,0,0,0,-8,8.0,2.0,2.0,1.2,2,4,1,3,1,0.03,0.01,0.04,2.82,,,,,,,[],,339,125,333,119,322,122,372,132,0.03,0.0,0.01,0.04,2.82,5.0,535,134,667,217,667,217,613,207,1.0,0.0,3.0
True,True,,,696104,0,0,0,0,-41.8,0,"[{'offset': 0, 'projected_percent': '-41.8', 'likelihood': -3}, {'offset': 1, 'projected_percent': '-41.8', 'likelihood': -3}, {'offset': 2, 'projected_percent': '-41.8', 'likelihood': -3}]",,False,0,3,0.0,0.0,0,Jules,0.0,613,False,,,45,696104.jpg,0.0,False,Ahoka,0.2,False,,a,20,56,0,25342,547,14181,1483,0.0,0.0,Ahoka,,50.0,2026-08-24,2006-05-08,False,p696104,0,0,0,0,0,0,0,0,0,0,0,0,0,0.0,0.0,0.0,0.0,0,0,0,0,0,0.00,0.00,0.00,0.00,,,,,,,[],,549,224,545,230,506,203,554,225,0.0,0.0,0.0,0.0,0.0,0.0,543,287,547,225,562,232,316,112,0.0,0.0,0.0
True,True,,,549940,0,0,0,0,-14.2,0,"[{'offset': 0, 'projected_percent': '-14.2', 'likelihood': -1}, {'offset': 1, 'projected_percent': '-14.2', 'likelihood': -1}, {'offset': 2, 'projected_percent': '-14.2', 'likelihood': -1}]",,False,0,3,1.0,1.0,1,Malick,1.0,646,False,,,55,549940.jpg,1.0,False,Fofana,0.0,False,,a,20,56,3,4032,296,1710,282,0.2,0.5,Fofana,,21.0,2026-09-01,2005-03-31,False,p549940,60,0,0,0,2,0,0,0,0,0,0,0,11,12.4,2.1,44.0,5.8,0,2,1,3,0,0.39,0.01,0.40,3.25,,,,,,,[],,310,137,332,167,108,62,277,124,0.58,0.0,0.02,0.6,4.88,3.0,159,99,272,126,387,183,539,219,0.0,0.0,4.5
True,True,,,661313,0,0,0,0,4.6,4,"[{'offset': 0, 'projected_percent': '4.6', 'likelihood': 1}, {'offset': 1, 'projected_percent': '4.7', 'likelihood': 1}, {'offset': 2, 'projected_percent': '4.7', 'likelihood': 1}]",,False,0,4,0.0,0.0,0,Juan,0.0,651,False,,,45,661313.jpg,0.0,False,Angulo,0.7,False,,a,20,56,0,89894,8026,29714,6699,0.0,0.0,J.Angulo,,62.0,2026-09-01,2008-01-12,False,p661313,0,0,0,0,0,0,0,0,0,0,0,0,0,0.0,0.0,0.0,0.0,0,0,0,0,0,0.00,0.00,0.00,0.00,,,,,,,[],,545,58,541,62,502,57,550,62,0.0,0.0,0.0,0.0,0.0,0.0,539,79,543,59,558,63,210,34,0.0,0.0,0.0
